sample_idx,is_ood,true_label,true_class_name,pred_label,pred_class_name,correct,confidence,total_entropy,aleatoric,epistemic,variance
0,False,4,bookshelf,4,bookshelf,True,0.9892539381980896,0.07557103037834167,0.07287365943193436,0.002697370946407318,1.690524641162483e-06
1,False,0,airplane,0,airplane,True,0.9999142289161682,0.0009856767719611526,0.0009191597928293049,6.651697913184762e-05,7.069821950089761e-10
2,False,2,bed,2,bed,True,0.5862119197845459,1.2726644277572632,1.2416456937789917,0.031018733978271484,0.0002873855410143733
3,False,6,chair,6,chair,True,0.9995995163917542,0.00407788809388876,0.00387153634801507,0.00020635174587368965,6.6481247174010605e-09
4,False,18,night_stand,18,night_stand,True,0.5049383044242859,0.9101493954658508,0.8946415781974792,0.015507817268371582,0.0002389274595770985
5,False,32,vase,13,glass_box,False,0.4121825695037842,1.9295177459716797,1.8942888975143433,0.035228848457336426,0.0002413983311271295
6,False,30,toilet,30,toilet,True,0.9953654408454895,0.03768686205148697,0.03479190915822983,0.002894952893257141,8.757123168834369e-07
7,False,30,toilet,30,toilet,True,0.9995805621147156,0.004035096615552902,0.003836151910945773,0.0001989447046071291,7.810492697046811e-09
8,False,23,range_hood,23,range_hood,True,0.810426652431488,0.5070013403892517,0.48972195386886597,0.017279386520385742,0.000276007252978161
9,False,13,glass_box,13,glass_box,True,0.992821455001831,0.055181775242090225,0.05237037315964699,0.0028114020824432373,1.2826973261326202e-06
10,False,0,airplane,0,airplane,True,0.9998998641967773,0.0011415109038352966,0.0010624781716614962,7.903273217380047e-05,8.365511061647624e-10
11,False,28,table,28,table,True,0.9779838919639587,0.12890751659870148,0.12349323183298111,0.005414284765720367,8.64817229739856e-06
12,False,30,toilet,30,toilet,True,0.9995631575584412,0.0041918097995221615,0.003972345031797886,0.0002194647677242756,7.647108724029295e-09
13,False,32,vase,32,vase,True,0.9590575695037842,0.18411971628665924,0.18177320063114166,0.002346515655517578,5.074608907307265e-06
14,False,25,sofa,2,bed,False,0.9286736845970154,0.38051268458366394,0.37078583240509033,0.009726852178573608,2.999358912347816e-05
15,False,6,chair,6,chair,True,0.9998461008071899,0.001843203091993928,0.0017324525397270918,0.00011075055226683617,9.210760487654568e-10
16,False,21,plant,21,plant,True,0.8467394709587097,0.5639891624450684,0.5467304587364197,0.01725870370864868,8.312687714351341e-05
17,False,1,bathtub,1,bathtub,True,0.6374346613883972,0.9268590807914734,0.8916622400283813,0.03519684076309204,0.0006135000148788095
18,False,18,night_stand,18,night_stand,True,0.8489295840263367,0.7234385013580322,0.6927406787872314,0.03069782257080078,0.00014726775407325476
19,False,30,toilet,30,toilet,True,0.9992002844810486,0.007398462388664484,0.006931872107088566,0.0004665902815759182,2.922282149597777e-08
20,False,14,guitar,14,guitar,True,0.9999526143074036,0.0005994960083626211,0.0005587782943621278,4.071771400049329e-05,1.4496708000688585e-10
21,False,4,bookshelf,4,bookshelf,True,0.9560587406158447,0.19735348224639893,0.19393499195575714,0.0034184902906417847,1.1333868314977735e-05
22,False,17,monitor,17,monitor,True,0.9969647526741028,0.02718566730618477,0.026239950209856033,0.0009457170963287354,1.1192398119419522e-07
23,False,4,bookshelf,4,bookshelf,True,0.980516791343689,0.1289316713809967,0.12441596388816833,0.004515707492828369,4.471943611861207e-06
24,False,0,airplane,0,airplane,True,0.9999933838844299,9.529488306725398e-05,8.911827171687037e-05,6.1766113503836095e-06,3.657544319496386e-12
25,False,21,plant,15,lamp,False,0.3827131986618042,1.7488515377044678,1.7074592113494873,0.04139232635498047,0.00036147734499536455
26,False,16,mantel,16,mantel,True,0.9705309867858887,0.18361812829971313,0.17548885941505432,0.008129268884658813,1.0653068784449715e-05
27,False,5,car,5,car,True,0.9768990874290466,0.11980350315570831,0.11584353446960449,0.003959968686103821,8.607968084106687e-06
28,False,14,guitar,14,guitar,True,0.9980003237724304,0.0185399167239666,0.01715516299009323,0.0013847537338733673,1.5019040233710257e-07
29,False,2,bed,2,bed,True,0.9995385408401489,0.004710453562438488,0.004460085183382034,0.0002503683790564537,9.428680947110024e-09
30,False,9,desk,9,desk,True,0.9904848337173462,0.06918326020240784,0.06435924023389816,0.004824019968509674,2.4488874714734266e-06
31,False,5,car,5,car,True,0.9900429248809814,0.06145554780960083,0.06000014394521713,0.0014554038643836975,1.134409217229404e-06
32,False,31,tv_stand,31,tv_stand,True,0.19179300963878632,2.5480332374572754,2.5119218826293945,0.03611135482788086,0.0001573075569467619
33,False,31,tv_stand,9,desk,False,0.20417854189872742,2.2859578132629395,2.2043399810791016,0.08161783218383789,0.0005251787370070815
34,False,28,table,28,table,True,0.8935129642486572,0.4482559561729431,0.43726199865341187,0.01099395751953125,5.1147129852324724e-05
35,False,20,piano,17,monitor,False,0.7339912056922913,1.2305102348327637,1.198708176612854,0.03180205821990967,0.00024881778517737985
36,False,23,range_hood,23,range_hood,True,0.9484293460845947,0.26193052530288696,0.25070303678512573,0.01122748851776123,3.4180484362877905e-05
37,False,32,vase,32,vase,True,0.5841324329376221,1.162277102470398,1.133755087852478,0.028522014617919922,0.00018831348279491067
38,False,23,range_hood,23,range_hood,True,0.9128893613815308,0.32166171073913574,0.3048180341720581,0.016843676567077637,0.00011856521450681612
39,False,25,sofa,25,sofa,True,0.9964416027069092,0.029082398861646652,0.026013050228357315,0.003069348633289337,1.6351420981663978e-06
40,False,16,mantel,16,mantel,True,0.9976922869682312,0.020773127675056458,0.01924225129187107,0.0015308763831853867,1.8875283558372757e-07
41,False,18,night_stand,28,table,False,0.7547659277915955,0.7849240899085999,0.7589935064315796,0.025930583477020264,0.00028507766546681523
42,False,25,sofa,25,sofa,True,0.9978129863739014,0.01886148750782013,0.01815904676914215,0.0007024407386779785,8.93477150043509e-08
43,False,23,range_hood,23,range_hood,True,0.9154945611953735,0.3469398617744446,0.335889995098114,0.011049866676330566,7.173388439696282e-05
44,False,16,mantel,16,mantel,True,0.9885361194610596,0.08690977096557617,0.08213122934103012,0.004778541624546051,1.8196592463937122e-06
45,False,11,dresser,11,dresser,True,0.45925217866897583,1.2655023336410522,1.2533949613571167,0.012107372283935547,0.00012713432079181075
46,False,11,dresser,11,dresser,True,0.48015153408050537,1.699866533279419,1.6706660985946655,0.029200434684753418,0.00019849339150823653
47,False,0,airplane,0,airplane,True,0.999905526638031,0.001086509320884943,0.00102166214492172,6.484717596322298e-05,5.849777884314733e-10
48,False,4,bookshelf,4,bookshelf,True,0.9448652267456055,0.25776705145835876,0.25168880820274353,0.006078243255615234,2.766666148090735e-05
49,False,5,car,5,car,True,0.9834924340248108,0.09688904881477356,0.09376277029514313,0.003126278519630432,3.951407961721998e-06
50,False,16,mantel,16,mantel,True,0.9816839694976807,0.09320701658725739,0.08884690701961517,0.004360109567642212,9.459402463107836e-06
51,False,28,table,3,bench,False,0.5093591213226318,0.9894227981567383,0.9603542685508728,0.02906852960586548,0.00043607052066363394
52,False,6,chair,6,chair,True,0.9999317526817322,0.0008439475204795599,0.0007852611597627401,5.868636071681976e-05,3.564634143415901e-10
53,False,11,dresser,18,night_stand,False,0.4188229739665985,1.271161437034607,1.2591509819030762,0.012010455131530762,0.00011102754069725052
54,False,34,xbox,34,xbox,True,0.32491278648376465,2.179379940032959,2.1302099227905273,0.04917001724243164,0.00025643216213211417
55,False,17,monitor,17,monitor,True,0.3100646436214447,2.0914394855499268,2.045602321624756,0.0458371639251709,0.0002947742468677461
56,False,33,wardrobe,24,sink,False,0.6639434099197388,1.3767571449279785,1.3457159996032715,0.03104114532470703,0.00018579857714939862
57,False,20,piano,20,piano,True,0.9891533851623535,0.08680599927902222,0.08188365399837494,0.004922345280647278,2.872888899219106e-06
58,False,28,table,9,desk,False,0.539789080619812,0.9757575392723083,0.9524841904640198,0.023273348808288574,0.0004269045894034207
59,False,33,wardrobe,34,xbox,False,0.7960643768310547,0.7039693593978882,0.6815630793571472,0.022406280040740967,0.00022132642334327102
60,False,18,night_stand,18,night_stand,True,0.5159304738044739,1.789889931678772,1.7501710653305054,0.0397188663482666,0.00029732310213148594
61,False,30,toilet,30,toilet,True,0.9987660646438599,0.011295080184936523,0.010223211720585823,0.0010718684643507004,1.4212201904229005e-07
62,False,30,toilet,30,toilet,True,0.9988635182380676,0.010706812143325806,0.00990060344338417,0.0008062086999416351,6.407179142797759e-08
63,False,4,bookshelf,4,bookshelf,True,0.9833335876464844,0.1086074709892273,0.10432726889848709,0.004280202090740204,4.226003966323333e-06
64,False,2,bed,2,bed,True,0.9969384670257568,0.02637469209730625,0.024950630962848663,0.0014240611344575882,2.7481323172651173e-07
65,False,17,monitor,17,monitor,True,0.9913778305053711,0.06857398897409439,0.0661945790052414,0.002379409968852997,7.161657435972302e-07
66,False,4,bookshelf,4,bookshelf,True,0.9930692315101624,0.0502752922475338,0.048840031027793884,0.001435261219739914,4.252956671280117e-07
67,False,23,range_hood,23,range_hood,True,0.8172919154167175,0.8995862603187561,0.8641929030418396,0.035393357276916504,0.00018890576029662043
68,False,14,guitar,26,stairs,False,0.5758675932884216,1.4050865173339844,1.3475042581558228,0.05758225917816162,0.0006920685991644859
69,False,17,monitor,17,monitor,True,0.6233959794044495,1.3338062763214111,1.2985033988952637,0.03530287742614746,0.000297109829261899
70,False,34,xbox,34,xbox,True,0.4127117693424225,1.8995927572250366,1.8570806980133057,0.04251205921173096,0.0003007507766596973
71,False,31,tv_stand,31,tv_stand,True,0.7640998959541321,0.6284990310668945,0.6007046103477478,0.02779442071914673,0.0004822651098947972
72,False,13,glass_box,13,glass_box,True,0.42843255400657654,1.6241167783737183,1.5943948030471802,0.029721975326538086,0.0002292338031111285
73,False,31,tv_stand,4,bookshelf,False,0.7086901068687439,0.6993216276168823,0.6872270107269287,0.012094616889953613,0.00020797479373868555
74,False,22,radio,29,tent,False,0.28258904814720154,2.0857882499694824,2.008380651473999,0.0774075984954834,0.000516963773407042
75,False,2,bed,25,sofa,False,0.6646814346313477,1.219693899154663,1.1960017681121826,0.02369213104248047,0.00016598547517787665
76,False,16,mantel,16,mantel,True,0.9988566040992737,0.010359419509768486,0.009805320762097836,0.0005540987476706505,3.6166781569590967e-08
77,False,7,cone,7,cone,True,0.9303268790245056,0.3487790822982788,0.33936262130737305,0.009416460990905762,3.423040470806882e-05
78,False,21,plant,15,lamp,False,0.6204941868782043,1.1200014352798462,1.088013768196106,0.031987667083740234,0.0003410625795368105
79,False,9,desk,11,dresser,False,0.5600606203079224,1.2116317749023438,1.188132405281067,0.023499369621276855,0.00029396149329841137
80,False,29,tent,29,tent,True,0.800307035446167,0.9303525686264038,0.9016017913818359,0.02875077724456787,0.00010831229155883193
81,False,28,table,9,desk,False,0.43441611528396606,1.4818845987319946,1.441835880279541,0.04004871845245361,0.0004993982729502022
82,False,0,airplane,0,airplane,True,0.9998249411582947,0.0018660799833014607,0.0017880115192383528,7.806846406310797e-05,1.1194619675691797e-09
83,False,16,mantel,16,mantel,True,0.9862396717071533,0.09491603076457977,0.09072630852460861,0.004189722239971161,2.821786893036915e-06
84,False,31,tv_stand,3,bench,False,0.6613373160362244,0.8232702016830444,0.7960717678070068,0.027198433876037598,0.000450547639047727
85,False,5,car,5,car,True,0.9664936065673828,0.19770102202892303,0.19207769632339478,0.005623325705528259,8.58187377161812e-06
86,False,2,bed,2,bed,True,0.9804463386535645,0.1450914740562439,0.13870234787464142,0.006389126181602478,5.777372734883102e-06
87,False,0,airplane,0,airplane,True,0.9997327327728271,0.0027891257777810097,0.0024340252857655287,0.000355100492015481,1.6754803766616533e-08
88,False,30,toilet,30,toilet,True,0.9991943836212158,0.007492882665246725,0.006980292499065399,0.0005125901661813259,3.80171130132112e-08
89,False,2,bed,34,xbox,False,0.31916263699531555,2.145073890686035,2.102224111557007,0.04284977912902832,0.00024214116274379194
90,False,25,sofa,25,sofa,True,0.9944894313812256,0.044607602059841156,0.04330334812402725,0.0013042539358139038,3.0729742661605997e-07
91,False,16,mantel,16,mantel,True,0.9925705194473267,0.05691709369421005,0.053778018802404404,0.003139074891805649,1.1123418062197743e-06
92,False,9,desk,9,desk,True,0.9660298824310303,0.19429174065589905,0.18674908578395844,0.007542654871940613,1.4424416804104112e-05
93,False,25,sofa,25,sofa,True,0.9935932755470276,0.05005646124482155,0.04836783930659294,0.0016886219382286072,5.210642370911955e-07
94,False,9,desk,9,desk,True,0.9949763417243958,0.0373958945274353,0.035380423069000244,0.0020154714584350586,7.945683364596334e-07
95,False,30,toilet,30,toilet,True,0.9996663331985474,0.003422945737838745,0.0031776251271367073,0.0002453206107020378,6.7231984424154234e-09
96,False,9,desk,9,desk,True,0.9917812943458557,0.057790085673332214,0.054959457367658615,0.0028306283056735992,1.2580693464769865e-06
97,False,30,toilet,30,toilet,True,0.9993529319763184,0.006277355365455151,0.005750127602368593,0.0005272277630865574,3.418556460133004e-08
98,False,30,toilet,30,toilet,True,0.9997258186340332,0.002974302275106311,0.00276012672111392,0.00021417555399239063,3.6280198845162204e-09
99,False,0,airplane,0,airplane,True,0.9999750852584839,0.0003214899043086916,0.00029539241222664714,2.6097492082044482e-05,9.493757863188179e-11
100,False,12,flower_pot,19,person,False,0.3098624050617218,1.7812855243682861,1.742809534072876,0.038475990295410156,0.00032925541745498776
101,False,21,plant,4,bookshelf,False,0.42177850008010864,1.9597117900848389,1.8953639268875122,0.06434786319732666,0.0004593469784595072
102,False,7,cone,7,cone,True,0.9931087493896484,0.046185873448848724,0.04451439157128334,0.001671481877565384,7.750468853373604e-07
103,False,16,mantel,16,mantel,True,0.9638646841049194,0.16459138691425323,0.1561463475227356,0.00844503939151764,3.1407464121002704e-05
104,False,13,glass_box,13,glass_box,True,0.3528073728084564,1.7185910940170288,1.6962006092071533,0.02239048480987549,0.0001657110551605001
105,False,6,chair,6,chair,True,0.9997645616531372,0.0025732871145009995,0.0024241162464022636,0.0001491708680987358,3.5069043224922325e-09
106,False,21,plant,21,plant,True,0.3885243535041809,1.7838913202285767,1.746227502822876,0.037663817405700684,0.0002620970190037042
107,False,18,night_stand,18,night_stand,True,0.5067732334136963,1.2809245586395264,1.2629170417785645,0.018007516860961914,0.00012608773249667138
108,False,33,wardrobe,33,wardrobe,True,0.4814260005950928,1.5994031429290771,1.5655585527420044,0.033844590187072754,0.00024614387075416744
109,False,3,bench,3,bench,True,0.9889680743217468,0.06607796251773834,0.0633600726723671,0.0027178898453712463,2.349427177250618e-06
110,False,31,tv_stand,31,tv_stand,True,0.38812607526779175,1.993167519569397,1.9341191053390503,0.05904841423034668,0.00038144647260196507
111,False,29,tent,29,tent,True,0.6744672060012817,1.3070483207702637,1.261220097541809,0.04582822322845459,0.00023534406500402838
112,False,32,vase,32,vase,True,0.8843185305595398,0.45354580879211426,0.44842448830604553,0.005121320486068726,1.5076931958901696e-05
113,False,5,car,5,car,True,0.574900209903717,1.3872941732406616,1.3402444124221802,0.047049760818481445,0.0006101536564528942
114,False,0,airplane,0,airplane,True,0.9983035922050476,0.014576043002307415,0.013938430696725845,0.0006376123055815697,7.922009359617732e-08
115,False,6,chair,6,chair,True,0.9996844530105591,0.003382031572982669,0.0032089785672724247,0.00017305300571024418,3.292114136854707e-09
116,False,30,toilet,30,toilet,True,0.9996862411499023,0.003315460169687867,0.0030853997450321913,0.0002300604246556759,6.08398709189828e-09
117,False,21,plant,21,plant,True,0.7713455557823181,0.87218177318573,0.8402999639511108,0.03188180923461914,0.00014245668717194349
118,False,21,plant,21,plant,True,0.7188985347747803,0.8972660899162292,0.8687489628791809,0.02851712703704834,0.00019495935703162104
119,False,30,toilet,30,toilet,True,0.9995012283325195,0.005024486221373081,0.004617759026587009,0.0004067271947860718,1.8369888721281313e-08
120,False,14,guitar,14,guitar,True,0.9966467022895813,0.02970590442419052,0.028180109336972237,0.0015257950872182846,2.2304806179818115e-07
121,False,0,airplane,0,airplane,True,0.9988527297973633,0.010804740712046623,0.010334255173802376,0.00047048553824424744,3.155597738668803e-08
122,False,20,piano,31,tv_stand,False,0.3095151484012604,2.5952682495117188,2.558143138885498,0.0371251106262207,0.0001481321669416502
123,False,31,tv_stand,4,bookshelf,False,0.343427836894989,1.927380084991455,1.8952500820159912,0.03213000297546387,0.0002803557144943625
124,False,30,toilet,30,toilet,True,0.9988202452659607,0.011198492720723152,0.010515104979276657,0.0006833877414464951,3.9392428874407415e-08
125,False,17,monitor,17,monitor,True,0.9769361019134521,0.15432332456111908,0.1476248800754547,0.006698444485664368,6.827945526310941e-06
126,False,9,desk,18,night_stand,False,0.43012458086013794,1.7632298469543457,1.7218130826950073,0.04141676425933838,0.00033108668867498636
127,False,14,guitar,14,guitar,True,0.9992889165878296,0.007287256419658661,0.006668976508080959,0.0006182799115777016,3.037111540038495e-08
128,False,32,vase,32,vase,True,0.6623990535736084,0.9257981777191162,0.9117187857627869,0.014079391956329346,8.826575503917411e-05
129,False,16,mantel,16,mantel,True,0.3635866045951843,1.9964605569839478,1.9505032300949097,0.045957326889038086,0.00033967618946917355
130,False,0,airplane,0,airplane,True,0.9999874830245972,0.00017202665912918746,0.00016074851737357676,1.1278141755610704e-05,1.5580061546449642e-11
131,False,13,glass_box,13,glass_box,True,0.9839476346969604,0.10642732679843903,0.1017644926905632,0.004662834107875824,4.481482392293401e-06
132,False,10,door,10,door,True,0.5417063236236572,0.7670795321464539,0.7563015222549438,0.01077800989151001,0.0002002713445108384
133,False,14,guitar,14,guitar,True,0.9995071291923523,0.005216807592660189,0.004902919754385948,0.0003138878382742405,8.252149186205315e-09
134,False,2,bed,2,bed,True,0.5369583964347839,1.2970678806304932,1.2714086771011353,0.02565920352935791,0.0002763788215816021
135,False,17,monitor,17,monitor,True,0.9995731711387634,0.004535837098956108,0.004324163310229778,0.0002116737887263298,4.258801755696595e-09
136,False,17,monitor,17,monitor,True,0.2764250636100769,2.5294578075408936,2.496429681777954,0.03302812576293945,0.00013935826427768916
137,False,20,piano,2,bed,False,0.3573904037475586,1.9224951267242432,1.8698129653930664,0.05268216133117676,0.00044630144839175045
138,False,0,airplane,0,airplane,True,0.9999903440475464,0.00013974789180792868,0.0001283280726056546,1.1419819202274084e-05,1.2960737517941912e-11
139,False,10,door,8,curtain,False,0.6619117856025696,1.0133588314056396,0.9784850478172302,0.034873783588409424,0.0002904249995481223
140,False,21,plant,21,plant,True,0.571168065071106,1.1448769569396973,1.129624366760254,0.01525259017944336,6.661730003543198e-05
141,False,20,piano,20,piano,True,0.994110643863678,0.04612039029598236,0.0435362383723259,0.0025841519236564636,6.745527230123116e-07
142,False,5,car,5,car,True,0.9681823253631592,0.18664196133613586,0.1798470914363861,0.006794869899749756,1.0689822374843061e-05
143,False,11,dresser,11,dresser,True,0.5538157820701599,1.3522448539733887,1.3384723663330078,0.01377248764038086,0.00010787798237288371
144,False,34,xbox,20,piano,False,0.5051844120025635,2.018462657928467,1.955232858657837,0.06322979927062988,0.0004958786885254085
145,False,23,range_hood,23,range_hood,True,0.8076164126396179,0.5161896347999573,0.5012466907501221,0.014942944049835205,0.00024013924121391028
146,False,32,vase,32,vase,True,0.9025821685791016,0.34964504837989807,0.34645769000053406,0.0031873583793640137,1.599444294697605e-05
147,False,12,flower_pot,21,plant,False,0.6949980854988098,0.7986559867858887,0.7847463488578796,0.013909637928009033,5.248517118161544e-05
148,False,5,car,5,car,True,0.9626765251159668,0.21176370978355408,0.20443755388259888,0.0073261559009552,1.3381798453337979e-05
149,False,16,mantel,16,mantel,True,0.7020076513290405,0.9362150430679321,0.917730987071991,0.018484055995941162,0.0002170040679629892
150,False,14,guitar,14,guitar,True,0.9968301653862,0.027371205389499664,0.025933071970939636,0.001438133418560028,2.2188302750691946e-07
151,False,11,dresser,11,dresser,True,0.2331303507089615,1.811545968055725,1.743884801864624,0.06766116619110107,0.0006275468040257692
152,False,2,bed,2,bed,True,0.9985873699188232,0.011791426688432693,0.010840061120688915,0.0009513655677437782,1.699428793244806e-07
153,False,20,piano,28,table,False,0.583270788192749,1.5886602401733398,1.5592522621154785,0.029407978057861328,0.00020646238408517092
154,False,6,chair,6,chair,True,0.9962801337242126,0.028109703212976456,0.026125039905309677,0.0019846633076667786,6.055035441931977e-07
155,False,16,mantel,16,mantel,True,0.9986628890037537,0.012344947084784508,0.011612269096076488,0.0007326779887080193,5.0287315644936825e-08
156,False,1,bathtub,25,sofa,False,0.9871901869773865,0.0904882401227951,0.08654242008924484,0.0039458200335502625,2.2087624529376626e-06
157,False,21,plant,28,table,False,0.6732306480407715,0.8802809715270996,0.8300313949584961,0.050249576568603516,0.00085070775821805
158,False,5,car,5,car,True,0.7221474647521973,1.0195015668869019,0.9869375824928284,0.032563984394073486,0.0003646977129392326
159,False,9,desk,9,desk,True,0.9554928541183472,0.26102307438850403,0.24663855135440826,0.014384523034095764,2.804782343446277e-05
160,False,10,door,10,door,True,0.5579197406768799,0.7681888341903687,0.7585071921348572,0.009681642055511475,0.0001237059768754989
161,False,9,desk,9,desk,True,0.5780845880508423,1.513077735900879,1.471226453781128,0.04185128211975098,0.00034470739774405956
162,False,18,night_stand,11,dresser,False,0.42692410945892334,1.475475788116455,1.456142783164978,0.01933300495147705,0.0001343574549537152
163,False,25,sofa,25,sofa,True,0.9867129921913147,0.09426748752593994,0.08993814885616302,0.0043293386697769165,3.8495613807754125e-06
164,False,23,range_hood,20,piano,False,0.24626733362674713,2.514324188232422,2.480551242828369,0.033772945404052734,0.00016029657854232937
165,False,11,dresser,11,dresser,True,0.5138552188873291,1.4151809215545654,1.386082410812378,0.0290985107421875,0.0002824128314387053
166,False,14,guitar,14,guitar,True,0.9908254146575928,0.07312260568141937,0.06854798644781113,0.004574619233608246,2.142831590390415e-06
167,False,4,bookshelf,4,bookshelf,True,0.7797143459320068,1.017436146736145,0.9940899610519409,0.0233461856842041,0.00016963770030997694
168,False,30,toilet,30,toilet,True,0.9988981485366821,0.009816929697990417,0.008829896338284016,0.0009870333597064018,1.1745170525045978e-07
169,False,4,bookshelf,4,bookshelf,True,0.9539833664894104,0.2384842187166214,0.23197101056575775,0.0065132081508636475,1.673437873250805e-05
170,False,7,cone,7,cone,True,0.9918967485427856,0.0534517765045166,0.05126865953207016,0.0021831169724464417,1.2854865190092823e-06
171,False,30,toilet,30,toilet,True,0.9994005560874939,0.005546893458813429,0.005202705040574074,0.0003441884182393551,2.11048245546408e-08
172,False,15,lamp,15,lamp,True,0.4273557960987091,1.3529409170150757,1.3190162181854248,0.03392469882965088,0.000431450258474797
173,False,19,person,14,guitar,False,0.6878719925880432,1.1535677909851074,1.06039559841156,0.09317219257354736,0.0011934529757127166
174,False,30,toilet,30,toilet,True,0.9990797638893127,0.008667690679430962,0.007930239662528038,0.0007374510169029236,6.778038397214914e-08
175,False,6,chair,6,chair,True,0.9995725750923157,0.0042869714088737965,0.0040169935673475266,0.0002699778415262699,1.0528792948605314e-08
176,False,8,curtain,17,monitor,False,0.7351948618888855,0.9302464723587036,0.9010604023933411,0.02918606996536255,0.0003253586473874748
177,False,30,toilet,30,toilet,True,0.9973891377449036,0.023532040417194366,0.022161802276968956,0.0013702381402254105,2.047739542376803e-07
178,False,23,range_hood,23,range_hood,True,0.9539111852645874,0.2108958661556244,0.19490033388137817,0.015995532274246216,7.216290396172553e-05
179,False,23,range_hood,23,range_hood,True,0.9809231162071228,0.10219419002532959,0.09282920509576797,0.009364984929561615,3.0029907065909356e-05
180,False,14,guitar,14,guitar,True,0.9962618350982666,0.031584419310092926,0.03056211955845356,0.0010222997516393661,1.7275161212637613e-07
181,False,25,sofa,25,sofa,True,0.9984182715415955,0.014586399309337139,0.013787307776510715,0.0007990915328264236,8.27645152412515e-08
182,False,5,car,5,car,True,0.8472683429718018,0.7094965577125549,0.6849508881568909,0.024545669555664062,0.00012291294115129858
183,False,1,bathtub,1,bathtub,True,0.6007713675498962,1.4416613578796387,1.4006953239440918,0.040966033935546875,0.0003564275102689862
184,False,25,sofa,25,sofa,True,0.9671571850776672,0.20159626007080078,0.19521813094615936,0.0063781291246414185,1.1043987797165755e-05
185,False,4,bookshelf,4,bookshelf,True,0.9468159079551697,0.2861805856227875,0.28089702129364014,0.005283564329147339,1.231115766131552e-05
186,False,5,car,5,car,True,0.9879382252693176,0.07118938863277435,0.06671951711177826,0.004469871520996094,7.92260470916517e-06
187,False,23,range_hood,23,range_hood,True,0.8966344594955444,0.36185359954833984,0.33939921855926514,0.022454380989074707,0.00023011201119516045
188,False,4,bookshelf,4,bookshelf,True,0.6712993383407593,1.0049844980239868,0.9687191247940063,0.03626537322998047,0.0005542616127058864
189,False,29,tent,18,night_stand,False,0.29377493262290955,2.0733225345611572,2.05011248588562,0.02321004867553711,0.00012244271056260914
190,False,17,monitor,17,monitor,True,0.9983344078063965,0.015919238328933716,0.015132543630897999,0.000786694698035717,5.76015075637315e-08
191,False,28,table,28,table,True,0.9926750063896179,0.051439397037029266,0.04922338202595711,0.002216015011072159,1.0836803312486154e-06
192,False,23,range_hood,23,range_hood,True,0.973967432975769,0.13960517942905426,0.13420233130455017,0.005402848124504089,1.1371197615517303e-05
193,False,21,plant,26,stairs,False,0.7384874224662781,1.1272571086883545,1.0914260149002075,0.03583109378814697,0.00019786525808740407
194,False,1,bathtub,1,bathtub,True,0.8148529529571533,0.843400239944458,0.8223864436149597,0.02101379632949829,0.00010607590229483321
195,False,0,airplane,0,airplane,True,0.9999772906303406,0.00029446533881127834,0.0002755158639047295,1.8949474906548858e-05,3.2302428093489155e-11
196,False,6,chair,6,chair,True,0.9994789361953735,0.005013096611946821,0.00446888105943799,0.000544215552508831,3.3936522925159807e-08
197,False,31,tv_stand,4,bookshelf,False,0.8394098281860352,0.6520273089408875,0.6438457369804382,0.008181571960449219,4.15915492339991e-05
198,False,4,bookshelf,4,bookshelf,True,0.9548672437667847,0.25758957862854004,0.24655985832214355,0.011029720306396484,3.126785668428056e-05
199,False,32,vase,32,vase,True,0.8570876121520996,0.4929925203323364,0.4868566393852234,0.006135880947113037,2.7392179617891088e-05
200,False,11,dresser,11,dresser,True,0.6693361401557922,0.9551838040351868,0.9399169087409973,0.015266895294189453,0.00015243387315422297
201,False,13,glass_box,13,glass_box,True,0.8066015243530273,0.769095778465271,0.7424619793891907,0.026633799076080322,0.0002479226386640221
202,False,13,glass_box,13,glass_box,True,0.7254956960678101,1.0810223817825317,1.058347463607788,0.022674918174743652,0.00016641811816953123
203,False,22,radio,34,xbox,False,0.5830830335617065,1.2489511966705322,1.2093514204025269,0.03959977626800537,0.00039231666596606374
204,False,17,monitor,17,monitor,True,0.9985935688018799,0.013449703343212605,0.012793543748557568,0.0006561595946550369,4.9110237654304e-08
205,False,21,plant,21,plant,True,0.49286678433418274,1.2680857181549072,1.251550316810608,0.016535401344299316,7.779256702633575e-05
206,False,11,dresser,11,dresser,True,0.5109183192253113,0.9080654382705688,0.8889485001564026,0.01911693811416626,0.0003136515151709318
207,False,18,night_stand,27,stool,False,0.7851486802101135,0.8295383453369141,0.7829064726829529,0.04663187265396118,0.0003831028880085796
208,False,14,guitar,26,stairs,False,0.675768256187439,1.277266263961792,1.2269905805587769,0.05027568340301514,0.00047903796075843275
209,False,31,tv_stand,31,tv_stand,True,0.1768525242805481,2.538923501968384,2.487323522567749,0.051599979400634766,0.00024137717264238745
210,False,23,range_hood,23,range_hood,True,0.9640016555786133,0.16651853919029236,0.1577933430671692,0.008725196123123169,3.405044481041841e-05
211,False,11,dresser,11,dresser,True,0.46271786093711853,1.631956696510315,1.6158030033111572,0.016153693199157715,0.00010505236423341557
212,False,12,flower_pot,32,vase,False,0.9468234777450562,0.21810506284236908,0.21438822150230408,0.0037168413400650024,1.912152765726205e-05
213,False,13,glass_box,33,wardrobe,False,0.45935049653053284,1.5527052879333496,1.5194671154022217,0.03323817253112793,0.00022675501531921327
214,False,23,range_hood,23,range_hood,True,0.9312689304351807,0.31755074858665466,0.30356261134147644,0.013988137245178223,5.063702701590955e-05
215,False,8,curtain,8,curtain,True,0.5797781348228455,0.895916759967804,0.8777298331260681,0.01818692684173584,0.00027111219242215157
216,False,24,sink,24,sink,True,0.46691033244132996,1.7409636974334717,1.7085596323013306,0.03240406513214111,0.00016340940783265978
217,False,26,stairs,26,stairs,True,0.905284583568573,0.48415619134902954,0.46555283665657043,0.018603354692459106,6.386171298800036e-05
218,False,15,lamp,15,lamp,True,0.9959402084350586,0.032860707491636276,0.03039754554629326,0.0024631619453430176,6.230571898413473e-07
219,False,23,range_hood,23,range_hood,True,0.8539686799049377,0.5263618230819702,0.5126904845237732,0.013671338558197021,0.00010404111526440829
220,False,30,toilet,30,toilet,True,0.9998524188995361,0.0016583227552473545,0.00153967400547117,0.00011864874977618456,1.4471329690124435e-09
221,False,30,toilet,30,toilet,True,0.9981602430343628,0.016683189198374748,0.015682581812143326,0.0010006073862314224,1.1776007369235231e-07
222,False,10,door,19,person,False,0.3420685827732086,1.590442180633545,1.542022943496704,0.04841923713684082,0.00045666919322684407
223,False,11,dresser,18,night_stand,False,0.6169297695159912,1.632272720336914,1.5983052253723145,0.03396749496459961,0.00024070109066087753
224,False,20,piano,20,piano,True,0.5970315337181091,1.6109119653701782,1.5845823287963867,0.026329636573791504,0.00017692033725325018
225,False,14,guitar,14,guitar,True,0.995788037776947,0.03548473119735718,0.0340072400867939,0.0014774911105632782,2.7974795102636563e-07
226,False,28,table,28,table,True,0.9826020002365112,0.10751190781593323,0.10300913453102112,0.004502773284912109,4.644169621315086e-06
227,False,10,door,10,door,True,0.7012161016464233,0.734022855758667,0.7243385910987854,0.009684264659881592,9.478912397753447e-05
228,False,5,car,5,car,True,0.9948890209197998,0.03523065149784088,0.03397463262081146,0.001256018877029419,4.720284323411761e-07
229,False,6,chair,6,chair,True,0.994347333908081,0.043242521584033966,0.04123757779598236,0.0020049437880516052,9.46099646625953e-07
230,False,31,tv_stand,31,tv_stand,True,0.6287859678268433,0.9382861852645874,0.9156576991081238,0.022628486156463623,0.00024051833315752447
231,False,21,plant,21,plant,True,0.8173916339874268,0.5712428689002991,0.562177836894989,0.009065032005310059,5.349745697458275e-05
232,False,31,tv_stand,25,sofa,False,0.34660378098487854,1.92625093460083,1.8879222869873047,0.03832864761352539,0.0003591884742490947
233,False,17,monitor,17,monitor,True,0.9988718032836914,0.010855372063815594,0.010343868285417557,0.000511503778398037,3.2046699516286026e-08
234,False,17,monitor,17,monitor,True,0.95686936378479,0.2802305817604065,0.26731008291244507,0.012920498847961426,2.4594453861936927e-05
235,False,1,bathtub,1,bathtub,True,0.8466919660568237,0.6294188499450684,0.6068810820579529,0.02253776788711548,0.00016126851551234722
236,False,3,bench,20,piano,False,0.46511462330818176,1.830728530883789,1.7760416269302368,0.054686903953552246,0.00045628176303580403
237,False,11,dresser,11,dresser,True,0.5319483280181885,0.9347953200340271,0.9140728712081909,0.02072244882583618,0.00033597892615944147
238,False,16,mantel,16,mantel,True,0.9948078393936157,0.03938812017440796,0.036986611783504486,0.002401508390903473,9.154572353509138e-07
239,False,16,mantel,16,mantel,True,0.9315899610519409,0.38887810707092285,0.3672926127910614,0.02158549427986145,8.322209760081023e-05
240,False,2,bed,2,bed,True,0.8132615685462952,0.8585404753684998,0.8342393636703491,0.024301111698150635,0.00013579809456132352
241,False,20,piano,17,monitor,False,0.8682374358177185,0.6788626313209534,0.6585386395454407,0.020323991775512695,9.42215629038401e-05
242,False,21,plant,21,plant,True,0.6988883018493652,0.6905109882354736,0.6788036227226257,0.0117073655128479,0.00010419808677397668
243,False,18,night_stand,18,night_stand,True,0.6210160851478577,1.2726397514343262,1.2246057987213135,0.048033952713012695,0.00040337874088436365
244,False,30,toilet,30,toilet,True,0.9914029836654663,0.05542371794581413,0.05226554349064827,0.003158174455165863,2.8211834433022887e-06
245,False,12,flower_pot,21,plant,False,0.5015366673469543,1.238745093345642,1.2148091793060303,0.023935914039611816,0.0001546092826174572
246,False,4,bookshelf,10,door,False,0.685835063457489,0.706161618232727,0.6975606083869934,0.008601009845733643,9.907376079354435e-05
247,False,21,plant,15,lamp,False,0.4601571261882782,1.6378123760223389,1.5908640623092651,0.04694831371307373,0.00040757740498520434
248,False,28,table,9,desk,False,0.45274901390075684,1.4463104009628296,1.409004807472229,0.037305593490600586,0.0004676741664297879
249,False,2,bed,2,bed,True,0.9993588924407959,0.006748690269887447,0.006351662799715996,0.00039702747017145157,1.16786784687406e-08
250,False,2,bed,2,bed,True,0.99894118309021,0.010538008064031601,0.009863273240625858,0.0006747348234057426,3.802286485665718e-08
251,False,29,tent,1,bathtub,False,0.7051606178283691,1.147761583328247,1.1213312149047852,0.026430368423461914,0.00019556729239411652
252,False,32,vase,32,vase,True,0.8565446138381958,0.5952697396278381,0.583560585975647,0.011709153652191162,3.768474925891496e-05
253,False,20,piano,20,piano,True,0.8521406054496765,0.7709681987762451,0.7497022747993469,0.021265923976898193,0.00011296875163679942
254,False,1,bathtub,1,bathtub,True,0.6694913506507874,1.2426774501800537,1.2161508798599243,0.026526570320129395,0.00019049392722081393
255,False,14,guitar,14,guitar,True,0.9914289116859436,0.06658361107110977,0.06264173984527588,0.003941871225833893,1.7937435359272058e-06
256,False,23,range_hood,20,piano,False,0.8475213646888733,0.8443390727043152,0.8186037540435791,0.025735318660736084,0.0001062608280335553
257,False,27,stool,32,vase,False,0.5817049741744995,1.5134055614471436,1.4883828163146973,0.02502274513244629,0.00014408936840482056
258,False,11,dresser,11,dresser,True,0.5944024324417114,1.1627798080444336,1.1431556940078735,0.01962411403656006,0.00019664033607114106
259,False,11,dresser,13,glass_box,False,0.23983758687973022,2.042661190032959,1.9708349704742432,0.07182621955871582,0.0005851984606124461
260,False,18,night_stand,18,night_stand,True,0.6009581089019775,0.929764449596405,0.9126204252243042,0.01714402437210083,0.0002243084309156984
261,False,20,piano,28,table,False,0.16311126947402954,2.541184425354004,2.5154759883880615,0.025708436965942383,0.00010244475561194122
262,False,7,cone,7,cone,True,0.9671120047569275,0.18655550479888916,0.18085582554340363,0.005699679255485535,1.1767616342694964e-05
263,False,20,piano,20,piano,True,0.2862072288990021,2.266084671020508,2.2346291542053223,0.03145551681518555,0.00016656941443216056
264,False,13,glass_box,13,glass_box,True,0.9963663220405579,0.02902102842926979,0.02729364112019539,0.0017273873090744019,3.4898928902293846e-07
265,False,2,bed,2,bed,True,0.6813343167304993,1.3009711503982544,1.2775846719741821,0.023386478424072266,0.0001424987567588687
266,False,14,guitar,14,guitar,True,0.9893335103988647,0.08158773183822632,0.07753816246986389,0.004049569368362427,1.9693611648108345e-06
267,False,30,toilet,30,toilet,True,0.9991481304168701,0.008047397248446941,0.007620000280439854,0.0004273969680070877,2.3353578626483795e-08
268,False,18,night_stand,18,night_stand,True,0.39319878816604614,1.9261094331741333,1.871851921081543,0.05425751209259033,0.0004060810897499323
269,False,25,sofa,25,sofa,True,0.765869677066803,0.864208459854126,0.8377959132194519,0.026412546634674072,0.00026187460753135383
270,False,18,night_stand,18,night_stand,True,0.9276544451713562,0.319610595703125,0.3056636154651642,0.013946980237960815,6.57130585750565e-05
271,False,29,tent,29,tent,True,0.5886284708976746,1.4721605777740479,1.435603141784668,0.03655743598937988,0.0002506895980332047
272,False,1,bathtub,1,bathtub,True,0.44335371255874634,1.9651795625686646,1.9321883916854858,0.03299117088317871,0.00017873391334433109
273,False,4,bookshelf,4,bookshelf,True,0.9896287322044373,0.06707032769918442,0.06442850828170776,0.002641819417476654,2.440582875351538e-06
274,False,20,piano,20,piano,True,0.27542734146118164,2.2615301609039307,2.2326645851135254,0.028865575790405273,0.00019325433822814375
275,False,28,table,28,table,True,0.9976910948753357,0.020055819302797318,0.019044719636440277,0.0010110996663570404,1.143644894341378e-07
276,False,32,vase,32,vase,True,0.66732257604599,1.2898364067077637,1.265120029449463,0.02471637725830078,0.0001722417218843475
277,False,14,guitar,21,plant,False,0.33906665444374084,1.6266601085662842,1.5722849369049072,0.05437517166137695,0.0005199125735089183
278,False,30,toilet,30,toilet,True,0.9989488124847412,0.009740260429680347,0.009266374632716179,0.00047388579696416855,3.5574952761407985e-08
279,False,4,bookshelf,4,bookshelf,True,0.950450599193573,0.27922698855400085,0.2707362771034241,0.008490711450576782,2.1291905795806088e-05
280,False,5,car,5,car,True,0.9963203072547913,0.02671067975461483,0.02551225945353508,0.00119842030107975,3.517634468153119e-07
281,False,2,bed,2,bed,True,0.9973827004432678,0.0247743409126997,0.023394782096147537,0.0013795588165521622,1.9440255982772214e-07
282,False,0,airplane,0,airplane,True,0.9998332858085632,0.0018115723505616188,0.0016949602868407965,0.00011661206372082233,1.7430563659104337e-09
283,False,30,toilet,30,toilet,True,0.9994425177574158,0.0054150293581187725,0.005039515905082226,0.0003755134530365467,1.978070862662662e-08
284,False,30,toilet,30,toilet,True,0.9987311363220215,0.011148585937917233,0.010017883963882923,0.0011307019740343094,1.6535202007617045e-07
285,False,18,night_stand,18,night_stand,True,0.6946633458137512,1.1206730604171753,1.103024959564209,0.01764810085296631,0.00013380401651374996
286,False,31,tv_stand,31,tv_stand,True,0.33928099274635315,2.2717370986938477,2.2082881927490234,0.06344890594482422,0.00031611902522854507
287,False,6,chair,6,chair,True,0.9994325041770935,0.005581068806350231,0.005285745952278376,0.00029532285407185555,1.4934570913283096e-08
288,False,31,tv_stand,4,bookshelf,False,0.8318106532096863,0.5226482152938843,0.5130666494369507,0.009581565856933594,9.975567081710324e-05
289,False,23,range_hood,23,range_hood,True,0.9406517744064331,0.2944610118865967,0.28409796953201294,0.01036304235458374,2.445207064738497e-05
290,False,11,dresser,31,tv_stand,False,0.5606600642204285,1.269831895828247,1.2152451276779175,0.05458676815032959,0.0006202965741977096
291,False,14,guitar,14,guitar,True,0.9996337294578552,0.0038836291059851646,0.003694206941872835,0.00018942216411232948,4.338356340838345e-09
292,False,11,dresser,11,dresser,True,0.6266428828239441,1.3963449001312256,1.37162184715271,0.024723052978515625,0.0001698386768111959
293,False,8,curtain,4,bookshelf,False,0.6070865988731384,1.1305665969848633,1.0931137800216675,0.0374528169631958,0.0005489862523972988
294,False,9,desk,9,desk,True,0.39499786496162415,2.002964973449707,1.9359195232391357,0.06704545021057129,0.0005920645198784769
295,False,20,piano,20,piano,True,0.9867342710494995,0.09483516216278076,0.08869172632694244,0.006143435835838318,6.251692411751719e-06
296,False,32,vase,32,vase,True,0.3971122205257416,1.9264764785766602,1.8891903162002563,0.03728616237640381,0.0002336112520424649
297,False,14,guitar,14,guitar,True,0.9997050762176514,0.0032589491456747055,0.0031019081361591816,0.0001570410095155239,2.4496162875919936e-09
298,False,18,night_stand,18,night_stand,True,0.6593853831291199,0.9718130230903625,0.9500882029533386,0.021724820137023926,0.0002974528761114925
299,False,5,car,5,car,True,0.9572182297706604,0.2142377495765686,0.2071414589881897,0.007096290588378906,1.993864862015471e-05
300,False,17,monitor,17,monitor,True,0.9990962147712708,0.00911540724337101,0.008645890280604362,0.00046951696276664734,2.1457507770605844e-08
301,False,25,sofa,25,sofa,True,0.996023952960968,0.032816916704177856,0.030911335721611977,0.0019055809825658798,5.129043643137265e-07
302,False,30,toilet,30,toilet,True,0.999547004699707,0.004508309531956911,0.004198048729449511,0.0003102608025074005,1.3966666934095429e-08
303,False,10,door,10,door,True,0.7251389026641846,0.7169777154922485,0.7076236009597778,0.009354114532470703,7.520653161918744e-05
304,False,32,vase,32,vase,True,0.8284717798233032,0.773946225643158,0.7563404440879822,0.01760578155517578,6.432594818761572e-05
305,False,32,vase,32,vase,True,0.8402117490768433,0.5985895991325378,0.5907331705093384,0.007856428623199463,3.009771171491593e-05
306,False,21,plant,32,vase,False,0.3604885935783386,1.6188639402389526,1.5853984355926514,0.03346550464630127,0.0003717131621669978
307,False,0,airplane,0,airplane,True,0.9999452233314514,0.0006632044678553939,0.0006125169456936419,5.0687522161751986e-05,3.3179103908764773e-10
308,False,0,airplane,0,airplane,True,0.999910295009613,0.0010987319983541965,0.0010114271426573396,8.730485569685698e-05,5.680931280949153e-10
309,False,17,monitor,17,monitor,True,0.9869950413703918,0.09795410931110382,0.09461215138435364,0.003341957926750183,1.9088515728071798e-06
310,False,5,car,5,car,True,0.9896692037582397,0.0630800649523735,0.06036142259836197,0.0027186423540115356,2.850420059985481e-06
311,False,20,piano,20,piano,True,0.9865453839302063,0.10357053577899933,0.10024631023406982,0.0033242255449295044,1.6484145817230456e-06
312,False,25,sofa,25,sofa,True,0.9967300891876221,0.02801106497645378,0.026422694325447083,0.0015883706510066986,3.354863054028101e-07
313,False,28,table,28,table,True,0.984661877155304,0.10689394176006317,0.10306234657764435,0.0038315951824188232,2.3141126348491525e-06
314,False,11,dresser,11,dresser,True,0.6302816271781921,0.8845831155776978,0.8736520409584045,0.010931074619293213,0.00015265603724401444
315,False,5,car,5,car,True,0.9829486608505249,0.10806642472743988,0.10390829294919968,0.004158131778240204,4.224852546030888e-06
316,False,0,airplane,0,airplane,True,0.9993708729743958,0.006464712787419558,0.0059838793240487576,0.0004808334633708,2.1214221490595264e-08
317,False,11,dresser,11,dresser,True,0.5462443232536316,0.8667516708374023,0.8482000231742859,0.018551647663116455,0.0003511018003337085
318,False,25,sofa,25,sofa,True,0.9977997541427612,0.01908056065440178,0.01854381524026394,0.0005367454141378403,6.220311377092003e-08
319,False,12,flower_pot,21,plant,False,0.6490892767906189,0.8714396953582764,0.8579117059707642,0.013527989387512207,6.954804848646745e-05
320,False,12,flower_pot,32,vase,False,0.9592174887657166,0.17996746301651,0.17654868960380554,0.0034187734127044678,1.0770605513243936e-05
321,False,28,table,28,table,True,0.9966397881507874,0.027127398177981377,0.026036325842142105,0.0010910723358392715,1.5352769366927532e-07
322,False,32,vase,32,vase,True,0.8858235478401184,0.5050776600837708,0.4898488521575928,0.015228807926177979,5.644503835355863e-05
323,False,31,tv_stand,4,bookshelf,False,0.9336520433425903,0.3234509229660034,0.3172972500324249,0.006153672933578491,1.9387511201784946e-05
324,False,20,piano,20,piano,True,0.8964521288871765,0.5688378810882568,0.5491797924041748,0.01965808868408203,5.743768997490406e-05
325,False,5,car,5,car,True,0.9199830293655396,0.4038284420967102,0.3941037058830261,0.009724736213684082,2.659345409483649e-05
326,False,26,stairs,11,dresser,False,0.35485923290252686,1.9161009788513184,1.8998074531555176,0.01629352569580078,8.111490751616657e-05
327,False,23,range_hood,16,mantel,False,0.9313341379165649,0.4113774001598358,0.3929848372936249,0.018392562866210938,5.4072734201326966e-05
328,False,15,lamp,15,lamp,True,0.8314463496208191,0.7570101022720337,0.7315558791160583,0.025454223155975342,0.00018883615848608315
329,False,28,table,28,table,True,0.9001704454421997,0.38587114214897156,0.37628886103630066,0.009582281112670898,6.857332482468337e-05
330,False,16,mantel,16,mantel,True,0.2958667278289795,2.1386821269989014,2.0725443363189697,0.06613779067993164,0.00046939903404563665
331,False,25,sofa,25,sofa,True,0.9980353116989136,0.017453942447900772,0.016614966094493866,0.0008389763534069061,9.772600151336519e-08
332,False,31,tv_stand,31,tv_stand,True,0.7056042551994324,1.198083519935608,1.1494016647338867,0.04868185520172119,0.00029065576381981373
333,False,20,piano,20,piano,True,0.6507051587104797,1.379326581954956,1.3474953174591064,0.03183126449584961,0.0002193093387177214
334,False,30,toilet,30,toilet,True,0.9978460073471069,0.018596988171339035,0.01665688492357731,0.0019401032477617264,6.469823006227671e-07
335,False,21,plant,7,cone,False,0.5303339958190918,1.484934687614441,1.394241452217102,0.09069323539733887,0.0010562713723629713
336,False,14,guitar,14,guitar,True,0.9976097345352173,0.02079644612967968,0.018998580053448677,0.0017978660762310028,4.659955266106408e-07
337,False,6,chair,6,chair,True,0.9983542561531067,0.01534629799425602,0.014578170143067837,0.0007681278511881828,6.438571631406376e-08
338,False,21,plant,15,lamp,False,0.40842872858047485,1.8123260736465454,1.7828305959701538,0.0294954776763916,0.0002762048097793013
339,False,14,guitar,14,guitar,True,0.9989765286445618,0.010227229446172714,0.009576942771673203,0.0006502866744995117,3.926697189626793e-08
340,False,31,tv_stand,31,tv_stand,True,0.9445470571517944,0.2773268520832062,0.2565368413925171,0.020790010690689087,6.607791146961972e-05
341,False,5,car,5,car,True,0.9152131676673889,0.439316987991333,0.4275689125061035,0.011748075485229492,3.70865200238768e-05
342,False,13,glass_box,13,glass_box,True,0.9957717061042786,0.03309304639697075,0.030817337334156036,0.0022757090628147125,5.482569918058289e-07
343,False,2,bed,2,bed,True,0.9992555379867554,0.007729290518909693,0.007320045027881861,0.00040924549102783203,1.9928792838186382e-08
344,False,14,guitar,14,guitar,True,0.9901414513587952,0.07523944228887558,0.07214611768722534,0.003093324601650238,1.2926129784318618e-06
345,False,23,range_hood,23,range_hood,True,0.9766128063201904,0.1272859275341034,0.12170340865850449,0.0055825188755989075,1.0950171599688474e-05
346,False,16,mantel,16,mantel,True,0.9520903825759888,0.29907462000846863,0.2886199355125427,0.010454684495925903,1.804089333745651e-05
347,False,31,tv_stand,31,tv_stand,True,0.5910894274711609,0.9082714319229126,0.8859477043151855,0.02232372760772705,0.0003803323779720813
348,False,2,bed,2,bed,True,0.9905148148536682,0.07196472585201263,0.06887736916542053,0.003087356686592102,1.3580839777205256e-06
349,False,1,bathtub,1,bathtub,True,0.4668399393558502,1.9385731220245361,1.8947440385818481,0.04382908344268799,0.0003141697379760444
350,False,21,plant,21,plant,True,0.407825231552124,1.7353041172027588,1.7012755870819092,0.03402853012084961,0.00019595384947024286
351,False,24,sink,29,tent,False,0.44685617089271545,1.584022879600525,1.5538506507873535,0.030172228813171387,0.00017729699902702123
352,False,14,guitar,14,guitar,True,0.9996130466461182,0.004112402908504009,0.003766358830034733,0.00034604407846927643,1.4364877287675881e-08
353,False,13,glass_box,33,wardrobe,False,0.4998958110809326,1.4276329278945923,1.4073200225830078,0.020312905311584473,0.00015743132098577917
354,False,6,chair,6,chair,True,0.9996233582496643,0.003735142294317484,0.003451757365837693,0.0002833849284797907,1.2205284782851322e-08
355,False,14,guitar,14,guitar,True,0.9928880333900452,0.05637888237833977,0.053387150168418884,0.002991732209920883,9.984202051782631e-07
356,False,18,night_stand,18,night_stand,True,0.937925398349762,0.33363327383995056,0.32198745012283325,0.01164582371711731,2.5639650630182587e-05
357,False,9,desk,9,desk,True,0.8617001175880432,0.6055294275283813,0.5877821445465088,0.01774728298187256,9.236655023414642e-05
358,False,14,guitar,14,guitar,True,0.9986782670021057,0.012820078991353512,0.011680210940539837,0.001139868050813675,1.0299652331013931e-07
359,False,9,desk,9,desk,True,0.23491130769252777,2.1200428009033203,2.081059694290161,0.03898310661315918,0.00023860271903686225
360,False,9,desk,9,desk,True,0.9326566457748413,0.3560842275619507,0.33609503507614136,0.019989192485809326,6.867822958156466e-05
361,False,16,mantel,16,mantel,True,0.8367228507995605,0.817090630531311,0.7873484492301941,0.029742181301116943,0.0001488449634052813
362,False,32,vase,32,vase,True,0.9282238483428955,0.2915879487991333,0.28564855456352234,0.005939394235610962,2.7482019504532218e-05
363,False,18,night_stand,11,dresser,False,0.4401123821735382,1.532789707183838,1.5098824501037598,0.022907257080078125,0.00020814355229958892
364,False,0,airplane,0,airplane,True,0.9999673366546631,0.00041990610770881176,0.00039933493826538324,2.0571169443428516e-05,5.593290414163121e-11
365,False,17,monitor,17,monitor,True,0.999038815498352,0.009328026324510574,0.008791809901595116,0.0005362164229154587,3.003240678367547e-08
366,False,23,range_hood,23,range_hood,True,0.9112709164619446,0.4214361310005188,0.40734413266181946,0.01409199833869934,4.6475503040710464e-05
367,False,17,monitor,16,mantel,False,0.14947597682476044,2.6745095252990723,2.6244757175445557,0.0500338077545166,0.00021223309158813208
368,False,9,desk,9,desk,True,0.6976653337478638,1.066949486732483,1.041332483291626,0.025617003440856934,0.00024584014317952096
369,False,2,bed,2,bed,True,0.9925159215927124,0.059894029051065445,0.055667612701654434,0.004226416349411011,2.3204049739433685e-06
370,False,29,tent,0,airplane,False,0.5621611475944519,1.7072246074676514,1.658712387084961,0.04851222038269043,0.00044079561484977603
371,False,9,desk,9,desk,True,0.8209911584854126,0.7836512923240662,0.7539380788803101,0.029713213443756104,0.00018185061344411224
372,False,14,guitar,14,guitar,True,0.9972705841064453,0.023806322365999222,0.022089483216404915,0.001716839149594307,3.6825852589572605e-07
373,False,23,range_hood,23,range_hood,True,0.8867436051368713,0.3711114525794983,0.35870125889778137,0.012410193681716919,0.00013223430141806602
374,False,28,table,28,table,True,0.9657164812088013,0.18988880515098572,0.1822129637002945,0.007675841450691223,1.580685238877777e-05
375,False,17,monitor,17,monitor,True,0.9771618247032166,0.14036715030670166,0.1332724541425705,0.0070946961641311646,1.3400835086940788e-05
376,False,16,mantel,16,mantel,True,0.9994682669639587,0.005119268782436848,0.004582392051815987,0.000536876730620861,4.200189707148638e-08
377,False,34,xbox,34,xbox,True,0.5631589293479919,1.3656423091888428,1.341174602508545,0.02446770668029785,0.00019286779570393264
378,False,11,dresser,18,night_stand,False,0.5687219500541687,0.79939866065979,0.774247407913208,0.02515125274658203,0.0005366839468479156
379,False,16,mantel,16,mantel,True,0.9992161393165588,0.007847454398870468,0.007088162004947662,0.0007592923939228058,4.681096399394846e-08
380,False,24,sink,20,piano,False,0.2133055478334427,2.6053245067596436,2.5710644721984863,0.03426003456115723,0.00015873713709879667
381,False,13,glass_box,13,glass_box,True,0.9973595142364502,0.021424781531095505,0.020304152742028236,0.0011206287890672684,1.8549449976035248e-07
382,False,25,sofa,25,sofa,True,0.9840125441551208,0.10509108006954193,0.1002109944820404,0.004880085587501526,5.0250787353434134e-06
383,False,14,guitar,14,guitar,True,0.9995165467262268,0.00510301161557436,0.004634564742445946,0.00046844687312841415,1.8280564617612072e-08
384,False,28,table,28,table,True,0.9936488270759583,0.04562080651521683,0.04423442482948303,0.0013863816857337952,5.633173714159057e-07
385,False,9,desk,9,desk,True,0.5494000911712646,1.1794400215148926,1.1523809432983398,0.027059078216552734,0.0003313705383334309
386,False,4,bookshelf,16,mantel,False,0.2950630486011505,1.801592230796814,1.7580602169036865,0.04353201389312744,0.00040889106458052993
387,False,13,glass_box,13,glass_box,True,0.9927047491073608,0.051196202635765076,0.04599803686141968,0.005198165774345398,4.217359673930332e-06
388,False,19,person,19,person,True,0.4353679120540619,1.44196617603302,1.394547939300537,0.04741823673248291,0.000606513349339366
389,False,22,radio,4,bookshelf,False,0.32914575934410095,2.348857879638672,2.3111836910247803,0.0376741886138916,0.00018909195205196738
390,False,0,airplane,0,airplane,True,0.9999728798866272,0.0003480610903352499,0.00032982658012770116,1.8234510207548738e-05,3.7242785244639975e-11
391,False,17,monitor,17,monitor,True,0.9985191226005554,0.014207241125404835,0.013429954648017883,0.0007772864773869514,5.564758964737848e-08
392,False,18,night_stand,11,dresser,False,0.3986557722091675,1.408182144165039,1.3929200172424316,0.015262126922607422,0.00012102840264560655
393,False,2,bed,2,bed,True,0.4648849368095398,2.0027780532836914,1.9578686952590942,0.04490935802459717,0.00034377165138721466
394,False,17,monitor,17,monitor,True,0.9978590607643127,0.019545849412679672,0.018655484542250633,0.000890364870429039,9.585305349446571e-08
395,False,17,monitor,17,monitor,True,0.9917062520980835,0.06563758850097656,0.06246260181069374,0.0031749866902828217,1.2665051372096059e-06
396,False,12,flower_pot,32,vase,False,0.8482615947723389,0.5189574360847473,0.5142233967781067,0.004734039306640625,1.9922588762710802e-05
397,False,21,plant,21,plant,True,0.5941746234893799,1.0916812419891357,1.0726728439331055,0.019008398056030273,0.00010900544293690473
398,False,17,monitor,17,monitor,True,0.8719511032104492,0.7065846920013428,0.6849369406700134,0.021647751331329346,8.437540964223444e-05
399,False,25,sofa,25,sofa,True,0.9841943383216858,0.10354560613632202,0.10042347013950348,0.0031221359968185425,2.6109348709724145e-06
400,False,16,mantel,16,mantel,True,0.9969532489776611,0.025349609553813934,0.023757485672831535,0.001592123880982399,3.4663247561184107e-07
401,False,20,piano,20,piano,True,0.5134844183921814,1.2246567010879517,1.1664081811904907,0.05824851989746094,0.0009312455076724291
402,False,2,bed,2,bed,True,0.9979570508003235,0.018966935575008392,0.017893897369503975,0.0010730382055044174,1.1354994455814449e-07
403,False,5,car,5,car,True,0.9632896780967712,0.20138061046600342,0.19331201910972595,0.008068591356277466,2.0123898138990626e-05
404,False,2,bed,2,bed,True,0.4724912941455841,1.7423853874206543,1.7032232284545898,0.03916215896606445,0.00029107535374350846
405,False,21,plant,21,plant,True,0.5405421853065491,1.1029092073440552,1.085923194885254,0.01698601245880127,8.194675319828093e-05
406,False,4,bookshelf,4,bookshelf,True,0.9708266258239746,0.17641666531562805,0.1713949590921402,0.005021706223487854,8.309571057907306e-06
407,False,13,glass_box,13,glass_box,True,0.9735795259475708,0.16539366543293,0.15405923128128052,0.011334434151649475,2.1292808014550246e-05
408,False,26,stairs,26,stairs,True,0.3552711009979248,1.6936501264572144,1.6455280780792236,0.04812204837799072,0.0004858110041823238
409,False,14,guitar,8,curtain,False,0.3128739893436432,1.6166133880615234,1.5683393478393555,0.04827404022216797,0.00048523503937758505
410,False,0,airplane,0,airplane,True,0.9997027516365051,0.003206359688192606,0.002707984298467636,0.0004983753897249699,2.687787237221073e-08
411,False,32,vase,32,vase,True,0.8644499778747559,0.537470281124115,0.5290753245353699,0.008394956588745117,3.4471446269890293e-05
412,False,10,door,10,door,True,0.7234703898429871,0.6671825051307678,0.6585079431533813,0.008674561977386475,9.284650877816603e-05
413,False,28,table,28,table,True,0.9849845170974731,0.09450219571590424,0.08953729271888733,0.004964902997016907,6.2580234043707605e-06
414,False,6,chair,6,chair,True,0.999881386756897,0.0013574498007073998,0.0012835117522627115,7.393804844468832e-05,7.433973991943787e-10
415,False,32,vase,32,vase,True,0.9560933709144592,0.19018492102622986,0.18571282923221588,0.004472091794013977,2.191398925788235e-05
416,False,18,night_stand,18,night_stand,True,0.38272911310195923,1.524015188217163,1.502021312713623,0.02199387550354004,0.00014302742783911526
417,False,18,night_stand,18,night_stand,True,0.4806517958641052,1.3969554901123047,1.366827130317688,0.0301283597946167,0.000287424074485898
418,False,6,chair,6,chair,True,0.9857181310653687,0.08952536433935165,0.0846303254365921,0.004895038902759552,4.986881776858354e-06
419,False,11,dresser,11,dresser,True,0.7322348952293396,0.9330365657806396,0.9176962971687317,0.015340268611907959,0.00012441945727914572
420,False,20,piano,20,piano,True,0.9903775453567505,0.0785146951675415,0.07496164739131927,0.003553047776222229,1.0495974720470258e-06
421,False,5,car,5,car,True,0.9674183130264282,0.18709391355514526,0.18042908608913422,0.006664827466011047,1.3838504855812062e-05
422,False,32,vase,29,tent,False,0.249934583902359,2.195882558822632,2.1468722820281982,0.049010276794433594,0.0003347240563016385
423,False,0,airplane,0,airplane,True,0.999922513961792,0.0009363562567159534,0.0008326604147441685,0.00010369584197178483,1.1896960083745967e-09
424,False,0,airplane,0,airplane,True,0.9998765587806702,0.0013939626514911652,0.0013096416369080544,8.432101458311081e-05,1.066524535353608e-09
425,False,17,monitor,17,monitor,True,0.31864050030708313,2.291820764541626,2.2404842376708984,0.05133652687072754,0.0003862591693177819
426,False,17,monitor,17,monitor,True,0.9850502014160156,0.11214975267648697,0.10957662016153336,0.0025731325149536133,1.2931917581227026e-06
427,False,2,bed,2,bed,True,0.9991369843482971,0.008516843430697918,0.00799652747809887,0.0005203159525990486,4.252904517443312e-08
428,False,11,dresser,11,dresser,True,0.4420548379421234,1.4995369911193848,1.4606314897537231,0.03890550136566162,0.0004720324941445142
429,False,28,table,28,table,True,0.9585860371589661,0.2230529487133026,0.21325071156024933,0.009802237153053284,3.0183497074176557e-05
430,False,12,flower_pot,32,vase,False,0.8698611259460449,0.45573800802230835,0.4509710669517517,0.004766941070556641,2.546296309446916e-05
431,False,30,toilet,30,toilet,True,0.9987386465072632,0.010621370747685432,0.010004619136452675,0.0006167516112327576,7.98801309542796e-08
432,False,16,mantel,16,mantel,True,0.9928919076919556,0.054139405488967896,0.05092105641961098,0.0032183490693569183,1.508023501628486e-06
433,False,2,bed,2,bed,True,0.9968920946121216,0.029024537652730942,0.027070870622992516,0.001953667029738426,3.7977426359248057e-07
434,False,6,chair,6,chair,True,0.9999504089355469,0.0006332225166261196,0.0005806130357086658,5.2609480917453766e-05,2.1458172738686443e-10
435,False,4,bookshelf,4,bookshelf,True,0.9737871289253235,0.1572374850511551,0.1525433212518692,0.004694163799285889,7.0195828811847605e-06
436,False,0,airplane,0,airplane,True,0.9996749758720398,0.003556832205504179,0.003344937926158309,0.00021189427934587002,5.3170361447030245e-09
437,False,32,vase,16,mantel,False,0.3391669690608978,2.265554189682007,2.233572483062744,0.031981706619262695,0.00017640614532865584
438,False,3,bench,3,bench,True,0.9946249723434448,0.03932378813624382,0.0375840924680233,0.00173969566822052,5.100608291286335e-07
439,False,20,piano,20,piano,True,0.7340313196182251,1.1640180349349976,1.097327470779419,0.06669056415557861,0.0006188068073242903
440,False,23,range_hood,23,range_hood,True,0.9715698957443237,0.14867903292179108,0.13972438871860504,0.008954644203186035,2.3501685063820332e-05
441,False,6,chair,6,chair,True,0.9978954792022705,0.01865396276116371,0.016089338809251785,0.0025646239519119263,1.0722765182435978e-06
442,False,13,glass_box,13,glass_box,True,0.9941987991333008,0.043936360627412796,0.039355501532554626,0.0045808590948581696,1.88477326901193e-06
443,False,21,plant,28,table,False,0.3666980564594269,1.523356556892395,1.470792293548584,0.052564263343811035,0.0005649331724271178
444,False,0,airplane,0,airplane,True,0.9999727606773376,0.00035175037919543684,0.0003264394763391465,2.531090285629034e-05,7.432200688217705e-11
445,False,30,toilet,30,toilet,True,0.9906262159347534,0.06580868363380432,0.06308551877737045,0.0027231648564338684,1.6928880768318777e-06
446,False,13,glass_box,13,glass_box,True,0.987278401851654,0.08622701466083527,0.07904788851737976,0.007179126143455505,8.200677257264033e-06
447,False,2,bed,2,bed,True,0.9566509127616882,0.24624505639076233,0.2372133731842041,0.009031683206558228,1.9063598301727325e-05
448,False,9,desk,9,desk,True,0.5869947671890259,1.5238031148910522,1.4846981763839722,0.03910493850708008,0.0003558522439561784
449,False,5,car,5,car,True,0.9879140257835388,0.07716857641935349,0.07162496447563171,0.005543611943721771,8.03881721367361e-06
450,False,5,car,5,car,True,0.934740424156189,0.3511852025985718,0.33911821246147156,0.01206699013710022,3.867020132020116e-05
451,False,30,toilet,30,toilet,True,0.9984676837921143,0.01403023675084114,0.013029074296355247,0.0010011624544858932,1.4183322605276771e-07
452,False,4,bookshelf,4,bookshelf,True,0.8730406761169434,0.5886117219924927,0.5754809975624084,0.013130724430084229,8.051507029449567e-05
453,False,32,vase,32,vase,True,0.9359642267227173,0.2533993422985077,0.24993257224559784,0.003466770052909851,1.577043985889759e-05
454,False,9,desk,9,desk,True,0.9734033942222595,0.17422908544540405,0.16382214426994324,0.010406941175460815,1.3331922673387453e-05
455,False,13,glass_box,13,glass_box,True,0.9843231439590454,0.10755601525306702,0.10015995055437088,0.0073960646986961365,6.604305781365838e-06
456,False,1,bathtub,25,sofa,False,0.8689871430397034,0.5870791673660278,0.5762190222740173,0.010860145092010498,5.1516744861146435e-05
457,False,9,desk,9,desk,True,0.9868136644363403,0.09352435171604156,0.08835896104574203,0.00516539067029953,3.662016524685896e-06
458,False,31,tv_stand,31,tv_stand,True,0.9011338949203491,0.39811381697654724,0.38557168841362,0.012542128562927246,7.537988130934536e-05
459,False,20,piano,25,sofa,False,0.9498645663261414,0.30004236102104187,0.2919277846813202,0.00811457633972168,1.628966310818214e-05
460,False,14,guitar,14,guitar,True,0.9115496277809143,0.4419415593147278,0.4145341217517853,0.027407437562942505,0.00012618857726920396
461,False,25,sofa,25,sofa,True,0.9909804463386536,0.06765525043010712,0.06522484123706818,0.0024304091930389404,9.871540669337264e-07
462,False,31,tv_stand,20,piano,False,0.28434401750564575,2.5611064434051514,2.522975206375122,0.0381312370300293,0.0002037305966950953
463,False,21,plant,21,plant,True,0.5542500615119934,1.2165952920913696,1.2001537084579468,0.01644158363342285,0.00010362381726736203
464,False,13,glass_box,13,glass_box,True,0.7903770208358765,0.8278713226318359,0.7982755303382874,0.029595792293548584,0.0002530004712752998
465,False,20,piano,20,piano,True,0.9793386459350586,0.14291337132453918,0.13588839769363403,0.007024973630905151,7.2205216383736115e-06
466,False,4,bookshelf,4,bookshelf,True,0.8758258819580078,0.6354317665100098,0.6199303269386292,0.015501439571380615,7.099920185282826e-05
467,False,9,desk,9,desk,True,0.3120501935482025,2.101940870285034,2.065847635269165,0.03609323501586914,0.00023921100364532322
468,False,1,bathtub,25,sofa,False,0.6485654711723328,0.9769155979156494,0.9532895088195801,0.023626089096069336,0.000352156552253291
469,False,28,table,28,table,True,0.991058886051178,0.06370462477207184,0.059121761471033096,0.004582863301038742,3.114544142590603e-06
470,False,23,range_hood,23,range_hood,True,0.32282620668411255,1.8913494348526,1.8385061025619507,0.052843332290649414,0.0004210706683807075
471,False,1,bathtub,25,sofa,False,0.9836839437484741,0.11768219619989395,0.11205309629440308,0.005629099905490875,5.302556019159965e-06
472,False,14,guitar,14,guitar,True,0.9997552633285522,0.002799663692712784,0.0025867754593491554,0.0002128882333636284,2.6832895905215537e-09
473,False,4,bookshelf,19,person,False,0.4030096232891083,1.6746609210968018,1.616957664489746,0.057703256607055664,0.0006906969356350601
474,False,19,person,19,person,True,0.33970820903778076,1.6355665922164917,1.5711579322814941,0.06440865993499756,0.0005775382742285728
475,False,2,bed,2,bed,True,0.9994498491287231,0.005881956312805414,0.0055914768017828465,0.00029047951102256775,8.756431135736875e-09
476,False,28,table,28,table,True,0.9809489846229553,0.11926549673080444,0.11487443000078201,0.00439106673002243,4.8375613914686255e-06
477,False,31,tv_stand,18,night_stand,False,0.8174312114715576,0.6736606359481812,0.6543847918510437,0.01927584409713745,0.00017782697977963835
478,False,31,tv_stand,31,tv_stand,True,0.8097534775733948,0.7286285161972046,0.707278311252594,0.021350204944610596,0.0001150129537563771
479,False,11,dresser,11,dresser,True,0.5151129961013794,1.3574986457824707,1.336822509765625,0.020676136016845703,0.00019298073311802
480,False,25,sofa,25,sofa,True,0.9976234436035156,0.020732294768095016,0.019571973010897636,0.00116032175719738,2.0504586473180098e-07
481,False,5,car,29,tent,False,0.9013665914535522,0.525812566280365,0.5029966831207275,0.02281588315963745,7.168504816945642e-05
482,False,13,glass_box,13,glass_box,True,0.9922873973846436,0.056100573390722275,0.051163073629140854,0.004937499761581421,3.302648565295385e-06
483,False,17,monitor,17,monitor,True,0.9974983930587769,0.021643580868840218,0.02086595818400383,0.0007776226848363876,9.449581739318091e-08
484,False,30,toilet,30,toilet,True,0.9990413188934326,0.009143320843577385,0.008142740465700626,0.0010005803778767586,9.217234975267274e-08
485,False,4,bookshelf,4,bookshelf,True,0.9839540123939514,0.10533657670021057,0.10202080756425858,0.003315769135951996,2.491393615855486e-06
486,False,25,sofa,25,sofa,True,0.9773481488227844,0.1330382227897644,0.12863439321517944,0.004403829574584961,6.960925475141266e-06
487,False,32,vase,32,vase,True,0.7943856120109558,0.8044863939285278,0.7915253639221191,0.012961030006408691,7.211808406282216e-05
488,False,20,piano,20,piano,True,0.9971525073051453,0.025639403611421585,0.02382817305624485,0.001811230555176735,2.3832100737308792e-07
489,False,27,stool,27,stool,True,0.5311812162399292,1.3556050062179565,1.3196536302566528,0.03595137596130371,0.0003305216960143298
490,False,6,chair,6,chair,True,0.9998993277549744,0.0012394334189593792,0.0011451116297394037,9.432178921997547e-05,6.693249843259252e-10
491,False,11,dresser,31,tv_stand,False,0.6392844915390015,1.5149977207183838,1.4782730340957642,0.03672468662261963,0.0002575618855189532
492,False,25,sofa,25,sofa,True,0.9902886748313904,0.0695812776684761,0.06595493853092194,0.0036263391375541687,2.0500847313087434e-06
493,False,31,tv_stand,25,sofa,False,0.4729815423488617,1.836784839630127,1.819173812866211,0.017611026763916016,0.00011640364391496405
494,False,30,toilet,30,toilet,True,0.9967984557151794,0.027205821126699448,0.025665661320090294,0.0015401598066091537,3.0127907280075306e-07
495,False,17,monitor,17,monitor,True,0.9923956990242004,0.05505193769931793,0.052815407514572144,0.0022365301847457886,1.1205006558157038e-06
496,False,0,airplane,0,airplane,True,0.999955952167511,0.0005576346302405,0.0005077759851701558,4.985864507034421e-05,1.912023317451883e-10
497,False,31,tv_stand,31,tv_stand,True,0.873965322971344,0.502071738243103,0.4875938296318054,0.014477908611297607,9.178752225125208e-05
498,False,11,dresser,11,dresser,True,0.7274373769760132,0.9351100325584412,0.9212359189987183,0.0138741135597229,0.00011761576752178371
499,False,21,plant,21,plant,True,0.28462278842926025,1.988207221031189,1.9614143371582031,0.02679288387298584,0.00017318812024313956
500,False,2,bed,2,bed,True,0.9990137219429016,0.009734006598591805,0.008933741599321365,0.0008002649992704391,6.302091293264311e-08
501,False,21,plant,21,plant,True,0.32929641008377075,1.9786797761917114,1.9266266822814941,0.052053093910217285,0.0002799008216243237
502,False,32,vase,32,vase,True,0.49153801798820496,1.4346474409103394,1.4048943519592285,0.02975308895111084,0.0001881681237136945
503,False,20,piano,11,dresser,False,0.20181019604206085,2.5298476219177246,2.504925489425659,0.02492213249206543,0.00010431991540826857
504,False,3,bench,3,bench,True,0.9802613258361816,0.12171406298875809,0.11532578617334366,0.006388276815414429,7.15431951903156e-06
505,False,25,sofa,25,sofa,True,0.9994836449623108,0.005232221446931362,0.00489433016628027,0.00033789128065109253,1.4952076909935386e-08
506,False,13,glass_box,29,tent,False,0.21089638769626617,2.471670389175415,2.4301204681396484,0.0415499210357666,0.00018814134818967432
507,False,13,glass_box,13,glass_box,True,0.9960484504699707,0.03050234355032444,0.02798212692141533,0.002520216628909111,8.347988682544383e-07
508,False,28,table,28,table,True,0.38970208168029785,1.4069972038269043,1.3842928409576416,0.022704362869262695,0.00025746627943590283
509,False,9,desk,9,desk,True,0.982088565826416,0.11407835781574249,0.10627632588148117,0.007802031934261322,9.62536705628736e-06
510,False,28,table,28,table,True,0.9454622268676758,0.26272180676460266,0.2549653947353363,0.007756412029266357,2.4420847694273107e-05
511,False,20,piano,20,piano,True,0.9883109331130981,0.08236274123191833,0.07550811022520065,0.006854631006717682,5.530400812858716e-06
512,False,28,table,28,table,True,0.9264260530471802,0.3211110532283783,0.3124813139438629,0.00862973928451538,4.414877184899524e-05
513,False,9,desk,9,desk,True,0.9962525963783264,0.029956689104437828,0.028135700151324272,0.001820988953113556,3.6474310149969824e-07
514,False,5,car,5,car,True,0.9412144422531128,0.29161620140075684,0.2832406759262085,0.00837552547454834,2.8786458642571233e-05
515,False,6,chair,6,chair,True,0.9998865723609924,0.0012545622885227203,0.0010677474783733487,0.00018681481014937162,6.488257486836346e-09
516,False,2,bed,2,bed,True,0.9995850324630737,0.004501648712903261,0.004282170906662941,0.0002194778062403202,4.530651853684731e-09
517,False,14,guitar,14,guitar,True,0.9998827576637268,0.0014054422499611974,0.0012790163746103644,0.00012642587535083294,1.1457648163570866e-09
518,False,25,sofa,25,sofa,True,0.9898138046264648,0.07333901524543762,0.07082845270633698,0.002510562539100647,1.6100015045594773e-06
519,False,6,chair,6,chair,True,0.995101809501648,0.03785393387079239,0.03478298708796501,0.0030709467828273773,1.234645992553851e-06
520,False,23,range_hood,23,range_hood,True,0.9367728233337402,0.24690483510494232,0.23077067732810974,0.01613415777683258,0.00011491563054732978
521,False,7,cone,7,cone,True,0.6294084787368774,1.0239430665969849,0.9942409992218018,0.029702067375183105,0.000438823364675045
522,False,32,vase,32,vase,True,0.5196292996406555,1.498643398284912,1.470272421836853,0.028370976448059082,0.00016670538752805442
523,False,34,xbox,34,xbox,True,0.8549677729606628,0.5450649857521057,0.5340709686279297,0.010994017124176025,8.231067477026954e-05
524,False,18,night_stand,18,night_stand,True,0.5019409656524658,1.195451259613037,1.1827261447906494,0.012725114822387695,0.0001228727342095226
525,False,31,tv_stand,31,tv_stand,True,0.8443055152893066,0.7837510108947754,0.7595276236534119,0.024223387241363525,9.539130405755714e-05
526,False,10,door,10,door,True,0.5411607623100281,0.7791044116020203,0.7689329385757446,0.010171473026275635,0.0001750680967234075
527,False,6,chair,6,chair,True,0.9762426018714905,0.14593040943145752,0.14084717631340027,0.005083233118057251,7.723483577137813e-06
528,False,30,toilet,17,monitor,False,0.23265232145786285,2.605070114135742,2.558555841445923,0.046514272689819336,0.00021244212985038757
529,False,4,bookshelf,4,bookshelf,True,0.8990767598152161,0.420017808675766,0.41310277581214905,0.006915032863616943,3.18757192871999e-05
530,False,28,table,28,table,True,0.9728797674179077,0.14823350310325623,0.14118129014968872,0.007052212953567505,1.5174426152952947e-05
531,False,31,tv_stand,31,tv_stand,True,0.932314932346344,0.3286759853363037,0.31595638394355774,0.012719601392745972,4.214191358187236e-05
532,False,13,glass_box,13,glass_box,True,0.9800264835357666,0.13237746059894562,0.11952929943799973,0.012848161160945892,1.9846400391543284e-05
533,False,17,monitor,17,monitor,True,0.9991297721862793,0.008255776949226856,0.008031215518712997,0.0002245614305138588,9.462033823126603e-09
534,False,31,tv_stand,3,bench,False,0.533285915851593,1.07445228099823,1.0201807022094727,0.054271578788757324,0.0008283571805804968
535,False,31,tv_stand,31,tv_stand,True,0.6231290102005005,1.5890815258026123,1.5485517978668213,0.040529727935791016,0.0002266843366669491
536,False,17,monitor,17,monitor,True,0.9993105530738831,0.0071683963760733604,0.006767673417925835,0.0004007229581475258,1.7059782919659483e-08
537,False,2,bed,2,bed,True,0.998738169670105,0.011553855612874031,0.01081005111336708,0.0007438044995069504,8.281286056899262e-08
538,False,28,table,26,stairs,False,0.29775044322013855,1.648627519607544,1.598311424255371,0.05031609535217285,0.000522820046171546
539,False,11,dresser,11,dresser,True,0.786299467086792,0.8249247074127197,0.8123905658721924,0.012534141540527344,8.683819032739848e-05
540,False,23,range_hood,23,range_hood,True,0.9102937579154968,0.41350889205932617,0.3952310383319855,0.018277853727340698,6.963947816984728e-05
541,False,28,table,28,table,True,0.9832909107208252,0.10148438066244125,0.09829235821962357,0.003192022442817688,3.145029268125654e-06
542,False,13,glass_box,13,glass_box,True,0.9794609546661377,0.1315975934267044,0.12451845407485962,0.007079139351844788,8.541630450054072e-06
543,False,22,radio,33,wardrobe,False,0.47374698519706726,1.4546315670013428,1.4275190830230713,0.027112483978271484,0.0001922615774674341
544,False,0,airplane,0,airplane,True,0.9999485611915588,0.0006227065459825099,0.0005659795133396983,5.672703264281154e-05,3.7936542796046524e-10
545,False,11,dresser,11,dresser,True,0.7672857046127319,0.9687729477882385,0.9469733834266663,0.021799564361572266,0.0001036937755998224
546,False,0,airplane,0,airplane,True,0.9999781847000122,0.00029694405384361744,0.00027338197105564177,2.356208278797567e-05,3.731949124730072e-11
547,False,25,sofa,25,sofa,True,0.9994692802429199,0.0054084924049675465,0.005024620331823826,0.0003838720731437206,1.6251087586738322e-08
548,False,30,toilet,17,monitor,False,0.38922157883644104,2.065406560897827,2.014364004135132,0.05104255676269531,0.0003139101609122008
549,False,2,bed,2,bed,True,0.9963393807411194,0.03270526975393295,0.030690278857946396,0.002014990895986557,4.0179918414651183e-07
550,False,14,guitar,14,guitar,True,0.989134669303894,0.08209630846977234,0.07614953070878983,0.005946777760982513,4.2623414628906175e-06
551,False,13,glass_box,13,glass_box,True,0.44774025678634644,1.8659603595733643,1.8189424276351929,0.04701793193817139,0.00036323274252936244
552,False,26,stairs,3,bench,False,0.6917293071746826,1.242121696472168,1.2021005153656006,0.04002118110656738,0.0002938920515589416
553,False,0,airplane,0,airplane,True,0.9997499585151672,0.0027401642873883247,0.0025904090143740177,0.00014975527301430702,2.8951141484157006e-09
554,False,16,mantel,24,sink,False,0.5375651717185974,1.911847710609436,1.8747037649154663,0.03714394569396973,0.00016979040810838342
555,False,27,stool,27,stool,True,0.4576537609100342,1.2626713514328003,1.2255250215530396,0.03714632987976074,0.0003882260643877089
556,False,16,mantel,16,mantel,True,0.9737343192100525,0.14184482395648956,0.13570065796375275,0.006144165992736816,1.491437251388561e-05
557,False,11,dresser,18,night_stand,False,0.4360416531562805,1.9680525064468384,1.9237056970596313,0.04434680938720703,0.00028049384127371013
558,False,0,airplane,0,airplane,True,0.9999935030937195,9.540672181174159e-05,8.837787754600868e-05,7.028844265732914e-06,4.076336056896279e-12
559,False,23,range_hood,23,range_hood,True,0.9413766264915466,0.2355181872844696,0.21736575663089752,0.018152430653572083,0.0001205799708259292
560,False,31,tv_stand,9,desk,False,0.306633859872818,2.0241475105285645,1.961993932723999,0.06215357780456543,0.0005301834316924214
561,False,21,plant,21,plant,True,0.8563045859336853,0.539857029914856,0.5205750465393066,0.019281983375549316,7.818639278411865e-05
562,False,30,toilet,30,toilet,True,0.9994025826454163,0.005777700804173946,0.005390701815485954,0.0003869989886879921,2.2371995811454326e-08
563,False,10,door,10,door,True,0.5973612070083618,0.8605483174324036,0.8486989140510559,0.011849403381347656,0.00014728933456353843
564,False,9,desk,9,desk,True,0.8306602835655212,0.7038000226020813,0.6796376705169678,0.024162352085113525,0.00016843645425979048
565,False,4,bookshelf,4,bookshelf,True,0.7857847809791565,0.9093096256256104,0.8825541734695435,0.026755452156066895,0.0002062002313323319
566,False,5,car,5,car,True,0.9940570592880249,0.04117763042449951,0.03939134627580643,0.0017862841486930847,8.872262355907878e-07
567,False,23,range_hood,16,mantel,False,0.7463669180870056,0.6416292786598206,0.625863790512085,0.015765488147735596,0.0002524548035580665
568,False,23,range_hood,28,table,False,0.26632532477378845,2.4257359504699707,2.377694845199585,0.04804110527038574,0.0002722959907259792
569,False,0,airplane,0,airplane,True,0.9999961853027344,5.910247273277491e-05,5.519952901522629e-05,3.902943717548624e-06,9.364475341000489e-13
570,False,28,table,28,table,True,0.5495960116386414,0.8501365184783936,0.8236697316169739,0.026466786861419678,0.000566901289857924
571,False,4,bookshelf,4,bookshelf,True,0.9496777057647705,0.3001808822154999,0.2904142439365387,0.009766638278961182,1.9235942090745084e-05
572,False,1,bathtub,1,bathtub,True,0.8808161616325378,0.5836954116821289,0.5619038939476013,0.021791517734527588,7.254401862155646e-05
573,False,25,sofa,25,sofa,True,0.9983428716659546,0.01471003144979477,0.01422070898115635,0.0004893224686384201,4.653606211491024e-08
574,False,31,tv_stand,31,tv_stand,True,0.8763675093650818,0.4971797466278076,0.4766194224357605,0.02056032419204712,0.00015415054804179817
575,False,5,car,5,car,True,0.7904505133628845,0.8937358856201172,0.8610212802886963,0.0327146053314209,0.00025801657466217875
576,False,13,glass_box,13,glass_box,True,0.32053959369659424,1.5368149280548096,1.5174684524536133,0.01934647560119629,0.00014432889292947948
577,False,11,dresser,11,dresser,True,0.754411518573761,0.9323698878288269,0.9089852571487427,0.02338463068008423,0.00015097548021003604
578,False,20,piano,20,piano,True,0.9946663975715637,0.0437827967107296,0.03929643705487251,0.004486359655857086,1.5672484323658864e-06
579,False,17,monitor,17,monitor,True,0.41900426149368286,2.2037220001220703,2.160022497177124,0.04369950294494629,0.0002586733899079263
580,False,20,piano,18,night_stand,False,0.5258564949035645,1.6445796489715576,1.612740159034729,0.03183948993682861,0.00023558211978524923
581,False,4,bookshelf,4,bookshelf,True,0.961696207523346,0.20576390624046326,0.20128148794174194,0.0044824182987213135,9.52358004724374e-06
582,False,26,stairs,26,stairs,True,0.3968890309333801,2.3310227394104004,2.267615795135498,0.06340694427490234,0.00035431477590464056
583,False,23,range_hood,23,range_hood,True,0.7804216146469116,0.5541121959686279,0.5329285860061646,0.02118360996246338,0.0003765308065339923
584,False,13,glass_box,13,glass_box,True,0.9826493859291077,0.11755479872226715,0.1098436787724495,0.0077111199498176575,8.146477739501279e-06
585,False,5,car,5,car,True,0.9983596205711365,0.013180048204958439,0.012774746865034103,0.0004053013399243355,4.420064669830026e-08
586,False,16,mantel,16,mantel,True,0.9825490713119507,0.12509311735630035,0.1191755011677742,0.0059176161885261536,4.636851826944621e-06
587,False,2,bed,2,bed,True,0.9977998733520508,0.020166676491498947,0.018227117136120796,0.001939559355378151,4.759349963023851e-07
588,False,13,glass_box,13,glass_box,True,0.9938414692878723,0.04531192407011986,0.03944263607263565,0.005869287997484207,6.533764462801628e-06
589,False,30,toilet,30,toilet,True,0.9993725419044495,0.0058579761534929276,0.005507313180714846,0.0003506629727780819,2.24454108632699e-08
590,False,14,guitar,14,guitar,True,0.9970886707305908,0.02602359838783741,0.02443828247487545,0.0015853159129619598,2.153860947373687e-07
591,False,12,flower_pot,12,flower_pot,True,0.38990887999534607,1.5085331201553345,1.4757691621780396,0.03276395797729492,0.00021715137700084597
592,False,8,curtain,10,door,False,0.4261118471622467,1.6011669635772705,1.5671473741531372,0.0340195894241333,0.0002468034508638084
593,False,23,range_hood,23,range_hood,True,0.9121413230895996,0.3156454265117645,0.30368199944496155,0.011963427066802979,9.925629274221137e-05
594,False,25,sofa,25,sofa,True,0.9809317588806152,0.12544968724250793,0.12228994071483612,0.003159746527671814,2.920096903835656e-06
595,False,15,lamp,15,lamp,True,0.9042224884033203,0.47646602988243103,0.4573908746242523,0.01907515525817871,9.157782915281132e-05
596,False,13,glass_box,13,glass_box,True,0.3789263963699341,1.4818854331970215,1.4583898782730103,0.02349555492401123,0.00019168072321917862
597,False,11,dresser,11,dresser,True,0.7734377980232239,0.9092066287994385,0.8835631012916565,0.025643527507781982,0.00018968012591358274
598,False,21,plant,21,plant,True,0.41230425238609314,1.818472146987915,1.7811720371246338,0.03730010986328125,0.0002198906586272642
599,False,1,bathtub,25,sofa,False,0.9046803712844849,0.47554028034210205,0.46584728360176086,0.009692996740341187,3.215298420400359e-05
600,False,30,toilet,30,toilet,True,0.9992981553077698,0.006476180162280798,0.006030753720551729,0.00044542644172906876,3.07278789080101e-08
601,False,15,lamp,15,lamp,True,0.9478395581245422,0.26597321033477783,0.25348961353302,0.012483596801757812,3.965205905842595e-05
602,False,20,piano,25,sofa,False,0.6279935240745544,1.3843493461608887,1.3591862916946411,0.02516305446624756,0.00021398189710453153
603,False,9,desk,24,sink,False,0.3436535596847534,2.0076467990875244,1.9430606365203857,0.06458616256713867,0.0005337964394129813
604,False,4,bookshelf,4,bookshelf,True,0.9903062582015991,0.06901849806308746,0.06722259521484375,0.0017959028482437134,8.064032499532914e-07
605,False,30,toilet,30,toilet,True,0.9975210428237915,0.021597757935523987,0.02033872716128826,0.0012590307742357254,1.9539980655736144e-07
606,False,25,sofa,25,sofa,True,0.9955986738204956,0.03515724092721939,0.034085314720869064,0.0010719262063503265,2.586972414064803e-07
607,False,4,bookshelf,4,bookshelf,True,0.9862189888954163,0.09985430538654327,0.0958479717373848,0.004006333649158478,2.9361603992583696e-06
608,False,7,cone,12,flower_pot,False,0.23323942720890045,2.1106643676757812,2.0504705905914307,0.060193777084350586,0.0003461942251306027
609,False,32,vase,32,vase,True,0.9085476398468018,0.3757249712944031,0.3682222366333008,0.007502734661102295,3.510760870995e-05
610,False,14,guitar,14,guitar,True,0.9998826384544373,0.0014111370546743274,0.0013347492786124349,7.638777606189251e-05,4.3264566929046566e-10
611,False,16,mantel,16,mantel,True,0.9978881478309631,0.018833637237548828,0.017708884552121162,0.0011247526854276657,1.1542494604555031e-07
612,False,1,bathtub,2,bed,False,0.8628157377243042,0.7234482765197754,0.6931381821632385,0.030310094356536865,0.00014718346938025206
613,False,26,stairs,26,stairs,True,0.33336368203163147,1.8972111940383911,1.8468339443206787,0.0503772497177124,0.0004100413352716714
614,False,13,glass_box,18,night_stand,False,0.7191368341445923,0.8951290845870972,0.8794960379600525,0.015633046627044678,0.00014983407163526863
615,False,25,sofa,25,sofa,True,0.9905436038970947,0.07166986167430878,0.06743381917476654,0.004236042499542236,2.610755018395139e-06
616,False,0,airplane,0,airplane,True,0.9999493956565857,0.0006410286296159029,0.0006036130362190306,3.741559339687228e-05,1.3967808853987407e-10
617,False,30,toilet,30,toilet,True,0.9994850158691406,0.005363667383790016,0.005059008952230215,0.0003046584315598011,8.121880945566318e-09
618,False,25,sofa,25,sofa,True,0.9170911908149719,0.40253445506095886,0.389646977186203,0.01288747787475586,5.015465649194084e-05
619,False,6,chair,6,chair,True,0.9905684590339661,0.06537479162216187,0.06274592131376266,0.0026288703083992004,1.5873965821810998e-06
620,False,21,plant,21,plant,True,0.5088260769844055,1.1930439472198486,1.170946478843689,0.022097468376159668,0.00016680973931215703
621,False,11,dresser,11,dresser,True,0.5294640064239502,1.2744646072387695,1.2595274448394775,0.014937162399291992,0.0001336707646260038
622,False,18,night_stand,18,night_stand,True,0.6064659357070923,1.1386520862579346,1.1070337295532227,0.031618356704711914,0.00033484402229078114
623,False,22,radio,16,mantel,False,0.4196712076663971,1.9512088298797607,1.92425537109375,0.026953458786010742,0.0001861429336713627
624,False,23,range_hood,23,range_hood,True,0.5980697870254517,1.5445414781570435,1.484425663948059,0.060115814208984375,0.0005384149844758213
625,False,28,table,28,table,True,0.9899318218231201,0.0684080645442009,0.06562908738851547,0.002778977155685425,2.20872266254446e-06
626,False,34,xbox,34,xbox,True,0.894852876663208,0.4264415502548218,0.4146650731563568,0.011776477098464966,8.32245423225686e-05
627,False,31,tv_stand,1,bathtub,False,0.7667779326438904,0.9871312379837036,0.9572815895080566,0.029849648475646973,0.0001930475700646639
628,False,2,bed,2,bed,True,0.9268680214881897,0.4086011052131653,0.3941801190376282,0.01442098617553711,5.229952512308955e-05
629,False,11,dresser,11,dresser,True,0.7450025081634521,0.9854474067687988,0.9580947160720825,0.02735269069671631,0.0001949381548911333
630,False,2,bed,2,bed,True,0.7527914047241211,1.0177221298217773,0.9877777695655823,0.02994436025619507,0.00025463843485340476
631,False,28,table,28,table,True,0.6149249076843262,1.084507942199707,1.0590461492538452,0.025461792945861816,0.0002273804129799828
632,False,13,glass_box,13,glass_box,True,0.9816653728485107,0.12205719202756882,0.11437754333019257,0.007679648697376251,8.938388418755494e-06
633,False,25,sofa,25,sofa,True,0.9883360862731934,0.08311852067708969,0.08051063120365143,0.002607889473438263,1.4561591115125339e-06
634,False,31,tv_stand,31,tv_stand,True,0.43494749069213867,1.7807397842407227,1.6897375583648682,0.09100222587585449,0.0006462972378358245
635,False,21,plant,32,vase,False,0.4527488350868225,1.6114001274108887,1.5807712078094482,0.03062891960144043,0.000260228815022856
636,False,23,range_hood,23,range_hood,True,0.9302251935005188,0.2876712381839752,0.2732774019241333,0.014393836259841919,8.814743341645226e-05
637,False,31,tv_stand,31,tv_stand,True,0.5886647701263428,0.9129554629325867,0.8764017224311829,0.03655374050140381,0.0007222223794087768
638,False,16,mantel,16,mantel,True,0.8918694853782654,0.38243311643600464,0.36689361929893494,0.015539497137069702,0.00014370160351973027
639,False,17,monitor,17,monitor,True,0.9915646910667419,0.059987545013427734,0.05806870758533478,0.0019188374280929565,1.053191112987406e-06
640,False,31,tv_stand,31,tv_stand,True,0.8029199242591858,0.7745153903961182,0.7567302584648132,0.01778513193130493,0.00010008276149164885
641,False,16,mantel,16,mantel,True,0.9873425960540771,0.09353376924991608,0.08951906859874725,0.004014700651168823,1.8461854551787837e-06
642,False,17,monitor,17,monitor,True,0.37376800179481506,1.9523011445999146,1.8921611309051514,0.060140013694763184,0.00042548825149424374
643,False,32,vase,32,vase,True,0.5944269895553589,1.1631494760513306,1.1370948553085327,0.02605462074279785,0.00015966393402777612
644,False,20,piano,9,desk,False,0.24580419063568115,2.261091470718384,2.216576099395752,0.044515371322631836,0.0002636502031236887
645,False,8,curtain,8,curtain,True,0.689966082572937,0.8936399221420288,0.8708367347717285,0.022803187370300293,0.00020370137644931674
646,False,5,car,5,car,True,0.9457411766052246,0.3014240264892578,0.29139652848243713,0.010027498006820679,2.5907329472829588e-05
647,False,25,sofa,25,sofa,True,0.9989103674888611,0.010347018949687481,0.009741165675222874,0.0006058532744646072,4.3671917637766455e-08
648,False,20,piano,20,piano,True,0.9479031562805176,0.3132435977458954,0.30172568559646606,0.011517912149429321,2.2337331756716594e-05
649,False,20,piano,9,desk,False,0.1830640733242035,2.463803291320801,2.410792112350464,0.053011178970336914,0.0002929453912656754
650,False,19,person,19,person,True,0.8816183805465698,0.5242602825164795,0.5056158900260925,0.018644392490386963,0.0001048312260536477
651,False,1,bathtub,1,bathtub,True,0.6851463913917542,1.2172865867614746,1.190199613571167,0.027086973190307617,0.00016779468569438905
652,False,19,person,19,person,True,0.6056377291679382,1.170545220375061,1.1434035301208496,0.027141690254211426,0.0002503449795767665
653,False,24,sink,24,sink,True,0.5212262272834778,1.9150230884552002,1.8789037466049194,0.03611934185028076,0.0002247924858238548
654,False,32,vase,32,vase,True,0.911985456943512,0.3860582113265991,0.3794094920158386,0.006648719310760498,1.90679966181051e-05
655,False,7,cone,7,cone,True,0.969246506690979,0.17378419637680054,0.16653575003147125,0.007248446345329285,1.2517388313426636e-05
656,False,29,tent,30,toilet,False,0.4520745277404785,1.1334608793258667,1.0321794748306274,0.10128140449523926,0.0016874640714377165
657,False,32,vase,32,vase,True,0.9345982670783997,0.26457536220550537,0.26114359498023987,0.003431767225265503,1.1941955563088413e-05
658,False,9,desk,9,desk,True,0.9406515955924988,0.3160310685634613,0.29965752363204956,0.016373544931411743,6.744387064827606e-05
659,False,10,door,8,curtain,False,0.5408849716186523,0.7931097745895386,0.7794416546821594,0.01366811990737915,0.0002474056091159582
660,False,2,bed,2,bed,True,0.9968414902687073,0.02600841037929058,0.024431807920336723,0.0015766024589538574,3.895478357662796e-07
661,False,25,sofa,25,sofa,True,0.9998592138290405,0.0016065594973042607,0.0015282519161701202,7.830758113414049e-05,7.267069723759789e-10
662,False,25,sofa,25,sofa,True,0.997579038143158,0.020602166652679443,0.019997818395495415,0.0006043482571840286,6.802153507123876e-08
663,False,18,night_stand,18,night_stand,True,0.580808699131012,0.9456329941749573,0.9272140264511108,0.018418967723846436,0.0002530613564886153
664,False,17,monitor,17,monitor,True,0.9993886947631836,0.0063548618927598,0.0059393467381596565,0.00041551515460014343,1.6121971313509675e-08
665,False,20,piano,20,piano,True,0.9961119294166565,0.033846594393253326,0.032064907252788544,0.0017816871404647827,3.072136109949497e-07
666,False,14,guitar,14,guitar,True,0.9997885823249817,0.0024199155159294605,0.0022624642588198185,0.00015745125710964203,3.178436180917288e-09
667,False,23,range_hood,23,range_hood,True,0.4128582775592804,2.109633207321167,2.0618178844451904,0.04781532287597656,0.00035434094024822116
668,False,17,monitor,34,xbox,False,0.5879893898963928,1.5896422863006592,1.5491729974746704,0.04046928882598877,0.00022844874183647335
669,False,14,guitar,14,guitar,True,0.9887369275093079,0.08070792257785797,0.07513497769832611,0.00557294487953186,4.684557097789366e-06
670,False,18,night_stand,18,night_stand,True,0.91717529296875,0.4170966148376465,0.4018547236919403,0.015241891145706177,5.7755438319873065e-05
671,False,6,chair,6,chair,True,0.9998155236244202,0.002076915465295315,0.0018896020483225584,0.00018731341697275639,2.8133730900492537e-09
672,False,33,wardrobe,4,bookshelf,False,0.18165923655033112,2.1780643463134766,2.131051540374756,0.0470128059387207,0.0003257290518376976
673,False,34,xbox,34,xbox,True,0.8119915723800659,0.6663936376571655,0.653850793838501,0.01254284381866455,0.0001061306829797104
674,False,4,bookshelf,4,bookshelf,True,0.974941074848175,0.14455430209636688,0.14113473892211914,0.0034195631742477417,4.890357558906544e-06
675,False,28,table,28,table,True,0.9843934774398804,0.1016668826341629,0.09635087102651596,0.005316011607646942,5.805501132272184e-06
676,False,5,car,5,car,True,0.992096483707428,0.05042058974504471,0.04882766306400299,0.0015929266810417175,9.648967989051016e-07
677,False,14,guitar,14,guitar,True,0.9996750354766846,0.0035549525637179613,0.003298324067145586,0.0002566284965723753,6.2872582695661094e-09
678,False,21,plant,21,plant,True,0.8612453937530518,0.4212194085121155,0.41475170850753784,0.006467700004577637,6.545094220200554e-05
679,False,32,vase,32,vase,True,0.9252101182937622,0.3095778822898865,0.3054658770561218,0.0041120052337646484,1.4178721357893664e-05
680,False,23,range_hood,23,range_hood,True,0.9057588577270508,0.3360559940338135,0.3195737302303314,0.016482263803482056,0.00015267598791979253
681,False,23,range_hood,23,range_hood,True,0.916559636592865,0.3421729505062103,0.3260718584060669,0.016101092100143433,9.37438162509352e-05
682,False,16,mantel,16,mantel,True,0.7626445889472961,1.0112216472625732,0.9821338057518005,0.029087841510772705,0.00018536054994910955
683,False,0,airplane,0,airplane,True,0.9945852756500244,0.04167313128709793,0.0397130511701107,0.0019600801169872284,8.920887353269791e-07
684,False,19,person,19,person,True,0.6059048175811768,1.4690301418304443,1.437322735786438,0.03170740604400635,0.00017974074580706656
685,False,25,sofa,25,sofa,True,0.9734988212585449,0.17008265852928162,0.16509222984313965,0.004990428686141968,7.6114924922876526e-06
686,False,32,vase,32,vase,True,0.8955318927764893,0.3762240707874298,0.3717693090438843,0.004454761743545532,2.1237983673927374e-05
687,False,1,bathtub,25,sofa,False,0.3710658550262451,1.7588649988174438,1.7264307737350464,0.03243422508239746,0.0003097151929978281
688,False,9,desk,9,desk,True,0.7825561165809631,0.9086035490036011,0.8891721963882446,0.019431352615356445,0.00012888573110103607
689,False,21,plant,21,plant,True,0.7246034145355225,0.7561945915222168,0.7454769611358643,0.010717630386352539,6.515053973998874e-05
690,False,5,car,5,car,True,0.9915885329246521,0.05844618380069733,0.05559404939413071,0.00285213440656662,1.4274511386247468e-06
691,False,25,sofa,25,sofa,True,0.9891776442527771,0.07886244356632233,0.0758003368973732,0.003062106668949127,1.910754917844315e-06
692,False,5,car,5,car,True,0.9971596002578735,0.021383585408329964,0.0200248621404171,0.0013587232679128647,4.418281207563268e-07
693,False,1,bathtub,17,monitor,False,0.2813301980495453,2.4113409519195557,2.341416597366333,0.06992435455322266,0.0004288928466849029
694,False,18,night_stand,18,night_stand,True,0.9070881605148315,0.488962858915329,0.47631463408470154,0.012648224830627441,2.841465175151825e-05
695,False,23,range_hood,23,range_hood,True,0.8180542588233948,0.7321879863739014,0.7028972506523132,0.029290735721588135,0.00019301580323372036
696,False,27,stool,15,lamp,False,0.7263627648353577,0.7966609001159668,0.7731651067733765,0.023495793342590332,0.00024837875389494
697,False,4,bookshelf,4,bookshelf,True,0.9154547452926636,0.33193907141685486,0.32386520504951477,0.008073866367340088,5.073025749879889e-05
698,False,26,stairs,26,stairs,True,0.8889718055725098,0.5622339844703674,0.5418961644172668,0.020337820053100586,8.207956125261262e-05
699,False,17,monitor,17,monitor,True,0.9987563490867615,0.011976644396781921,0.011439159512519836,0.000537484884262085,2.8013451114361487e-08
700,False,0,airplane,0,airplane,True,0.9999164938926697,0.000980184879153967,0.0009356946684420109,4.4490210711956024e-05,2.6979787848269154e-10
701,False,5,car,5,car,True,0.9846280217170715,0.09901924431324005,0.0944870188832283,0.004532225430011749,5.750444415753009e-06
702,False,4,bookshelf,4,bookshelf,True,0.8869829773902893,0.5648398995399475,0.5472902059555054,0.01754969358444214,7.805412315065041e-05
703,False,32,vase,32,vase,True,0.6397262811660767,1.1546305418014526,1.1395633220672607,0.015067219734191895,0.00011392185115255415
704,False,29,tent,24,sink,False,0.4720986485481262,1.6220539808273315,1.5893343687057495,0.03271961212158203,0.0002368654531892389
705,False,28,table,3,bench,False,0.7399473786354065,0.7751755118370056,0.7354742884635925,0.039701223373413086,0.0005927287274971604
706,False,33,wardrobe,4,bookshelf,False,0.9064055681228638,0.4430081844329834,0.4360872507095337,0.006920933723449707,2.277123167004902e-05
707,False,32,vase,32,vase,True,0.892666220664978,0.39102479815483093,0.387533962726593,0.003490835428237915,1.934990541485604e-05
708,False,22,radio,13,glass_box,False,0.6954086422920227,1.1707618236541748,1.1342157125473022,0.03654611110687256,0.00032676567207090557
709,False,34,xbox,34,xbox,True,0.586473286151886,1.458268165588379,1.4188532829284668,0.03941488265991211,0.0003129160322714597
710,False,18,night_stand,18,night_stand,True,0.6784430742263794,1.3342918157577515,1.2995433807373047,0.03474843502044678,0.00019393021648284048
711,False,21,plant,12,flower_pot,False,0.1767468899488449,2.8029391765594482,2.768723964691162,0.03421521186828613,0.00010362017928855494
712,False,6,chair,6,chair,True,0.9997611045837402,0.0026908020954579115,0.002507866593077779,0.00018293550238013268,3.1297182623291064e-09
713,False,20,piano,9,desk,False,0.5021159648895264,1.487062931060791,1.4312353134155273,0.05582761764526367,0.0006233840249478817
714,False,23,range_hood,23,range_hood,True,0.9302358627319336,0.3144039511680603,0.30261215567588806,0.011791795492172241,4.9166064854944125e-05
715,False,4,bookshelf,4,bookshelf,True,0.9967212080955505,0.025305304676294327,0.023928208276629448,0.0013770963996648788,4.922966354570235e-07
716,False,34,xbox,20,piano,False,0.6250362992286682,1.599196434020996,1.5692131519317627,0.0299832820892334,0.000193665167898871
717,False,1,bathtub,25,sofa,False,0.31203436851501465,1.7086522579193115,1.6515923738479614,0.0570598840713501,0.0006605192902497947
718,False,1,bathtub,1,bathtub,True,0.7460434436798096,0.9298987984657288,0.9052833318710327,0.024615466594696045,0.00018722032837104052
719,False,30,toilet,30,toilet,True,0.9994386434555054,0.005479882471263409,0.0051443506963551044,0.0003355317749083042,1.4713943841115906e-08
720,False,18,night_stand,18,night_stand,True,0.8643752336502075,0.4516918957233429,0.43441691994667053,0.017274975776672363,0.0001997252693399787
721,False,5,car,5,car,True,0.9863564968109131,0.08705497533082962,0.0807725042104721,0.006282471120357513,7.224996807053685e-06
722,False,25,sofa,25,sofa,True,0.894554078578949,0.5406144857406616,0.5268381834030151,0.013776302337646484,6.488162762252614e-05
723,False,4,bookshelf,4,bookshelf,True,0.9816354513168335,0.1207762062549591,0.11574167013168335,0.005034536123275757,5.592076831817394e-06
724,False,17,monitor,17,monitor,True,0.9956963658332825,0.036515697836875916,0.03425025939941406,0.002265438437461853,6.997065042924078e-07
725,False,25,sofa,25,sofa,True,0.9970040917396545,0.02533751353621483,0.024215497076511383,0.0011220164597034454,2.441302910938248e-07
726,False,2,bed,2,bed,True,0.9917868971824646,0.06320890039205551,0.060207072645425797,0.003001827746629715,1.613073891348904e-06
727,False,30,toilet,30,toilet,True,0.9992820620536804,0.006949316244572401,0.00656643183901906,0.0003828844055533409,2.2899914853269365e-08
728,False,14,guitar,14,guitar,True,0.8854880928993225,0.612298846244812,0.5796620845794678,0.03263676166534424,0.00017263845074921846
729,False,1,bathtub,1,bathtub,True,0.7004967927932739,1.2337989807128906,1.2102946043014526,0.02350437641143799,0.0001455313467886299
730,False,13,glass_box,13,glass_box,True,0.424446702003479,1.5483553409576416,1.5169548988342285,0.031400442123413086,0.0003336583322379738
731,False,5,car,5,car,True,0.9958240985870361,0.03036937676370144,0.028942037373781204,0.0014273393899202347,5.47998013189499e-07
732,False,33,wardrobe,33,wardrobe,True,0.5656919479370117,1.3269269466400146,1.300417184829712,0.026509761810302734,0.0001832984562497586
733,False,24,sink,24,sink,True,0.3808285593986511,1.46669602394104,1.4313549995422363,0.03534102439880371,0.0004016574821434915
734,False,13,glass_box,11,dresser,False,0.5647391676902771,1.215550422668457,1.1959779262542725,0.01957249641418457,0.00020654872059822083
735,False,10,door,15,lamp,False,0.5578142404556274,1.5850427150726318,1.5522788763046265,0.03276383876800537,0.00019951067224610597
736,False,11,dresser,11,dresser,True,0.34670284390449524,2.020078420639038,1.98198664188385,0.03809177875518799,0.0002221216564066708
737,False,31,tv_stand,31,tv_stand,True,0.27775561809539795,2.1830384731292725,2.126657009124756,0.0563814640045166,0.00043333141366019845
738,False,6,chair,6,chair,True,0.9972440600395203,0.024402160197496414,0.023092007264494896,0.0013101529330015182,2.5122201918748033e-07
739,False,5,car,5,car,True,0.94264817237854,0.28418880701065063,0.2770082652568817,0.007180541753768921,2.392198257439304e-05
740,False,21,plant,27,stool,False,0.3381218910217285,1.682196855545044,1.6401848793029785,0.04201197624206543,0.00039042800199240446
741,False,21,plant,21,plant,True,0.7011510133743286,0.7530769109725952,0.7382159233093262,0.014860987663269043,7.900245691416785e-05
742,False,13,glass_box,13,glass_box,True,0.9929664134979248,0.05286275967955589,0.049264904111623764,0.003597855567932129,1.8555128917796537e-06
743,False,11,dresser,18,night_stand,False,0.6060426235198975,1.12471604347229,1.0846694707870483,0.0400465726852417,0.000530803925357759
744,False,15,lamp,15,lamp,True,0.9577187299728394,0.2152881771326065,0.19453118741512299,0.02075698971748352,7.541375089203939e-05
745,False,28,table,28,table,True,0.9721882939338684,0.15974916517734528,0.15412910282611847,0.005620062351226807,1.0471932000655215e-05
746,False,30,toilet,30,toilet,True,0.711094856262207,0.9895814657211304,0.9475728273391724,0.04200863838195801,0.00043397012632340193
747,False,21,plant,21,plant,True,0.25788575410842896,1.8880956172943115,1.8677072525024414,0.020388364791870117,0.00014321251364890486
748,False,21,plant,21,plant,True,0.6612374782562256,0.9149821996688843,0.8945819139480591,0.020400285720825195,0.0001316724083153531
749,False,16,mantel,16,mantel,True,0.9766412377357483,0.15215151011943817,0.14565853774547577,0.006492972373962402,7.1642029979557265e-06
750,False,0,airplane,0,airplane,True,0.9999508857727051,0.0006350668845698237,0.0005738103645853698,6.125651998445392e-05,2.998036541246307e-10
751,False,23,range_hood,23,range_hood,True,0.8362909555435181,0.6401882171630859,0.6247027516365051,0.01548546552658081,0.00010503345401957631
752,False,2,bed,2,bed,True,0.937363862991333,0.2787102162837982,0.26860490441322327,0.010105311870574951,5.1171657105442137e-05
753,False,17,monitor,17,monitor,True,0.9989470839500427,0.010319836437702179,0.009656382724642754,0.0006634537130594254,4.253218577332518e-08
754,False,14,guitar,14,guitar,True,0.9970115423202515,0.02590440958738327,0.023174982517957687,0.002729427069425583,1.0749457715064636e-06
755,False,2,bed,2,bed,True,0.9974192976951599,0.02416711114346981,0.022822532802820206,0.0013445783406496048,3.1008929113340855e-07
756,False,28,table,9,desk,False,0.5476030111312866,1.1257925033569336,1.1043822765350342,0.021410226821899414,0.0002811707672663033
757,False,11,dresser,11,dresser,True,0.5899211168289185,1.500014066696167,1.4717038869857788,0.028310179710388184,0.00019931163114961237
758,False,21,plant,21,plant,True,0.6089494228363037,1.0547970533370972,1.0335739850997925,0.021223068237304688,0.000137993527459912
759,False,14,guitar,14,guitar,True,0.9945127367973328,0.04427751526236534,0.04107436537742615,0.0032031498849391937,9.451860023546033e-07
760,False,13,glass_box,18,night_stand,False,0.3994239270687103,1.4266833066940308,1.4079300165176392,0.0187532901763916,0.0001812483387766406
761,False,13,glass_box,13,glass_box,True,0.5710070729255676,1.189832329750061,1.161687970161438,0.028144359588623047,0.00039155338890850544
762,False,11,dresser,11,dresser,True,0.68287593126297,1.1427422761917114,1.1205816268920898,0.022160649299621582,0.00016743832384236157
763,False,31,tv_stand,20,piano,False,0.5645915269851685,1.743862509727478,1.688644289970398,0.05521821975708008,0.0004993798793293536
764,False,28,table,28,table,True,0.978050708770752,0.12885332107543945,0.12370453774929047,0.005148783326148987,7.633619134139735e-06
765,False,15,lamp,29,tent,False,0.4281041920185089,1.8472987413406372,1.8021794557571411,0.045119285583496094,0.00031189131550490856
766,False,32,vase,32,vase,True,0.7787453532218933,0.8146253228187561,0.7961313128471375,0.018494009971618652,8.982784493127838e-05
767,False,6,chair,6,chair,True,0.8853753805160522,0.4934353232383728,0.47686967253685,0.016565650701522827,0.00011232543329242617
768,False,23,range_hood,23,range_hood,True,0.9164746403694153,0.3199501037597656,0.3036283254623413,0.016321778297424316,0.00012137288285885006
769,False,0,airplane,0,airplane,True,0.9793145656585693,0.13397103548049927,0.12838704884052277,0.0055839866399765015,7.363977601926308e-06
770,False,25,sofa,25,sofa,True,0.9976525902748108,0.020154079422354698,0.019190486520528793,0.0009635929018259048,1.5245551310272276e-07
771,False,18,night_stand,18,night_stand,True,0.7797556519508362,0.9373823404312134,0.9090890884399414,0.028293251991271973,0.0001563244150020182
772,False,13,glass_box,13,glass_box,True,0.9980756640434265,0.016286291182041168,0.015000483952462673,0.001285807229578495,1.6688939297182515e-07
773,False,4,bookshelf,4,bookshelf,True,0.9879409074783325,0.08880965411663055,0.08419723808765411,0.00461241602897644,2.799128651531646e-06
774,False,17,monitor,17,monitor,True,0.9710997343063354,0.18819783627986908,0.1828560084104538,0.005341827869415283,5.1868855734937824e-06
775,False,21,plant,21,plant,True,0.7602036595344543,0.8189617991447449,0.7979638576507568,0.020997941493988037,0.000123534380691126
776,False,20,piano,2,bed,False,0.9603565335273743,0.25247418880462646,0.24248693883419037,0.009987249970436096,1.6409778254455887e-05
777,False,16,mantel,4,bookshelf,False,0.4671765863895416,1.2806804180145264,1.2369725704193115,0.043707847595214844,0.0005416625062935054
778,False,14,guitar,14,guitar,True,0.999760091304779,0.002679988741874695,0.002455534879118204,0.0002244538627564907,4.1579624188159414e-09
779,False,13,glass_box,11,dresser,False,0.36198246479034424,1.4006662368774414,1.3735463619232178,0.027119874954223633,0.0003335826040711254
780,False,23,range_hood,24,sink,False,0.4099079370498657,2.0339114665985107,1.9700634479522705,0.06384801864624023,0.0004740292497444898
781,False,23,range_hood,23,range_hood,True,0.8987235426902771,0.47076618671417236,0.45536473393440247,0.015401452779769897,5.948326725047082e-05
782,False,31,tv_stand,31,tv_stand,True,0.7183864712715149,1.0279451608657837,1.006162405014038,0.021782755851745605,0.00014992794604040682
783,False,18,night_stand,18,night_stand,True,0.59428870677948,1.482987642288208,1.4603081941604614,0.022679448127746582,0.00016206191503442824
784,False,23,range_hood,23,range_hood,True,0.8478423357009888,0.5735388398170471,0.557898223400116,0.015640616416931152,0.0001042442672769539
785,False,26,stairs,20,piano,False,0.7693147659301758,1.0514570474624634,1.0092962980270386,0.042160749435424805,0.0002609746006783098
786,False,23,range_hood,23,range_hood,True,0.95751953125,0.1889715939760208,0.18105903267860413,0.007912561297416687,2.9737575459876098e-05
787,False,18,night_stand,11,dresser,False,0.4169763922691345,1.4240734577178955,1.4051631689071655,0.01891028881072998,0.00014640024164691567
788,False,11,dresser,11,dresser,True,0.689713180065155,0.8663704991340637,0.8507914543151855,0.015579044818878174,0.00019609698210842907
789,False,6,chair,6,chair,True,0.9997979402542114,0.0022086123935878277,0.0020564994774758816,0.0001521129161119461,3.3086686723748926e-09
790,False,23,range_hood,23,range_hood,True,0.3263220191001892,2.273265838623047,2.21858549118042,0.05468034744262695,0.00036504107993096113
791,False,17,monitor,17,monitor,True,0.998634934425354,0.012628274038434029,0.012100609950721264,0.0005276640877127647,4.09444176341367e-08
792,False,16,mantel,16,mantel,True,0.994336724281311,0.044958747923374176,0.04173100367188454,0.0032277442514896393,1.046337729349034e-06
793,False,16,mantel,16,mantel,True,0.9149905443191528,0.3773183822631836,0.36474302411079407,0.012575358152389526,6.013740858179517e-05
794,False,4,bookshelf,4,bookshelf,True,0.9292493462562561,0.33390215039253235,0.3266286253929138,0.00727352499961853,2.7090351068181917e-05
795,False,9,desk,13,glass_box,False,0.9756823778152466,0.15815284848213196,0.1431894451379776,0.014963403344154358,2.7588273951550946e-05
796,False,16,mantel,16,mantel,True,0.9719094634056091,0.161073699593544,0.15496379137039185,0.006109908223152161,1.0178969205298927e-05
797,False,9,desk,9,desk,True,0.7139260172843933,1.0224668979644775,0.9955440759658813,0.02692282199859619,0.00021224009105935693
798,False,6,chair,6,chair,True,0.9991994500160217,0.008143045008182526,0.007754981983453035,0.0003880630247294903,1.4706923678886596e-08
799,False,0,airplane,0,airplane,True,0.9992731213569641,0.006961979903280735,0.00653631379827857,0.00042566610500216484,2.554819467093239e-08
800,False,12,flower_pot,15,lamp,False,0.6163268685340881,1.4126954078674316,1.3888041973114014,0.023891210556030273,0.00014847880811430514
801,False,16,mantel,34,xbox,False,0.2996408939361572,2.3219258785247803,2.2914459705352783,0.030479907989501953,0.0001547405554447323
802,False,14,guitar,26,stairs,False,0.40999114513397217,1.6386034488677979,1.5804126262664795,0.05819082260131836,0.0007213612552732229
803,False,21,plant,21,plant,True,0.6446710824966431,0.8675684928894043,0.8537049889564514,0.01386350393295288,9.166630479739979e-05
804,False,20,piano,6,chair,False,0.8081942200660706,0.8846389055252075,0.8461122512817383,0.03852665424346924,0.00028012628899887204
805,False,2,bed,2,bed,True,0.998844563961029,0.011053315363824368,0.009952451102435589,0.0011008642613887787,1.6976726158191013e-07
806,False,29,tent,29,tent,True,0.43359822034835815,1.8012454509735107,1.752746343612671,0.048499107360839844,0.00038162400596775115
807,False,2,bed,2,bed,True,0.9969004392623901,0.02710399404168129,0.025592759251594543,0.0015112347900867462,3.006257713877858e-07
808,False,32,vase,32,vase,True,0.9315330982208252,0.260968953371048,0.2571588158607483,0.0038101375102996826,2.1772659238195047e-05
809,False,32,vase,7,cone,False,0.34846070408821106,1.7613966464996338,1.7241910696029663,0.03720557689666748,0.0003184646484442055
810,False,23,range_hood,23,range_hood,True,0.9126320481300354,0.3292664587497711,0.3042568266391754,0.025009632110595703,0.00023280126333702356
811,False,19,person,15,lamp,False,0.6290349364280701,1.323533535003662,1.2970858812332153,0.026447653770446777,0.00020667210628744215
812,False,7,cone,32,vase,False,0.3952338695526123,1.56016206741333,1.5282362699508667,0.03192579746246338,0.0003006794140674174
813,False,17,monitor,17,monitor,True,0.9977673292160034,0.019911199808120728,0.0184779055416584,0.001433294266462326,2.515559174298687e-07
814,False,25,sofa,25,sofa,True,0.9957298636436462,0.0345231294631958,0.033262670040130615,0.0012604594230651855,2.8266435947443824e-07
815,False,31,tv_stand,31,tv_stand,True,0.898516058921814,0.43393075466156006,0.42466938495635986,0.009261369705200195,3.462169843260199e-05
816,False,23,range_hood,10,door,False,0.34658968448638916,1.689400553703308,1.6361488103866577,0.05325174331665039,0.0004857960157096386
817,False,31,tv_stand,3,bench,False,0.30673038959503174,1.8580586910247803,1.7784523963928223,0.07960629463195801,0.0008140334393829107
818,False,32,vase,32,vase,True,0.8909450769424438,0.3824135661125183,0.37796080112457275,0.004452764987945557,2.093032162520103e-05
819,False,31,tv_stand,31,tv_stand,True,0.8671217560768127,0.5233449935913086,0.5059772729873657,0.01736772060394287,0.00011282682680757716
820,False,13,glass_box,13,glass_box,True,0.982617974281311,0.1118946522474289,0.10526948422193527,0.006625168025493622,8.808929123915732e-06
821,False,18,night_stand,11,dresser,False,0.5616865158081055,1.2126636505126953,1.1987794637680054,0.013884186744689941,0.00014548248145729303
822,False,9,desk,25,sofa,False,0.6063998341560364,1.212167739868164,1.1782488822937012,0.03391885757446289,0.00047577370423823595
823,False,11,dresser,11,dresser,True,0.5466957092285156,1.2893307209014893,1.2726486921310425,0.016682028770446777,0.0001430945412721485
824,False,0,airplane,0,airplane,True,0.9999681115150452,0.0004096866468898952,0.0003910368250217289,1.8649821868166327e-05,4.0828812553073135e-11
825,False,2,bed,2,bed,True,0.9991210103034973,0.00913520809262991,0.008766477927565575,0.00036873016506433487,1.387093728766331e-08
826,False,0,airplane,0,airplane,True,0.9999478459358215,0.0006578859174624085,0.0006133652059361339,4.452071152627468e-05,1.8779290622550349e-10
827,False,13,glass_box,13,glass_box,True,0.45297694206237793,1.3793327808380127,1.3555389642715454,0.023793816566467285,0.00028146649128757417
828,False,3,bench,31,tv_stand,False,0.6489654779434204,1.0181597471237183,0.9803631901741028,0.03779655694961548,0.00045397120993584394
829,False,5,car,5,car,True,0.994350016117096,0.037993304431438446,0.03701847419142723,0.0009748302400112152,4.81063921142777e-07
830,False,5,car,5,car,True,0.47891247272491455,1.861607551574707,1.811244010925293,0.05036354064941406,0.0004251127247698605
831,False,5,car,5,car,True,0.9770324230194092,0.13346780836582184,0.12703172862529755,0.006436079740524292,1.2107815564377233e-05
832,False,6,chair,6,chair,True,0.9999627470970154,0.00048360665095970035,0.0004528953577391803,3.071129322052002e-05,1.0661015126256501e-10
833,False,32,vase,32,vase,True,0.5481455326080322,1.3274555206298828,1.293500304222107,0.03395521640777588,0.00028513112920336425
834,False,20,piano,12,flower_pot,False,0.4070281982421875,1.5721735954284668,1.5311121940612793,0.0410614013671875,0.0003482327447272837
835,False,32,vase,32,vase,True,0.8749037384986877,0.4530063271522522,0.4490838348865509,0.003922492265701294,1.3321411643119063e-05
836,False,31,tv_stand,4,bookshelf,False,0.6755801439285278,0.8176777362823486,0.7970958948135376,0.020581841468811035,0.0003332335327286273
837,False,11,dresser,11,dresser,True,0.6575084924697876,1.312485933303833,1.2935094833374023,0.018976449966430664,0.00014085802831687033
838,False,9,desk,9,desk,True,0.6980018615722656,1.036766767501831,1.010927438735962,0.02583932876586914,0.00028679295792244375
839,False,21,plant,32,vase,False,0.4139733910560608,1.922022819519043,1.8931694030761719,0.028853416442871094,0.00011620682926150039
840,False,8,curtain,8,curtain,True,0.5308161377906799,1.3169770240783691,1.2694669961929321,0.04751002788543701,0.0005487505695782602
841,False,11,dresser,11,dresser,True,0.5801594257354736,1.3568670749664307,1.346118688583374,0.01074838638305664,7.915339665487409e-05
842,False,25,sofa,25,sofa,True,0.9976814985275269,0.020142238587141037,0.019334983080625534,0.0008072555065155029,1.0176010789564316e-07
843,False,19,person,21,plant,False,0.28165119886398315,1.8181170225143433,1.7934608459472656,0.024656176567077637,0.00018843659199774265
844,False,20,piano,20,piano,True,0.9961755871772766,0.03203434497117996,0.02956603839993477,0.0024683065712451935,7.210778676380869e-07
845,False,31,tv_stand,31,tv_stand,True,0.6273248195648193,1.6789913177490234,1.6366044282913208,0.04238688945770264,0.00019469349354039878
846,False,31,tv_stand,18,night_stand,False,0.8417491316795349,0.6403617858886719,0.6239016652107239,0.016460120677947998,8.33561280160211e-05
847,False,30,toilet,20,piano,False,0.7045815587043762,1.0644203424453735,1.0194545984268188,0.04496574401855469,0.0004551578895188868
848,False,14,guitar,14,guitar,True,0.9996681809425354,0.003655673936009407,0.0033922342117875814,0.0002634397242218256,6.411611241929904e-09
849,False,28,table,28,table,True,0.9683692455291748,0.19176271557807922,0.18442203104496002,0.007340684533119202,1.1126860044896603e-05
850,False,5,car,5,car,True,0.894696831703186,0.5186995267868042,0.49289488792419434,0.025804638862609863,0.00010082171502290294
851,False,4,bookshelf,4,bookshelf,True,0.9891829490661621,0.07446318864822388,0.0715276300907135,0.002935558557510376,2.1930259208602365e-06
852,False,18,night_stand,18,night_stand,True,0.5994850397109985,0.9845442771911621,0.9690510034561157,0.015493273735046387,0.00016436786972917616
853,False,28,table,28,table,True,0.9926884174346924,0.05347936600446701,0.05116141214966774,0.0023179538547992706,7.995882924660691e-07
854,False,14,guitar,19,person,False,0.17278122901916504,2.396094799041748,2.3502914905548096,0.04580330848693848,0.00021337874932214618
855,False,11,dresser,13,glass_box,False,0.2739388644695282,2.245716094970703,2.2210042476654053,0.02471184730529785,0.00012635820894502103
856,False,4,bookshelf,4,bookshelf,True,0.9110299944877625,0.34914007782936096,0.3428957462310791,0.00624433159828186,3.6678808100987226e-05
857,False,20,piano,25,sofa,False,0.6139485239982605,1.3168023824691772,1.2957433462142944,0.021059036254882812,0.00019869465904776007
858,False,17,monitor,17,monitor,True,0.9967014789581299,0.027164380997419357,0.02591310627758503,0.0012512747198343277,2.8827119535890233e-07
859,False,6,chair,6,chair,True,0.999816358089447,0.001991121331229806,0.0018117763102054596,0.00017934502102434635,5.295715421738123e-09
860,False,13,glass_box,13,glass_box,True,0.9769814014434814,0.14684469997882843,0.13855725526809692,0.008287444710731506,1.1085247024311684e-05
861,False,4,bookshelf,4,bookshelf,True,0.966327428817749,0.19771873950958252,0.19323945045471191,0.0044792890548706055,8.284750947495922e-06
862,False,28,table,28,table,True,0.9692984819412231,0.16435103118419647,0.15838095545768738,0.005970075726509094,1.2108806913602166e-05
863,False,4,bookshelf,4,bookshelf,True,0.9698484539985657,0.19400745630264282,0.18765057623386383,0.006356880068778992,9.123831659962889e-06
864,False,20,piano,25,sofa,False,0.8408418297767639,0.7536132335662842,0.7425296902656555,0.011083543300628662,6.0322061472106725e-05
865,False,28,table,28,table,True,0.9872762560844421,0.08543683588504791,0.08124221861362457,0.00419461727142334,2.8851377464889083e-06
866,False,16,mantel,16,mantel,True,0.8902803659439087,0.40869009494781494,0.39012718200683594,0.018562912940979004,0.000149609157233499
867,False,13,glass_box,13,glass_box,True,0.9897149801254272,0.06876134872436523,0.06441676616668701,0.004344582557678223,3.552378302629222e-06
868,False,21,plant,21,plant,True,0.855012059211731,0.5201826095581055,0.5041801333427429,0.01600247621536255,7.426114461850375e-05
869,False,23,range_hood,23,range_hood,True,0.9555443525314331,0.23313237726688385,0.22374974191188812,0.009382635354995728,1.756194615154527e-05
870,False,6,chair,6,chair,True,0.9999263286590576,0.0009307036525569856,0.0008576884283684194,7.301522418856621e-05,3.25860310956827e-10
871,False,21,plant,21,plant,True,0.7807551622390747,0.7618701457977295,0.7414922118186951,0.020377933979034424,6.628322444157675e-05
872,False,2,bed,2,bed,True,0.9613335132598877,0.22542792558670044,0.2137892246246338,0.01163870096206665,3.076798020629212e-05
873,False,28,table,28,table,True,0.9043613076210022,0.34304457902908325,0.33222442865371704,0.010820150375366211,8.984610758488998e-05
874,False,10,door,4,bookshelf,False,0.5095372200012207,1.6331496238708496,1.605129361152649,0.028020262718200684,0.0002543745213188231
875,False,26,stairs,26,stairs,True,0.8694884181022644,0.6997148990631104,0.6677523851394653,0.03196251392364502,0.00017387844854965806
876,False,0,airplane,0,airplane,True,0.999649167060852,0.0037864013575017452,0.0035771001130342484,0.00020930124446749687,5.195440522243189e-09
877,False,6,chair,6,chair,True,0.9985313415527344,0.013386179693043232,0.01288299448788166,0.0005031852051615715,4.98051946351552e-08
878,False,2,bed,25,sofa,False,0.9449337720870972,0.3041270673274994,0.29477545619010925,0.009351611137390137,2.4742808818700723e-05
879,False,26,stairs,26,stairs,True,0.6167752742767334,1.4597387313842773,1.4130074977874756,0.04673123359680176,0.0003016942646354437
880,False,16,mantel,16,mantel,True,0.9990622997283936,0.009292826056480408,0.008548598736524582,0.0007442273199558258,2.4061110437401112e-08
881,False,5,car,5,car,True,0.795531690120697,0.8459678888320923,0.8224188089370728,0.02354907989501953,0.00017028603178914636
882,False,30,toilet,30,toilet,True,0.9992666840553284,0.0073790038004517555,0.006352863274514675,0.0010261405259370804,1.0189093302415131e-07
883,False,4,bookshelf,4,bookshelf,True,0.9733009934425354,0.1399463415145874,0.1361001431941986,0.003846198320388794,7.068498689477565e-06
884,False,0,airplane,0,airplane,True,0.9999753832817078,0.0003172828000970185,0.00029156453092582524,2.5718269171193242e-05,9.657002975060891e-11
885,False,18,night_stand,18,night_stand,True,0.8826667070388794,0.535098135471344,0.5136963725090027,0.02140176296234131,0.00010807644866872579
886,False,16,mantel,16,mantel,True,0.982795238494873,0.10230311751365662,0.09745478630065918,0.0048483312129974365,7.0912296905589756e-06
887,False,4,bookshelf,4,bookshelf,True,0.9886943101882935,0.07276761531829834,0.0700681209564209,0.0026994943618774414,2.582256456662435e-06
888,False,16,mantel,16,mantel,True,0.9980766773223877,0.016580890864133835,0.015301650390028954,0.0012792404741048813,1.4757623034711287e-07
889,False,18,night_stand,18,night_stand,True,0.7915303111076355,0.8921612501144409,0.8544800281524658,0.0376812219619751,0.00020779186161234975
890,False,7,cone,7,cone,True,0.9788238406181335,0.12117696553468704,0.11732501536607742,0.003851950168609619,5.4477359299198724e-06
891,False,31,tv_stand,31,tv_stand,True,0.5155753493309021,1.4758217334747314,1.443783164024353,0.03203856945037842,0.00026115242508240044
892,False,2,bed,2,bed,True,0.9990441799163818,0.009320491924881935,0.008803642354905605,0.0005168495699763298,3.5822768751359035e-08
893,False,23,range_hood,16,mantel,False,0.6179729700088501,0.7304940223693848,0.7145645618438721,0.015929460525512695,0.0003614829038269818
894,False,13,glass_box,13,glass_box,True,0.4395201504230499,1.6005585193634033,1.575819969177246,0.024738550186157227,0.00019542773952707648
895,False,23,range_hood,23,range_hood,True,0.9651955366134644,0.17953789234161377,0.1703980565071106,0.009139835834503174,2.2828582586953416e-05
896,False,13,glass_box,13,glass_box,True,0.9699996113777161,0.1843084692955017,0.17251889407634735,0.011789575219154358,1.9954430172219872e-05
897,False,25,sofa,25,sofa,True,0.9968803524971008,0.0260958019644022,0.024626199156045914,0.001469602808356285,2.9788151323373313e-07
898,False,2,bed,2,bed,True,0.9983925223350525,0.015825960785150528,0.015131019055843353,0.0006949417293071747,5.894005283835213e-08
899,False,2,bed,2,bed,True,0.9273343086242676,0.4204626679420471,0.40683794021606445,0.013624727725982666,3.990148979937658e-05
900,False,11,dresser,11,dresser,True,0.6076552271842957,1.100439429283142,1.0861746072769165,0.014264822006225586,0.0001357596047455445
901,False,17,monitor,17,monitor,True,0.998222827911377,0.017007119953632355,0.01611943170428276,0.0008876882493495941,6.859180956553246e-08
902,False,23,range_hood,23,range_hood,True,0.950692355632782,0.21264299750328064,0.20212528109550476,0.010517716407775879,4.9625119572738186e-05
903,False,0,airplane,0,airplane,True,0.9998692870140076,0.0014808988198637962,0.0014198565622791648,6.104225758463144e-05,5.793747703819463e-10
904,False,4,bookshelf,4,bookshelf,True,0.9934238791465759,0.05047775059938431,0.04764879494905472,0.00282895565032959,1.203641318170412e-06
905,False,29,tent,17,monitor,False,0.19544771313667297,2.2827632427215576,2.246138095855713,0.03662514686584473,0.00022632400214206427
906,False,6,chair,6,chair,True,0.9999315142631531,0.0008591875666752458,0.000804096576757729,5.509098991751671e-05,2.398768961242581e-10
907,False,4,bookshelf,4,bookshelf,True,0.9932253956794739,0.05073651671409607,0.048916835337877274,0.0018196813762187958,6.492475108643703e-07
908,False,2,bed,2,bed,True,0.9986225366592407,0.013176558539271355,0.012279145419597626,0.0008974131196737289,9.140879342339758e-08
909,False,14,guitar,14,guitar,True,0.999902069568634,0.001199150807224214,0.0011436857748776674,5.546503234654665e-05,2.626237838310175e-10
910,False,0,airplane,0,airplane,True,0.9998208284378052,0.001955447718501091,0.0018258405616506934,0.0001296071568503976,2.0650259280330374e-09
911,False,32,vase,32,vase,True,0.8759394288063049,0.41467049717903137,0.40924450755119324,0.005425989627838135,3.761475090868771e-05
912,False,2,bed,2,bed,True,0.9227624535560608,0.4283831715583801,0.4038999080657959,0.02448326349258423,7.24284109310247e-05
913,False,6,chair,6,chair,True,0.9998733997344971,0.0015023928135633469,0.0014277592999860644,7.463351357728243e-05,6.438740651759645e-10
914,False,4,bookshelf,4,bookshelf,True,0.9327974915504456,0.34653162956237793,0.33899959921836853,0.007532030344009399,2.3863856768002734e-05
915,False,2,bed,2,bed,True,0.998894453048706,0.010950606316328049,0.010418805293738842,0.0005318010225892067,2.5963688088381787e-08
916,False,0,airplane,0,airplane,True,0.9999718070030212,0.000360256468411535,0.00033920304849743843,2.1053419914096594e-05,5.371679143162389e-11
917,False,30,toilet,30,toilet,True,0.9948892593383789,0.039893366396427155,0.0376332625746727,0.0022601038217544556,7.449459076269704e-07
918,False,30,toilet,30,toilet,True,0.9935445189476013,0.04413615167140961,0.04145259037613869,0.00268356129527092,1.4407382877834607e-06
919,False,6,chair,6,chair,True,0.99982750415802,0.0019738683477044106,0.0018149858806282282,0.00015888246707618237,2.6649027429215266e-09
920,False,7,cone,7,cone,True,0.4999135732650757,1.4882655143737793,1.4280437231063843,0.06022179126739502,0.0006112431874498725
921,False,33,wardrobe,34,xbox,False,0.3244887888431549,1.593796730041504,1.551263451576233,0.042533278465270996,0.0004158244119025767
922,False,20,piano,20,piano,True,0.997256875038147,0.023409970104694366,0.02209138497710228,0.0013185851275920868,3.0189715971573605e-07
923,False,30,toilet,30,toilet,True,0.9993773698806763,0.00618058443069458,0.005790105555206537,0.00039047887548804283,2.061479342785333e-08
924,False,28,table,9,desk,False,0.5529648065567017,1.148582935333252,1.1295143365859985,0.019068598747253418,0.00017800211207941175
925,False,17,monitor,17,monitor,True,0.999678909778595,0.0035446390975266695,0.0033697388134896755,0.00017490028403699398,3.1358931007474666e-09
926,False,1,bathtub,1,bathtub,True,0.8754820227622986,0.5923140645027161,0.5701759457588196,0.022138118743896484,8.699514728505164e-05
927,False,18,night_stand,18,night_stand,True,0.7961269021034241,0.9055451154708862,0.8790720105171204,0.02647310495376587,0.00014060483954381198
928,False,16,mantel,16,mantel,True,0.9990876317024231,0.008596454747021198,0.008021130226552486,0.0005753245204687119,4.453551483152296e-08
929,False,32,vase,32,vase,True,0.8839237093925476,0.40528225898742676,0.4015609622001648,0.003721296787261963,2.1643001673510298e-05
930,False,5,car,5,car,True,0.935078501701355,0.33386266231536865,0.3232978880405426,0.01056477427482605,2.6276171411154792e-05
931,False,9,desk,9,desk,True,0.9085313081741333,0.39097750186920166,0.3755805492401123,0.015396952629089355,8.904071728466079e-05
932,False,12,flower_pot,21,plant,False,0.5808139443397522,1.1578435897827148,1.1367121934890747,0.021131396293640137,0.00011645952326944098
933,False,2,bed,2,bed,True,0.9988787770271301,0.011166570708155632,0.010500346310436726,0.0006662243977189064,5.319318319152444e-08
934,False,24,sink,1,bathtub,False,0.45061206817626953,1.8990291357040405,1.8646626472473145,0.034366488456726074,0.0002616446290630847
935,False,18,night_stand,18,night_stand,True,0.7220858335494995,0.8103008270263672,0.7868828177452087,0.023418009281158447,0.0003188826085533947
936,False,30,toilet,30,toilet,True,0.9792730808258057,0.1271626055240631,0.11809773743152618,0.009064868092536926,2.0540230252663605e-05
937,False,17,monitor,17,monitor,True,0.9974420666694641,0.022742975503206253,0.02141505479812622,0.0013279207050800323,2.1564780183780385e-07
938,False,18,night_stand,18,night_stand,True,0.7412652969360352,0.9228275418281555,0.893369197845459,0.029458343982696533,0.00018712005112320185
939,False,11,dresser,18,night_stand,False,0.6413690447807312,0.707714319229126,0.6914820671081543,0.01623225212097168,0.000368983339285478
940,False,6,chair,6,chair,True,0.9998027682304382,0.002233300358057022,0.0020167019683867693,0.0002165983896702528,3.6595992902732633e-09
941,False,6,chair,6,chair,True,0.9997454285621643,0.0027143838815391064,0.002395625924691558,0.0003187579568475485,1.5167618272471373e-08
942,False,10,door,8,curtain,False,0.4978991448879242,0.8129034042358398,0.7979767322540283,0.014926671981811523,0.00021623435895889997
943,False,2,bed,2,bed,True,0.9958894848823547,0.034019969403743744,0.031638674437999725,0.0023812949657440186,8.695030260241765e-07
944,False,11,dresser,11,dresser,True,0.7177967429161072,1.0639995336532593,1.0417087078094482,0.022290825843811035,0.00016961563960649073
945,False,19,person,19,person,True,0.37257257103919983,1.5344568490982056,1.4825351238250732,0.051921725273132324,0.0004165713326074183
946,False,17,monitor,17,monitor,True,0.9985440969467163,0.01323777437210083,0.012626110576093197,0.0006116637960076332,5.241994216476087e-08
947,False,7,cone,7,cone,True,0.952589750289917,0.2609195113182068,0.25517135858535767,0.005748152732849121,1.0642492270562798e-05
948,False,11,dresser,11,dresser,True,0.539364218711853,1.2494478225708008,1.2345168590545654,0.014930963516235352,0.00016698222316335887
949,False,31,tv_stand,4,bookshelf,False,0.6334134340286255,0.8553866147994995,0.8293881416320801,0.025998473167419434,0.0004799937014468014
950,False,18,night_stand,11,dresser,False,0.5179393291473389,1.3568423986434937,1.3392070531845093,0.017635345458984375,0.0001240474812220782
951,False,5,car,5,car,True,0.9722972512245178,0.16501180827617645,0.157538041472435,0.007473766803741455,1.1755170817195904e-05
952,False,16,mantel,10,door,False,0.35358813405036926,1.7931632995605469,1.7558937072753906,0.03726959228515625,0.00020758203754667193
953,False,32,vase,32,vase,True,0.9425287842750549,0.2287186086177826,0.22595499455928802,0.002763614058494568,1.5132699445530307e-05
954,False,2,bed,2,bed,True,0.9994405508041382,0.006039072293788195,0.005474474281072617,0.0005645980127155781,2.3133754467608014e-08
955,False,16,mantel,34,xbox,False,0.5759643912315369,1.4108649492263794,1.3776323795318604,0.03323256969451904,0.0002026524452958256
956,False,11,dresser,29,tent,False,0.17587043344974518,2.427539587020874,2.3910348415374756,0.03650474548339844,0.0001707176270429045
957,False,9,desk,9,desk,True,0.9352994561195374,0.3168160021305084,0.3062814772129059,0.010534524917602539,3.5611079510999843e-05
958,False,6,chair,6,chair,True,0.9997801780700684,0.0023988159373402596,0.002263924339786172,0.00013489159755408764,2.179816105396526e-09
959,False,33,wardrobe,4,bookshelf,False,0.885683000087738,0.554192841053009,0.5352294445037842,0.018963396549224854,9.490041702520102e-05
960,False,2,bed,2,bed,True,0.998975396156311,0.010068520903587341,0.009216126054525375,0.0008523948490619659,6.253266349176556e-08
961,False,25,sofa,25,sofa,True,0.9998067617416382,0.002108301967382431,0.001969650387763977,0.00013865157961845398,2.1597013066809723e-09
962,False,5,car,5,car,True,0.9831569194793701,0.09525122493505478,0.09072308987379074,0.004528135061264038,7.440595709340414e-06
963,False,14,guitar,14,guitar,True,0.9997130632400513,0.003187319729477167,0.002860449021682143,0.0003268707077950239,7.800720069894851e-09
964,False,17,monitor,17,monitor,True,0.9220488667488098,0.4338569641113281,0.41785407066345215,0.016002893447875977,4.5783264795318246e-05
965,False,30,toilet,30,toilet,True,0.9990306496620178,0.00950661487877369,0.00884164683520794,0.0006649680435657501,3.98162534054336e-08
966,False,11,dresser,11,dresser,True,0.5133201479911804,1.6143461465835571,1.5888798236846924,0.025466322898864746,0.0001739141735015437
967,False,25,sofa,25,sofa,True,0.9832990169525146,0.11586988717317581,0.11151258647441864,0.004357300698757172,3.6853843994322233e-06
968,False,17,monitor,17,monitor,True,0.9972296953201294,0.024109458550810814,0.022798672318458557,0.0013107862323522568,2.425069567379978e-07
969,False,30,toilet,30,toilet,True,0.9953992962837219,0.03218456357717514,0.030395060777664185,0.0017895027995109558,8.182325359484821e-07
970,False,8,curtain,8,curtain,True,0.21318277716636658,2.443248748779297,2.3941118717193604,0.04913687705993652,0.00025249022291973233
971,False,20,piano,6,chair,False,0.3855153024196625,1.8633697032928467,1.7830415964126587,0.08032810688018799,0.0007884464575909078
972,False,9,desk,9,desk,True,0.9873802065849304,0.08175547420978546,0.07830933481454849,0.003446139395236969,3.0268627142504556e-06
973,False,28,table,28,table,True,0.9747942090034485,0.14442011713981628,0.13952156901359558,0.004898548126220703,7.92428727436345e-06
974,False,31,tv_stand,31,tv_stand,True,0.3626827001571655,2.1182327270507812,2.0900044441223145,0.028228282928466797,0.00017098379612434655
975,False,25,sofa,25,sofa,True,0.9672914147377014,0.2124449759721756,0.2056126743555069,0.006832301616668701,8.009914381545968e-06
976,False,16,mantel,16,mantel,True,0.9599204063415527,0.2119712233543396,0.20209425687789917,0.00987696647644043,2.6008237909991294e-05
977,False,11,dresser,11,dresser,True,0.17328676581382751,2.5085408687591553,2.4632444381713867,0.045296430587768555,0.00021948559151496738
978,False,32,vase,15,lamp,False,0.6533761620521545,0.9905281662940979,0.9600258469581604,0.0305023193359375,0.00028382916934788227
979,False,6,chair,6,chair,True,0.9987084865570068,0.01258593425154686,0.011802569031715393,0.0007833652198314667,6.452295053804846e-08
980,False,4,bookshelf,4,bookshelf,True,0.9826793670654297,0.11257831752300262,0.10875467956066132,0.0038236379623413086,3.887626007781364e-06
981,False,21,plant,15,lamp,False,0.25908562541007996,2.124713659286499,2.088813543319702,0.035900115966796875,0.00024588871747255325
982,False,23,range_hood,16,mantel,False,0.5459311008453369,1.0113601684570312,0.9867274761199951,0.024632692337036133,0.0003405790776014328
983,False,20,piano,24,sink,False,0.1648932695388794,2.7638437747955322,2.721823215484619,0.042020559310913086,0.000147042257594876
984,False,18,night_stand,18,night_stand,True,0.35232919454574585,1.6636508703231812,1.6153004169464111,0.04835045337677002,0.0005635416018776596
985,False,32,vase,32,vase,True,0.8938533067703247,0.38180461525917053,0.3772162199020386,0.004588395357131958,1.806951877370011e-05
986,False,25,sofa,25,sofa,True,0.9941295981407166,0.045692771673202515,0.04396655783057213,0.0017262138426303864,6.32557487278973e-07
987,False,4,bookshelf,4,bookshelf,True,0.9468214511871338,0.3016669750213623,0.2930411696434021,0.008625805377960205,2.0647943529183976e-05
988,False,14,guitar,14,guitar,True,0.9969541430473328,0.027062613517045975,0.02433660998940468,0.0027260035276412964,5.538705067920091e-07
989,False,28,table,28,table,True,0.989988386631012,0.06760702282190323,0.06499278545379639,0.002614237368106842,1.492779801992583e-06
990,False,32,vase,32,vase,True,0.9046432375907898,0.3536723554134369,0.3496307134628296,0.0040416419506073,1.8847915271180682e-05
991,False,31,tv_stand,31,tv_stand,True,0.8368873596191406,0.5819031000137329,0.564487636089325,0.01741546392440796,0.0001402035413775593
992,False,25,sofa,20,piano,False,0.2630661725997925,2.2118310928344727,2.177290678024292,0.034540414810180664,0.0002317906473763287
993,False,20,piano,20,piano,True,0.985444188117981,0.1088884025812149,0.10489274561405182,0.003995656967163086,1.7633029756325413e-06
994,False,4,bookshelf,4,bookshelf,True,0.9803988933563232,0.13506948947906494,0.1315474510192871,0.003522038459777832,3.2319524052581983e-06
995,False,17,monitor,20,piano,False,0.3692355453968048,2.27005672454834,2.2384612560272217,0.031595468521118164,0.00019299275299999863
996,False,13,glass_box,18,night_stand,False,0.49174872040748596,1.3623133897781372,1.3407859802246094,0.021527409553527832,0.00018166440713685006
997,False,21,plant,21,plant,True,0.692878246307373,0.7607616186141968,0.75153648853302,0.009225130081176758,6.725449929945171e-05
998,False,5,car,5,car,True,0.9420557022094727,0.28998810052871704,0.280479371547699,0.009508728981018066,2.756054345809389e-05
999,False,5,car,5,car,True,0.9933323264122009,0.04396308213472366,0.041002608835697174,0.0029604732990264893,2.073943278446677e-06
1000,False,19,person,32,vase,False,0.7406730055809021,0.9421378374099731,0.9218367338180542,0.020301103591918945,0.00013751417282037437
1001,False,9,desk,9,desk,True,0.9605291485786438,0.21647489070892334,0.20951829850673676,0.0069565922021865845,1.3807567484036554e-05
1002,False,16,mantel,16,mantel,True,0.9953904151916504,0.035309456288814545,0.03263251110911369,0.0026769451797008514,8.409587053392897e-07
1003,False,3,bench,3,bench,True,0.9885476231575012,0.07458176463842392,0.06978290528059006,0.004798859357833862,3.5946561638411367e-06
1004,False,9,desk,9,desk,True,0.9948825240135193,0.038160089403390884,0.03649429976940155,0.001665789633989334,6.021343779138988e-07
1005,False,11,dresser,11,dresser,True,0.45289862155914307,1.1873011589050293,1.1704181432724,0.016883015632629395,0.00014615988766308874
1006,False,4,bookshelf,4,bookshelf,True,0.9749903678894043,0.14174121618270874,0.1379862278699875,0.0037549883127212524,6.164283604448428e-06
1007,False,23,range_hood,32,vase,False,0.20682433247566223,2.459871768951416,2.4181902408599854,0.041681528091430664,0.00016632702318020165
1008,False,1,bathtub,1,bathtub,True,0.7835814356803894,0.8649662733078003,0.8372626304626465,0.02770364284515381,0.00021737231872975826
1009,False,1,bathtub,1,bathtub,True,0.9029898047447205,0.4510480761528015,0.42435774207115173,0.02669033408164978,0.00011033074406441301
1010,False,0,airplane,0,airplane,True,0.9998294115066528,0.0018619096372276545,0.0017569689080119133,0.00010494072921574116,1.6728467500115585e-09
1011,False,6,chair,6,chair,True,0.9977837800979614,0.02026110514998436,0.018874062225222588,0.0013870429247617722,3.0611369083999307e-07
1012,False,15,lamp,31,tv_stand,False,0.37703177332878113,1.7314093112945557,1.6508865356445312,0.08052277565002441,0.0007751764496788383
1013,False,9,desk,28,table,False,0.79743492603302,0.6072921752929688,0.5930464267730713,0.014245748519897461,0.00018822954734787345
1014,False,30,toilet,30,toilet,True,0.9989670515060425,0.009547330439090729,0.00880664587020874,0.0007406845688819885,6.399291407888086e-08
1015,False,4,bookshelf,4,bookshelf,True,0.8992968797683716,0.5168201923370361,0.5030807256698608,0.013739466667175293,5.395801053964533e-05
1016,False,4,bookshelf,4,bookshelf,True,0.9908314347267151,0.05961494892835617,0.05776895955204964,0.0018459893763065338,1.3524942232834292e-06
1017,False,11,dresser,11,dresser,True,0.7317979335784912,1.0165115594863892,0.9996557831764221,0.01685577630996704,0.00011630449444055557
1018,False,32,vase,32,vase,True,0.776491105556488,0.7168176174163818,0.705150306224823,0.011667311191558838,5.45828697795514e-05
1019,False,28,table,28,table,True,0.988013505935669,0.07836602628231049,0.07485698163509369,0.003509044647216797,2.749028908510809e-06
1020,False,18,night_stand,18,night_stand,True,0.6152693033218384,0.9164518117904663,0.9016650319099426,0.014786779880523682,0.00022571347653865814
1021,False,18,night_stand,31,tv_stand,False,0.4348302185535431,1.3000900745391846,1.248494029045105,0.05159604549407959,0.0006549356039613485
1022,False,31,tv_stand,31,tv_stand,True,0.5427934527397156,0.7876818180084229,0.7651557922363281,0.022526025772094727,0.000464368931716308
1023,False,30,toilet,30,toilet,True,0.9986811280250549,0.0120899248868227,0.01114481408149004,0.0009451108053326607,1.1165148094960387e-07
1024,False,5,car,5,car,True,0.9937423467636108,0.04267450422048569,0.041339464485645294,0.001335039734840393,5.963317448731686e-07
1025,False,20,piano,20,piano,True,0.9920485615730286,0.06534753739833832,0.06163101643323898,0.0037165209650993347,1.2641954754144535e-06
1026,False,3,bench,3,bench,True,0.973009467124939,0.13272926211357117,0.11762130260467529,0.015107959508895874,7.743940659565851e-05
1027,False,21,plant,21,plant,True,0.3056727349758148,1.642972469329834,1.5736101865768433,0.06936228275299072,0.0006565614603459835
1028,False,5,car,5,car,True,0.9612221121788025,0.223001629114151,0.21427097916603088,0.008730649948120117,1.897313450172078e-05
1029,False,34,xbox,34,xbox,True,0.35474303364753723,2.0009889602661133,1.9570804834365845,0.04390847682952881,0.0002597223501652479
1030,False,13,glass_box,13,glass_box,True,0.9213805198669434,0.4082302451133728,0.389890193939209,0.01834005117416382,7.565082341898233e-05
1031,False,25,sofa,25,sofa,True,0.9959961175918579,0.031310852617025375,0.029824459925293922,0.001486392691731453,3.3908045793396013e-07
1032,False,25,sofa,25,sofa,True,0.8810924291610718,0.6009500026702881,0.5888392329216003,0.012110769748687744,5.982479706290178e-05
1033,False,6,chair,6,chair,True,0.9997928738594055,0.002366658765822649,0.0021934485994279385,0.00017321016639471054,2.1830997010141573e-09
1034,False,14,guitar,14,guitar,True,0.9985412955284119,0.013081329874694347,0.012221606448292732,0.0008597234264016151,9.995639516091614e-08
1035,False,19,person,0,airplane,False,0.8101036548614502,0.7960797548294067,0.7628989219665527,0.033180832862854004,0.00031364598544314504
1036,False,13,glass_box,33,wardrobe,False,0.5201989412307739,1.3997877836227417,1.377399206161499,0.022388577461242676,0.00014496453513856977
1037,False,21,plant,21,plant,True,0.5700020790100098,1.2195671796798706,1.200141429901123,0.01942574977874756,0.00011618316057138145
1038,False,21,plant,21,plant,True,0.8761756420135498,0.40456825494766235,0.39643049240112305,0.008137762546539307,6.582064816029742e-05
1039,False,0,airplane,0,airplane,True,0.999957263469696,0.0005487120943143964,0.0005143650923855603,3.434700192883611e-05,1.0916278991857098e-10
1040,False,16,mantel,16,mantel,True,0.9940250515937805,0.04790550097823143,0.04438621178269386,0.003519289195537567,1.1476657846287708e-06
1041,False,16,mantel,16,mantel,True,0.8748207092285156,0.5504843592643738,0.5326271057128906,0.017857253551483154,8.867367432685569e-05
1042,False,21,plant,12,flower_pot,False,0.37777629494667053,1.8075828552246094,1.7704880237579346,0.037094831466674805,0.00022594020992983133
1043,False,0,airplane,0,airplane,True,0.9997853636741638,0.0024078749120235443,0.0022780420258641243,0.00012983288615942,1.6948488168466724e-09
1044,False,21,plant,21,plant,True,0.2513786554336548,2.072443962097168,2.0267696380615234,0.04567432403564453,0.0002823966497089714
1045,False,31,tv_stand,3,bench,False,0.6584410071372986,1.3656580448150635,1.3322068452835083,0.033451199531555176,0.00020326545927673578
1046,False,18,night_stand,18,night_stand,True,0.7824586629867554,0.9721317291259766,0.9467436671257019,0.025388062000274658,9.727670840220526e-05
1047,False,25,sofa,25,sofa,True,0.9922360777854919,0.05926892161369324,0.05743004009127617,0.0018388815224170685,8.1532857620914e-07
1048,False,9,desk,9,desk,True,0.6625651121139526,0.9539089202880859,0.8997296094894409,0.05417931079864502,0.0007479667547158897
1049,False,13,glass_box,13,glass_box,True,0.39489081501960754,1.6640329360961914,1.6431138515472412,0.020919084548950195,0.00016073895676527172
1050,False,28,table,28,table,True,0.5813296437263489,1.0080229043960571,0.9896688461303711,0.018354058265686035,0.00021574556012637913
1051,False,15,lamp,15,lamp,True,0.8197541236877441,0.7476532459259033,0.7272055745124817,0.02044767141342163,0.0001455816818634048
1052,False,4,bookshelf,4,bookshelf,True,0.9218524098396301,0.2995138168334961,0.28911954164505005,0.010394275188446045,6.191626744112e-05
1053,False,11,dresser,18,night_stand,False,0.763079822063446,0.5856132507324219,0.5652474164962769,0.02036583423614502,0.00039170958916656673
1054,False,13,glass_box,13,glass_box,True,0.9263289570808411,0.3974399268627167,0.3791133165359497,0.018326610326766968,7.151486352086067e-05
1055,False,11,dresser,11,dresser,True,0.4062884747982025,1.5566622018814087,1.528132438659668,0.028529763221740723,0.00031767383916303515
1056,False,6,chair,6,chair,True,0.9960770010948181,0.0347122959792614,0.0329279750585556,0.0017843209207057953,3.0737666634195193e-07
1057,False,22,radio,8,curtain,False,0.6429666876792908,1.0793423652648926,1.0388087034225464,0.04053366184234619,0.00034448388032615185
1058,False,32,vase,32,vase,True,0.9025580286979675,0.3622933328151703,0.3574395179748535,0.0048538148403167725,1.9287193936179392e-05
1059,False,25,sofa,25,sofa,True,0.9985376000404358,0.013780118897557259,0.01304423063993454,0.0007358882576227188,7.612703711856739e-08
1060,False,6,chair,6,chair,True,0.9999419450759888,0.0007231293711811304,0.0006869338685646653,3.619550261646509e-05,1.4769804823622223e-10
1061,False,0,airplane,0,airplane,True,0.999600887298584,0.003989497199654579,0.003768549533560872,0.00022094766609370708,7.49011519474152e-09
1062,False,18,night_stand,18,night_stand,True,0.6387394070625305,0.8304427862167358,0.803381085395813,0.02706170082092285,0.00044500629883259535
1063,False,21,plant,21,plant,True,0.6239457726478577,0.8947662115097046,0.880294680595398,0.01447153091430664,7.502071821363643e-05
1064,False,11,dresser,11,dresser,True,0.6678268909454346,1.0418504476547241,1.0271390676498413,0.014711380004882812,0.00012191053974675015
1065,False,28,table,28,table,True,0.5706611275672913,0.9511801600456238,0.9326571226119995,0.018523037433624268,0.00027635632432065904
1066,False,24,sink,11,dresser,False,0.4925793409347534,1.5674371719360352,1.5528274774551392,0.014609694480895996,9.495118138147518e-05
1067,False,16,mantel,16,mantel,True,0.9975099563598633,0.02176782302558422,0.020316386595368385,0.0014514364302158356,1.8899149267781468e-07
1068,False,28,table,28,table,True,0.9366247057914734,0.2959277629852295,0.2889057993888855,0.007021963596343994,2.815148764057085e-05
1069,False,9,desk,28,table,False,0.9743283987045288,0.1471349596977234,0.14232781529426575,0.004807144403457642,7.712661499681417e-06
1070,False,16,mantel,16,mantel,True,0.910557210445404,0.4012126624584198,0.38988280296325684,0.011329859495162964,4.54401524621062e-05
1071,False,13,glass_box,13,glass_box,True,0.9955340027809143,0.034848958253860474,0.03237806260585785,0.0024708956480026245,1.13724911443569e-06
1072,False,23,range_hood,23,range_hood,True,0.9028568267822266,0.37290120124816895,0.3473845422267914,0.025516659021377563,0.0002461335388943553
1073,False,4,bookshelf,4,bookshelf,True,0.9966586232185364,0.02417791448533535,0.02313336916267872,0.0010445453226566315,3.867766338316869e-07
1074,False,28,table,28,table,True,0.9926324486732483,0.052771635353565216,0.05093870684504509,0.0018329285085201263,6.042933478056511e-07
1075,False,30,toilet,30,toilet,True,0.9994843006134033,0.004823354538530111,0.004413796588778496,0.0004095579497516155,3.703339501726077e-08
1076,False,23,range_hood,23,range_hood,True,0.7546558976173401,1.0655255317687988,1.0369267463684082,0.028598785400390625,0.00018682943482417613
1077,False,34,xbox,34,xbox,True,0.797455370426178,0.757980465888977,0.7428149580955505,0.015165507793426514,0.00010275158274453133
1078,False,6,chair,6,chair,True,0.9993749260902405,0.006276719272136688,0.0059607429429888725,0.0003159763291478157,1.354175704904037e-08
1079,False,8,curtain,8,curtain,True,0.3692625164985657,1.8724353313446045,1.8293501138687134,0.04308521747589111,0.00031714310171082616
1080,False,3,bench,3,bench,True,0.9723653793334961,0.1625608205795288,0.1553245633840561,0.007236257195472717,9.661439435149077e-06
1081,False,30,toilet,30,toilet,True,0.9988275170326233,0.011065967381000519,0.010474583134055138,0.0005913842469453812,3.4849538366188426e-08
1082,False,6,chair,6,chair,True,0.9998424053192139,0.001637378940358758,0.0015368345193564892,0.00010054442100226879,2.0300319203414574e-09
1083,False,28,table,28,table,True,0.9696233868598938,0.16846120357513428,0.162109375,0.006351828575134277,1.3928727639722638e-05
1084,False,2,bed,2,bed,True,0.9997193813323975,0.0032355408184230328,0.0030751193407922983,0.00016042147763073444,1.6916669176580967e-09
1085,False,9,desk,18,night_stand,False,0.5423223972320557,1.7000789642333984,1.6625620126724243,0.03751695156097412,0.00025427344371564686
1086,False,0,airplane,0,airplane,True,0.9999918341636658,0.00011850530427182093,0.00010056264727609232,1.7942656995728612e-05,1.7470670743424677e-11
1087,False,2,bed,2,bed,True,0.9927607178688049,0.05361861363053322,0.05099738389253616,0.002621229737997055,1.4771019323234214e-06
1088,False,25,sofa,25,sofa,True,0.9990999102592468,0.008587474934756756,0.0080268494784832,0.0005606254562735558,4.083372928675999e-08
1089,False,1,bathtub,25,sofa,False,0.8637410402297974,0.6708512306213379,0.655937910079956,0.014913320541381836,8.096703822957352e-05
1090,False,30,toilet,30,toilet,True,0.8088728785514832,0.8058542013168335,0.775059163570404,0.030795037746429443,0.00021861158893443644
1091,False,27,stool,15,lamp,False,0.4893973469734192,1.1075365543365479,1.0632143020629883,0.04432225227355957,0.0006277670036070049
1092,False,5,car,5,car,True,0.9791826605796814,0.12705038487911224,0.12221234291791916,0.004838041961193085,5.242568022367777e-06
1093,False,14,guitar,14,guitar,True,0.9986681342124939,0.012363920919597149,0.011780151166021824,0.000583769753575325,5.535617475516119e-08
1094,False,9,desk,9,desk,True,0.5150511860847473,1.3650978803634644,1.331571340560913,0.03352653980255127,0.0003227457345928997
1095,False,20,piano,20,piano,True,0.9749061465263367,0.1727869063615799,0.1614617258310318,0.011325180530548096,1.228856035595527e-05
1096,False,28,table,28,table,True,0.9199557304382324,0.32789289951324463,0.31697550415992737,0.01091739535331726,7.256303069880232e-05
1097,False,18,night_stand,11,dresser,False,0.5606351494789124,1.23816978931427,1.2260552644729614,0.012114524841308594,0.00010321277659386396
1098,False,0,airplane,0,airplane,True,0.9999861717224121,0.00018855008238460869,0.00016480579506605864,2.374428731855005e-05,6.281981879130427e-11
1099,False,0,airplane,0,airplane,True,0.9999833703041077,0.0002286334929522127,0.00021423419821076095,1.439929474145174e-05,1.75637698829334e-11
1100,False,11,dresser,11,dresser,True,0.7233701348304749,0.927970290184021,0.9120758175849915,0.01589447259902954,0.00013731636863667518
1101,False,2,bed,2,bed,True,0.9992688894271851,0.007065866608172655,0.006603375542908907,0.00046249106526374817,3.4852025265763587e-08
1102,False,13,glass_box,13,glass_box,True,0.28532323241233826,2.2556543350219727,2.2049379348754883,0.050716400146484375,0.0003105226787738502
1103,False,21,plant,21,plant,True,0.6481386423110962,1.0952039957046509,1.0627611875534058,0.03244280815124512,0.00017409252177458256
1104,False,0,airplane,0,airplane,True,0.999295711517334,0.0067519498988986015,0.0063881478272378445,0.00036380207166075706,2.1695196750215473e-08
1105,False,14,guitar,14,guitar,True,0.9995129108428955,0.0050580003298819065,0.004740947391837835,0.0003170529380440712,1.1953747325321729e-08
1106,False,23,range_hood,23,range_hood,True,0.8201500177383423,0.8637219071388245,0.8335128426551819,0.030209064483642578,0.00015043975145090371
1107,False,5,car,5,car,True,0.8964742422103882,0.49609658122062683,0.4796987771987915,0.016397804021835327,6.983763887546957e-05
1108,False,31,tv_stand,31,tv_stand,True,0.47674161195755005,1.3170653581619263,1.2533754110336304,0.0636899471282959,0.0009027561172842979
1109,False,23,range_hood,23,range_hood,True,0.8368328809738159,0.7481703758239746,0.7273706793785095,0.020799696445465088,9.430107456864789e-05
1110,False,2,bed,2,bed,True,0.9931589365005493,0.0506296381354332,0.048136480152606964,0.002493157982826233,1.2563832569867373e-06
1111,False,18,night_stand,18,night_stand,True,0.9463023543357849,0.2998284101486206,0.2897410988807678,0.010087311267852783,1.966585659829434e-05
1112,False,27,stool,15,lamp,False,0.871336817741394,0.4841849207878113,0.47053831815719604,0.013646602630615234,9.614467853680253e-05
1113,False,2,bed,2,bed,True,0.9981893301010132,0.016921892762184143,0.01613149605691433,0.0007903967052698135,5.6812055504451564e-08
1114,False,30,toilet,30,toilet,True,0.9987486600875854,0.012050673365592957,0.011120117269456387,0.00093055609613657,8.176052546104984e-08
1115,False,25,sofa,25,sofa,True,0.9806646704673767,0.1284715086221695,0.12365515530109406,0.0048163533210754395,4.968094344803831e-06
1116,False,18,night_stand,18,night_stand,True,0.696614682674408,1.2728060483932495,1.2519198656082153,0.02088618278503418,8.881145913619548e-05
1117,False,16,mantel,16,mantel,True,0.9960238933563232,0.03345092386007309,0.03132186830043793,0.0021290555596351624,5.235164053374319e-07
1118,False,25,sofa,25,sofa,True,0.9278430342674255,0.3981728255748749,0.3878399431705475,0.010332882404327393,3.515300340950489e-05
1119,False,5,car,5,car,True,0.9943621754646301,0.03941014036536217,0.03783329576253891,0.0015768446028232574,6.189279702084605e-07
1120,False,6,chair,6,chair,True,0.6808508634567261,1.2607547044754028,1.1658233404159546,0.09493136405944824,0.001026251702569425
1121,False,17,monitor,17,monitor,True,0.9946082234382629,0.04602468013763428,0.04417886212468147,0.0018458180129528046,3.4316238384235476e-07
1122,False,16,mantel,16,mantel,True,0.954391360282898,0.26480239629745483,0.2554979920387268,0.009304404258728027,1.91480230569141e-05
1123,False,0,airplane,0,airplane,True,0.9997684359550476,0.0025688540190458298,0.0024480402935296297,0.00012081372551620007,1.6156955773283244e-09
1124,False,30,toilet,6,chair,False,0.9992572665214539,0.0073121534660458565,0.0068095712922513485,0.000502582173794508,2.9491173947349125e-08
1125,False,31,tv_stand,31,tv_stand,True,0.5558077692985535,1.2934222221374512,1.2308473587036133,0.06257486343383789,0.0009031137451529503
1126,False,21,plant,26,stairs,False,0.441452294588089,1.673012614250183,1.6174840927124023,0.05552852153778076,0.0005850524757988751
1127,False,27,stool,27,stool,True,0.8733503818511963,0.608810305595398,0.5817161798477173,0.027094125747680664,0.0001230360649060458
1128,False,30,toilet,30,toilet,True,0.9997362494468689,0.002881993306800723,0.0027080983854830265,0.00017389492131769657,2.568179668926973e-09
1129,False,17,monitor,17,monitor,True,0.9987713098526001,0.011647917330265045,0.011163870804011822,0.0004840465262532234,2.725832359828928e-08
1130,False,31,tv_stand,31,tv_stand,True,0.7591976523399353,0.994874119758606,0.9501113891601562,0.04476273059844971,0.00026848496054299176
1131,False,6,chair,6,chair,True,0.9999831318855286,0.00023425029939971864,0.00021794017811771482,1.631012128200382e-05,1.8342129898263337e-11
1132,False,29,tent,7,cone,False,0.34106534719467163,1.8395843505859375,1.7906477451324463,0.04893660545349121,0.00043156679021194577
1133,False,29,tent,29,tent,True,0.45247119665145874,1.6963825225830078,1.6620419025421143,0.034340620040893555,0.00018079078290611506
1134,False,28,table,28,table,True,0.8917531967163086,0.4755050241947174,0.46332621574401855,0.012178808450698853,6.447933265008032e-05
1135,False,25,sofa,25,sofa,True,0.9959889054298401,0.0330951064825058,0.03169751539826393,0.001397591084241867,3.3321609294034715e-07
1136,False,9,desk,9,desk,True,0.7211454510688782,1.0364761352539062,1.0131208896636963,0.02335524559020996,0.00019300665007904172
1137,False,3,bench,3,bench,True,0.9714343547821045,0.16648216545581818,0.1586161106824875,0.007866054773330688,1.1102027201559395e-05
1138,False,33,wardrobe,16,mantel,False,0.2545914053916931,2.4281649589538574,2.398879289627075,0.029285669326782227,0.00014599389396607876
1139,False,24,sink,16,mantel,False,0.8202219009399414,0.8436647653579712,0.8122708797454834,0.03139388561248779,0.0001754932600306347
1140,False,21,plant,21,plant,True,0.7392454147338867,0.8583436012268066,0.8441669940948486,0.014176607131958008,8.789777348283678e-05
1141,False,24,sink,6,chair,False,0.7496644854545593,1.1144887208938599,1.0736420154571533,0.04084670543670654,0.0003080574097111821
1142,False,4,bookshelf,4,bookshelf,True,0.7911314964294434,0.9557220935821533,0.9393512606620789,0.016370832920074463,9.870513167697936e-05
1143,False,28,table,28,table,True,0.9350723028182983,0.31064853072166443,0.29931414127349854,0.011334389448165894,3.7504039937630296e-05
1144,False,32,vase,32,vase,True,0.9484784007072449,0.21303050220012665,0.210334911942482,0.0026955902576446533,1.1364787496859208e-05
1145,False,14,guitar,14,guitar,True,0.9947608113288879,0.04463886097073555,0.04174109548330307,0.00289776548743248,1.2428823765731067e-06
1146,False,4,bookshelf,31,tv_stand,False,0.6385855674743652,0.8454978466033936,0.8156751990318298,0.02982264757156372,0.00048154842806980014
1147,False,24,sink,17,monitor,False,0.36354756355285645,2.368579149246216,2.329948663711548,0.03863048553466797,0.0002463652053847909
1148,False,4,bookshelf,4,bookshelf,True,0.9437544941902161,0.26308223605155945,0.25406622886657715,0.0090160071849823,4.182136035524309e-05
1149,False,0,airplane,0,airplane,True,0.9995349049568176,0.0045717316679656506,0.004171330947428942,0.00040040072053670883,1.8026510062441048e-08
1150,False,20,piano,20,piano,True,0.9650322198867798,0.23376336693763733,0.2213684320449829,0.012394934892654419,1.655106825637631e-05
1151,False,25,sofa,25,sofa,True,0.9878827333450317,0.08732941746711731,0.08424513041973114,0.0030842870473861694,2.2738418010703754e-06
1152,False,2,bed,2,bed,True,0.9986148476600647,0.013626926578581333,0.012090847827494144,0.0015360787510871887,3.0051086241655867e-07
1153,False,4,bookshelf,4,bookshelf,True,0.906257152557373,0.33881282806396484,0.33015280961990356,0.00866001844406128,8.049901953199878e-05
1154,False,8,curtain,8,curtain,True,0.48654964566230774,1.3144713640213013,1.2864320278167725,0.02803933620452881,0.00020351813873276114
1155,False,30,toilet,30,toilet,True,0.9991593360900879,0.007897489704191685,0.007374870125204325,0.00052261957898736,3.084148048060342e-08
1156,False,14,guitar,14,guitar,True,0.997586727142334,0.021493535488843918,0.01994178257882595,0.0015517529100179672,3.0523338523380517e-07
1157,False,1,bathtub,1,bathtub,True,0.6545994877815247,1.2837790250778198,1.2504643201828003,0.03331470489501953,0.00027456379029899836
1158,False,30,toilet,30,toilet,True,0.8243924379348755,0.5383754372596741,0.4752921164035797,0.06308332085609436,0.0008905173745006323
1159,False,31,tv_stand,31,tv_stand,True,0.4905755817890167,1.8050012588500977,1.7400933504104614,0.06490790843963623,0.00045907258754596114
1160,False,25,sofa,25,sofa,True,0.9994825124740601,0.005222817417234182,0.004942133091390133,0.00028068432584404945,1.011672878803438e-08
1161,False,15,lamp,32,vase,False,0.3747694194316864,1.5860306024551392,1.5586532354354858,0.02737736701965332,0.00023802976647857577
1162,False,2,bed,2,bed,True,0.998073160648346,0.01857558637857437,0.017215237021446228,0.0013603493571281433,1.7997231793742685e-07
1163,False,30,toilet,30,toilet,True,0.9985576272010803,0.01152866706252098,0.0106880571693182,0.0008406098932027817,1.7281367092891742e-07
1164,False,24,sink,8,curtain,False,0.17554792761802673,2.697779417037964,2.6513185501098633,0.046460866928100586,0.0001857433671830222
1165,False,9,desk,9,desk,True,0.9666065573692322,0.2075667679309845,0.19730687141418457,0.010259896516799927,2.0113457139814273e-05
1166,False,32,vase,32,vase,True,0.930655837059021,0.2859435975551605,0.2804701626300812,0.005473434925079346,2.1943478714092635e-05
1167,False,9,desk,9,desk,True,0.9915881156921387,0.05787981301546097,0.054298195987939835,0.0035816170275211334,2.4718585791561054e-06
1168,False,18,night_stand,18,night_stand,True,0.6697195768356323,1.1962953805923462,1.160902976989746,0.0353924036026001,0.00024262256920337677
1169,False,20,piano,20,piano,True,0.9791556596755981,0.15236330032348633,0.14596590399742126,0.0063973963260650635,5.390289061324438e-06
1170,False,4,bookshelf,4,bookshelf,True,0.8987529873847961,0.5224331617355347,0.5059579014778137,0.016475260257720947,6.306056457106024e-05
1171,False,21,plant,21,plant,True,0.7195234298706055,0.7953537702560425,0.7852911949157715,0.010062575340270996,4.6476190618705004e-05
1172,False,31,tv_stand,31,tv_stand,True,0.8008298873901367,0.5950695872306824,0.5743921995162964,0.020677387714385986,0.0002789904538076371
1173,False,34,xbox,34,xbox,True,0.45212307572364807,1.0814725160598755,1.0554274320602417,0.02604508399963379,0.00026320715551264584
1174,False,18,night_stand,31,tv_stand,False,0.6021292805671692,1.4681529998779297,1.4294649362564087,0.038688063621520996,0.00022386197815649211
1175,False,13,glass_box,13,glass_box,True,0.9871630668640137,0.08522699773311615,0.08053668588399887,0.004690311849117279,3.5846223909175023e-06
1176,False,2,bed,2,bed,True,0.9962568879127502,0.02829376421868801,0.02329852245748043,0.004995241761207581,4.48748369308305e-06
1177,False,6,chair,6,chair,True,0.9999265670776367,0.0008510277839377522,0.0007250980124808848,0.00012592977145686746,2.455746050955554e-09
1178,False,4,bookshelf,4,bookshelf,True,0.9553561806678772,0.24747176468372345,0.24168257415294647,0.0057891905307769775,1.1104191798949614e-05
1179,False,17,monitor,17,monitor,True,0.997590184211731,0.022185226902365685,0.020832380279898643,0.001352846622467041,2.2003267474701715e-07
1180,False,5,car,5,car,True,0.9926798343658447,0.05157047137618065,0.0491064079105854,0.0024640634655952454,9.80616050583194e-07
1181,False,30,toilet,30,toilet,True,0.9991411566734314,0.007995808497071266,0.0073187085799872875,0.0006770999170839787,6.776960503884766e-08
1182,False,9,desk,9,desk,True,0.9385542273521423,0.3394659757614136,0.3284015953540802,0.011064380407333374,3.0631865229224786e-05
1183,False,19,person,19,person,True,0.7407557964324951,0.9657794237136841,0.9330077171325684,0.03277170658111572,0.0002480049151927233
1184,False,11,dresser,11,dresser,True,0.4750524163246155,1.0772491693496704,1.0631166696548462,0.014132499694824219,0.00018146770889870822
1185,False,25,sofa,25,sofa,True,0.936391294002533,0.359765887260437,0.3520314693450928,0.007734417915344238,1.804149360395968e-05
1186,False,22,radio,33,wardrobe,False,0.4780447781085968,1.4562290906906128,1.4295642375946045,0.0266648530960083,0.00019738647097256035
1187,False,21,plant,26,stairs,False,0.27687200903892517,2.2180707454681396,2.157331705093384,0.06073904037475586,0.0003815157397184521
1188,False,9,desk,9,desk,True,0.9966309070587158,0.027062619104981422,0.02566864714026451,0.0013939719647169113,2.806325483106775e-07
1189,False,11,dresser,11,dresser,True,0.6474997997283936,1.3270153999328613,1.3039859533309937,0.023029446601867676,0.0001593709021108225
1190,False,17,monitor,20,piano,False,0.6611983776092529,1.3006739616394043,1.231722354888916,0.06895160675048828,0.0008306121453642845
1191,False,2,bed,2,bed,True,0.5800814032554626,1.389615774154663,1.3657444715499878,0.023871302604675293,0.00023716116265859455
1192,False,25,sofa,25,sofa,True,0.9904651045799255,0.0705050602555275,0.06819459795951843,0.0023104622960090637,1.1808921271949657e-06
1193,False,27,stool,27,stool,True,0.8714631199836731,0.6196020841598511,0.5866851210594177,0.03291696310043335,0.00013629432942252606
1194,False,17,monitor,17,monitor,True,0.9536166191101074,0.3050760328769684,0.2958451211452484,0.00923091173171997,1.4622574781242292e-05
1195,False,29,tent,29,tent,True,0.4688553214073181,1.7906310558319092,1.7492121458053589,0.04141891002655029,0.00031069887336343527
1196,False,20,piano,20,piano,True,0.19348470866680145,2.6166470050811768,2.5894582271575928,0.027188777923583984,0.00010491118882782757
1197,False,3,bench,34,xbox,False,0.46146249771118164,1.6801819801330566,1.6462435722351074,0.03393840789794922,0.00018706294940784574
1198,False,23,range_hood,32,vase,False,0.21786506474018097,2.5120065212249756,2.4610912799835205,0.05091524124145508,0.000252152094617486
1199,False,33,wardrobe,33,wardrobe,True,0.5423164367675781,1.153934359550476,1.133340835571289,0.02059352397918701,0.00018120158347301185
1200,False,4,bookshelf,4,bookshelf,True,0.6721813678741455,0.6933506727218628,0.6800321340560913,0.013318538665771484,0.0002777550253085792
1201,False,2,bed,2,bed,True,0.9945434927940369,0.04742717742919922,0.04458753392100334,0.002839643508195877,8.896913072931056e-07
1202,False,4,bookshelf,4,bookshelf,True,0.945549488067627,0.27770042419433594,0.27286574244499207,0.004834681749343872,1.2276956113055348e-05
1203,False,5,car,5,car,True,0.9491602182388306,0.2693013548851013,0.2580257058143616,0.011275649070739746,3.268112050136551e-05
1204,False,4,bookshelf,4,bookshelf,True,0.9939566850662231,0.04311930015683174,0.04172112047672272,0.001398179680109024,5.718040938518243e-07
1205,False,2,bed,2,bed,True,0.9983848929405212,0.014533774927258492,0.013672181405127048,0.000861593522131443,1.035099046475807e-07
1206,False,32,vase,32,vase,True,0.912925660610199,0.31419235467910767,0.31024304032325745,0.00394931435585022,1.911597246362362e-05
1207,False,31,tv_stand,31,tv_stand,True,0.6748537421226501,0.7941563725471497,0.7560622096061707,0.038094162940979004,0.0006632781587541103
1208,False,13,glass_box,13,glass_box,True,0.992726743221283,0.05325557664036751,0.04828176647424698,0.004973810166120529,2.765052158792969e-06
1209,False,14,guitar,14,guitar,True,0.8533766865730286,0.6686739325523376,0.6308741569519043,0.03779977560043335,0.0002844220434781164
1210,False,15,lamp,15,lamp,True,0.9711254835128784,0.16286858916282654,0.15389291942119598,0.008975669741630554,1.5124284800549503e-05
1211,False,31,tv_stand,6,chair,False,0.3801078796386719,1.7816157341003418,1.7227916717529297,0.05882406234741211,0.0005259616882540286
1212,False,30,toilet,30,toilet,True,0.9994547963142395,0.005296533461660147,0.0049553741700947285,0.00034115929156541824,1.587535258806838e-08
1213,False,8,curtain,8,curtain,True,0.6780141592025757,0.728152871131897,0.7168722748756409,0.011280596256256104,0.00014844340330455452
1214,False,11,dresser,11,dresser,True,0.5207619071006775,1.2311431169509888,1.220070481300354,0.011072635650634766,9.059521835297346e-05
1215,False,6,chair,6,chair,True,0.999947190284729,0.0006405062740668654,0.0006000979919917881,4.0408282075077295e-05,1.7620163661469235e-10
1216,False,20,piano,20,piano,True,0.9967856407165527,0.027834909036755562,0.025763707235455513,0.002071201801300049,3.264644306000264e-07
1217,False,20,piano,25,sofa,False,0.6820279955863953,1.114408016204834,1.0881210565567017,0.026286959648132324,0.0002395264309598133
1218,False,14,guitar,14,guitar,True,0.9971176385879517,0.025161797180771828,0.02386072464287281,0.0013010725378990173,2.2968353619035042e-07
1219,False,23,range_hood,23,range_hood,True,0.8770227432250977,0.39544478058815,0.38526639342308044,0.01017838716506958,0.0001174469362013042
1220,False,0,airplane,8,curtain,False,0.3920212388038635,1.7235422134399414,1.687833547592163,0.03570866584777832,0.00030751607846468687
1221,False,25,sofa,25,sofa,True,0.989942729473114,0.07623746246099472,0.073713019490242,0.002524442970752716,1.1503989298944362e-06
1222,False,2,bed,2,bed,True,0.9984450340270996,0.01510707475244999,0.014260578900575638,0.0008464958518743515,6.698723353792957e-08
1223,False,20,piano,20,piano,True,0.9889533519744873,0.08205844461917877,0.0773969367146492,0.0046615079045295715,2.4850407953636022e-06
1224,False,7,cone,7,cone,True,0.9675735831260681,0.18334338068962097,0.17663629353046417,0.006707087159156799,1.2171001799288206e-05
1225,False,14,guitar,14,guitar,True,0.9959596395492554,0.03387530520558357,0.031840354204177856,0.002034951001405716,5.504649038812204e-07
1226,False,11,dresser,11,dresser,True,0.5991278886795044,1.217940330505371,1.2017629146575928,0.01617741584777832,0.00013466397649608552
1227,False,11,dresser,18,night_stand,False,0.5625866055488586,0.9943963885307312,0.9782331585884094,0.016163229942321777,0.0002373744937358424
1228,False,11,dresser,11,dresser,True,0.6116929054260254,1.1492398977279663,1.1297101974487305,0.01952970027923584,0.00017292116535827518
1229,False,4,bookshelf,4,bookshelf,True,0.8688471913337708,0.41997551918029785,0.41399720311164856,0.005978316068649292,5.8295925555285066e-05
1230,False,14,guitar,14,guitar,True,0.9996939301490784,0.00338874664157629,0.0030790988821536303,0.0003096477594226599,9.203459327977725e-09
1231,False,31,tv_stand,4,bookshelf,False,0.8584518432617188,0.5798962116241455,0.5702588558197021,0.00963735580444336,5.283680002321489e-05
1232,False,5,car,1,bathtub,False,0.3730970621109009,1.8363991975784302,1.7842397689819336,0.05215942859649658,0.00044485143735073507
1233,False,31,tv_stand,25,sofa,False,0.4000582695007324,2.0119540691375732,1.9873046875,0.024649381637573242,0.00016951934958342463
1234,False,25,sofa,25,sofa,True,0.9958110451698303,0.03438573330640793,0.032513417303562164,0.0018723160028457642,6.23939399702067e-07
1235,False,1,bathtub,1,bathtub,True,0.8136948943138123,0.7842385172843933,0.7569580078125,0.02728050947189331,0.00017327607201877981
1236,False,23,range_hood,23,range_hood,True,0.5654528141021729,1.6473896503448486,1.5845540761947632,0.06283557415008545,0.000527254946064204
1237,False,2,bed,2,bed,True,0.999174952507019,0.00863673910498619,0.008306503295898438,0.0003302358090877533,1.035100627433394e-08
1238,False,32,vase,32,vase,True,0.9369287490844727,0.25009214878082275,0.24719472229480743,0.00289742648601532,1.3413738997769542e-05
1239,False,2,bed,2,bed,True,0.9977186322212219,0.021296825259923935,0.020305033773183823,0.0009917914867401123,1.0591651289360016e-07
1240,False,0,airplane,0,airplane,True,0.9995678663253784,0.004355138633400202,0.0041680908761918545,0.00018704775720834732,6.473724667444003e-09
1241,False,20,piano,20,piano,True,0.753003716468811,1.1478787660598755,1.1186188459396362,0.029259920120239258,0.00018082099268212914
1242,False,30,toilet,30,toilet,True,0.9990418553352356,0.008739065378904343,0.008147341199219227,0.0005917241796851158,5.260939772711026e-08
1243,False,0,airplane,0,airplane,True,0.9999674558639526,0.0004154937923885882,0.0003671812009997666,4.83125913888216e-05,2.7221139231592417e-10
1244,False,5,car,5,car,True,0.933354377746582,0.3460008502006531,0.33201760053634644,0.01398324966430664,4.8968446208164096e-05
1245,False,11,dresser,18,night_stand,False,0.5509883761405945,0.8353261351585388,0.821541428565979,0.013784706592559814,0.00026719842571765184
1246,False,20,piano,1,bathtub,False,0.6364960074424744,1.426526427268982,1.3944575786590576,0.032068848609924316,0.00021622235362883657
1247,False,16,mantel,16,mantel,True,0.9967308044433594,0.027786744758486748,0.02589644305408001,0.0018903017044067383,2.9356095865296084e-07
1248,False,4,bookshelf,4,bookshelf,True,0.8667465448379517,0.4334205090999603,0.41601717472076416,0.017403334379196167,0.00019133258319925517
1249,False,6,chair,6,chair,True,0.9952479600906372,0.0371018685400486,0.035212334245443344,0.0018895342946052551,7.905983920863946e-07
1250,False,11,dresser,11,dresser,True,0.44581443071365356,1.533475399017334,1.5149153470993042,0.018560051918029785,0.00016987661365419626
1251,False,0,airplane,0,airplane,True,0.9999994039535522,1.1009620720869862e-05,9.566257176629733e-06,1.4433635442401282e-06,2.0118203435635917e-13
1252,False,17,monitor,17,monitor,True,0.988898754119873,0.08665058016777039,0.08220691978931427,0.004443660378456116,2.287447159687872e-06
1253,False,13,glass_box,13,glass_box,True,0.9305660724639893,0.38699591159820557,0.37169644236564636,0.015299469232559204,4.8631252866471186e-05
1254,False,22,radio,31,tv_stand,False,0.6815077662467957,1.180187702178955,1.114294409751892,0.06589329242706299,0.0005261978949420154
1255,False,17,monitor,11,dresser,False,0.39341533184051514,2.0114359855651855,1.9864251613616943,0.02501082420349121,0.0001384018687531352
1256,False,31,tv_stand,25,sofa,False,0.4812505543231964,1.832439661026001,1.8014154434204102,0.03102421760559082,0.0002755890309344977
1257,False,0,airplane,0,airplane,True,0.9996184706687927,0.004146988037973642,0.003929609898477793,0.0002173781394958496,5.5992601666332575e-09
1258,False,20,piano,20,piano,True,0.9657490253448486,0.1941988319158554,0.18473711609840393,0.009461715817451477,1.63022104970878e-05
1259,False,13,glass_box,13,glass_box,True,0.4570125937461853,1.5104615688323975,1.4808788299560547,0.029582738876342773,0.00028992031002417207
1260,False,16,mantel,16,mantel,True,0.987712025642395,0.08643775433301926,0.08172395080327988,0.00471380352973938,2.2770987015974242e-06
1261,False,16,mantel,16,mantel,True,0.9753713011741638,0.11828436702489853,0.11328839510679245,0.004995971918106079,1.7326394299743697e-05
1262,False,21,plant,31,tv_stand,False,0.5771664977073669,1.6989871263504028,1.648647665977478,0.050339460372924805,0.00034911895636469126
1263,False,1,bathtub,1,bathtub,True,0.9438005089759827,0.3092108964920044,0.2927584946155548,0.016452401876449585,3.814149022218771e-05
1264,False,6,chair,6,chair,True,0.9996559619903564,0.0037909499369561672,0.0036100444849580526,0.00018090545199811459,3.076021437564691e-09
1265,False,6,chair,6,chair,True,0.9994907975196838,0.005250707734376192,0.004917101003229618,0.000333606731146574,1.2085251910320949e-08
1266,False,32,vase,32,vase,True,0.351864218711853,2.328279972076416,2.284064769744873,0.04421520233154297,0.00024588164524175227
1267,False,31,tv_stand,11,dresser,False,0.3880980312824249,2.0347542762756348,2.003925323486328,0.03082895278930664,0.00019976330804638565
1268,False,4,bookshelf,4,bookshelf,True,0.9279398918151855,0.37826699018478394,0.36990371346473694,0.008363276720046997,2.2105003154138103e-05
1269,False,22,radio,22,radio,True,0.4759947955608368,1.3781588077545166,1.190166711807251,0.18799209594726562,0.002518273424357176
1270,False,16,mantel,24,sink,False,0.16248434782028198,2.773292064666748,2.7327871322631836,0.04050493240356445,0.00014299806207418442
1271,False,25,sofa,25,sofa,True,0.8976729512214661,0.5312035083770752,0.5208141803741455,0.010389328002929688,4.0957002056529745e-05
1272,False,3,bench,25,sofa,False,0.9749815464019775,0.16415025293827057,0.15804466605186462,0.006105586886405945,7.043437108222861e-06
1273,False,5,car,24,sink,False,0.5126856565475464,1.9285590648651123,1.8884137868881226,0.040145277976989746,0.00026472288300283253
1274,False,15,lamp,15,lamp,True,0.9401942491531372,0.2969905138015747,0.2862783372402191,0.01071217656135559,3.0283559681265615e-05
1275,False,14,guitar,14,guitar,True,0.9981536269187927,0.01768708974123001,0.015462711453437805,0.002224378287792206,4.4178102598380065e-07
1276,False,20,piano,20,piano,True,0.42656755447387695,1.6661179065704346,1.6156268119812012,0.0504910945892334,0.0005002619000151753
1277,False,32,vase,32,vase,True,0.9359168410301208,0.25330695509910583,0.24882350862026215,0.004483446478843689,2.5943574655684642e-05
1278,False,28,table,28,table,True,0.9463889002799988,0.2645168900489807,0.25226444005966187,0.012252449989318848,4.7817480663070455e-05
1279,False,20,piano,17,monitor,False,0.9612958431243896,0.25851941108703613,0.2508498430252075,0.007669568061828613,1.0989650036208332e-05
1280,False,2,bed,2,bed,True,0.9987348318099976,0.012528659775853157,0.011755958199501038,0.0007727015763521194,6.021197407335421e-08
1281,False,25,sofa,25,sofa,True,0.9268118739128113,0.40553557872772217,0.39629822969436646,0.009237349033355713,2.738010516623035e-05
1282,False,5,car,5,car,True,0.9664908051490784,0.16469748318195343,0.16072502732276917,0.003972455859184265,1.0555615517660044e-05
1283,False,18,night_stand,11,dresser,False,0.3773657977581024,2.0781490802764893,2.0551652908325195,0.022983789443969727,0.00010460972407599911
1284,False,34,xbox,17,monitor,False,0.30141836404800415,2.17459774017334,2.1241836547851562,0.050414085388183594,0.00037774458178319037
1285,False,30,toilet,30,toilet,True,0.9830625653266907,0.09012972563505173,0.08517521619796753,0.004954509437084198,1.0254976587020792e-05
1286,False,15,lamp,15,lamp,True,0.9047327041625977,0.39976686239242554,0.3906503915786743,0.00911647081375122,4.700422869063914e-05
1287,False,20,piano,20,piano,True,0.8522700667381287,0.6777368783950806,0.6459655165672302,0.03177136182785034,0.00019707789761014283
1288,False,18,night_stand,11,dresser,False,0.48484861850738525,1.189687728881836,1.1709418296813965,0.018745899200439453,0.00015205777890514582
1289,False,7,cone,7,cone,True,0.9807180166244507,0.10825107991695404,0.10548632591962814,0.002764753997325897,3.61235083801148e-06
1290,False,23,range_hood,23,range_hood,True,0.9222258925437927,0.3135666251182556,0.2974644601345062,0.01610216498374939,0.00011980746785411611
1291,False,5,car,5,car,True,0.8815365433692932,0.525333046913147,0.49821937084198,0.027113676071166992,0.00012319718371145427
1292,False,9,desk,9,desk,True,0.9472604393959045,0.3111594319343567,0.29821473360061646,0.012944698333740234,2.8678552553174086e-05
1293,False,13,glass_box,11,dresser,False,0.36424797773361206,1.4145431518554688,1.397369623184204,0.01717352867126465,0.0001117889114539139
1294,False,32,vase,32,vase,True,0.6571583151817322,1.1663914918899536,1.1456315517425537,0.020759940147399902,0.00017459620721638203
1295,False,9,desk,9,desk,True,0.7896028161048889,0.984028160572052,0.9488889575004578,0.03513920307159424,0.0002151650405721739
1296,False,31,tv_stand,4,bookshelf,False,0.5147407650947571,0.8279212713241577,0.8055791854858398,0.02234208583831787,0.0004530606674961746
1297,False,14,guitar,14,guitar,True,0.9954617619514465,0.03792717307806015,0.035767942667007446,0.002159230411052704,6.256104825297371e-07
1298,False,30,toilet,30,toilet,True,0.989231288433075,0.07760096341371536,0.07304627448320389,0.004554688930511475,5.130754288984463e-06
1299,False,14,guitar,14,guitar,True,0.9995113015174866,0.0051352232694625854,0.004783203359693289,0.00035201990976929665,1.281175787681832e-08
1300,False,18,night_stand,18,night_stand,True,0.5170659422874451,1.5047495365142822,1.4570585489273071,0.0476909875869751,0.0003589443222153932
1301,False,4,bookshelf,4,bookshelf,True,0.9726982712745667,0.1496252417564392,0.14673201739788055,0.002893224358558655,4.684304713009624e-06
1302,False,9,desk,9,desk,True,0.8669346570968628,0.5336825847625732,0.5195221304893494,0.014160454273223877,9.441208385396749e-05
1303,False,16,mantel,16,mantel,True,0.8382686376571655,0.7846647500991821,0.7537245154380798,0.030940234661102295,0.00016998917271848768
1304,False,20,piano,20,piano,True,0.794496476650238,1.0650655031204224,1.0337409973144531,0.03132450580596924,0.00012943860201630741
1305,False,8,curtain,10,door,False,0.3507348299026489,1.851417064666748,1.7999180555343628,0.051499009132385254,0.00037095329025760293
1306,False,9,desk,9,desk,True,0.8310273885726929,0.716471791267395,0.6928505301475525,0.02362126111984253,0.00015007353795226663
1307,False,17,monitor,17,monitor,True,0.9970436692237854,0.024874646216630936,0.023449573665857315,0.0014250725507736206,2.765984845609637e-07
1308,False,1,bathtub,1,bathtub,True,0.9310666918754578,0.3553624153137207,0.3425760567188263,0.01278635859489441,3.098809611401521e-05
1309,False,31,tv_stand,18,night_stand,False,0.7813473343849182,0.7669368982315063,0.7331424951553345,0.033794403076171875,0.00031834733090363443
1310,False,13,glass_box,13,glass_box,True,0.9611497521400452,0.2315804362297058,0.2219529151916504,0.00962752103805542,2.0366551325423643e-05
1311,False,32,vase,32,vase,True,0.9186921715736389,0.3348366320133209,0.3301735818386078,0.004663050174713135,1.482351217418909e-05
1312,False,6,chair,6,chair,True,0.9992645978927612,0.007290434092283249,0.006850773934274912,0.000439660158008337,2.9556504799188588e-08
1313,False,8,curtain,17,monitor,False,0.3753577768802643,1.6251187324523926,1.5713202953338623,0.05379843711853027,0.0005592250381596386
1314,False,4,bookshelf,4,bookshelf,True,0.9800270199775696,0.1345270276069641,0.13061541318893433,0.003911614418029785,3.825060048257001e-06
1315,False,20,piano,20,piano,True,0.9971699118614197,0.0254621934145689,0.023542165756225586,0.0019200276583433151,3.066753322400473e-07
1316,False,4,bookshelf,4,bookshelf,True,0.41614148020744324,1.706319808959961,1.677927017211914,0.028392791748046875,0.00031865251366980374
1317,False,11,dresser,11,dresser,True,0.7175576686859131,0.902991771697998,0.8861106038093567,0.016881167888641357,0.00016742071602493525
1318,False,2,bed,2,bed,True,0.9990929365158081,0.008270918391644955,0.007641695439815521,0.0006292229518294334,6.77404727866815e-08
1319,False,19,person,0,airplane,False,0.9978271722793579,0.019699063152074814,0.018605805933475494,0.0010932572185993195,1.6821188353333127e-07
1320,False,24,sink,32,vase,False,0.1207893118262291,2.8115148544311523,2.7553658485412598,0.05614900588989258,0.00023391438298858702
1321,False,28,table,28,table,True,0.8976870775222778,0.41289767622947693,0.38719719648361206,0.025700479745864868,0.00016059564950410277
1322,False,23,range_hood,23,range_hood,True,0.9748505353927612,0.13113130629062653,0.12295970320701599,0.008171603083610535,1.8474336684448645e-05
1323,False,5,car,5,car,True,0.9856162071228027,0.09165778011083603,0.08761489391326904,0.004042886197566986,3.791898961935658e-06
1324,False,21,plant,21,plant,True,0.6646197438240051,1.2630072832107544,1.2322171926498413,0.030790090560913086,0.00015415975940413773
1325,False,32,vase,32,vase,True,0.8776255249977112,0.4147394299507141,0.4105955958366394,0.004143834114074707,2.5139988792943768e-05
1326,False,29,tent,29,tent,True,0.8090623617172241,0.5538527369499207,0.500231921672821,0.05362081527709961,0.000893679796718061
1327,False,6,chair,6,chair,True,0.999735951423645,0.002669682027772069,0.0025213873013854027,0.0001482947263866663,4.157794997183828e-09
1328,False,9,desk,9,desk,True,0.972912073135376,0.16633465886116028,0.1588251143693924,0.007509544491767883,1.105009960156167e-05
1329,False,14,guitar,14,guitar,True,0.999369204044342,0.006567970383912325,0.006083769723773003,0.0004842006601393223,2.3374512991836127e-08
1330,False,6,chair,6,chair,True,0.9984835982322693,0.014241699129343033,0.013498018495738506,0.0007436806336045265,7.969781989913827e-08
1331,False,28,table,9,desk,False,0.37619009613990784,1.576279640197754,1.5424489974975586,0.03383064270019531,0.0003565826336853206
1332,False,32,vase,32,vase,True,0.8667880296707153,0.4835125505924225,0.47650396823883057,0.007008582353591919,3.015267247974407e-05
1333,False,14,guitar,14,guitar,True,0.999815046787262,0.002144712256267667,0.002028603805229068,0.00011610845103859901,1.16124487803404e-09
1334,False,28,table,28,table,True,0.9902688264846802,0.06659732758998871,0.06334424763917923,0.0032530799508094788,1.9405817965889582e-06
1335,False,1,bathtub,1,bathtub,True,0.9104655385017395,0.4532409906387329,0.43609127402305603,0.01714971661567688,6.6855747718364e-05
1336,False,33,wardrobe,33,wardrobe,True,0.5086633563041687,1.4732379913330078,1.4398990869522095,0.03333890438079834,0.00024967172066681087
1337,False,21,plant,21,plant,True,0.7218517065048218,0.7387495040893555,0.7301589250564575,0.00859057903289795,4.180677206022665e-05
1338,False,2,bed,2,bed,True,0.9976770877838135,0.021261218935251236,0.020305026322603226,0.0009561926126480103,1.212423512697569e-07
1339,False,21,plant,21,plant,True,0.5495332479476929,1.4198130369186401,1.396822214126587,0.022990822792053223,0.00010836354340426624
1340,False,4,bookshelf,4,bookshelf,True,0.9658322930335999,0.20920568704605103,0.20214903354644775,0.0070566534996032715,1.1021050340787042e-05
1341,False,16,mantel,16,mantel,True,0.996804416179657,0.026529036462306976,0.02508286014199257,0.0014461763203144073,2.4816955601636437e-07
1342,False,0,airplane,0,airplane,True,0.9976793527603149,0.01936812326312065,0.01844034716486931,0.0009277760982513428,1.7815362696183001e-07
1343,False,20,piano,20,piano,True,0.9728478789329529,0.184208944439888,0.17114350199699402,0.013065442442893982,2.1901321815676056e-05
1344,False,31,tv_stand,31,tv_stand,True,0.6909294724464417,0.8749988079071045,0.8463852405548096,0.028613567352294922,0.0003275717026554048
1345,False,32,vase,32,vase,True,0.5580635070800781,1.3312559127807617,1.3070027828216553,0.024253129959106445,0.00015187649114523083
1346,False,30,toilet,30,toilet,True,0.99705970287323,0.024723583832383156,0.023249370977282524,0.0014742128551006317,2.6610615577737917e-07
1347,False,4,bookshelf,4,bookshelf,True,0.9787173271179199,0.12710770964622498,0.12312271445989609,0.003984995186328888,5.232218427408952e-06
1348,False,18,night_stand,18,night_stand,True,0.680769681930542,0.9269087314605713,0.9084671139717102,0.018441617488861084,0.0001525360275991261
1349,False,2,bed,2,bed,True,0.999251127243042,0.007415355648845434,0.006954267155379057,0.00046108849346637726,2.4749189364570157e-08
1350,False,14,guitar,26,stairs,False,0.763127326965332,1.0478721857070923,1.0135257244110107,0.03434646129608154,0.000217110660742037
1351,False,28,table,28,table,True,0.7513037919998169,0.8171868324279785,0.7876155972480774,0.029571235179901123,0.00027918838895857334
1352,False,5,car,5,car,True,0.9447087049484253,0.2968275845050812,0.28729310631752014,0.009534478187561035,2.245173709525261e-05
1353,False,11,dresser,11,dresser,True,0.5964429974555969,1.229384183883667,1.2050206661224365,0.02436351776123047,0.0002167257625842467
1354,False,9,desk,9,desk,True,0.9673108458518982,0.20005115866661072,0.18895195424556732,0.011099204421043396,2.5218909286195412e-05
1355,False,5,car,5,car,True,0.9780411720275879,0.12943848967552185,0.12485183030366898,0.004586659371852875,8.110154340101872e-06
1356,False,31,tv_stand,25,sofa,False,0.5907925963401794,1.005142331123352,0.958329439163208,0.04681289196014404,0.0007952653686515987
1357,False,18,night_stand,11,dresser,False,0.530317485332489,1.3201861381530762,1.3010921478271484,0.019093990325927734,0.00017479067901149392
1358,False,4,bookshelf,4,bookshelf,True,0.9936640858650208,0.0466475784778595,0.044461075216531754,0.0021865032613277435,1.1713757430698024e-06
1359,False,18,night_stand,28,table,False,0.7600107192993164,0.969109058380127,0.9438354969024658,0.025273561477661133,0.00014863886462990195
1360,False,6,chair,6,chair,True,0.999923586845398,0.0009291854221373796,0.0008631757809780538,6.600964115932584e-05,4.907305672929851e-10
1361,False,16,mantel,16,mantel,True,0.9735521078109741,0.1439446210861206,0.1398143619298935,0.004130259156227112,7.3374530984438024e-06
1362,False,20,piano,20,piano,True,0.3378666341304779,2.025221824645996,1.9632412195205688,0.061980605125427246,0.0005318497424013913
1363,False,18,night_stand,18,night_stand,True,0.7881508469581604,0.8168867826461792,0.8025206923484802,0.014366090297698975,0.00010031463170889765
1364,False,2,bed,2,bed,True,0.8705398440361023,0.6586220860481262,0.6415471434593201,0.017074942588806152,7.975321932462975e-05
1365,False,8,curtain,8,curtain,True,0.6025381684303284,1.1240954399108887,1.0909650325775146,0.03313040733337402,0.0002776918699964881
1366,False,21,plant,21,plant,True,0.456161230802536,1.7101740837097168,1.6609117984771729,0.049262285232543945,0.00032726669451221824
1367,False,1,bathtub,1,bathtub,True,0.8223031163215637,0.7836703062057495,0.7606189846992493,0.023051321506500244,0.00014416307385545224
1368,False,0,airplane,0,airplane,True,0.999991238117218,0.0001261316065210849,0.00011542225547600538,1.070935104507953e-05,7.785050382125291e-12
1369,False,21,plant,21,plant,True,0.3405263423919678,1.8781743049621582,1.8162829875946045,0.06189131736755371,0.0005141755100339651
1370,False,6,chair,6,chair,True,0.998990535736084,0.010003260336816311,0.009546924382448196,0.00045633595436811447,2.1786261683587327e-08
1371,False,6,chair,6,chair,True,0.9998763799667358,0.0014734587166458368,0.0013599949888885021,0.00011346372775733471,1.4850557450429847e-09
1372,False,2,bed,2,bed,True,0.9993037581443787,0.006616581697016954,0.006220539566129446,0.0003960421308875084,2.4813555654645825e-08
1373,False,6,chair,6,chair,True,0.9998112320899963,0.002151431981474161,0.0018793419003486633,0.0002720900811254978,7.267535906407829e-09
1374,False,18,night_stand,18,night_stand,True,0.6400538086891174,1.4399703741073608,1.4124518632888794,0.027518510818481445,0.00021100198500789702
1375,False,25,sofa,20,piano,False,0.6083671450614929,1.5075361728668213,1.4490653276443481,0.058470845222473145,0.0004349190276116133
1376,False,1,bathtub,1,bathtub,True,0.7371147274971008,1.0824129581451416,1.0542770624160767,0.02813589572906494,0.00016487324319314212
1377,False,23,range_hood,34,xbox,False,0.7036668658256531,1.1333636045455933,1.1006804704666138,0.03268313407897949,0.00018080022709909827
1378,False,14,guitar,14,guitar,True,0.999815821647644,0.002163105411455035,0.002001742832362652,0.00016136257909238338,2.3006241356426926e-09
1379,False,18,night_stand,18,night_stand,True,0.9147540330886841,0.3804917335510254,0.3674410581588745,0.013050675392150879,6.268209835980088e-05
1380,False,0,airplane,0,airplane,True,0.9999194741249084,0.0009633491281419992,0.0009224713430739939,4.0877785068005323e-05,2.0194104721760198e-10
1381,False,6,chair,6,chair,True,0.9952587485313416,0.03243742883205414,0.03087940253317356,0.001558026298880577,6.969314085836231e-07
1382,False,13,glass_box,13,glass_box,True,0.985216498374939,0.10335060954093933,0.09823951125144958,0.005111098289489746,3.7199872622295516e-06
1383,False,20,piano,20,piano,True,0.9837160706520081,0.1260155439376831,0.12083616852760315,0.005179375410079956,2.584507910796674e-06
1384,False,25,sofa,25,sofa,True,0.9926308393478394,0.05688227340579033,0.05528887361288071,0.0015933997929096222,5.273462306831789e-07
1385,False,17,monitor,17,monitor,True,0.9658361673355103,0.22077056765556335,0.21350575983524323,0.007264807820320129,1.0534727152844425e-05
1386,False,23,range_hood,23,range_hood,True,0.9676702618598938,0.15478555858135223,0.1448347121477127,0.009950846433639526,3.2318082958227023e-05
1387,False,25,sofa,25,sofa,True,0.998526930809021,0.013848681934177876,0.012545401230454445,0.0013032807037234306,1.8742559859674657e-07
1388,False,25,sofa,25,sofa,True,0.9998698234558105,0.0014687764924019575,0.0013703807489946485,9.839574340730906e-05,1.0432218422451456e-09
1389,False,21,plant,21,plant,True,0.5932281613349915,1.2738792896270752,1.246631145477295,0.027248144149780273,0.00019084014638792723
1390,False,18,night_stand,18,night_stand,True,0.48915642499923706,1.7415273189544678,1.702536702156067,0.03899061679840088,0.0003139275941066444
1391,False,5,car,5,car,True,0.7775063514709473,0.9570996761322021,0.9258877038955688,0.0312119722366333,0.00026131264166906476
1392,False,15,lamp,15,lamp,True,0.5994774699211121,1.3499218225479126,1.2904880046844482,0.059433817863464355,0.0006558529566973448
1393,False,6,chair,6,chair,True,0.9998643398284912,0.0015788933960720897,0.0014485865831375122,0.00013030681293457747,1.8905683685233043e-09
1394,False,13,glass_box,13,glass_box,True,0.3344784080982208,1.544784426689148,1.5207463502883911,0.024038076400756836,0.0002320984349353239
1395,False,20,piano,20,piano,True,0.9761490225791931,0.16973158717155457,0.16426053643226624,0.00547105073928833,3.440065256654634e-06
1396,False,23,range_hood,23,range_hood,True,0.9092174768447876,0.4490494430065155,0.43455979228019714,0.01448965072631836,5.7086243032244965e-05
1397,False,9,desk,9,desk,True,0.65427166223526,1.1736583709716797,1.0799974203109741,0.09366095066070557,0.0010092867305502295
1398,False,21,plant,21,plant,True,0.846882164478302,0.6145437955856323,0.5959417223930359,0.018602073192596436,9.468614734942093e-05
1399,False,23,range_hood,23,range_hood,True,0.9380022883415222,0.3099440634250641,0.2955445945262909,0.014399468898773193,4.919204002362676e-05
1400,False,2,bed,2,bed,True,0.9991059899330139,0.009126772172749043,0.00840861164033413,0.0007181605324149132,5.079782283701206e-08
1401,False,17,monitor,17,monitor,True,0.9991111159324646,0.008687639608979225,0.008405566215515137,0.00028207339346408844,8.696947162434299e-09
1402,False,18,night_stand,18,night_stand,True,0.33252233266830444,2.426443099975586,2.395174503326416,0.03126859664916992,0.00015700927178841084
1403,False,1,bathtub,1,bathtub,True,0.945020854473114,0.28957614302635193,0.27801021933555603,0.011565923690795898,2.340026549063623e-05
1404,False,4,bookshelf,4,bookshelf,True,0.9872032403945923,0.08710876107215881,0.08412691950798035,0.002981841564178467,2.2408187305700267e-06
1405,False,14,guitar,14,guitar,True,0.9925050139427185,0.059739965945482254,0.05539316684007645,0.0043467991054058075,1.635868557059439e-06
1406,False,2,bed,2,bed,True,0.9979837536811829,0.016645044088363647,0.015204126015305519,0.0014409180730581284,4.024026623028476e-07
1407,False,33,wardrobe,33,wardrobe,True,0.42610883712768555,1.7049987316131592,1.6809455156326294,0.024053215980529785,0.00016019688337109983
1408,False,30,toilet,30,toilet,True,0.9992915987968445,0.006920445244759321,0.006411961745470762,0.000508483499288559,2.4169391821260433e-08
1409,False,11,dresser,11,dresser,True,0.5998997092247009,1.141419768333435,1.1276439428329468,0.013775825500488281,0.0001402531488565728
1410,False,21,plant,21,plant,True,0.38741767406463623,1.8430826663970947,1.7943861484527588,0.04869651794433594,0.0003971261903643608
1411,False,6,chair,6,chair,True,0.9999178051948547,0.0009929277002811432,0.0008926597074605525,0.00010026799282059073,9.727024741224e-10
1412,False,0,airplane,0,airplane,True,0.9999969005584717,4.942125815432519e-05,4.312536111683585e-05,6.29589703748934e-06,2.980450088119202e-12
1413,False,25,sofa,25,sofa,True,0.8749960660934448,0.6327648758888245,0.6181161999702454,0.014648675918579102,6.776437658118084e-05
1414,False,2,bed,2,bed,True,0.9971282482147217,0.024086177349090576,0.02255968749523163,0.0015264898538589478,3.3176937108692073e-07
1415,False,28,table,28,table,True,0.5626184940338135,1.2628226280212402,1.2412981986999512,0.021524429321289062,0.00019327746122144163
1416,False,19,person,21,plant,False,0.34561342000961304,1.726208209991455,1.7045161724090576,0.02169203758239746,0.00015948757936712354
1417,False,26,stairs,21,plant,False,0.5676263570785522,1.233116865158081,1.2162315845489502,0.01688528060913086,9.262163803214207e-05
1418,False,20,piano,20,piano,True,0.9372591376304626,0.38912755250930786,0.37551429867744446,0.013613253831863403,3.021679185621906e-05
1419,False,13,glass_box,13,glass_box,True,0.9979942440986633,0.01606662943959236,0.014828547835350037,0.0012380816042423248,2.690076144062914e-07
1420,False,0,airplane,0,airplane,True,0.9999688863754272,0.00040418622666038573,0.0003838877019006759,2.0298524759709835e-05,3.4909429513785284e-11
1421,False,13,glass_box,13,glass_box,True,0.9823914766311646,0.11193082481622696,0.1060439944267273,0.005886830389499664,8.211215572373476e-06
1422,False,32,vase,32,vase,True,0.9421606659889221,0.23337118327617645,0.23140260577201843,0.00196857750415802,7.509804618166527e-06
1423,False,32,vase,32,vase,True,0.9167824387550354,0.3189309239387512,0.3153151869773865,0.003615736961364746,1.3714407941733953e-05
1424,False,1,bathtub,1,bathtub,True,0.9166408777236938,0.42328429222106934,0.40833571553230286,0.01494857668876648,3.7767429603263736e-05
1425,False,3,bench,26,stairs,False,0.3949330449104309,1.5689692497253418,1.4943715333938599,0.07459771633148193,0.0008909900207072496
1426,False,32,vase,32,vase,True,0.9279025793075562,0.27057701349258423,0.2675659656524658,0.003011047840118408,1.794681702449452e-05
1427,False,13,glass_box,13,glass_box,True,0.930344820022583,0.37732672691345215,0.35984835028648376,0.017478376626968384,6.51408699923195e-05
1428,False,21,plant,32,vase,False,0.9016817808151245,0.4035954773426056,0.39721086621284485,0.006384611129760742,2.3574233637191355e-05
1429,False,14,guitar,14,guitar,True,0.9996539950370789,0.003803526982665062,0.0035353084094822407,0.0002682185731828213,7.004548940869881e-09
1430,False,2,bed,2,bed,True,0.9989053606987,0.009790180251002312,0.00880596973001957,0.0009842105209827423,1.4852466279080545e-07
1431,False,4,bookshelf,4,bookshelf,True,0.9017843008041382,0.4565754532814026,0.4462223947048187,0.010353058576583862,5.034717105445452e-05
1432,False,30,toilet,30,toilet,True,0.9988020062446594,0.011361961252987385,0.01040706504136324,0.0009548962116241455,8.394713546522325e-08
1433,False,5,car,24,sink,False,0.5730517506599426,1.809581995010376,1.7674731016159058,0.042108893394470215,0.0002426495193503797
1434,False,2,bed,2,bed,True,0.9991075396537781,0.009312612935900688,0.008834483101963997,0.0004781298339366913,2.489552031192943e-08
1435,False,28,table,28,table,True,0.9875254034996033,0.08124063909053802,0.07814990729093552,0.0030907317996025085,2.311127218490583e-06
1436,False,5,car,5,car,True,0.9396724700927734,0.311429888010025,0.3052852153778076,0.006144672632217407,1.3778859283775091e-05
1437,False,4,bookshelf,4,bookshelf,True,0.9733517169952393,0.17468222975730896,0.16840414702892303,0.006278082728385925,8.166076440829784e-06
1438,False,6,chair,6,chair,True,0.9999189376831055,0.000996176153421402,0.0009109722450375557,8.520390838384628e-05,6.273718211602386e-10
1439,False,11,dresser,11,dresser,True,0.689186692237854,0.8953137397766113,0.8804632425308228,0.014850497245788574,0.00012501946184784174
1440,False,0,airplane,0,airplane,True,0.9999796152114868,0.0002641053288243711,0.0002455405774526298,1.8564751371741295e-05,4.131953806885136e-11
1441,False,21,plant,19,person,False,0.4742092788219452,1.6923080682754517,1.6471858024597168,0.04512226581573486,0.0003947209334000945
1442,False,20,piano,20,piano,True,0.8874885439872742,0.5820461511611938,0.563867449760437,0.018178701400756836,7.799844024702907e-05
1443,False,22,radio,2,bed,False,0.6062905192375183,1.532665729522705,1.5016518831253052,0.031013846397399902,0.00026141261332668364
1444,False,9,desk,9,desk,True,0.9678244590759277,0.18947437405586243,0.1793803572654724,0.010094016790390015,1.806475847843103e-05
1445,False,23,range_hood,23,range_hood,True,0.9611982107162476,0.21172791719436646,0.19959604740142822,0.012131869792938232,2.3440825316356495e-05
1446,False,26,stairs,30,toilet,False,0.9763092994689941,0.14487910270690918,0.1344556212425232,0.010423481464385986,1.4645215742348228e-05
1447,False,16,mantel,16,mantel,True,0.996272087097168,0.027846215292811394,0.026233559474349022,0.0016126558184623718,4.910032203042647e-07
1448,False,6,chair,6,chair,True,0.9999489784240723,0.0006493499968200922,0.0006172434077598155,3.210658906027675e-05,1.0580411546889934e-10
1449,False,9,desk,9,desk,True,0.8763251304626465,0.5554995536804199,0.532871663570404,0.02262789011001587,0.00014741974882781506
1450,False,14,guitar,14,guitar,True,0.9962617754936218,0.032662928104400635,0.030457399785518646,0.0022055283188819885,4.0751970686869754e-07
1451,False,6,chair,6,chair,True,0.9999454021453857,0.0006902231834828854,0.0006398637196980417,5.035946378484368e-05,3.2783203929298566e-10
1452,False,27,stool,15,lamp,False,0.8874074816703796,0.45377516746520996,0.4334731698036194,0.020301997661590576,9.589504770701751e-05
1453,False,20,piano,20,piano,True,0.9923420548439026,0.06255368888378143,0.05703524872660637,0.005518440157175064,2.072774577754899e-06
1454,False,0,airplane,0,airplane,True,0.9999057054519653,0.0010647395392879844,0.001001200987957418,6.35385513305664e-05,6.26466489794808e-10
1455,False,17,monitor,17,monitor,True,0.9963511824607849,0.03235597535967827,0.031006211414933205,0.0013497639447450638,1.8678284163797798e-07
1456,False,17,monitor,17,monitor,True,0.9847118258476257,0.10429508239030838,0.1001320481300354,0.00416303426027298,3.844938873953652e-06
1457,False,31,tv_stand,4,bookshelf,False,0.7409576773643494,0.732666015625,0.7162802815437317,0.01638573408126831,0.0002417802024865523
1458,False,2,bed,2,bed,True,0.996703028678894,0.02931584045290947,0.02758766897022724,0.001728171482682228,2.889698578201205e-07
1459,False,16,mantel,16,mantel,True,0.9945070147514343,0.042731937021017075,0.039682719856500626,0.003049217164516449,7.698913009335229e-07
1460,False,32,vase,32,vase,True,0.7546789050102234,0.8863028287887573,0.8679108023643494,0.01839202642440796,6.842368020443246e-05
1461,False,23,range_hood,23,range_hood,True,0.6545826196670532,1.4977595806121826,1.457606554031372,0.04015302658081055,0.0002626081695780158
1462,False,5,car,5,car,True,0.9712449908256531,0.1578674018383026,0.15233081579208374,0.005536586046218872,1.0715450116549619e-05
1463,False,31,tv_stand,18,night_stand,False,0.3778400123119354,1.4377427101135254,1.398821234703064,0.038921475410461426,0.0004920466453768313
1464,False,14,guitar,14,guitar,True,0.9959927201271057,0.034439604729413986,0.032036393880844116,0.00240321084856987,6.56734073345433e-07
1465,False,31,tv_stand,31,tv_stand,True,0.8438926935195923,0.7943071722984314,0.7466573715209961,0.0476498007774353,0.0001782093313522637
1466,False,2,bed,2,bed,True,0.9984716176986694,0.015086587518453598,0.014195061288774014,0.0008915262296795845,7.524430856165054e-08
1467,False,30,toilet,30,toilet,True,0.9954718947410583,0.0365263968706131,0.03473477438092232,0.0017916224896907806,5.186143994251324e-07
1468,False,32,vase,32,vase,True,0.8870609402656555,0.40051496028900146,0.3966625928878784,0.003852367401123047,1.5577445083181374e-05
1469,False,1,bathtub,1,bathtub,True,0.8491942882537842,0.6999945640563965,0.6818683743476868,0.018126189708709717,6.138490425655618e-05
1470,False,17,monitor,17,monitor,True,0.9972689747810364,0.024538468569517136,0.023194223642349243,0.0013442449271678925,2.0624621299702994e-07
1471,False,5,car,5,car,True,0.9955404996871948,0.03153320774435997,0.029870066791772842,0.0016631409525871277,7.888468758210365e-07
1472,False,20,piano,20,piano,True,0.6816835403442383,1.357398271560669,1.3195909261703491,0.037807345390319824,0.00022250071924645454
1473,False,28,table,9,desk,False,0.6085978150367737,1.0591892004013062,1.0455535650253296,0.013635635375976562,0.00015108152001630515
1474,False,16,mantel,4,bookshelf,False,0.5543785095214844,1.598646640777588,1.5514395236968994,0.04720711708068848,0.0005094423540867865
1475,False,11,dresser,11,dresser,True,0.6899331212043762,1.1857459545135498,1.1630593538284302,0.02268660068511963,0.00014633522368967533
1476,False,5,car,5,car,True,0.7984839677810669,0.865820050239563,0.8352962732315063,0.03052377700805664,0.00020960108668077737
1477,False,8,curtain,8,curtain,True,0.7122656106948853,0.7950596213340759,0.7752020955085754,0.01985752582550049,0.00021377619123086333
1478,False,27,stool,27,stool,True,0.3615682125091553,1.940329909324646,1.8747464418411255,0.06558346748352051,0.0004971008165739477
1479,False,23,range_hood,23,range_hood,True,0.9448610544204712,0.22957299649715424,0.2170569747686386,0.012516021728515625,7.3935319960583e-05
1480,False,17,monitor,17,monitor,True,0.9495981335639954,0.302285760641098,0.29238077998161316,0.009904980659484863,2.222496914328076e-05
1481,False,13,glass_box,13,glass_box,True,0.9991582036018372,0.007323733065277338,0.006930287927389145,0.00039344513788819313,3.5731723357912415e-08
1482,False,11,dresser,18,night_stand,False,0.3897317945957184,1.5481868982315063,1.531610131263733,0.016576766967773438,8.412218448938802e-05
1483,False,21,plant,21,plant,True,0.7147751450538635,0.7271887063980103,0.7175160050392151,0.009672701358795166,6.185379606904462e-05
1484,False,34,xbox,31,tv_stand,False,0.8752008676528931,0.5006597638130188,0.48075196146965027,0.01990780234336853,0.00012469296052586287
1485,False,18,night_stand,18,night_stand,True,0.7538752555847168,0.8497961759567261,0.8278674483299255,0.021928727626800537,0.00018914979591500014
1486,False,21,plant,21,plant,True,0.43956977128982544,1.9005173444747925,1.8519623279571533,0.04855501651763916,0.0002604337641969323
1487,False,18,night_stand,18,night_stand,True,0.8651551604270935,0.44350308179855347,0.4336192011833191,0.009883880615234375,0.00010488598491065204
1488,False,25,sofa,25,sofa,True,0.9969270825386047,0.025950182229280472,0.02498026378452778,0.0009699184447526932,1.8364197273967875e-07
1489,False,1,bathtub,1,bathtub,True,0.8522562384605408,0.6993095874786377,0.6735666990280151,0.02574288845062256,0.0001135320562752895
1490,False,25,sofa,25,sofa,True,0.9954755306243896,0.03711192309856415,0.0360928475856781,0.0010190755128860474,2.1418468065803609e-07
1491,False,17,monitor,17,monitor,True,0.9991921186447144,0.008175035938620567,0.007585759274661541,0.0005892766639590263,3.621412858478834e-08
1492,False,10,door,10,door,True,0.6449540257453918,0.7146767973899841,0.704071581363678,0.010605216026306152,0.00020270580716896802
1493,False,1,bathtub,29,tent,False,0.8099168539047241,0.8054762482643127,0.7659537196159363,0.039522528648376465,0.0002432964975014329
1494,False,24,sink,24,sink,True,0.3378615975379944,2.3845651149749756,2.344060182571411,0.04050493240356445,0.00020796518947463483
1495,False,9,desk,9,desk,True,0.9851518273353577,0.0929657518863678,0.08674897253513336,0.006216779351234436,8.159760909620672e-06
1496,False,9,desk,18,night_stand,False,0.40050673484802246,2.102821111679077,2.0658748149871826,0.03694629669189453,0.00018628941325005144
1497,False,14,guitar,14,guitar,True,0.9954865574836731,0.038242414593696594,0.035659898072481155,0.002582516521215439,5.727908387598291e-07
1498,False,25,sofa,18,night_stand,False,0.7531732320785522,1.1185030937194824,1.0959148406982422,0.022588253021240234,9.494236292084679e-05
1499,False,18,night_stand,18,night_stand,True,0.6746204495429993,1.207253098487854,1.1628004312515259,0.044452667236328125,0.0003472313401289284
1500,False,14,guitar,14,guitar,True,0.9998257160186768,0.002002714667469263,0.0018043697346001863,0.00019834493286907673,3.952308702537266e-09
1501,False,13,glass_box,8,curtain,False,0.6727277040481567,0.7489861249923706,0.7343748211860657,0.014611303806304932,0.00022884062491357327
1502,False,9,desk,18,night_stand,False,0.5419862270355225,1.525681972503662,1.4770935773849487,0.04858839511871338,0.00039894902147352695
1503,False,14,guitar,14,guitar,True,0.99415123462677,0.04660521447658539,0.042775094509124756,0.0038301199674606323,1.2536395388451638e-06
1504,False,20,piano,20,piano,True,0.319252610206604,2.2335596084594727,2.2029032707214355,0.03065633773803711,0.00015900451398920268
1505,False,26,stairs,26,stairs,True,0.721014678478241,1.1465537548065186,1.1111701726913452,0.03538358211517334,0.00022031979460734874
1506,False,2,bed,2,bed,True,0.9975533485412598,0.022027641534805298,0.02036304771900177,0.0016645938158035278,3.258114986692817e-07
1507,False,13,glass_box,18,night_stand,False,0.43138808012008667,1.3795708417892456,1.357225775718689,0.02234506607055664,0.00020031267195008695
1508,False,9,desk,9,desk,True,0.9872415661811829,0.08754423260688782,0.08234189450740814,0.005202338099479675,3.970238594774855e-06
1509,False,16,mantel,16,mantel,True,0.9979599714279175,0.016260243952274323,0.01532723754644394,0.0009330064058303833,2.2504806906908925e-07
1510,False,6,chair,6,chair,True,0.9998560547828674,0.0016686840681359172,0.0015980665339156985,7.061753422021866e-05,5.234085387328946e-10
1511,False,27,stool,27,stool,True,0.6587649583816528,1.063643455505371,1.0243104696273804,0.03933298587799072,0.0003498996084090322
1512,False,0,airplane,0,airplane,True,0.4613809585571289,1.815131425857544,1.7588332891464233,0.056298136711120605,0.0006062687607482076
1513,False,32,vase,32,vase,True,0.559997022151947,1.3684213161468506,1.3464608192443848,0.02196049690246582,9.514081466477364e-05
1514,False,27,stool,27,stool,True,0.5147969722747803,1.3149704933166504,1.276306390762329,0.03866410255432129,0.0004430728731676936
1515,False,0,airplane,0,airplane,True,0.9999513030052185,0.0005961606511846185,0.0005505168810486794,4.564377013593912e-05,3.265628323312342e-10
1516,False,18,night_stand,25,sofa,False,0.7451659440994263,1.0185627937316895,0.9977594614028931,0.020803332328796387,0.00015600888582412153
1517,False,6,chair,6,chair,True,0.9998334646224976,0.001911160652525723,0.0017506820149719715,0.00016047863755375147,1.7232951732282231e-09
1518,False,5,car,5,car,True,0.9748031497001648,0.15062345564365387,0.1434926837682724,0.00713077187538147,1.1182378329976927e-05
1519,False,20,piano,16,mantel,False,0.9503849148750305,0.28822797536849976,0.27620717883110046,0.012020796537399292,2.409860462648794e-05
1520,False,25,sofa,25,sofa,True,0.9821994304656982,0.11751027405261993,0.11311664432287216,0.004393629729747772,5.510749815584859e-06
1521,False,30,toilet,30,toilet,True,0.9997343420982361,0.0028454589191824198,0.0025282050482928753,0.0003172538708895445,7.330331008859048e-09
1522,False,17,monitor,17,monitor,True,0.9954570531845093,0.03783886879682541,0.036320123821496964,0.0015187449753284454,3.5844740864376945e-07
1523,False,31,tv_stand,31,tv_stand,True,0.8549888134002686,0.6502875089645386,0.6154229640960693,0.03486454486846924,0.00018481980077922344
1524,False,17,monitor,17,monitor,True,0.8367059230804443,0.6227496266365051,0.6035811901092529,0.019168436527252197,0.00012909957149531692
1525,False,14,guitar,14,guitar,True,0.9971349835395813,0.024448035284876823,0.023127324879169464,0.0013207104057073593,2.719059750688757e-07
1526,False,16,mantel,16,mantel,True,0.9812724590301514,0.11752112209796906,0.11188789457082748,0.005633227527141571,6.295314051385503e-06
1527,False,21,plant,21,plant,True,0.6444959044456482,0.9385726451873779,0.9204434156417847,0.01812922954559326,9.449161734664813e-05
1528,False,9,desk,9,desk,True,0.48413923382759094,1.0984959602355957,1.0763901472091675,0.022105813026428223,0.0003265129344072193
1529,False,16,mantel,16,mantel,True,0.9328165054321289,0.3384672999382019,0.3270219564437866,0.011445343494415283,3.472879689070396e-05
1530,False,21,plant,21,plant,True,0.784704864025116,0.5798015594482422,0.572342574596405,0.007458984851837158,5.7822500821202993e-05
1531,False,16,mantel,16,mantel,True,0.9807620644569397,0.13643622398376465,0.13014927506446838,0.006286948919296265,6.704245151922805e-06
1532,False,23,range_hood,23,range_hood,True,0.6478047966957092,1.4315738677978516,1.4091278314590454,0.022446036338806152,0.00014229760563466698
1533,False,5,car,5,car,True,0.977711021900177,0.13259831070899963,0.1278456747531891,0.004752635955810547,6.420898898795713e-06
1534,False,5,car,5,car,True,0.983845055103302,0.10019371658563614,0.09664298593997955,0.0035507306456565857,3.489775508569437e-06
1535,False,5,car,5,car,True,0.9245359301567078,0.39876818656921387,0.3881583511829376,0.010609835386276245,3.582361023291014e-05
1536,False,22,radio,11,dresser,False,0.5714308619499207,1.5770114660263062,1.5474269390106201,0.029584527015686035,0.00016588660946581513
1537,False,23,range_hood,23,range_hood,True,0.7882847785949707,0.7771656513214111,0.7605345845222473,0.01663106679916382,0.0001343773619737476
1538,False,30,toilet,20,piano,False,0.6469752192497253,1.3779332637786865,1.3537051677703857,0.02422809600830078,0.00019425778009463102
1539,False,24,sink,16,mantel,False,0.5321573615074158,1.7797822952270508,1.727210283279419,0.052572011947631836,0.000393674592487514
1540,False,21,plant,21,plant,True,0.7579556107521057,0.7123211026191711,0.7002270817756653,0.01209402084350586,5.176067497814074e-05
1541,False,17,monitor,17,monitor,True,0.9987409710884094,0.011947502382099628,0.011201881803572178,0.0007456205785274506,6.31419112551157e-08
1542,False,18,night_stand,18,night_stand,True,0.8589240312576294,0.550603985786438,0.54100102186203,0.009602963924407959,5.638755828840658e-05
1543,False,4,bookshelf,4,bookshelf,True,0.9907412528991699,0.06254055351018906,0.06014387309551239,0.0023966804146766663,1.531958332634531e-06
1544,False,22,radio,4,bookshelf,False,0.5247074961662292,1.6610771417617798,1.625251054763794,0.03582608699798584,0.0002735370653681457
1545,False,1,bathtub,1,bathtub,True,0.8117837309837341,0.718593418598175,0.6958267688751221,0.02276664972305298,0.00018764501146506518
1546,False,20,piano,20,piano,True,0.6967740654945374,1.4099256992340088,1.344984769821167,0.0649409294128418,0.0005015646456740797
1547,False,6,chair,6,chair,True,0.9991191625595093,0.00847424753010273,0.007832441478967667,0.0006418060511350632,4.8066599589446923e-08
1548,False,28,table,28,table,True,0.9308176040649414,0.34104758501052856,0.33088675141334534,0.010160833597183228,2.783581476251129e-05
1549,False,2,bed,2,bed,True,0.9926968216896057,0.06202181056141853,0.05894092097878456,0.003080889582633972,1.2590878668561345e-06
1550,False,4,bookshelf,31,tv_stand,False,0.8468499779701233,0.4890674948692322,0.46978914737701416,0.019278347492218018,0.0002123958693118766
1551,False,0,airplane,0,airplane,True,0.9980212450027466,0.017557214945554733,0.016549471765756607,0.0010077431797981262,1.4975289275298564e-07
1552,False,32,vase,32,vase,True,0.9287115931510925,0.2736804187297821,0.27028974890708923,0.003390669822692871,1.8796203221427277e-05
1553,False,32,vase,32,vase,True,0.8719030022621155,0.48461970686912537,0.47890475392341614,0.0057149529457092285,2.467976628395263e-05
1554,False,2,bed,2,bed,True,0.9946958422660828,0.04528075456619263,0.04319925606250763,0.0020814985036849976,6.378289185704489e-07
1555,False,25,sofa,25,sofa,True,0.893441379070282,0.5290340185165405,0.5114558935165405,0.017578125,7.318014104384929e-05
1556,False,17,monitor,17,monitor,True,0.9879941940307617,0.08954876661300659,0.08551520109176636,0.004033565521240234,2.608191152830841e-06
1557,False,14,guitar,14,guitar,True,0.9999522566795349,0.0006081664469093084,0.0005610862281173468,4.708021879196167e-05,1.883960210058433e-10
1558,False,32,vase,32,vase,True,0.9318611025810242,0.2712499499320984,0.26702919602394104,0.004220753908157349,1.8663031369214877e-05
1559,False,4,bookshelf,4,bookshelf,True,0.9873298406600952,0.08312560617923737,0.08050045371055603,0.0026251524686813354,2.0969330307707423e-06
1560,False,0,airplane,0,airplane,True,0.9999323487281799,0.0008413093164563179,0.0007785070920363069,6.280222442001104e-05,3.698876482882696e-10
1561,False,21,plant,26,stairs,False,0.3359368145465851,1.820751428604126,1.74616277217865,0.07458865642547607,0.0007011345005594194
1562,False,5,car,5,car,True,0.5658273100852966,1.2374720573425293,1.2026301622390747,0.03484189510345459,0.0004043412336613983
1563,False,13,glass_box,11,dresser,False,0.38622114062309265,1.5150595903396606,1.4958834648132324,0.019176125526428223,0.00015978563169483095
1564,False,18,night_stand,11,dresser,False,0.5365169644355774,0.8816932439804077,0.8674575686454773,0.01423567533493042,0.00023554843210149556
1565,False,32,vase,32,vase,True,0.8984550833702087,0.357015460729599,0.35283318161964417,0.004182279109954834,2.6135716325370595e-05
1566,False,7,cone,7,cone,True,0.8376292586326599,0.6506085395812988,0.6286072731018066,0.022001266479492188,0.00015647542022634298
1567,False,28,table,28,table,True,0.9596248269081116,0.22261908650398254,0.2080695480108261,0.014549538493156433,3.170119452988729e-05
1568,False,13,glass_box,13,glass_box,True,0.9897594451904297,0.07157556712627411,0.06725453585386276,0.0043210312724113464,4.262881702743471e-06
1569,False,14,guitar,14,guitar,True,0.9994009733200073,0.006234181113541126,0.005745701026171446,0.0004884800873696804,2.884346805842597e-08
1570,False,20,piano,20,piano,True,0.9927863478660583,0.05609096586704254,0.05215803161263466,0.003932934254407883,1.6391940107496339e-06
1571,False,6,chair,6,chair,True,0.9997648000717163,0.0026623799931257963,0.0025091362185776234,0.00015324377454817295,2.0920964960424726e-09
1572,False,31,tv_stand,31,tv_stand,True,0.6950870752334595,1.0973494052886963,1.057288646697998,0.04006075859069824,0.0003823084116447717
1573,False,16,mantel,16,mantel,True,0.8892989158630371,0.38362616300582886,0.3698752224445343,0.013750940561294556,0.0001309275976382196
1574,False,28,table,28,table,True,0.9804379940032959,0.11763016879558563,0.11393526196479797,0.0036949068307876587,4.505221568251727e-06
1575,False,20,piano,31,tv_stand,False,0.34338274598121643,2.528608560562134,2.496093988418579,0.03251457214355469,0.0001423909270670265
1576,False,6,chair,6,chair,True,0.9999066591262817,0.0010645308066159487,0.0009549050591886044,0.00010962574742734432,2.1253945270416352e-09
1577,False,28,table,28,table,True,0.9066727161407471,0.3848385214805603,0.3719273507595062,0.012911170721054077,9.101307659875602e-05
1578,False,16,mantel,16,mantel,True,0.9888847470283508,0.07806727290153503,0.07453151047229767,0.0035357624292373657,1.7716237152853864e-06
1579,False,17,monitor,17,monitor,True,0.9987216591835022,0.012259332463145256,0.011472082696855068,0.0007872497662901878,6.594762425038425e-08
1580,False,13,glass_box,13,glass_box,True,0.53514164686203,1.4745409488677979,1.4502019882202148,0.024338960647583008,0.00020758055325131863
1581,False,20,piano,23,range_hood,False,0.6484752297401428,0.9132622480392456,0.8755480051040649,0.037714242935180664,0.0005532033974304795
1582,False,32,vase,7,cone,False,0.3588593006134033,1.5072717666625977,1.4748140573501587,0.032457709312438965,0.0003594770096242428
1583,False,4,bookshelf,18,night_stand,False,0.7947360277175903,0.8179577589035034,0.7894737124443054,0.028484046459197998,0.0001962063106475398
1584,False,10,door,10,door,True,0.7125798463821411,0.6983853578567505,0.6898924708366394,0.008492887020111084,8.128859190037474e-05
1585,False,31,tv_stand,31,tv_stand,True,0.7960523962974548,0.841702938079834,0.8134707808494568,0.028232157230377197,0.00016186104039661586
1586,False,32,vase,7,cone,False,0.7418002486228943,0.6207166910171509,0.5619023442268372,0.05881434679031372,0.0012154894648119807
1587,False,6,chair,6,chair,True,0.9999217391014099,0.0009653032175265253,0.0008785764803178608,8.672673720866442e-05,5.560705229612495e-10
1588,False,25,sofa,25,sofa,True,0.9968807101249695,0.02655358985066414,0.025248631834983826,0.0013049580156803131,2.1903701963310596e-07
1589,False,22,radio,22,radio,True,0.2905542552471161,2.2449023723602295,2.178494930267334,0.06640744209289551,0.0004065432876814157
1590,False,30,toilet,30,toilet,True,0.9379937052726746,0.2840193808078766,0.2617184519767761,0.022300928831100464,0.00010281604045303538
1591,False,26,stairs,26,stairs,True,0.5701398253440857,1.4021058082580566,1.348058819770813,0.05404698848724365,0.0005489104660227895
1592,False,16,mantel,16,mantel,True,0.9878052473068237,0.09055322408676147,0.08614327013492584,0.004409953951835632,2.4722669422772015e-06
1593,False,5,car,5,car,True,0.9397343993186951,0.32356423139572144,0.31463485956192017,0.00892937183380127,2.2302150682662614e-05
1594,False,17,monitor,17,monitor,True,0.9988116025924683,0.011365805752575397,0.010907875373959541,0.00045793037861585617,2.5906228273697707e-08
1595,False,14,guitar,14,guitar,True,0.9997457265853882,0.0028240846004337072,0.0025779649149626493,0.0002461196854710579,6.270389540929955e-09
1596,False,28,table,2,bed,False,0.2432478964328766,1.750633716583252,1.7121809720993042,0.038452744483947754,0.00035942255635745823
1597,False,21,plant,32,vase,False,0.529534637928009,1.4888334274291992,1.4663482904434204,0.02248513698577881,0.0001648781617404893
1598,False,6,chair,6,chair,True,0.9935423135757446,0.047422587871551514,0.04498697444796562,0.0024356134235858917,9.212693043991749e-07
1599,False,13,glass_box,13,glass_box,True,0.9585483074188232,0.2465621531009674,0.23616181313991547,0.010400339961051941,2.2479247490991838e-05
1600,False,31,tv_stand,31,tv_stand,True,0.8886409997940063,0.4621744155883789,0.4444144368171692,0.017759978771209717,9.820635023061186e-05
1601,False,9,desk,9,desk,True,0.9961388111114502,0.03012845665216446,0.027823535725474358,0.0023049209266901016,5.857338578607596e-07
1602,False,30,toilet,30,toilet,True,0.9991031289100647,0.008568856865167618,0.00814702920615673,0.00042182765901088715,1.8941806345651457e-08
1603,False,1,bathtub,1,bathtub,True,0.9021621942520142,0.47457897663116455,0.4553917944431305,0.019187182188034058,8.425976557191461e-05
1604,False,30,toilet,30,toilet,True,0.9989100098609924,0.010061997920274734,0.009359024465084076,0.0007029734551906586,6.893175452660216e-08
1605,False,0,airplane,0,airplane,True,0.9998780488967896,0.0014368528500199318,0.0013425502693280578,9.430258069187403e-05,9.493769104196303e-10
1606,False,8,curtain,3,bench,False,0.3176044523715973,1.4904067516326904,1.433448076248169,0.056958675384521484,0.0005910168983973563
1607,False,27,stool,15,lamp,False,0.2714056670665741,2.017103672027588,1.9651811122894287,0.05192255973815918,0.000413808535085991
1608,False,28,table,28,table,True,0.97329181432724,0.15438176691532135,0.14711733162403107,0.007264435291290283,1.1207425814063754e-05
1609,False,13,glass_box,18,night_stand,False,0.43575790524482727,1.4479966163635254,1.4335212707519531,0.014475345611572266,9.792481432668865e-05
1610,False,9,desk,13,glass_box,False,0.6159278750419617,1.4057716131210327,1.3571465015411377,0.04862511157989502,0.0005073831416666508
1611,False,12,flower_pot,21,plant,False,0.4897496700286865,1.3189375400543213,1.3002612590789795,0.018676280975341797,0.00010544983524596319
1612,False,11,dresser,11,dresser,True,0.7050837278366089,0.8038403987884521,0.7863115072250366,0.017528891563415527,0.00020160072017461061
1613,False,30,toilet,30,toilet,True,0.9991810321807861,0.007855250500142574,0.007499926723539829,0.00035532377660274506,1.5640383210779873e-08
1614,False,21,plant,21,plant,True,0.5242919921875,1.81600022315979,1.7691832780838013,0.04681694507598877,0.0003014638496097177
1615,False,28,table,28,table,True,0.9581131935119629,0.23646697402000427,0.22856733202934265,0.007899641990661621,1.3448209756461438e-05
1616,False,30,toilet,30,toilet,True,0.9973400831222534,0.02290409989655018,0.021151715889573097,0.0017523840069770813,2.609305624901026e-07
1617,False,6,chair,6,chair,True,0.9983328580856323,0.01558392308652401,0.014342891983687878,0.001241031102836132,1.275424352797927e-07
1618,False,21,plant,21,plant,True,0.699609637260437,0.8360073566436768,0.8148168325424194,0.021190524101257324,0.0001001672208076343
1619,False,14,guitar,14,guitar,True,0.9997584819793701,0.0027150155510753393,0.002539749024435878,0.00017526652663946152,2.511389762815952e-09
1620,False,16,mantel,16,mantel,True,0.948110818862915,0.26974257826805115,0.25785529613494873,0.011887282133102417,2.425226011837367e-05
1621,False,11,dresser,11,dresser,True,0.6850033402442932,1.0936851501464844,1.0740889310836792,0.019596219062805176,0.00016064982628449798
1622,False,25,sofa,25,sofa,True,0.9968188405036926,0.02717784233391285,0.026033373549580574,0.0011444687843322754,2.550473823248467e-07
1623,False,18,night_stand,18,night_stand,True,0.6881259083747864,1.067724347114563,1.047244906425476,0.020479440689086914,0.0001531069865450263
1624,False,11,dresser,11,dresser,True,0.6966853141784668,1.1198382377624512,1.0980995893478394,0.021738648414611816,0.00015650804562028497
1625,False,22,radio,11,dresser,False,0.43520277738571167,1.7894272804260254,1.7689247131347656,0.020502567291259766,0.00014502109843306243
1626,False,9,desk,9,desk,True,0.473903626203537,1.2187615633010864,1.1612261533737183,0.057535409927368164,0.000879022991284728
1627,False,14,guitar,14,guitar,True,0.9996265172958374,0.004103335551917553,0.003676022868603468,0.000427312683314085,1.5027538324829948e-08
1628,False,11,dresser,11,dresser,True,0.6227567195892334,0.7758928537368774,0.7654060125350952,0.010486841201782227,0.00019561505177989602
1629,False,1,bathtub,1,bathtub,True,0.8238269686698914,0.7875308990478516,0.7606810927391052,0.026849806308746338,0.00014178220590110868
1630,False,30,toilet,30,toilet,True,0.9994122982025146,0.005770241841673851,0.005424866918474436,0.0003453749231994152,1.1714969438969547e-08
1631,False,6,chair,6,chair,True,0.9944779872894287,0.04506688565015793,0.0432964451611042,0.0017704404890537262,4.880474762103404e-07
1632,False,21,plant,19,person,False,0.44843342900276184,1.6474969387054443,1.6148914098739624,0.032605528831481934,0.0002575775433797389
1633,False,14,guitar,14,guitar,True,0.9984863996505737,0.01433633640408516,0.013210299424827099,0.0011260369792580605,1.1823298962099216e-07
1634,False,9,desk,9,desk,True,0.4855174720287323,1.5268797874450684,1.4753293991088867,0.05155038833618164,0.0005682468763552606
1635,False,1,bathtub,1,bathtub,True,0.9253818988800049,0.3670204281806946,0.3548109829425812,0.012209445238113403,3.7424320908030495e-05
1636,False,27,stool,27,stool,True,0.7650102376937866,0.8817332983016968,0.8582385778427124,0.023494720458984375,0.00016255762602668256
1637,False,25,sofa,25,sofa,True,0.998256504535675,0.015693793073296547,0.015077363699674606,0.0006164293736219406,5.3921631604225695e-08
1638,False,25,sofa,20,piano,False,0.16566389799118042,2.584838628768921,2.5367488861083984,0.04808974266052246,0.00022655012435279787
1639,False,9,desk,9,desk,True,0.602973222732544,0.9852721691131592,0.9513879418373108,0.03388422727584839,0.0005172177334316075
1640,False,30,toilet,30,toilet,True,0.9991929531097412,0.00767207145690918,0.007148354779928923,0.000523716676980257,4.449121249194832e-08
1641,False,0,airplane,0,airplane,True,0.9999259114265442,0.0009104198543354869,0.0008595743565820158,5.0845497753471136e-05,3.419882432798005e-10
1642,False,11,dresser,18,night_stand,False,0.694324791431427,0.9293843507766724,0.9124959111213684,0.016888439655303955,0.0001337817229796201
1643,False,25,sofa,25,sofa,True,0.995668888092041,0.035540252923965454,0.033068373799324036,0.0024718791246414185,9.60448915066081e-07
1644,False,31,tv_stand,31,tv_stand,True,0.9083763360977173,0.45483630895614624,0.4408842623233795,0.013952046632766724,5.4188818467082456e-05
1645,False,0,airplane,0,airplane,True,0.999925434589386,0.0008880562381818891,0.0008290238911285996,5.9032347053289413e-05,3.355787869807614e-10
1646,False,23,range_hood,23,range_hood,True,0.9320517182350159,0.27049633860588074,0.25302788615226746,0.01746845245361328,0.00013660182594321668
1647,False,0,airplane,0,airplane,True,0.999984085559845,0.00022091917344368994,0.000203853560378775,1.7065613064914942e-05,2.3121572365059073e-11
1648,False,28,table,28,table,True,0.5909757018089294,0.9709052443504333,0.9529417157173157,0.017963528633117676,0.00026775163132697344
1649,False,5,car,5,car,True,0.9988633990287781,0.009307026863098145,0.008735406212508678,0.0005716206505894661,9.293685110378647e-08
1650,False,16,mantel,16,mantel,True,0.9696789979934692,0.19188161194324493,0.18518328666687012,0.006698325276374817,9.05641991266748e-06
1651,False,32,vase,32,vase,True,0.5735320448875427,1.3950366973876953,1.3688950538635254,0.026141643524169922,0.00022610351152252406
1652,False,16,mantel,16,mantel,True,0.9479137659072876,0.2876390218734741,0.2777993083000183,0.00983971357345581,2.634695374581497e-05
1653,False,16,mantel,16,mantel,True,0.9937977194786072,0.04302831366658211,0.0411309115588665,0.0018974021077156067,8.65802462612919e-07
1654,False,0,airplane,0,airplane,True,0.9999747276306152,0.000329269387293607,0.0003034219262190163,2.5847461074590683e-05,6.890795573033515e-11
1655,False,1,bathtub,1,bathtub,True,0.9553831219673157,0.24980033934116364,0.2400367259979248,0.00976361334323883,2.0359913833090104e-05
1656,False,13,glass_box,13,glass_box,True,0.9951501488685608,0.03558140620589256,0.033604320138692856,0.001977086067199707,6.655372430941497e-07
1657,False,5,car,5,car,True,0.9814440011978149,0.10777974128723145,0.10282888263463974,0.004950858652591705,9.867625522019807e-06
1658,False,22,radio,22,radio,True,0.555652379989624,1.3115489482879639,1.2569305896759033,0.05461835861206055,0.00041510965093038976
1659,False,21,plant,21,plant,True,0.3381653428077698,2.1677656173706055,2.1157383918762207,0.052027225494384766,0.0003010072687175125
1660,False,6,chair,6,chair,True,0.9992676377296448,0.0071848733350634575,0.006593299098312855,0.0005915742367506027,4.1585099808116865e-08
1661,False,4,bookshelf,4,bookshelf,True,0.8098775744438171,0.9204390048980713,0.897581934928894,0.022857069969177246,0.00013450092228595167
1662,False,11,dresser,11,dresser,True,0.7351804375648499,0.7999842166900635,0.7848775386810303,0.015106678009033203,0.00019849643285851926
1663,False,1,bathtub,20,piano,False,0.2267858237028122,2.5729241371154785,2.5383472442626953,0.0345768928527832,0.00017568263865541667
1664,False,3,bench,9,desk,False,0.25794336199760437,2.0053930282592773,1.9730082750320435,0.03238475322723389,0.00024352106265723705
1665,False,9,desk,9,desk,True,0.9809210896492004,0.122653067111969,0.11711941659450531,0.005533650517463684,4.992498816136504e-06
1666,False,6,chair,6,chair,True,0.9952445030212402,0.03477531671524048,0.03193151578307152,0.0028438009321689606,1.8606710909807589e-06
1667,False,21,plant,21,plant,True,0.7131378650665283,0.7138830423355103,0.7048936486244202,0.008989393711090088,4.1399522160645574e-05
1668,False,32,vase,32,vase,True,0.750907838344574,0.8499352335929871,0.8342441320419312,0.015691101551055908,7.208912575151771e-05
1669,False,2,bed,2,bed,True,0.9557867050170898,0.2472693920135498,0.23449209332466125,0.01277729868888855,3.673422907013446e-05
1670,False,5,car,5,car,True,0.9170064330101013,0.434098482131958,0.4250364303588867,0.009062051773071289,2.7566209610085934e-05
1671,False,31,tv_stand,31,tv_stand,True,0.7111907005310059,1.19697105884552,1.1665112972259521,0.03045976161956787,0.00016802230675239116
1672,False,8,curtain,8,curtain,True,0.5563535094261169,1.2624679803848267,1.2207268476486206,0.041741132736206055,0.00036572793032974005
1673,False,13,glass_box,13,glass_box,True,0.9739974141120911,0.16695070266723633,0.15804383158683777,0.00890687108039856,1.4013150575920008e-05
1674,False,21,plant,15,lamp,False,0.5495208501815796,1.4369604587554932,1.361602783203125,0.07535767555236816,0.0008907683077268302
1675,False,25,sofa,25,sofa,True,0.9990090131759644,0.00958377867937088,0.009036698378622532,0.0005470803007483482,2.225777961939457e-08
1676,False,4,bookshelf,4,bookshelf,True,0.933615505695343,0.3536473214626312,0.34635278582572937,0.0072945356369018555,1.8302827811567113e-05
1677,False,11,dresser,11,dresser,True,0.5891929864883423,1.3949320316314697,1.3739277124404907,0.021004319190979004,0.00016482826322317123
1678,False,34,xbox,20,piano,False,0.47176191210746765,1.6981582641601562,1.6406457424163818,0.057512521743774414,0.0006737076910212636
1679,False,6,chair,6,chair,True,0.9998458623886108,0.0017749021062627435,0.0016600331291556358,0.00011486897710710764,1.3632600603941114e-09
1680,False,13,glass_box,13,glass_box,True,0.9554671049118042,0.25706690549850464,0.2462868094444275,0.010780096054077148,2.5057610400835983e-05
1681,False,11,dresser,11,dresser,True,0.7619457244873047,0.8514050245285034,0.8355751633644104,0.015829861164093018,0.0001246031461050734
1682,False,31,tv_stand,25,sofa,False,0.48804545402526855,1.6703224182128906,1.639944076538086,0.030378341674804688,0.0002426121645839885
1683,False,28,table,9,desk,False,0.5617308616638184,1.1838644742965698,1.164176106452942,0.01968836784362793,0.00019971327856183052
1684,False,16,mantel,16,mantel,True,0.9112284779548645,0.47887977957725525,0.4461946189403534,0.032685160636901855,0.00016365684859920293
1685,False,28,table,28,table,True,0.5017353296279907,0.8549860119819641,0.8360714316368103,0.01891458034515381,0.0002873538469430059
1686,False,13,glass_box,13,glass_box,True,0.44714364409446716,1.5635565519332886,1.5408046245574951,0.022751927375793457,0.00016874325228855014
1687,False,24,sink,24,sink,True,0.4437892436981201,2.1594252586364746,2.1255548000335693,0.03387045860290527,0.0002056435332633555
1688,False,14,guitar,14,guitar,True,0.9966430068016052,0.028827661648392677,0.02681654319167137,0.002011118456721306,4.402273532377876e-07
1689,False,5,car,5,car,True,0.9655240178108215,0.2021346539258957,0.1922975331544876,0.009837120771408081,1.909298953250982e-05
1690,False,9,desk,9,desk,True,0.9787763357162476,0.13837768137454987,0.12962929904460907,0.008748382329940796,1.4085567272559274e-05
1691,False,14,guitar,14,guitar,True,0.9993904232978821,0.006108532659709454,0.00575193390250206,0.00035659875720739365,1.7040855837535673e-08
1692,False,31,tv_stand,31,tv_stand,True,0.6370072364807129,0.8127651214599609,0.7793475389480591,0.033417582511901855,0.0006631399155594409
1693,False,32,vase,16,mantel,False,0.33758464455604553,2.383359432220459,2.3286683559417725,0.05469107627868652,0.00033201216137968004
1694,False,5,car,5,car,True,0.9815969467163086,0.11374758183956146,0.10761121660470963,0.006136365234851837,7.731690857326612e-06
1695,False,28,table,28,table,True,0.6149976849555969,0.8226037621498108,0.7969088554382324,0.02569490671157837,0.0004792381660081446
1696,False,23,range_hood,16,mantel,False,0.6518308520317078,0.8676522970199585,0.8418788909912109,0.02577340602874756,0.0003532507107593119
1697,False,2,bed,2,bed,True,0.9321185350418091,0.2680971622467041,0.23990009725093842,0.028197064995765686,0.00024518981808796525
1698,False,31,tv_stand,25,sofa,False,0.7630022168159485,0.7675683498382568,0.7261222004890442,0.041446149349212646,0.0004949037102051079
1699,False,18,night_stand,18,night_stand,True,0.4505307674407959,1.525869607925415,1.4966708421707153,0.029198765754699707,0.0002541179128456861
1700,False,23,range_hood,23,range_hood,True,0.9473498463630676,0.23040390014648438,0.2225375771522522,0.007866322994232178,3.256304989918135e-05
1701,False,20,piano,20,piano,True,0.9947432279586792,0.04287663847208023,0.03916804865002632,0.0037085898220539093,1.2110082252547727e-06
1702,False,0,airplane,0,airplane,True,0.999908983707428,0.00110105169005692,0.0010572640458121896,4.378764424473047e-05,2.6518834350675036e-10
1703,False,32,vase,32,vase,True,0.8045213222503662,0.6043030023574829,0.5902974009513855,0.014005601406097412,7.870234549045563e-05
1704,False,30,toilet,30,toilet,True,0.999140739440918,0.008137138560414314,0.00749311875551939,0.0006440198048949242,5.835859084868389e-08
1705,False,22,radio,13,glass_box,False,0.6182644367218018,1.125453233718872,1.1014244556427002,0.024028778076171875,0.0002855844213627279
1706,False,6,chair,6,chair,True,0.9994946122169495,0.005271596368402243,0.0049649314023554325,0.00030666496604681015,9.096381425877098e-09
1707,False,14,guitar,14,guitar,True,0.9930486679077148,0.05402117222547531,0.05097565799951553,0.003045514225959778,1.5117921066121198e-06
1708,False,28,table,28,table,True,0.6106735467910767,0.9278731942176819,0.9021971821784973,0.02567601203918457,0.00044890609569847584
1709,False,27,stool,15,lamp,False,0.3389221131801605,1.7170838117599487,1.645586371421814,0.07149744033813477,0.0007314107497222722
1710,False,6,chair,27,stool,False,0.7798868417739868,0.8937783241271973,0.853811502456665,0.03996682167053223,0.00024874869268387556
1711,False,29,tent,11,dresser,False,0.4482225477695465,1.4910634756088257,1.4779912233352661,0.01307225227355957,8.348110713995993e-05
1712,False,20,piano,20,piano,True,0.9943399429321289,0.04843193292617798,0.04406893998384476,0.0043629929423332214,2.378558747295756e-06
1713,False,17,monitor,17,monitor,True,0.1799829602241516,2.7496659755706787,2.716521739959717,0.033144235610961914,0.000130195970996283
1714,False,3,bench,3,bench,True,0.9521263837814331,0.24295437335968018,0.22894594073295593,0.014008432626724243,4.343475666246377e-05
1715,False,4,bookshelf,4,bookshelf,True,0.8992034792900085,0.47799012064933777,0.4582069218158722,0.019783198833465576,9.489859803579748e-05
1716,False,9,desk,9,desk,True,0.8993633389472961,0.4928003251552582,0.46573349833488464,0.027066826820373535,0.00015329517191275954
1717,False,25,sofa,25,sofa,True,0.9911816716194153,0.062496721744537354,0.05993593484163284,0.0025607869029045105,1.6579998600718682e-06
1718,False,32,vase,32,vase,True,0.8612512946128845,0.47750338912010193,0.4703013300895691,0.007202059030532837,4.3933257984463125e-05
1719,False,3,bench,26,stairs,False,0.5552884340286255,1.7416820526123047,1.694339632987976,0.04734241962432861,0.0003363361756782979
1720,False,32,vase,32,vase,True,0.7720537185668945,0.7134898900985718,0.7017608880996704,0.011729001998901367,7.33395354473032e-05
1721,False,31,tv_stand,31,tv_stand,True,0.4732787609100342,1.9124131202697754,1.8593735694885254,0.05303955078125,0.00035389859112910926
1722,False,30,toilet,30,toilet,True,0.9988054633140564,0.010795701295137405,0.010351039469242096,0.00044466182589530945,2.910585727988746e-08
1723,False,31,tv_stand,31,tv_stand,True,0.6379798650741577,1.5734059810638428,1.5385533571243286,0.03485262393951416,0.000181115887244232
1724,False,0,airplane,0,airplane,True,0.9956594705581665,0.03516348823904991,0.033685047179460526,0.001478441059589386,3.557400702902669e-07
1725,False,22,radio,34,xbox,False,0.3506539463996887,2.0412659645080566,1.9782092571258545,0.06305670738220215,0.0005790360155515373
1726,False,2,bed,2,bed,True,0.659579336643219,1.213247299194336,1.164071798324585,0.04917550086975098,0.0005101351416669786
1727,False,24,sink,1,bathtub,False,0.6945469379425049,0.9647439122200012,0.9428884387016296,0.021855473518371582,0.00024903626763261855
1728,False,17,monitor,17,monitor,True,0.9988683462142944,0.01106948684900999,0.010257908143103123,0.000811578705906868,7.584507955016306e-08
1729,False,16,mantel,16,mantel,True,0.9975831508636475,0.021260716021060944,0.019793322309851646,0.0014673937112092972,1.9189263866792317e-07
1730,False,30,toilet,30,toilet,True,0.9990835189819336,0.008319750428199768,0.007282755803316832,0.0010369946248829365,1.9136714968226443e-07
1731,False,34,xbox,34,xbox,True,0.4647059142589569,1.0734100341796875,1.0531724691390991,0.02023756504058838,0.0002809021098073572
1732,False,16,mantel,16,mantel,True,0.7219370603561401,0.7354665994644165,0.7055575251579285,0.029909074306488037,0.0004991007153876126
1733,False,16,mantel,16,mantel,True,0.992649257183075,0.05079192295670509,0.04793731868267059,0.0028546042740345,1.5748415762573131e-06
1734,False,18,night_stand,18,night_stand,True,0.6403070092201233,1.3555634021759033,1.3319237232208252,0.023639678955078125,0.0001893251610454172
1735,False,6,chair,6,chair,True,0.999754011631012,0.002505855169147253,0.002289669355377555,0.00021618581376969814,8.23149193251993e-09
1736,False,21,plant,21,plant,True,0.7501028180122375,0.9396490454673767,0.9125972986221313,0.02705174684524536,0.00016535034228581935
1737,False,14,guitar,14,guitar,True,0.9997362494468689,0.0029804769437760115,0.00268549844622612,0.00029497849754989147,7.36272598444998e-09
1738,False,6,chair,6,chair,True,0.9999642968177795,0.00045488475007005036,0.0004077011253684759,4.7183624701574445e-05,2.591755698944098e-10
1739,False,21,plant,21,plant,True,0.6477386951446533,1.1132442951202393,1.0882383584976196,0.02500593662261963,9.543001215206459e-05
1740,False,2,bed,2,bed,True,0.996992826461792,0.028270825743675232,0.026876142248511314,0.0013946834951639175,1.6453321904918994e-07
1741,False,34,xbox,34,xbox,True,0.2191023826599121,2.3303089141845703,2.278256893157959,0.05205202102661133,0.00030522438464686275
1742,False,25,sofa,25,sofa,True,0.9581888914108276,0.24061574041843414,0.23295046389102936,0.007665276527404785,1.773571602825541e-05
1743,False,8,curtain,10,door,False,0.4131619930267334,1.5198655128479004,1.4837051630020142,0.03616034984588623,0.0003747722366824746
1744,False,16,mantel,16,mantel,True,0.9934381246566772,0.04938583821058273,0.04557427763938904,0.003811560571193695,1.8593566437630216e-06
1745,False,33,wardrobe,16,mantel,False,0.49637579917907715,1.762385368347168,1.7226767539978027,0.039708614349365234,0.000335151853505522
1746,False,6,chair,6,chair,True,0.9976398944854736,0.020949505269527435,0.019378183409571648,0.0015713218599557877,3.7870165670028655e-07
1747,False,18,night_stand,11,dresser,False,0.5064951777458191,1.273252248764038,1.2584350109100342,0.014817237854003906,0.0001642345596337691
1748,False,14,guitar,14,guitar,True,0.9994356632232666,0.005826803855597973,0.005159967578947544,0.0006668362766504288,4.748754633965291e-08
1749,False,21,plant,0,airplane,False,0.7120797634124756,1.0187122821807861,0.9658406972885132,0.05287158489227295,0.0006394630763679743
1750,False,21,plant,21,plant,True,0.7123923301696777,0.6594725847244263,0.6499377489089966,0.009534835815429688,0.00012387394963297993
1751,False,17,monitor,17,monitor,True,0.9982863664627075,0.016436075791716576,0.015468889847397804,0.0009671859443187714,7.087247411163844e-08
1752,False,20,piano,20,piano,True,0.9936498999595642,0.05020073428750038,0.046288732439279556,0.003912001848220825,1.616132635717804e-06
1753,False,9,desk,28,table,False,0.5375092029571533,1.1031920909881592,1.082255244255066,0.02093684673309326,0.00024039149866439402
1754,False,16,mantel,16,mantel,True,0.5927483439445496,1.3701415061950684,1.3332797288894653,0.03686177730560303,0.00032148140599019825
1755,False,11,dresser,11,dresser,True,0.7122056484222412,0.7298886775970459,0.7142395377159119,0.015649139881134033,0.00021655407908838242
1756,False,4,bookshelf,4,bookshelf,True,0.9829999208450317,0.10852798819541931,0.10533111542463303,0.0031968727707862854,3.0282765237643616e-06
1757,False,31,tv_stand,31,tv_stand,True,0.7266518473625183,0.9059702754020691,0.8769316077232361,0.029038667678833008,0.00024810340255498886
1758,False,18,night_stand,18,night_stand,True,0.9133090972900391,0.32484662532806396,0.3119542896747589,0.012892335653305054,9.873277303995565e-05
1759,False,14,guitar,14,guitar,True,0.9678766131401062,0.19441592693328857,0.18579880893230438,0.008617118000984192,1.5327746950788423e-05
1760,False,11,dresser,11,dresser,True,0.7446779012680054,0.7631027102470398,0.7476956844329834,0.015407025814056396,0.00018648947298061103
1761,False,17,monitor,20,piano,False,0.19831927120685577,2.732802629470825,2.6956357955932617,0.03716683387756348,0.00015936506679281592
1762,False,9,desk,9,desk,True,0.9188402891159058,0.4088645577430725,0.3958304524421692,0.01303410530090332,4.914500823360868e-05
1763,False,18,night_stand,11,dresser,False,0.4381589889526367,1.3136086463928223,1.300374150276184,0.013234496116638184,0.00012484111357480288
1764,False,15,lamp,32,vase,False,0.3138408362865448,1.6645135879516602,1.6303762197494507,0.03413736820220947,0.00033244476071558893
1765,False,27,stool,15,lamp,False,0.4789324998855591,1.7748209238052368,1.7340514659881592,0.04076945781707764,0.00029527972219511867
1766,False,34,xbox,34,xbox,True,0.7120299339294434,0.8836466073989868,0.8650020956993103,0.018644511699676514,0.00021590675169136375
1767,False,28,table,28,table,True,0.6727959513664246,0.7750966548919678,0.7494454979896545,0.025651156902313232,0.0004851134726777673
1768,False,20,piano,17,monitor,False,0.1511647254228592,2.7441134452819824,2.7064476013183594,0.03766584396362305,0.00014368147822096944
1769,False,0,airplane,0,airplane,True,0.9999658465385437,0.0004244910669513047,0.00038964819395914674,3.4842872992157936e-05,1.6737608521388836e-10
1770,False,3,bench,3,bench,True,0.9933231472969055,0.046301405876874924,0.0438397042453289,0.0024617016315460205,1.0435769581818022e-06
1771,False,5,car,5,car,True,0.9588562250137329,0.22525686025619507,0.21464896202087402,0.010607898235321045,2.692257476155646e-05
1772,False,28,table,9,desk,False,0.42533576488494873,1.2918872833251953,1.2542717456817627,0.03761553764343262,0.0004153942281845957
1773,False,32,vase,32,vase,True,0.9120351076126099,0.3215111494064331,0.3176057040691376,0.0039054453372955322,2.6124747819267213e-05
1774,False,24,sink,24,sink,True,0.6302124261856079,1.2436895370483398,1.2092372179031372,0.03445231914520264,0.00023764334036968648
1775,False,31,tv_stand,31,tv_stand,True,0.6666838526725769,1.1883411407470703,1.1615217924118042,0.026819348335266113,0.00020304910140112042
1776,False,5,car,5,car,True,0.994368314743042,0.0396428145468235,0.03695252165198326,0.0026902928948402405,1.8600746898300713e-06
1777,False,5,car,5,car,True,0.7264346480369568,1.0438647270202637,1.0160645246505737,0.02780020236968994,0.00019991269800812006
1778,False,29,tent,29,tent,True,0.6761871576309204,1.3469879627227783,1.3164236545562744,0.030564308166503906,0.00015915559197310358
1779,False,28,table,28,table,True,0.9507223963737488,0.2602037787437439,0.24953041970729828,0.010673359036445618,2.562672489148099e-05
1780,False,10,door,10,door,True,0.6470458507537842,0.7222921252250671,0.7133771181106567,0.0089150071144104,0.00013129493163432926
1781,False,5,car,5,car,True,0.9809360504150391,0.1180061623454094,0.11375413089990616,0.004252031445503235,5.2373761718627065e-06
1782,False,17,monitor,17,monitor,True,0.9991506338119507,0.008484411984682083,0.00816180557012558,0.0003226064145565033,9.94944304721912e-09
1783,False,14,guitar,14,guitar,True,0.9967026114463806,0.029194053262472153,0.027381356805562973,0.0018126964569091797,3.873146852129139e-07
1784,False,14,guitar,14,guitar,True,0.9322420954704285,0.3650786280632019,0.3484688103199005,0.01660981774330139,5.6669454352231696e-05
1785,False,30,toilet,30,toilet,True,0.9992128610610962,0.007255616597831249,0.006899348460137844,0.00035626813769340515,2.056621362100941e-08
1786,False,20,piano,20,piano,True,0.5982623100280762,1.7420690059661865,1.7104451656341553,0.03162384033203125,0.00021613898570649326
1787,False,28,table,28,table,True,0.7332416772842407,0.7992832660675049,0.7809521555900574,0.01833111047744751,0.0002039654937107116
1788,False,10,door,10,door,True,0.6038628816604614,0.8916544318199158,0.8748512268066406,0.016803205013275146,0.00014137041580397636
1789,False,10,door,10,door,True,0.7229074239730835,0.6894651055335999,0.6804465055465698,0.00901859998703003,8.846522541716695e-05
1790,False,31,tv_stand,31,tv_stand,True,0.674909234046936,1.390818476676941,1.3494354486465454,0.04138302803039551,0.0002711528504732996
1791,False,4,bookshelf,10,door,False,0.5884724855422974,0.9376341700553894,0.9208157062530518,0.016818463802337646,0.00012138741294620559
1792,False,9,desk,9,desk,True,0.9840036630630493,0.09819643944501877,0.0935625433921814,0.004633896052837372,6.128925178927602e-06
1793,False,23,range_hood,20,piano,False,0.9308090806007385,0.42695266008377075,0.40816470980644226,0.01878795027732849,4.909921335638501e-05
1794,False,26,stairs,23,range_hood,False,0.31932300329208374,2.2345566749572754,2.166231155395508,0.06832551956176758,0.000569467491004616
1795,False,31,tv_stand,31,tv_stand,True,0.9243547320365906,0.3304619789123535,0.3172730803489685,0.01318889856338501,6.308500451268628e-05
1796,False,31,tv_stand,3,bench,False,0.5034040212631226,0.9065614938735962,0.8836793899536133,0.02288210391998291,0.00037559366319328547
1797,False,2,bed,2,bed,True,0.9978793859481812,0.019365793094038963,0.017715882509946823,0.0016499105840921402,3.7863520674363826e-07
1798,False,5,car,5,car,True,0.9946104288101196,0.03720416873693466,0.03591392561793327,0.0012902431190013885,5.557289455282444e-07
1799,False,9,desk,25,sofa,False,0.9489187002182007,0.29239270091056824,0.28334224224090576,0.009050458669662476,2.2164302208693698e-05
1800,False,5,car,5,car,True,0.9614763259887695,0.21383920311927795,0.2035546898841858,0.010284513235092163,2.6043671823572367e-05
1801,False,16,mantel,16,mantel,True,0.9434585571289062,0.333526611328125,0.31715127825737,0.016375333070755005,3.6972422094549984e-05
1802,False,21,plant,21,plant,True,0.6048722267150879,0.9709447622299194,0.9561365246772766,0.014808237552642822,8.283947681775317e-05
1803,False,28,table,3,bench,False,0.5117546916007996,1.3751084804534912,1.3433829545974731,0.031725525856018066,0.0003344915166962892
1804,False,23,range_hood,23,range_hood,True,0.9807186722755432,0.10747580975294113,0.0991499200463295,0.008325889706611633,2.0044406483066268e-05
1805,False,19,person,21,plant,False,0.4160612225532532,1.5787279605865479,1.493468165397644,0.08525979518890381,0.0009008690831251442
1806,False,25,sofa,25,sofa,True,0.9215363264083862,0.4152183532714844,0.4045035243034363,0.010714828968048096,3.976159860030748e-05
1807,False,16,mantel,16,mantel,True,0.9921601414680481,0.05595520883798599,0.052595071494579315,0.0033601373434066772,1.5631532050974783e-06
1808,False,31,tv_stand,25,sofa,False,0.9167677164077759,0.44262444972991943,0.43309324979782104,0.009531199932098389,3.746201764442958e-05
1809,False,28,table,3,bench,False,0.3567677438259125,1.6031057834625244,1.5679781436920166,0.03512763977050781,0.00030492752557620406
1810,False,4,bookshelf,4,bookshelf,True,0.8325082063674927,0.6804976463317871,0.6631032824516296,0.01739436388015747,0.00010495867900317535
1811,False,23,range_hood,16,mantel,False,0.9730634689331055,0.16663622856140137,0.16050222516059875,0.006134003400802612,9.152558959613089e-06
1812,False,5,car,5,car,True,0.9909838438034058,0.058394238352775574,0.05682337284088135,0.001570865511894226,7.942698516671953e-07
1813,False,16,mantel,16,mantel,True,0.9633713960647583,0.23749679327011108,0.2257111668586731,0.011785626411437988,1.59361406986136e-05
1814,False,14,guitar,14,guitar,True,0.99757319688797,0.022092822939157486,0.020705420523881912,0.0013874024152755737,1.8646423427526315e-07
1815,False,17,monitor,17,monitor,True,0.9974923729896545,0.021383028477430344,0.020382340997457504,0.0010006874799728394,1.5056627944431966e-07
1816,False,17,monitor,17,monitor,True,0.3900240361690521,2.1756129264831543,2.1376092433929443,0.03800368309020996,0.00023322076594922692
1817,False,28,table,28,table,True,0.99452805519104,0.041885823011398315,0.039028432220220566,0.0028573907911777496,1.1794653573815594e-06
1818,False,21,plant,21,plant,True,0.7986021041870117,0.5940157175064087,0.584213137626648,0.009802579879760742,5.554224844672717e-05
1819,False,31,tv_stand,25,sofa,False,0.9767709374427795,0.14833146333694458,0.142618790268898,0.00571267306804657,7.292842838069191e-06
1820,False,2,bed,2,bed,True,0.5195350050926208,1.15427827835083,1.1180791854858398,0.036199092864990234,0.0006159417680464685
1821,False,21,plant,26,stairs,False,0.19656847417354584,2.3580846786499023,2.304133653640747,0.05395102500915527,0.00030814006458967924
1822,False,23,range_hood,23,range_hood,True,0.9255102276802063,0.37801116704940796,0.364772230386734,0.01323893666267395,2.8458849556045607e-05
1823,False,32,vase,32,vase,True,0.8901914358139038,0.3983650207519531,0.39314523339271545,0.005219787359237671,2.3238280846271664e-05
1824,False,7,cone,7,cone,True,0.9833871722221375,0.10239694267511368,0.09764565527439117,0.004751287400722504,6.063780801923713e-06
1825,False,25,sofa,25,sofa,True,0.982267439365387,0.12232370674610138,0.11830789595842361,0.004015810787677765,2.8325198400125373e-06
1826,False,32,vase,32,vase,True,0.9289239645004272,0.28085950016975403,0.27702128887176514,0.0038382112979888916,1.7309172108070925e-05
1827,False,0,airplane,0,airplane,True,0.9998340010643005,0.001795720774680376,0.00169228739105165,0.000103433383628726,1.668805094112713e-09
1828,False,6,chair,6,chair,True,0.9997363090515137,0.0028474328573793173,0.0026995253283530474,0.0001479075290262699,3.1021676338838233e-09
1829,False,9,desk,9,desk,True,0.997806966304779,0.018095793202519417,0.016536720097064972,0.0015590731054544449,3.785845592574333e-07
1830,False,2,bed,2,bed,True,0.9982702136039734,0.015642166137695312,0.014787605963647366,0.0008545601740479469,1.358120726990819e-07
1831,False,21,plant,21,plant,True,0.25290006399154663,1.800678014755249,1.7712680101394653,0.02941000461578369,0.00026891290326602757
1832,False,20,piano,26,stairs,False,0.3687942326068878,2.366132974624634,2.3193373680114746,0.04679560661315918,0.00023723399499431252
1833,False,20,piano,20,piano,True,0.9256945848464966,0.425960898399353,0.39700084924697876,0.028960049152374268,0.0001510584552306682
1834,False,32,vase,32,vase,True,0.5116651058197021,1.620424509048462,1.5958161354064941,0.024608373641967773,0.0001368795637972653
1835,False,17,monitor,17,monitor,True,0.9991316199302673,0.008614962920546532,0.008064034394919872,0.0005509285256266594,1.9739086809522632e-08
1836,False,25,sofa,25,sofa,True,0.9858217239379883,0.09781793504953384,0.09462278336286545,0.003195151686668396,2.437712282699067e-06
1837,False,16,mantel,16,mantel,True,0.9789442420005798,0.13673509657382965,0.12971988320350647,0.007015213370323181,7.513138825743226e-06
1838,False,6,chair,6,chair,True,0.9999473094940186,0.0006691089365631342,0.0006042351014912128,6.487383507192135e-05,3.5369090989334495e-10
1839,False,25,sofa,25,sofa,True,0.9813671112060547,0.12508299946784973,0.12000392377376556,0.0050790756940841675,5.073661668575369e-06
1840,False,23,range_hood,23,range_hood,True,0.7981916666030884,0.6719091534614563,0.6533221006393433,0.018587052822113037,0.0001742910098982975
1841,False,17,monitor,17,monitor,True,0.2992168962955475,2.5447800159454346,2.5035529136657715,0.041227102279663086,0.0002433724730508402
1842,False,13,glass_box,11,dresser,False,0.4535702168941498,1.519780158996582,1.498528242111206,0.021251916885375977,0.00016792063252069056
1843,False,33,wardrobe,33,wardrobe,True,0.517233669757843,1.1293139457702637,1.108466386795044,0.020847558975219727,0.0002197051653638482
1844,False,0,airplane,0,airplane,True,0.9998281598091125,0.0018786841537803411,0.001805721316486597,7.296283729374409e-05,9.56486556624725e-10
1845,False,20,piano,18,night_stand,False,0.4294615387916565,1.970463752746582,1.8817389011383057,0.08872485160827637,0.0005783914821222425
1846,False,28,table,28,table,True,0.9852843880653381,0.09272360801696777,0.08835247904062271,0.004371128976345062,4.010697466583224e-06
1847,False,3,bench,28,table,False,0.7855831384658813,0.7263295650482178,0.7036772966384888,0.022652268409729004,0.0001870150153990835
1848,False,13,glass_box,13,glass_box,True,0.5505871176719666,1.4968769550323486,1.459343671798706,0.03753328323364258,0.0003113551647402346
1849,False,32,vase,32,vase,True,0.8484912514686584,0.5185931921005249,0.5130936503410339,0.005499541759490967,2.8744532755808905e-05
1850,False,12,flower_pot,21,plant,False,0.5100874304771423,1.308885097503662,1.2862348556518555,0.02265024185180664,0.00013729116471949965
1851,False,31,tv_stand,31,tv_stand,True,0.8095354437828064,0.7631971836090088,0.7416908740997314,0.021506309509277344,0.00011528520553838462
1852,False,22,radio,11,dresser,False,0.30729416012763977,1.8314075469970703,1.8152124881744385,0.016195058822631836,9.39987730816938e-05
1853,False,26,stairs,26,stairs,True,0.6711834073066711,1.4074549674987793,1.3456753492355347,0.06177961826324463,0.0004191165207885206
1854,False,32,vase,32,vase,True,0.48074930906295776,1.4742107391357422,1.4554831981658936,0.018727540969848633,0.0001549070148030296
1855,False,23,range_hood,23,range_hood,True,0.8373149633407593,0.6390353441238403,0.6232225298881531,0.015812814235687256,0.00010898179607465863
1856,False,12,flower_pot,21,plant,False,0.39185675978660583,1.8708924055099487,1.8311901092529297,0.03970229625701904,0.00025955188903026283
1857,False,11,dresser,11,dresser,True,0.6229432225227356,1.3001716136932373,1.2745845317840576,0.025587081909179688,0.00018494112009648234
1858,False,23,range_hood,23,range_hood,True,0.46098291873931885,1.302516222000122,1.270082712173462,0.032433509826660156,0.00034024027991108596
1859,False,15,lamp,15,lamp,True,0.9814897179603577,0.11358234286308289,0.10868844389915466,0.004893898963928223,4.950969014316797e-06
1860,False,0,airplane,0,airplane,True,0.9992799758911133,0.0072215767577290535,0.006719800177961588,0.0005017765797674656,3.6422537874614136e-08
1861,False,28,table,9,desk,False,0.5025675892829895,1.2107830047607422,1.1881340742111206,0.022648930549621582,0.000292078941129148
1862,False,25,sofa,25,sofa,True,0.9987335801124573,0.011743657290935516,0.011030835099518299,0.0007128221914172173,6.504801319806575e-08
1863,False,32,vase,32,vase,True,0.9192577600479126,0.3111996650695801,0.30734488368034363,0.00385478138923645,1.4977443242969457e-05
1864,False,4,bookshelf,4,bookshelf,True,0.8132724165916443,0.5135152339935303,0.5035563707351685,0.009958863258361816,0.00015866981993895024
1865,False,28,table,9,desk,False,0.5445504188537598,1.098212718963623,1.0791860818862915,0.019026637077331543,0.00023356130986940116
1866,False,23,range_hood,23,range_hood,True,0.9529370665550232,0.2489044964313507,0.23722709715366364,0.011677399277687073,2.5454957722104155e-05
1867,False,17,monitor,17,monitor,True,0.9820430278778076,0.1275571882724762,0.12169366329908371,0.005863524973392487,5.433023488876643e-06
1868,False,28,table,28,table,True,0.776300847530365,0.7298701405525208,0.7083383798599243,0.021531760692596436,0.00018100148008670658
1869,False,17,monitor,17,monitor,True,0.9835148453712463,0.12175625562667847,0.11681816726922989,0.004938088357448578,2.5351903332193615e-06
1870,False,14,guitar,14,guitar,True,0.9938810467720032,0.04868397116661072,0.0462266206741333,0.002457350492477417,8.273625553556485e-07
1871,False,21,plant,15,lamp,False,0.2835540771484375,1.9118415117263794,1.8886582851409912,0.023183226585388184,0.0001747620408423245
1872,False,18,night_stand,11,dresser,False,0.38335198163986206,1.5920946598052979,1.5701942443847656,0.021900415420532227,0.000178835034603253
1873,False,20,piano,15,lamp,False,0.1992725133895874,2.612318515777588,2.566950559616089,0.04536795616149902,0.00017480856331530958
1874,False,13,glass_box,13,glass_box,True,0.9993506669998169,0.005799415055662394,0.005398117005825043,0.00040129804983735085,3.849856611282121e-08
1875,False,20,piano,20,piano,True,0.9925422072410583,0.053785085678100586,0.049730390310287476,0.00405469536781311,2.076082864732598e-06
1876,False,32,vase,32,vase,True,0.8008599877357483,0.7382916212081909,0.723322331905365,0.014969289302825928,0.00010980601655319333
1877,False,14,guitar,14,guitar,True,0.9945591688156128,0.0452328659594059,0.04184959456324577,0.0033832713961601257,1.147957277680689e-06
1878,False,17,monitor,28,table,False,0.2020338624715805,2.661290168762207,2.62498140335083,0.03630876541137695,0.00017056941578630358
1879,False,13,glass_box,13,glass_box,True,0.9899762868881226,0.06921873241662979,0.06249651312828064,0.006722219288349152,5.982751190458657e-06
1880,False,16,mantel,16,mantel,True,0.998277485370636,0.015944557264447212,0.014993824996054173,0.0009507322683930397,6.900773286133699e-08
1881,False,17,monitor,17,monitor,True,0.9902009963989258,0.07153812795877457,0.06854969263076782,0.0029884353280067444,1.280789888369327e-06
1882,False,33,wardrobe,33,wardrobe,True,0.5157939195632935,1.482994794845581,1.4533451795578003,0.02964961528778076,0.00022480681946035475
1883,False,15,lamp,15,lamp,True,0.8301815390586853,0.7185768485069275,0.701623260974884,0.016953587532043457,8.51953009259887e-05
1884,False,5,car,5,car,True,0.9860315918922424,0.08760983496904373,0.08472136408090591,0.0028884708881378174,2.434733687550761e-06
1885,False,31,tv_stand,31,tv_stand,True,0.7198912501335144,1.1238112449645996,1.057065486907959,0.06674575805664062,0.0004750294319819659
1886,False,5,car,5,car,True,0.9940916299819946,0.03981032222509384,0.0381394661962986,0.0016708560287952423,9.251998562831432e-07
1887,False,32,vase,32,vase,True,0.5581790804862976,1.4638185501098633,1.445703148841858,0.01811540126800537,0.00011731645645340905
1888,False,20,piano,20,piano,True,0.933581531047821,0.40374690294265747,0.3810274004936218,0.022719502449035645,6.157811003504321e-05
1889,False,4,bookshelf,4,bookshelf,True,0.9468926191329956,0.257488876581192,0.2507900595664978,0.006698817014694214,2.006416798394639e-05
1890,False,20,piano,20,piano,True,0.9931202530860901,0.054268911480903625,0.04893769696354866,0.005331214517354965,2.629894652272924e-06
1891,False,6,chair,6,chair,True,0.7781872749328613,0.8799620866775513,0.8550868034362793,0.024875283241271973,0.00013451921404339373
1892,False,9,desk,9,desk,True,0.7593885064125061,0.7891272306442261,0.7474620342254639,0.04166519641876221,0.0005895374924875796
1893,False,4,bookshelf,4,bookshelf,True,0.9803109765052795,0.13222607970237732,0.12870149314403534,0.00352458655834198,3.0559326660295483e-06
1894,False,16,mantel,34,xbox,False,0.5211052894592285,1.3042171001434326,1.2716232538223267,0.03259384632110596,0.00021388023742474616
1895,False,13,glass_box,13,glass_box,True,0.4323927164077759,1.7314262390136719,1.6922744512557983,0.039151787757873535,0.0002891447802539915
1896,False,30,toilet,30,toilet,True,0.9991686344146729,0.008038649335503578,0.007501786574721336,0.0005368627607822418,3.7408863562404804e-08
1897,False,17,monitor,17,monitor,True,0.9773575067520142,0.15298885107040405,0.14794887602329254,0.005039975047111511,4.396010353957536e-06
1898,False,14,guitar,14,guitar,True,0.9953051805496216,0.03925444930791855,0.0366029255092144,0.0026515237987041473,8.509078384122404e-07
1899,False,4,bookshelf,4,bookshelf,True,0.9907665252685547,0.06600325554609299,0.06390304863452911,0.0021002069115638733,1.3236877975941752e-06
1900,False,16,mantel,16,mantel,True,0.9189935922622681,0.3504732847213745,0.3425534665584564,0.00791981816291809,3.961973197874613e-05
1901,False,21,plant,21,plant,True,0.41840797662734985,1.7991055250167847,1.748390555381775,0.050714969635009766,0.0003636541368905455
1902,False,19,person,19,person,True,0.23088635504245758,2.229107141494751,2.197552442550659,0.0315546989440918,0.00015472392260562629
1903,False,23,range_hood,29,tent,False,0.3831029236316681,2.160975694656372,2.1204822063446045,0.04049348831176758,0.0002341989747947082
1904,False,27,stool,15,lamp,False,0.44567880034446716,1.5353542566299438,1.4770488739013672,0.05830538272857666,0.000533788523171097
1905,False,0,airplane,0,airplane,True,0.9998579621315002,0.001668235519900918,0.001544071245007217,0.00012416427489370108,1.3362219108969953e-09
1906,False,21,plant,8,curtain,False,0.48341047763824463,1.4220503568649292,1.3581587076187134,0.06389164924621582,0.0005910148611292243
1907,False,31,tv_stand,31,tv_stand,True,0.8047563433647156,0.7956653833389282,0.7611355185508728,0.03452986478805542,0.00020194977696519345
1908,False,0,airplane,0,airplane,True,0.9995722770690918,0.004507733508944511,0.0042436509393155575,0.00026408256962895393,1.0583367959782208e-08
1909,False,15,lamp,31,tv_stand,False,0.5192826986312866,1.8222403526306152,1.78458571434021,0.03765463829040527,0.0002280588960275054
1910,False,0,airplane,0,airplane,True,0.9986690878868103,0.012818841263651848,0.0120408795773983,0.0007779616862535477,7.842771765353973e-08
1911,False,4,bookshelf,4,bookshelf,True,0.7804569602012634,0.5686163306236267,0.5587478876113892,0.009868443012237549,0.00016789976507425308
1912,False,20,piano,23,range_hood,False,0.41940954327583313,1.6842119693756104,1.6374086141586304,0.04680335521697998,0.0004737930139526725
1913,False,19,person,16,mantel,False,0.47449690103530884,2.0714473724365234,2.015634059906006,0.05581331253051758,0.0004217966634314507
1914,False,32,vase,32,vase,True,0.9118866324424744,0.3299369215965271,0.32591918110847473,0.004017740488052368,2.0161898646620102e-05
1915,False,13,glass_box,13,glass_box,True,0.690176784992218,1.1731946468353271,1.1486552953720093,0.02453935146331787,0.00018006845493800938
1916,False,32,vase,32,vase,True,0.8658590316772461,0.4592329263687134,0.45292016863822937,0.006312757730484009,3.9986342017073184e-05
1917,False,4,bookshelf,31,tv_stand,False,0.513946533203125,1.4574111700057983,1.4083123207092285,0.049098849296569824,0.0004972540773451328
1918,False,30,toilet,30,toilet,True,0.9977936744689941,0.01854684390127659,0.017061404883861542,0.0014854390174150467,2.885639673877449e-07
1919,False,31,tv_stand,31,tv_stand,True,0.7140040993690491,0.7885633707046509,0.7555949687957764,0.03296840190887451,0.0004381223989184946
1920,False,28,table,28,table,True,0.8817462921142578,0.5104461908340454,0.4971480369567871,0.0132981538772583,6.053313336451538e-05
1921,False,18,night_stand,18,night_stand,True,0.7153789401054382,1.085928201675415,1.0537545680999756,0.03217363357543945,0.000242472073296085
1922,False,0,airplane,0,airplane,True,0.9997892379760742,0.0022612991742789745,0.0021452626679092646,0.00011603650636970997,2.2356922979582805e-09
1923,False,5,car,5,car,True,0.9924111366271973,0.049288563430309296,0.04669340327382088,0.0025951601564884186,2.2472063392342534e-06
1924,False,17,monitor,17,monitor,True,0.9981850385665894,0.01642654463648796,0.015610369853675365,0.0008161747828125954,7.951287983587463e-08
1925,False,32,vase,32,vase,True,0.9222143292427063,0.3028656542301178,0.29935625195503235,0.0035094022750854492,1.8144643036066554e-05
1926,False,31,tv_stand,31,tv_stand,True,0.8440167903900146,0.5670732259750366,0.550043523311615,0.01702970266342163,0.00010759547876659781
1927,False,0,airplane,0,airplane,True,0.9996079206466675,0.004048098344355822,0.0038327283691614866,0.00021536997519433498,7.961624248764565e-09
1928,False,15,lamp,15,lamp,True,0.6253144145011902,1.380077838897705,1.332283616065979,0.047794222831726074,0.0002967453619930893
1929,False,25,sofa,24,sink,False,0.21048107743263245,2.7137675285339355,2.6797585487365723,0.03400897979736328,0.0001426885719411075
1930,False,27,stool,6,chair,False,0.7372207045555115,0.9832375049591064,0.9404981732368469,0.04273933172225952,0.0003490305971354246
1931,False,3,bench,26,stairs,False,0.515012264251709,1.7010395526885986,1.6525319814682007,0.04850757122039795,0.0003935032873414457
1932,False,18,night_stand,18,night_stand,True,0.5810002088546753,1.4344226121902466,1.4095265865325928,0.02489602565765381,0.00014302473573479801
1933,False,20,piano,20,piano,True,0.9963068962097168,0.03100002184510231,0.028757860884070396,0.0022421609610319138,6.377316026373592e-07
1934,False,1,bathtub,1,bathtub,True,0.7961927652359009,0.8118122220039368,0.7967497706413269,0.015062451362609863,6.661071529379115e-05
1935,False,8,curtain,8,curtain,True,0.300098180770874,1.6612634658813477,1.5860027074813843,0.07526075839996338,0.0008714229916222394
1936,False,34,xbox,2,bed,False,0.9963297247886658,0.033398181200027466,0.031712498515844345,0.0016856826841831207,3.7157212773308856e-07
1937,False,17,monitor,17,monitor,True,0.9964417815208435,0.02959693782031536,0.02809547260403633,0.0015014652162790298,3.2487784551449295e-07
1938,False,13,glass_box,13,glass_box,True,0.4567290246486664,1.8409847021102905,1.8070262670516968,0.03395843505859375,0.00022774931858293712
1939,False,31,tv_stand,4,bookshelf,False,0.8003761768341064,0.6185970306396484,0.606921911239624,0.011675119400024414,0.00010391537944087759
1940,False,9,desk,9,desk,True,0.9521311521530151,0.27086520195007324,0.25711479783058167,0.013750404119491577,2.9681283194804564e-05
1941,False,14,guitar,14,guitar,True,0.9994348287582397,0.005607494153082371,0.005051149521023035,0.0005563446320593357,4.285488230948431e-08
1942,False,28,table,28,table,True,0.4320475161075592,1.6146888732910156,1.5638518333435059,0.050837039947509766,0.00042028346797451377
1943,False,31,tv_stand,31,tv_stand,True,0.7339601516723633,0.7529996037483215,0.7137095332145691,0.03929007053375244,0.0005956596578471363
1944,False,20,piano,20,piano,True,0.9463096857070923,0.3383883833885193,0.3247423768043518,0.01364600658416748,3.07100526697468e-05
1945,False,25,sofa,25,sofa,True,0.9703863263130188,0.19173401594161987,0.18659327924251556,0.005140736699104309,6.122894774307497e-06
1946,False,5,car,5,car,True,0.9908543229103088,0.057632122188806534,0.055397044867277145,0.0022350773215293884,1.9994090507680085e-06
1947,False,32,vase,32,vase,True,0.8786326050758362,0.42934450507164,0.42529910802841187,0.004045397043228149,1.8993569028680213e-05
1948,False,17,monitor,17,monitor,True,0.9989916086196899,0.009590123780071735,0.008987726643681526,0.0006023971363902092,2.59848516037664e-08
1949,False,32,vase,32,vase,True,0.862065315246582,0.49842703342437744,0.4914306402206421,0.0069963932037353516,2.213723746535834e-05
1950,False,4,bookshelf,4,bookshelf,True,0.8414860367774963,0.48813995718955994,0.47730690240859985,0.010833054780960083,0.00011577914847293869
1951,False,3,bench,28,table,False,0.8793020248413086,0.6015991568565369,0.581556499004364,0.02004265785217285,8.719384641153738e-05
1952,False,23,range_hood,23,range_hood,True,0.45462778210639954,2.0614354610443115,2.0180952548980713,0.043340206146240234,0.000257550913374871
1953,False,16,mantel,16,mantel,True,0.9896613359451294,0.08034020662307739,0.07477319985628128,0.005567006766796112,2.985557557622087e-06
1954,False,2,bed,2,bed,True,0.9983196258544922,0.015732983127236366,0.014866102486848831,0.0008668806403875351,9.793117072831592e-08
1955,False,9,desk,9,desk,True,0.9770246148109436,0.14410479366779327,0.13734769821166992,0.006757095456123352,9.55062478169566e-06
1956,False,10,door,10,door,True,0.7384628057479858,0.6661415100097656,0.6580612659454346,0.008080244064331055,8.138371049426496e-05
1957,False,23,range_hood,23,range_hood,True,0.7383938431739807,0.889342725276947,0.862263023853302,0.02707970142364502,0.00023135941592045128
1958,False,12,flower_pot,32,vase,False,0.28979748487472534,1.7763049602508545,1.7291909456253052,0.047114014625549316,0.0003440583241172135
1959,False,32,vase,32,vase,True,0.7875253558158875,0.7981257438659668,0.7861319780349731,0.011993765830993652,5.848223008797504e-05
1960,False,9,desk,24,sink,False,0.6111054420471191,1.6049113273620605,1.5528537034988403,0.052057623863220215,0.0003327464801259339
1961,False,25,sofa,25,sofa,True,0.8953304290771484,0.5198816061019897,0.5064826011657715,0.013399004936218262,6.555984145961702e-05
1962,False,13,glass_box,13,glass_box,True,0.565112829208374,1.4916977882385254,1.466006875038147,0.025690913200378418,0.00019726791651919484
1963,False,32,vase,32,vase,True,0.8754962086677551,0.4472460150718689,0.4420166015625,0.0052294135093688965,1.7954174836631864e-05
1964,False,0,airplane,0,airplane,True,0.9999874830245972,0.00017081902478821576,0.00015940878074616194,1.1410244042053819e-05,1.8645729057964466e-11
1965,False,12,flower_pot,32,vase,False,0.39659762382507324,1.4158594608306885,1.3957055807113647,0.02015388011932373,0.00017586987814866006
1966,False,0,airplane,0,airplane,True,0.9998322129249573,0.0018436217214912176,0.0017039560480043292,0.0001396656734868884,3.800330272696328e-09
1967,False,14,guitar,14,guitar,True,0.9865941405296326,0.09972089529037476,0.0942501425743103,0.005470752716064453,4.32852357334923e-06
1968,False,31,tv_stand,17,monitor,False,0.9018377065658569,0.5271251201629639,0.5088744163513184,0.018250703811645508,6.736089562764391e-05
1969,False,0,airplane,0,airplane,True,0.9999836087226868,0.0002278356405440718,0.0002087217872031033,1.911385334096849e-05,2.2434774524238144e-11
1970,False,17,monitor,17,monitor,True,0.9972975850105286,0.024230334907770157,0.02312331832945347,0.0011070165783166885,1.2718597020011657e-07
1971,False,6,chair,6,chair,True,0.9999213218688965,0.000948647502809763,0.0008775737369433045,7.107376586645842e-05,3.2482952438961377e-10
1972,False,11,dresser,11,dresser,True,0.6013616323471069,0.9124486446380615,0.8954165577888489,0.017032086849212646,0.00025277771055698395
1973,False,11,dresser,11,dresser,True,0.504143476486206,1.3008480072021484,1.2874760627746582,0.013371944427490234,0.00010543612734181806
1974,False,16,mantel,16,mantel,True,0.9549515247344971,0.2764776051044464,0.25813570618629456,0.018341898918151855,4.513209205470048e-05
1975,False,19,person,21,plant,False,0.28112173080444336,1.9934070110321045,1.9639194011688232,0.02948760986328125,0.00018309467122890055
1976,False,19,person,26,stairs,False,0.38478222489356995,1.5780622959136963,1.5207617282867432,0.057300567626953125,0.000637770164757967
1977,False,32,vase,32,vase,True,0.8191997408866882,0.6238492727279663,0.6155247092247009,0.00832456350326538,4.4477288611233234e-05
1978,False,16,mantel,16,mantel,True,0.9140545129776001,0.4747329652309418,0.4602490961551666,0.014483869075775146,3.9941594877745956e-05
1979,False,25,sofa,25,sofa,True,0.9085314273834229,0.4915202260017395,0.48080161213874817,0.010718613862991333,3.2409345294581726e-05
1980,False,30,toilet,30,toilet,True,0.9989476203918457,0.009979985654354095,0.0094972625374794,0.0004827231168746948,2.7794232693167942e-08
1981,False,26,stairs,26,stairs,True,0.8871660828590393,0.5831716060638428,0.557992696762085,0.025178909301757812,0.00011660713789751753
1982,False,27,stool,27,stool,True,0.6153166890144348,1.2138739824295044,1.1686385869979858,0.045235395431518555,0.00037399132270365953
1983,False,5,car,5,car,True,0.9418100118637085,0.31357669830322266,0.3001997768878937,0.01337692141532898,3.300150274299085e-05
1984,False,17,monitor,11,dresser,False,0.2932819426059723,2.266376256942749,2.242631435394287,0.023744821548461914,0.00012772598711308092
1985,False,14,guitar,14,guitar,True,0.9898427724838257,0.07729407399892807,0.07178515940904617,0.005508914589881897,2.5950325834855903e-06
1986,False,2,bed,25,sofa,False,0.5406968593597412,1.575578212738037,1.5501452684402466,0.025432944297790527,0.0002486776211299002
1987,False,8,curtain,8,curtain,True,0.7192447781562805,0.7818399667739868,0.7605807781219482,0.021259188652038574,0.00019164374680258334
1988,False,1,bathtub,1,bathtub,True,0.3311026394367218,2.117232322692871,2.079845905303955,0.037386417388916016,0.00022290900233201683
1989,False,23,range_hood,23,range_hood,True,0.9655115008354187,0.1844410002231598,0.17548930644989014,0.008951693773269653,1.903329393826425e-05
1990,False,2,bed,2,bed,True,0.9989476203918457,0.010857963003218174,0.010084515437483788,0.0007734475657343864,7.267870216765004e-08
1991,False,20,piano,20,piano,True,0.85788494348526,0.7571108341217041,0.7331256866455078,0.02398514747619629,9.736446372698992e-05
1992,False,24,sink,24,sink,True,0.6515325903892517,1.511519193649292,1.4692102670669556,0.042308926582336426,0.00027003444847650826
1993,False,32,vase,32,vase,True,0.7058405876159668,1.0253033638000488,0.9996391534805298,0.025664210319519043,0.00022839012672193348
1994,False,28,table,28,table,True,0.9653139114379883,0.1869482398033142,0.17607708275318146,0.010871157050132751,3.034756809938699e-05
1995,False,16,mantel,16,mantel,True,0.9960554242134094,0.03443596512079239,0.03225535899400711,0.0021806061267852783,3.8186669826245634e-07
1996,False,30,toilet,30,toilet,True,0.9990228414535522,0.009038714691996574,0.008339250460267067,0.0006994642317295074,6.368001947976154e-08
1997,False,17,monitor,17,monitor,True,0.9993308186531067,0.006828428246080875,0.006458859890699387,0.0003695683553814888,1.0956072493684132e-08
1998,False,13,glass_box,11,dresser,False,0.45729103684425354,1.7268497943878174,1.7111059427261353,0.01574385166168213,9.940980817191303e-05
1999,False,33,wardrobe,33,wardrobe,True,0.4382138252258301,1.2508020401000977,1.2233221530914307,0.027479887008666992,0.00017895674682222307
2000,False,23,range_hood,21,plant,False,0.22954048216342926,2.4618616104125977,2.4134767055511475,0.048384904861450195,0.0002528892073314637
2001,False,18,night_stand,18,night_stand,True,0.7526447772979736,0.7800712585449219,0.7660256028175354,0.014045655727386475,0.00011102465214207768
2002,False,13,glass_box,18,night_stand,False,0.37170645594596863,1.331390619277954,1.3125234842300415,0.018867135047912598,0.000209978868952021
2003,False,18,night_stand,18,night_stand,True,0.6384437680244446,1.2617660760879517,1.235589861869812,0.02617621421813965,0.0002188805228797719
2004,False,21,plant,0,airplane,False,0.7293063998222351,0.8069438934326172,0.7497578263282776,0.0571860671043396,0.0009734050836414099
2005,False,16,mantel,16,mantel,True,0.9854446649551392,0.09123727679252625,0.08679953217506409,0.004437744617462158,4.498387625062605e-06
2006,False,0,airplane,0,airplane,True,0.9997833371162415,0.0023852307349443436,0.0021876676473766565,0.00019756308756768703,5.904510658183426e-09
2007,False,1,bathtub,1,bathtub,True,0.937833309173584,0.3367074131965637,0.3221309185028076,0.014576494693756104,3.694937186082825e-05
2008,False,34,xbox,2,bed,False,0.357671856880188,1.623868465423584,1.5333760976791382,0.0904923677444458,0.0010562407551333308
2009,False,9,desk,9,desk,True,0.9446032047271729,0.2651115655899048,0.25187259912490845,0.013238966464996338,5.766249159933068e-05
2010,False,2,bed,2,bed,True,0.9987022280693054,0.010823686607182026,0.009445899166166782,0.0013777874410152435,3.146035680856585e-07
2011,False,0,airplane,0,airplane,True,0.9999851584434509,0.00019873626297339797,0.0001821719342842698,1.656432868912816e-05,4.273149889488792e-11
2012,False,20,piano,20,piano,True,0.9930533170700073,0.05743978172540665,0.05327049270272255,0.004169289022684097,2.155526090064086e-06
2013,False,5,car,5,car,True,0.9121481776237488,0.4199584126472473,0.4012804925441742,0.01867792010307312,9.213203884428367e-05
2014,False,6,chair,6,chair,True,0.999986469745636,0.0001880276540759951,0.00017230601224582642,1.5721641830168664e-05,1.8169698384751243e-11
2015,False,17,monitor,17,monitor,True,0.9779688119888306,0.13386860489845276,0.12665535509586334,0.0072132498025894165,1.3289188245835248e-05
2016,False,0,airplane,0,airplane,True,0.9994219541549683,0.00561265554279089,0.005326355807483196,0.0002862997353076935,1.34901361192874e-08
2017,False,30,toilet,30,toilet,True,0.9977917075157166,0.019224464893341064,0.018616793677210808,0.0006076712161302567,5.24857135530965e-08
2018,False,13,glass_box,13,glass_box,True,0.9955448508262634,0.03331933543086052,0.031350307166576385,0.001969028264284134,7.411383080579981e-07
2019,False,28,table,28,table,True,0.9916037917137146,0.05999302491545677,0.05430835857987404,0.005684666335582733,3.7414317830553045e-06
2020,False,13,glass_box,13,glass_box,True,0.5598117113113403,1.5760841369628906,1.5415105819702148,0.03457355499267578,0.0003014463873114437
2021,False,8,curtain,8,curtain,True,0.5041937828063965,1.6469765901565552,1.6046472787857056,0.04232931137084961,0.00026243741740472615
2022,False,21,plant,32,vase,False,0.4486837089061737,1.666477084159851,1.6428163051605225,0.023660778999328613,0.00015330839960370213
2023,False,18,night_stand,18,night_stand,True,0.6407724022865295,1.1886532306671143,1.1510001420974731,0.03765308856964111,0.00036593805998563766
2024,False,10,door,10,door,True,0.7278929352760315,0.721464216709137,0.710024893283844,0.011439323425292969,7.628133607795462e-05
2025,False,32,vase,32,vase,True,0.24591495096683502,2.4372758865356445,2.3993544578552246,0.03792142868041992,0.00018859939882531762
2026,False,9,desk,25,sofa,False,0.2668493092060089,1.8566677570343018,1.816860318183899,0.03980743885040283,0.0003834477683994919
2027,False,13,glass_box,13,glass_box,True,0.9385100603103638,0.3392687737941742,0.3261829912662506,0.013085782527923584,3.690247831400484e-05
2028,False,13,glass_box,13,glass_box,True,0.9416590332984924,0.320811003446579,0.3019522428512573,0.018858760595321655,6.100925384089351e-05
2029,False,18,night_stand,11,dresser,False,0.485409677028656,1.3102221488952637,1.289232611656189,0.020989537239074707,0.00021712799207307398
2030,False,13,glass_box,13,glass_box,True,0.6751223802566528,1.0323790311813354,1.0029292106628418,0.029449820518493652,0.00039179122541099787
2031,False,18,night_stand,18,night_stand,True,0.7974905967712402,0.9117021560668945,0.8875538110733032,0.02414834499359131,0.00011793569137807935
2032,False,20,piano,20,piano,True,0.499174565076828,2.035884380340576,1.9883463382720947,0.047538042068481445,0.0003885280166286975
2033,False,16,mantel,16,mantel,True,0.9854665398597717,0.08962821960449219,0.08445820957422256,0.005170010030269623,7.85207885201089e-06
2034,False,27,stool,18,night_stand,False,0.5307424664497375,1.5608755350112915,1.5229371786117554,0.03793835639953613,0.00023307664378080517
2035,False,4,bookshelf,4,bookshelf,True,0.8211442828178406,0.7706903219223022,0.7485338449478149,0.022156476974487305,0.00014057425141800195
2036,False,0,airplane,0,airplane,True,0.9999191761016846,0.0009746610885486007,0.0008473386988043785,0.00012732238974422216,1.7877618274653173e-09
2037,False,16,mantel,16,mantel,True,0.9921686053276062,0.060096725821495056,0.05770578607916832,0.0023909397423267365,7.264665669026726e-07
2038,False,32,vase,32,vase,True,0.9511827230453491,0.20497232675552368,0.2025076299905777,0.002464696764945984,9.9926892289659e-06
2039,False,14,guitar,14,guitar,True,0.9927268028259277,0.05793103575706482,0.05457290634512901,0.0033581294119358063,1.2751448821290978e-06
2040,False,14,guitar,14,guitar,True,0.998863935470581,0.011234760284423828,0.010496539995074272,0.000738220289349556,4.587335311612151e-08
2041,False,28,table,28,table,True,0.9560507535934448,0.2384570837020874,0.2303919494152069,0.008065134286880493,1.731637712509837e-05
2042,False,23,range_hood,23,range_hood,True,0.9403982162475586,0.2427743673324585,0.23443250358104706,0.008341863751411438,4.151279426878318e-05
2043,False,5,car,5,car,True,0.9982206225395203,0.014164801687002182,0.013565187342464924,0.0005996143445372581,9.336658735037418e-08
2044,False,29,tent,29,tent,True,0.9341166019439697,0.35355162620544434,0.31820741295814514,0.035344213247299194,0.00010040969937108457
2045,False,23,range_hood,23,range_hood,True,0.7958531379699707,0.5358389616012573,0.511498749256134,0.02434021234512329,0.0004360444436315447
2046,False,14,guitar,14,guitar,True,0.9980092644691467,0.018077945336699486,0.01677689701318741,0.0013010483235120773,1.819476835862588e-07
2047,False,30,toilet,30,toilet,True,0.999394416809082,0.005937119945883751,0.005584053695201874,0.00035306625068187714,1.4505830314703871e-08
2048,False,20,piano,6,chair,False,0.32742053270339966,1.6381592750549316,1.566561222076416,0.07159805297851562,0.0009386599995195866
2049,False,30,toilet,30,toilet,True,0.999370813369751,0.006119691766798496,0.005911467131227255,0.00020822463557124138,7.538469404266834e-09
2050,False,21,plant,21,plant,True,0.6336129903793335,0.8628654479980469,0.8490002155303955,0.013865232467651367,0.00011716881272150204
2051,False,30,toilet,30,toilet,True,0.9990742802619934,0.008761708624660969,0.008265235461294651,0.0004964731633663177,3.317887831144617e-08
2052,False,16,mantel,16,mantel,True,0.7617552280426025,1.116342544555664,1.0796602964401245,0.03668224811553955,0.00024351145839318633
2053,False,1,bathtub,1,bathtub,True,0.4880199730396271,1.763692855834961,1.7364579439163208,0.027234911918640137,0.00021723895042669028
2054,False,25,sofa,25,sofa,True,0.9964554309844971,0.029559317976236343,0.02865823172032833,0.0009010862559080124,1.5604429393079045e-07
2055,False,28,table,28,table,True,0.9920303225517273,0.05748390778899193,0.05445724353194237,0.0030266642570495605,1.6085533616205794e-06
2056,False,19,person,19,person,True,0.45144516229629517,1.6069965362548828,1.5755815505981445,0.03141498565673828,0.0003108942764811218
2057,False,5,car,5,car,True,0.981652021408081,0.11462406069040298,0.11048399657011032,0.004140064120292664,4.562547928799177e-06
2058,False,1,bathtub,1,bathtub,True,0.7503986954689026,1.0282738208770752,1.0082530975341797,0.020020723342895508,0.00010270565690007061
2059,False,14,guitar,14,guitar,True,0.9900954365730286,0.07637651264667511,0.07250779122114182,0.0038687214255332947,1.7676377410680288e-06
2060,False,20,piano,20,piano,True,0.7605920433998108,1.129030704498291,1.1033142805099487,0.025716423988342285,0.00015529051597695798
2061,False,13,glass_box,13,glass_box,True,0.9991021752357483,0.007661694660782814,0.007066722493618727,0.0005949721671640873,6.373754501964868e-08
2062,False,25,sofa,25,sofa,True,0.9957285523414612,0.03553080931305885,0.03410704433917999,0.0014237649738788605,3.7028087263024645e-07
2063,False,2,bed,2,bed,True,0.9989112019538879,0.010410456918179989,0.009555541910231113,0.0008549150079488754,1.1056126680841771e-07
2064,False,28,table,28,table,True,0.9870292544364929,0.08429678529500961,0.08101456612348557,0.003282219171524048,2.6574575713311788e-06
2065,False,11,dresser,11,dresser,True,0.5709400177001953,1.328099012374878,1.2945531606674194,0.033545851707458496,0.0003392229264136404
2066,False,32,vase,32,vase,True,0.6702489852905273,1.1419532299041748,1.1210854053497314,0.02086782455444336,0.00012711384624708444
2067,False,25,sofa,25,sofa,True,0.9970780611038208,0.024646922945976257,0.02316301502287388,0.0014839079231023788,4.654628753542056e-07
2068,False,0,airplane,0,airplane,True,0.9997067451477051,0.0031793902162462473,0.0029784953221678734,0.0002008948940783739,5.005866832163974e-09
2069,False,20,piano,28,table,False,0.24357186257839203,2.312035083770752,2.251976490020752,0.06005859375,0.00041431665886193514
2070,False,13,glass_box,13,glass_box,True,0.4518035054206848,1.568929672241211,1.5364718437194824,0.032457828521728516,0.00030147351208142936
2071,False,29,tent,29,tent,True,0.5173429846763611,1.720224380493164,1.678614616394043,0.041609764099121094,0.00026084730052389205
2072,False,28,table,28,table,True,0.98623126745224,0.0879811942577362,0.08567093312740326,0.0023102611303329468,1.9225399228162132e-06
2073,False,6,chair,6,chair,True,0.9999544620513916,0.0005614844267256558,0.0005212438991293311,4.024052759632468e-05,1.903337210062972e-10
2074,False,16,mantel,16,mantel,True,0.995577335357666,0.03587949275970459,0.033756647258996964,0.0021228455007076263,4.951010623699403e-07
2075,False,14,guitar,14,guitar,True,0.9983226656913757,0.015366371721029282,0.014015072956681252,0.00135129876434803,1.7426837928269379e-07
2076,False,28,table,28,table,True,0.9705333113670349,0.16217392683029175,0.15554171800613403,0.006632208824157715,1.2395020348776598e-05
2077,False,31,tv_stand,31,tv_stand,True,0.553202748298645,1.0198631286621094,0.9651513695716858,0.054711759090423584,0.0008713199640624225
2078,False,23,range_hood,23,range_hood,True,0.8286318778991699,0.569465696811676,0.5522716045379639,0.017194092273712158,0.0001710548240225762
2079,False,23,range_hood,23,range_hood,True,0.811560332775116,0.5586714148521423,0.5348600149154663,0.023811399936676025,0.0003455789992585778
2080,False,13,glass_box,11,dresser,False,0.3557647168636322,1.457768440246582,1.4407851696014404,0.0169832706451416,0.0001736592676024884
2081,False,4,bookshelf,4,bookshelf,True,0.9900310039520264,0.06549878418445587,0.06331796944141388,0.002180814743041992,1.7096315332310041e-06
2082,False,20,piano,20,piano,True,0.9768640398979187,0.16988402605056763,0.16055899858474731,0.009325027465820312,8.931839147408027e-06
2083,False,0,airplane,0,airplane,True,0.9999980330467224,3.179335908498615e-05,3.0055089155212045e-05,1.7382699297741055e-06,3.2883594393469384e-13
2084,False,25,sofa,25,sofa,True,0.7154107093811035,1.0501196384429932,1.0275520086288452,0.02256762981414795,0.00020703727204818279
2085,False,18,night_stand,11,dresser,False,0.37075692415237427,1.6359626054763794,1.6174086332321167,0.018553972244262695,0.00010382304026279598
2086,False,6,chair,6,chair,True,0.9997555017471313,0.002703689504414797,0.002517548855394125,0.00018614064902067184,3.5926526198437614e-09
2087,False,17,monitor,17,monitor,True,0.9976242780685425,0.020942941308021545,0.01914840377867222,0.001794537529349327,3.009133138220932e-07
2088,False,17,monitor,17,monitor,True,0.9979199171066284,0.019111614674329758,0.017820080742239952,0.0012915339320898056,1.4599773123791238e-07
2089,False,5,car,5,car,True,0.9904526472091675,0.06417717784643173,0.060794901102781296,0.0033822767436504364,2.35062861975166e-06
2090,False,32,vase,32,vase,True,0.8633811473846436,0.4803887605667114,0.47499144077301025,0.005397319793701172,2.4953455067588948e-05
2091,False,14,guitar,14,guitar,True,0.9995806813240051,0.004546459764242172,0.0041460334323346615,0.00040042633190751076,2.0416043966520192e-08
2092,False,30,toilet,30,toilet,True,0.9994016289710999,0.006141671910881996,0.005696945823729038,0.0004447260871529579,1.5436784295275174e-08
2093,False,31,tv_stand,31,tv_stand,True,0.4999844431877136,1.3996628522872925,1.3626677989959717,0.0369950532913208,0.00043432170059531927
2094,False,6,chair,6,chair,True,0.9996404647827148,0.0037804306484758854,0.003476484911516309,0.0003039457369595766,1.0640185621468845e-08
2095,False,7,cone,7,cone,True,0.9795299172401428,0.11950668692588806,0.11470059305429459,0.004806093871593475,8.026131581573281e-06
2096,False,14,guitar,14,guitar,True,0.9834305047988892,0.11969856917858124,0.1139099970459938,0.005788572132587433,3.71740861737635e-06
2097,False,16,mantel,16,mantel,True,0.9981950521469116,0.015970613807439804,0.014927205629646778,0.001043408177793026,8.990282651666348e-08
2098,False,28,table,3,bench,False,0.4981497824192047,1.3382195234298706,1.2984731197357178,0.03974640369415283,0.0004658132675103843
2099,False,2,bed,2,bed,True,0.9965404272079468,0.031411632895469666,0.029807858169078827,0.0016037747263908386,2.8262576279303175e-07
2100,False,5,car,5,car,True,0.8921700119972229,0.48259100317955017,0.4683215916156769,0.014269411563873291,6.74094699206762e-05
2101,False,4,bookshelf,4,bookshelf,True,0.9720054864883423,0.18326528370380402,0.1769956350326538,0.0062696486711502075,6.3216921262210235e-06
2102,False,25,sofa,25,sofa,True,0.9965934157371521,0.02811203896999359,0.027000850066542625,0.0011111889034509659,2.2049566439363844e-07
2103,False,13,glass_box,11,dresser,False,0.3646572232246399,1.5023393630981445,1.480262041091919,0.022077322006225586,0.0001781434693839401
2104,False,6,chair,6,chair,True,0.9996958374977112,0.003303773235529661,0.003155453596264124,0.00014831963926553726,2.6073281311767005e-09
2105,False,2,bed,2,bed,True,0.9986556172370911,0.013283970765769482,0.012409934774041176,0.0008740359917283058,6.209198488704715e-08
2106,False,29,tent,5,car,False,0.5109153985977173,1.8053929805755615,1.7601211071014404,0.045271873474121094,0.0003455947444308549
2107,False,25,sofa,25,sofa,True,0.9962345361709595,0.03128400072455406,0.03031543828547001,0.000968562439084053,1.733720154106777e-07
2108,False,17,monitor,17,monitor,True,0.8769234418869019,0.5394128561019897,0.5200273990631104,0.019385457038879395,0.00013712233339902014
2109,False,21,plant,21,plant,True,0.7256882190704346,0.6368981599807739,0.6294456720352173,0.007452487945556641,0.00010804169141920283
2110,False,13,glass_box,13,glass_box,True,0.9643450975418091,0.21810796856880188,0.2020217776298523,0.016086190938949585,3.836636460619047e-05
2111,False,28,table,9,desk,False,0.8911333680152893,0.5176815986633301,0.4980274438858032,0.019654154777526855,9.015272371470928e-05
2112,False,23,range_hood,23,range_hood,True,0.8317053318023682,0.6922781467437744,0.6710473299026489,0.02123081684112549,0.0001200417464133352
2113,False,28,table,9,desk,False,0.5833224654197693,1.0405616760253906,1.025118350982666,0.01544332504272461,0.00019022349442820996
2114,False,4,bookshelf,4,bookshelf,True,0.8906213641166687,0.44579416513442993,0.43592774868011475,0.009866416454315186,5.8300654927734286e-05
2115,False,9,desk,9,desk,True,0.9484558701515198,0.2739790380001068,0.2662540376186371,0.0077250003814697266,1.9892091586370952e-05
2116,False,21,plant,21,plant,True,0.7065738439559937,0.8992380499839783,0.8845005631446838,0.014737486839294434,8.058657112997025e-05
2117,False,24,sink,31,tv_stand,False,0.24162162840366364,2.4227659702301025,2.3773510456085205,0.04541492462158203,0.00023582426365464926
2118,False,24,sink,24,sink,True,0.34418877959251404,2.2660741806030273,2.228829860687256,0.037244319915771484,0.00022785285545978695
2119,False,25,sofa,25,sofa,True,0.7844468951225281,0.9329980611801147,0.9136515855789185,0.01934647560119629,0.00013249112816993147
2120,False,9,desk,9,desk,True,0.9854276180267334,0.09889955818653107,0.09529852122068405,0.0036010369658470154,2.2525266558659496e-06
2121,False,17,monitor,17,monitor,True,0.9958531856536865,0.03408330678939819,0.03241172432899475,0.0016715824604034424,3.900913156940078e-07
2122,False,12,flower_pot,21,plant,False,0.5458349585533142,1.1936596632003784,1.164363145828247,0.029296517372131348,0.00016676106315571815
2123,False,29,tent,24,sink,False,0.23962032794952393,2.4919581413269043,2.4624295234680176,0.02952861785888672,0.00014121909043751657
2124,False,23,range_hood,23,range_hood,True,0.8588920831680298,0.523722767829895,0.5102766752243042,0.01344609260559082,0.00010883817594731227
2125,False,32,vase,32,vase,True,0.9185449481010437,0.2984655499458313,0.2948070168495178,0.0036585330963134766,2.2022362827556208e-05
2126,False,9,desk,26,stairs,False,0.6375353932380676,1.6662483215332031,1.611238718032837,0.05500960350036621,0.0003986931114923209
2127,False,31,tv_stand,6,chair,False,0.3062494099140167,2.2192554473876953,2.1465842723846436,0.07267117500305176,0.0006203045486472547
2128,False,28,table,28,table,True,0.9933653473854065,0.048576902598142624,0.04669281095266342,0.0018840916454792023,6.147415092527808e-07
2129,False,22,radio,32,vase,False,0.5342999696731567,1.6374294757843018,1.6124403476715088,0.02498912811279297,0.0001313838583882898
2130,False,28,table,28,table,True,0.9938104748725891,0.044961269944906235,0.04263119399547577,0.0023300759494304657,9.96309722722799e-07
2131,False,0,airplane,0,airplane,True,0.9999288320541382,0.0008539857808500528,0.0007422846392728388,0.000111701141577214,1.2952231509544276e-09
2132,False,30,toilet,30,toilet,True,0.9987372756004333,0.0114662516862154,0.01091398298740387,0.0005522686988115311,4.187641522435115e-08
2133,False,23,range_hood,20,piano,False,0.23143969476222992,2.410956859588623,2.3706021308898926,0.04035472869873047,0.00023343619250226766
2134,False,1,bathtub,20,piano,False,0.35932961106300354,2.004333734512329,1.9722540378570557,0.03207969665527344,0.00027231971034780145
2135,False,17,monitor,17,monitor,True,0.9975683093070984,0.022295713424682617,0.02090526558458805,0.0013904478400945663,1.958155593229094e-07
2136,False,26,stairs,26,stairs,True,0.7739344239234924,1.0491316318511963,1.0036847591400146,0.04544687271118164,0.00030306255212053657
2137,False,18,night_stand,18,night_stand,True,0.5515463948249817,1.0017814636230469,0.9857752919197083,0.016006171703338623,0.000204372190637514
2138,False,9,desk,28,table,False,0.6441882848739624,1.027204990386963,0.9904402494430542,0.03676474094390869,0.0005385917029343545
2139,False,6,chair,6,chair,True,0.9907996654510498,0.06358278542757034,0.05893324688076973,0.004649538546800613,4.5315750867302995e-06
2140,False,18,night_stand,18,night_stand,True,0.8848280906677246,0.47332853078842163,0.4629218876361847,0.010406643152236938,5.47014205949381e-05
2141,False,11,dresser,18,night_stand,False,0.7717603445053101,0.8175447583198547,0.7940384149551392,0.023506343364715576,0.00021900281717535108
2142,False,33,wardrobe,33,wardrobe,True,0.35503655672073364,1.7033439874649048,1.6563910245895386,0.04695296287536621,0.0004065321118105203
2143,False,4,bookshelf,4,bookshelf,True,0.8598807454109192,0.4951229691505432,0.48592814803123474,0.009194821119308472,6.0024573031114414e-05
2144,False,18,night_stand,18,night_stand,True,0.4816570281982422,1.0465739965438843,1.0298027992248535,0.01677119731903076,0.00021732923050876707
2145,False,16,mantel,16,mantel,True,0.9989094138145447,0.010066760703921318,0.009151305072009563,0.0009154556319117546,7.439451366053618e-08
2146,False,13,glass_box,13,glass_box,True,0.983672022819519,0.112673319876194,0.10761117190122604,0.0050621479749679565,4.764699042425491e-06
2147,False,7,cone,7,cone,True,0.9770748615264893,0.12980163097381592,0.12546050548553467,0.00434112548828125,5.6452581702615134e-06
2148,False,7,cone,7,cone,True,0.9420575499534607,0.29247069358825684,0.28541722893714905,0.007053464651107788,1.9865437934640795e-05
2149,False,25,sofa,25,sofa,True,0.9976074695587158,0.020839285105466843,0.01986420527100563,0.0009750798344612122,1.300210641375088e-07
2150,False,30,toilet,30,toilet,True,0.9992948770523071,0.006573711521923542,0.006281827110797167,0.0002918844111263752,1.519630110635717e-08
2151,False,25,sofa,25,sofa,True,0.6674618124961853,1.2436976432800293,1.2200944423675537,0.023603200912475586,0.00021363369887694716
2152,False,2,bed,2,bed,True,0.9991856813430786,0.008517133072018623,0.008135995827615261,0.0003811372444033623,1.229947699243894e-08
2153,False,16,mantel,16,mantel,True,0.9989247918128967,0.010371221229434013,0.009505067020654678,0.000866154208779335,4.6733209302374235e-08
2154,False,4,bookshelf,4,bookshelf,True,0.9647751450538635,0.21713539958000183,0.20990830659866333,0.007227092981338501,1.4508488675346598e-05
2155,False,2,bed,2,bed,True,0.995753824710846,0.03854679316282272,0.03658336028456688,0.001963432878255844,3.1163162361735885e-07
2156,False,13,glass_box,13,glass_box,True,0.9536473751068115,0.274375319480896,0.26022329926490784,0.01415202021598816,3.5739321901928633e-05
2157,False,33,wardrobe,33,wardrobe,True,0.42898714542388916,1.6950547695159912,1.661275863647461,0.03377890586853027,0.00022731207718607038
2158,False,9,desk,9,desk,True,0.8510919213294983,0.6138947010040283,0.5859404802322388,0.02795422077178955,0.0002111580251948908
2159,False,14,guitar,14,guitar,True,0.9998779892921448,0.0014463486149907112,0.001371256192214787,7.50924227759242e-05,6.233443206049571e-10
2160,False,9,desk,9,desk,True,0.49679920077323914,1.5584018230438232,1.5329337120056152,0.025468111038208008,0.00025450423709116876
2161,False,28,table,3,bench,False,0.42800092697143555,1.4056072235107422,1.3660304546356201,0.03957676887512207,0.00044643835281021893
2162,False,2,bed,2,bed,True,0.9993215799331665,0.007007963489741087,0.0065615251660346985,0.0004464383237063885,1.85839468258564e-08
2163,False,28,table,28,table,True,0.9774839282035828,0.13081227242946625,0.12562254071235657,0.00518973171710968,7.309694865398342e-06
2164,False,18,night_stand,18,night_stand,True,0.8227397799491882,0.5124725103378296,0.49129152297973633,0.02118098735809326,0.0003283171390648931
2165,False,17,monitor,17,monitor,True,0.9946935772895813,0.04199640452861786,0.0401216484606266,0.0018747560679912567,7.433790187860723e-07
2166,False,17,monitor,17,monitor,True,0.9990779161453247,0.00925648957490921,0.00886944867670536,0.0003870408982038498,1.362741386401467e-08
2167,False,5,car,5,car,True,0.9850159287452698,0.09155679494142532,0.08730998635292053,0.004246808588504791,4.307550170778995e-06
2168,False,13,glass_box,13,glass_box,True,0.9978660345077515,0.017514130100607872,0.016332047060132027,0.0011820830404758453,1.9919087890230003e-07
2169,False,0,airplane,0,airplane,True,0.9986315965652466,0.012407293543219566,0.011631939560174942,0.0007753539830446243,8.289944730677234e-08
2170,False,12,flower_pot,15,lamp,False,0.7431426048278809,1.0288596153259277,1.0049294233322144,0.02393019199371338,0.00015835373778827488
2171,False,16,mantel,16,mantel,True,0.9888483285903931,0.07780531048774719,0.07425840944051743,0.003546901047229767,1.758026428433368e-06
2172,False,17,monitor,17,monitor,True,0.9989816546440125,0.009611732326447964,0.008988527581095695,0.0006232047453522682,4.564176592225522e-08
2173,False,21,plant,32,vase,False,0.4004022479057312,1.4094278812408447,1.3673546314239502,0.04207324981689453,0.0003959122986998409
2174,False,30,toilet,30,toilet,True,0.9993820786476135,0.0060967872850596905,0.005766246002167463,0.00033054128289222717,1.3845861346339916e-08
2175,False,21,plant,21,plant,True,0.4540886878967285,1.7705085277557373,1.7358943223953247,0.0346142053604126,0.00017827215197030455
2176,False,14,guitar,14,guitar,True,0.9932593107223511,0.05312725901603699,0.04955604299902916,0.0035712160170078278,1.6280780528177274e-06
2177,False,30,toilet,30,toilet,True,0.999653697013855,0.003579718293622136,0.0033123719040304422,0.0002673463895916939,8.15854228619628e-09
2178,False,2,bed,2,bed,True,0.9995573163032532,0.004612633027136326,0.004264498129487038,0.0003481348976492882,1.3211242766431042e-08
2179,False,20,piano,20,piano,True,0.9966900944709778,0.02788384258747101,0.026230745017528534,0.0016530975699424744,3.1188889693112287e-07
2180,False,2,bed,2,bed,True,0.9806689620018005,0.13897983729839325,0.133511021733284,0.005468815565109253,3.979039775003912e-06
2181,False,0,airplane,0,airplane,True,0.9999419450759888,0.0007083723321557045,0.0006627743132412434,4.5598018914461136e-05,2.5096449918216024e-10
2182,False,26,stairs,26,stairs,True,0.8072389364242554,0.8211494088172913,0.7858558893203735,0.035293519496917725,0.0002709213877096772
2183,False,18,night_stand,18,night_stand,True,0.790467381477356,0.6442859768867493,0.6285614967346191,0.015724480152130127,0.0001734600809868425
2184,False,4,bookshelf,4,bookshelf,True,0.981495201587677,0.11838876456022263,0.11452547460794449,0.003863289952278137,4.243036528350785e-06
2185,False,6,chair,6,chair,True,0.9982939958572388,0.015163527801632881,0.014028256759047508,0.001135271042585373,1.8813534552464262e-07
2186,False,12,flower_pot,32,vase,False,0.820304274559021,0.5861190557479858,0.5784325003623962,0.0076865553855896,3.8387988752219826e-05
2187,False,31,tv_stand,31,tv_stand,True,0.8928770422935486,0.41989076137542725,0.396449476480484,0.023441284894943237,0.00016761648294050246
2188,False,32,vase,32,vase,True,0.2765493392944336,2.513920783996582,2.4659907817840576,0.047930002212524414,0.00027010508347302675
2189,False,30,toilet,30,toilet,True,0.36559632420539856,1.9212638139724731,1.8244001865386963,0.09686362743377686,0.00106416130438447
2190,False,6,chair,6,chair,True,0.9984844923019409,0.014653397724032402,0.013503030873835087,0.0011503668501973152,1.9034368392567558e-07
2191,False,30,toilet,30,toilet,True,0.9989072680473328,0.01041475497186184,0.009664825163781643,0.0007499298080801964,6.012508180219811e-08
2192,False,30,toilet,30,toilet,True,0.999122679233551,0.008222052827477455,0.007899688556790352,0.00032236427068710327,1.2346379918426464e-08
2193,False,13,glass_box,13,glass_box,True,0.9914708733558655,0.06408394873142242,0.0591706745326519,0.004913274198770523,2.872625827876618e-06
2194,False,33,wardrobe,31,tv_stand,False,0.7203173637390137,1.2391571998596191,1.2015727758407593,0.03758442401885986,0.00021192769054323435
2195,False,32,vase,21,plant,False,0.49193745851516724,1.2397792339324951,1.2212656736373901,0.01851356029510498,0.00016582127136643976
2196,False,23,range_hood,23,range_hood,True,0.9617655873298645,0.21613606810569763,0.2068958282470703,0.00924023985862732,1.719274587230757e-05
2197,False,5,car,5,car,True,0.9693331718444824,0.1741747260093689,0.17005649209022522,0.004118233919143677,5.7308438954351e-06
2198,False,6,chair,6,chair,True,0.9997739791870117,0.0022583813406527042,0.0020608645863831043,0.00019751675426959991,9.542023171604797e-09
2199,False,18,night_stand,11,dresser,False,0.5145392417907715,1.247850775718689,1.2320462465286255,0.015804529190063477,0.00016722721920814365
2200,False,1,bathtub,1,bathtub,True,0.9232566952705383,0.3913035988807678,0.37799692153930664,0.013306677341461182,3.6131215892964974e-05
2201,False,28,table,28,table,True,0.7109094262123108,0.6593514680862427,0.637394368648529,0.021957099437713623,0.0004148661973886192
2202,False,23,range_hood,23,range_hood,True,0.9513658285140991,0.21491186320781708,0.20409521460533142,0.010816648602485657,4.572781108436175e-05
2203,False,5,car,5,car,True,0.9786224961280823,0.11911427974700928,0.11422529071569443,0.00488898903131485,9.248752576240804e-06
2204,False,4,bookshelf,20,piano,False,0.4928344786167145,1.7803680896759033,1.7196345329284668,0.06073355674743652,0.0006556169828400016
2205,False,6,chair,6,chair,True,0.4127574563026428,1.3686745166778564,1.258570671081543,0.11010384559631348,0.0016654487699270248
2206,False,23,range_hood,23,range_hood,True,0.8026705980300903,0.848512589931488,0.8207108378410339,0.0278017520904541,0.00013091125583741814
2207,False,11,dresser,34,xbox,False,0.6213404536247253,1.2848361730575562,1.2511956691741943,0.033640503883361816,0.00024580108583904803
2208,False,16,mantel,16,mantel,True,0.9369930028915405,0.33303388953208923,0.32338038086891174,0.00965350866317749,2.4095155822578818e-05
2209,False,3,bench,3,bench,True,0.9784475564956665,0.13454055786132812,0.1274552047252655,0.007085353136062622,7.693719453527592e-06
2210,False,31,tv_stand,31,tv_stand,True,0.9101588129997253,0.3843119144439697,0.36764010787010193,0.016671806573867798,8.830078149912879e-05
2211,False,21,plant,21,plant,True,0.8133854269981384,0.5200846791267395,0.5115237236022949,0.00856095552444458,7.82011411502026e-05
2212,False,7,cone,7,cone,True,0.953821063041687,0.24549591541290283,0.2372327595949173,0.008263155817985535,2.165846490242984e-05
2213,False,2,bed,2,bed,True,0.998369038105011,0.015887539833784103,0.014932924881577492,0.0009546149522066116,9.49015088735905e-08
2214,False,25,sofa,25,sofa,True,0.9987874627113342,0.011512892320752144,0.010691322386264801,0.0008215699344873428,6.679142927623616e-08
2215,False,9,desk,9,desk,True,0.7456119656562805,0.7688533067703247,0.7418085336685181,0.02704477310180664,0.00039467884926125407
2216,False,5,car,5,car,True,0.9530187249183655,0.2611795663833618,0.24954043328762054,0.011639133095741272,3.2930922316154465e-05
2217,False,14,guitar,14,guitar,True,0.9924689531326294,0.059595175087451935,0.05554774031043053,0.004047434777021408,1.4896260154273477e-06
2218,False,16,mantel,16,mantel,True,0.8293085098266602,0.8445150852203369,0.8174624443054199,0.027052640914916992,0.00010858530004043132
2219,False,21,plant,26,stairs,False,0.3326375484466553,2.1429638862609863,2.107485294342041,0.03547859191894531,0.0002320564235560596
2220,False,6,chair,6,chair,True,0.9998477101325989,0.0017339244950562716,0.0016179927624762058,0.00011593173258006573,1.5816448151184659e-09
2221,False,30,toilet,30,toilet,True,0.9988253712654114,0.010557633824646473,0.009920911863446236,0.0006367219612002373,5.327646945829656e-08
2222,False,0,airplane,0,airplane,True,0.9997069835662842,0.0032233167439699173,0.0030023702420294285,0.00022094650194048882,4.602660919061918e-09
2223,False,15,lamp,15,lamp,True,0.954804003238678,0.26951292157173157,0.25748226046562195,0.01203066110610962,2.3225680706673302e-05
2224,False,17,monitor,17,monitor,True,0.9992492198944092,0.007695449516177177,0.00730963796377182,0.00038581155240535736,1.4760884958775478e-08
2225,False,12,flower_pot,21,plant,False,0.5038459897041321,1.326554298400879,1.3033870458602905,0.02316725254058838,0.0001697078114375472
2226,False,18,night_stand,18,night_stand,True,0.8864492774009705,0.4094087481498718,0.3978407680988312,0.01156798005104065,8.694494317751378e-05
2227,False,21,plant,21,plant,True,0.712420642375946,0.8338112831115723,0.8175870776176453,0.016224205493927002,7.394851127173752e-05
2228,False,4,bookshelf,4,bookshelf,True,0.8684173226356506,0.6665517091751099,0.6517688632011414,0.014782845973968506,6.90155866323039e-05
2229,False,4,bookshelf,4,bookshelf,True,0.9724222421646118,0.17878951132297516,0.1718689352273941,0.006920576095581055,9.800566658668686e-06
2230,False,26,stairs,5,car,False,0.8148696422576904,0.8193529844284058,0.7837591767311096,0.03559380769729614,0.0002633017429616302
2231,False,6,chair,6,chair,True,0.9995844960212708,0.00435795309022069,0.004112141206860542,0.0002458118833601475,5.683240988929583e-09
2232,False,31,tv_stand,13,glass_box,False,0.9955123066902161,0.03358488529920578,0.031095976009964943,0.002488909289240837,1.2507462088251486e-06
2233,False,9,desk,9,desk,True,0.5477491021156311,1.4827497005462646,1.4498026371002197,0.03294706344604492,0.0002427644794806838
2234,False,30,toilet,30,toilet,True,0.9990538954734802,0.008857948705554008,0.008230884559452534,0.0006270641461014748,4.811139575622292e-08
2235,False,33,wardrobe,11,dresser,False,0.3957020342350006,1.558644413948059,1.534659504890442,0.023984909057617188,0.00018108569202013314
2236,False,0,airplane,0,airplane,True,0.9999368786811829,0.0007476343889720738,0.0006720391102135181,7.559527875855565e-05,6.146664843775795e-10
2237,False,28,table,9,desk,False,0.6907320022583008,0.8842193484306335,0.8654140830039978,0.018805265426635742,0.0002552998485043645
2238,False,21,plant,21,plant,True,0.9207385182380676,0.38475990295410156,0.3676600456237793,0.017099857330322266,4.172432818450034e-05
2239,False,6,chair,6,chair,True,0.9999450445175171,0.0006723882397636771,0.0006203082739375532,5.207996582612395e-05,3.03249730881916e-10
2240,False,25,sofa,25,sofa,True,0.9988815784454346,0.010827329009771347,0.010208756662905216,0.0006185723468661308,4.456862612300938e-08
2241,False,25,sofa,25,sofa,True,0.6033384203910828,1.270613193511963,1.251308560371399,0.019304633140563965,0.00013413082342594862
2242,False,25,sofa,25,sofa,True,0.9985508322715759,0.013011938892304897,0.012575468979775906,0.0004364699125289917,4.530784636358476e-08
2243,False,5,car,5,car,True,0.9966639280319214,0.02494402602314949,0.023800021037459373,0.0011440049856901169,2.898371462833893e-07
2244,False,23,range_hood,28,table,False,0.14923948049545288,2.7696640491485596,2.731982707977295,0.03768134117126465,0.0001613683270988986
2245,False,28,table,28,table,True,0.9781020283699036,0.12954148650169373,0.12520535290241241,0.004336133599281311,5.097615485283313e-06
2246,False,6,chair,6,chair,True,0.9992925524711609,0.007076402194797993,0.0064623188227415085,0.0006140833720564842,3.3361907014750614e-08
2247,False,11,dresser,31,tv_stand,False,0.49522665143013,1.6941070556640625,1.6457321643829346,0.04837489128112793,0.00039681661291979253
2248,False,23,range_hood,23,range_hood,True,0.9262565970420837,0.2835220694541931,0.266768217086792,0.016753852367401123,0.0001200512342620641
2249,False,17,monitor,17,monitor,True,0.9306578636169434,0.40714752674102783,0.39372941851615906,0.013418108224868774,3.517233926686458e-05
2250,False,11,dresser,11,dresser,True,0.7139527797698975,0.9277018308639526,0.9086637496948242,0.019038081169128418,0.00019344461907166988
2251,False,20,piano,6,chair,False,0.8230481743812561,0.8236299157142639,0.7923827171325684,0.031247198581695557,0.00022200199600774795
2252,False,17,monitor,17,monitor,True,0.6797035336494446,1.3988436460494995,1.3582803010940552,0.040563344955444336,0.0003411486395634711
2253,False,20,piano,20,piano,True,0.9536533355712891,0.30201756954193115,0.2917099893093109,0.01030758023262024,1.4766558706469368e-05
2254,False,14,guitar,14,guitar,True,0.9981247186660767,0.017111165449023247,0.015992142260074615,0.0011190231889486313,1.2838223995004228e-07
2255,False,0,airplane,0,airplane,True,0.9998946189880371,0.001238786382600665,0.0011491674231365323,8.961895946413279e-05,6.327954826801374e-10
2256,False,13,glass_box,13,glass_box,True,0.9963313937187195,0.028567755594849586,0.0254275631159544,0.0031401924788951874,1.5120286889214185e-06
2257,False,6,chair,6,chair,True,0.9992040395736694,0.008094919845461845,0.007441828027367592,0.0006530918180942535,4.539829845384702e-08
2258,False,23,range_hood,23,range_hood,True,0.7596222162246704,0.902054488658905,0.87822026014328,0.023834228515625,0.00010073348676087335
2259,False,4,bookshelf,4,bookshelf,True,0.937235951423645,0.30162110924720764,0.29420387744903564,0.007417231798171997,2.4437877073069103e-05
2260,False,9,desk,9,desk,True,0.9755159020423889,0.1520102620124817,0.14531025290489197,0.006700009107589722,7.41852500141249e-06
2261,False,11,dresser,18,night_stand,False,0.5738295316696167,0.9286879301071167,0.914081871509552,0.014606058597564697,0.0002483409480191767
2262,False,1,bathtub,1,bathtub,True,0.9286909699440002,0.3742038607597351,0.35763829946517944,0.016565561294555664,5.169870928511955e-05
2263,False,16,mantel,16,mantel,True,0.9854198694229126,0.10297126322984695,0.09671550989151001,0.006255753338336945,5.178549599804683e-06
2264,False,7,cone,7,cone,True,0.9853944778442383,0.0941210687160492,0.0912311002612114,0.002889968454837799,2.479407612554496e-06
2265,False,20,piano,20,piano,True,0.6576849818229675,1.1511839628219604,1.1164668798446655,0.03471708297729492,0.00035074097104370594
2266,False,17,monitor,17,monitor,True,0.9989801049232483,0.010177360847592354,0.009552842006087303,0.0006245188415050507,2.7570131067022885e-08
2267,False,31,tv_stand,31,tv_stand,True,0.8599501848220825,0.5525328516960144,0.5359957218170166,0.016537129878997803,8.863589027896523e-05
2268,False,5,car,1,bathtub,False,0.7268545031547546,1.1488374471664429,1.1180187463760376,0.030818700790405273,0.00014821879449300468
2269,False,11,dresser,11,dresser,True,0.4572826027870178,1.387725591659546,1.3722784519195557,0.015447139739990234,0.0001279303978662938
2270,False,5,car,5,car,True,0.8983585834503174,0.4632241427898407,0.4279133677482605,0.0353107750415802,0.0002660650643520057
2271,False,32,vase,31,tv_stand,False,0.8265812397003174,0.7428504228591919,0.7201091051101685,0.022741317749023438,0.00011177218402735889
2272,False,17,monitor,17,monitor,True,0.996290385723114,0.03016059286892414,0.028836671262979507,0.0013239216059446335,2.548590316564514e-07
2273,False,31,tv_stand,31,tv_stand,True,0.7294455766677856,0.9889217615127563,0.9208784103393555,0.06804335117340088,0.0006787578458897769
2274,False,28,table,28,table,True,0.994752824306488,0.03883720189332962,0.037418968975543976,0.0014182329177856445,4.391655181734677e-07
2275,False,16,mantel,16,mantel,True,0.9765632152557373,0.12065727263689041,0.11687671393156052,0.003780558705329895,8.825944860291202e-06
2276,False,23,range_hood,23,range_hood,True,0.9553922414779663,0.20230980217456818,0.19207324087619781,0.010236561298370361,4.459315096028149e-05
2277,False,23,range_hood,23,range_hood,True,0.9773281812667847,0.11649824678897858,0.11011979728937149,0.006378449499607086,1.5593021089443937e-05
2278,False,18,night_stand,18,night_stand,True,0.6615435481071472,1.062499761581421,1.024139404296875,0.0383603572845459,0.00038509024307131767
2279,False,0,airplane,0,airplane,True,0.999929666519165,0.0008694183197803795,0.0007777741411700845,9.164417861029506e-05,8.615805846545754e-10
2280,False,13,glass_box,11,dresser,False,0.4702240824699402,1.2035596370697021,1.1872690916061401,0.01629054546356201,0.0001604002172825858
2281,False,13,glass_box,13,glass_box,True,0.9791361093521118,0.13236913084983826,0.1249770075082779,0.007392123341560364,8.070537660387345e-06
2282,False,2,bed,2,bed,True,0.9985139966011047,0.014572931453585625,0.013636655174195766,0.0009362762793898582,8.98643790492315e-08
2283,False,13,glass_box,13,glass_box,True,0.975849449634552,0.15499523282051086,0.1420654058456421,0.012929826974868774,1.7966185623663478e-05
2284,False,16,mantel,16,mantel,True,0.7449645400047302,0.9452708959579468,0.9168405532836914,0.02843034267425537,0.00021190656116232276
2285,False,20,piano,17,monitor,False,0.619855523109436,1.6142035722732544,1.5835082530975342,0.030695319175720215,0.0002615528064779937
2286,False,32,vase,17,monitor,False,0.2299623042345047,2.390030860900879,2.3528330326080322,0.03719782829284668,0.0001987392024602741
2287,False,20,piano,20,piano,True,0.22695618867874146,2.579519271850586,2.5476367473602295,0.031882524490356445,0.00015423585136886686
0,True,20,laptop,6,chair,,0.7617654800415039,0.7080963850021362,0.668919563293457,0.0391768217086792,0.0005759368650615215
1,True,5,bottle,31,tv_stand,,0.5616034269332886,1.752380609512329,1.715443730354309,0.03693687915802002,0.00021823035785928369
2,True,5,bottle,32,vase,,0.8022682070732117,0.7930053472518921,0.7744830250740051,0.018522322177886963,7.451460260199383e-05
3,True,5,bottle,32,vase,,0.9303697347640991,0.28228241205215454,0.2781641483306885,0.0041182637214660645,1.6095484170364216e-05
4,True,6,bowl,7,cone,,0.29944637417793274,1.6942076683044434,1.6383368968963623,0.055870771408081055,0.0005271564004942775
5,True,20,laptop,6,chair,,0.9962513446807861,0.030080202966928482,0.028870897367596626,0.0012093055993318558,2.920981501119968e-07
6,True,18,keyboard,10,door,,0.5519582033157349,0.8552393913269043,0.8414136171340942,0.013825774192810059,0.00015745773271191865
7,True,5,bottle,32,vase,,0.8434879779815674,0.6520211696624756,0.6387811303138733,0.013240039348602295,5.127692566020414e-05
8,True,5,bottle,32,vase,,0.9143595695495605,0.3573414385318756,0.35073602199554443,0.006605416536331177,2.474049870215822e-05
9,True,20,laptop,6,chair,,0.600324809551239,1.3382861614227295,1.2400782108306885,0.09820795059204102,0.0013092440785840154
10,True,5,bottle,32,vase,,0.9246863126754761,0.30084341764450073,0.29414239525794983,0.006701022386550903,3.025979458470829e-05
11,True,5,bottle,32,vase,,0.8895437717437744,0.4104272127151489,0.4058573544025421,0.0045698583126068115,2.5000008463393897e-05
12,True,5,bottle,32,vase,,0.9211512804031372,0.32278943061828613,0.3182123303413391,0.0045771002769470215,2.0480609236983582e-05
13,True,10,cup,32,vase,,0.7140921354293823,0.8032330274581909,0.7894330620765686,0.013799965381622314,6.861237488919869e-05
14,True,5,bottle,32,vase,,0.9506317377090454,0.21067655086517334,0.20677126944065094,0.0039052814245224,1.3975418369227555e-05
15,True,5,bottle,32,vase,,0.868077278137207,0.5362969636917114,0.5240675210952759,0.012229442596435547,4.815629654331133e-05
16,True,10,cup,29,tent,,0.49411541223526,1.7779819965362549,1.7426202297210693,0.03536176681518555,0.00027153760311193764
17,True,6,bowl,32,vase,,0.2847254276275635,1.9438867568969727,1.9048312902450562,0.039055466651916504,0.0002661367761902511
18,True,10,cup,32,vase,,0.6442283987998962,1.1633528470993042,1.143384575843811,0.019968271255493164,0.00010281176946591586
19,True,5,bottle,32,vase,,0.691931962966919,1.1353294849395752,1.1168912649154663,0.018438220024108887,0.00014374952297657728
20,True,6,bowl,32,vase,,0.6600199937820435,1.1260192394256592,1.1124730110168457,0.013546228408813477,5.849063745699823e-05
21,True,20,laptop,6,chair,,0.9650894403457642,0.222223699092865,0.21128126978874207,0.010942429304122925,1.569771848153323e-05
22,True,5,bottle,32,vase,,0.8732990622520447,0.543324887752533,0.5324223637580872,0.0109025239944458,3.5713303077500314e-05
23,True,18,keyboard,8,curtain,,0.39463087916374207,1.7647231817245483,1.7231262922286987,0.04159688949584961,0.00024647830286994576
24,True,18,keyboard,8,curtain,,0.35155603289604187,1.8458433151245117,1.8003045320510864,0.04553878307342529,0.00027905250317417085
25,True,6,bowl,32,vase,,0.5539510250091553,1.4539515972137451,1.4287487268447876,0.02520287036895752,0.00012229266576468945
26,True,5,bottle,32,vase,,0.8667668700218201,0.5615893006324768,0.5514189600944519,0.010170340538024902,3.362909774295986e-05
27,True,5,bottle,32,vase,,0.8339133262634277,0.7058959007263184,0.6922106742858887,0.013685226440429688,5.322886136127636e-05
28,True,6,bowl,32,vase,,0.6644148230552673,1.1895740032196045,1.1666228771209717,0.022951126098632812,0.00011899234232259914
29,True,10,cup,27,stool,,0.7282947897911072,0.9490418434143066,0.9181241989135742,0.030917644500732422,0.0002740226045716554
30,True,5,bottle,32,vase,,0.8646455407142639,0.5353882312774658,0.5266079306602478,0.008780300617218018,3.2532861951040104e-05
31,True,6,bowl,32,vase,,0.3715170621871948,1.641825556755066,1.592340111732483,0.04948544502258301,0.0005339454510249197
32,True,5,bottle,32,vase,,0.915342390537262,0.33860400319099426,0.3329539895057678,0.00565001368522644,1.6958430933300406e-05
33,True,20,laptop,6,chair,,0.40595147013664246,1.840533971786499,1.7280457019805908,0.1124882698059082,0.0011024362174794078
34,True,5,bottle,32,vase,,0.835854709148407,0.6763722896575928,0.6659817695617676,0.010390520095825195,3.4778717235894874e-05
35,True,5,bottle,32,vase,,0.843026340007782,0.6239944100379944,0.6069666147232056,0.01702779531478882,7.134120096452534e-05
36,True,20,laptop,6,chair,,0.9529633522033691,0.26239943504333496,0.2508929371833801,0.011506497859954834,2.4764920453890227e-05
37,True,5,bottle,32,vase,,0.903504490852356,0.3798535168170929,0.37527310848236084,0.004580408334732056,1.8140195606974885e-05
38,True,20,laptop,24,sink,,0.3666857182979584,2.2112207412719727,2.170020818710327,0.04119992256164551,0.00021739021758548915
39,True,5,bottle,32,vase,,0.8170540928840637,0.7557190656661987,0.7397089004516602,0.016010165214538574,6.159838812891394e-05
40,True,5,bottle,32,vase,,0.9248260259628296,0.302200585603714,0.2991392910480499,0.0030612945556640625,1.0605873285385314e-05
41,True,5,bottle,32,vase,,0.939970850944519,0.2438579648733139,0.2417210042476654,0.0021369606256484985,8.326406714331824e-06
42,True,18,keyboard,8,curtain,,0.464083731174469,1.1731935739517212,1.1436578035354614,0.029535770416259766,0.00017923302948474884
43,True,5,bottle,32,vase,,0.4758959710597992,1.564795732498169,1.4875954389572144,0.07720029354095459,0.0009393780492246151
44,True,18,keyboard,10,door,,0.46773725748062134,1.2288157939910889,1.2062073945999146,0.022608399391174316,0.00018632072897162288
45,True,5,bottle,32,vase,,0.8368734121322632,0.7172673940658569,0.697782039642334,0.01948535442352295,8.796008478384465e-05
46,True,5,bottle,32,vase,,0.924092710018158,0.3173986077308655,0.3105534017086029,0.006845206022262573,2.7561252863961272e-05
47,True,5,bottle,32,vase,,0.7580599784851074,0.9720139503479004,0.9522457718849182,0.019768178462982178,0.00012009227793896571
48,True,5,bottle,32,vase,,0.9096097946166992,0.3973034620285034,0.39113715291023254,0.006166309118270874,1.2777706615452189e-05
49,True,5,bottle,21,plant,,0.2983831465244293,1.7895843982696533,1.7624061107635498,0.027178287506103516,0.000230910096433945
50,True,6,bowl,29,tent,,0.6123154163360596,1.5201396942138672,1.4849592447280884,0.03518044948577881,0.00021620797633659095
51,True,6,bowl,32,vase,,0.3536054193973541,1.7483158111572266,1.7035579681396484,0.044757843017578125,0.000359812518581748
52,True,5,bottle,32,vase,,0.829096257686615,0.6992292404174805,0.6807538866996765,0.018475353717803955,7.353805267484859e-05
53,True,5,bottle,32,vase,,0.8423768877983093,0.564006507396698,0.5564257502555847,0.007580757141113281,3.294497219030745e-05
54,True,10,cup,32,vase,,0.6469833254814148,1.1071001291275024,1.0896978378295898,0.017402291297912598,0.00011264736531302333
55,True,6,bowl,32,vase,,0.6486272811889648,1.0895689725875854,1.0626708269119263,0.02689814567565918,0.0001768687943695113
56,True,5,bottle,32,vase,,0.8700752854347229,0.5337861776351929,0.5239559412002563,0.009830236434936523,3.795491284108721e-05
57,True,20,laptop,24,sink,,0.3130248486995697,2.5426998138427734,2.498732805252075,0.04396700859069824,0.0002230941754532978
58,True,6,bowl,32,vase,,0.6494778394699097,1.1683402061462402,1.1210750341415405,0.04726517200469971,0.0003442823654040694
59,True,5,bottle,32,vase,,0.8534170389175415,0.5829421281814575,0.5690263509750366,0.013915777206420898,5.4244821512838826e-05
60,True,5,bottle,32,vase,,0.8683972954750061,0.527152955532074,0.5137938857078552,0.01335906982421875,4.736288246931508e-05
61,True,18,keyboard,10,door,,0.513654351234436,0.9427621364593506,0.9278744459152222,0.014887690544128418,0.000127024672110565
62,True,18,keyboard,10,door,,0.5944392085075378,0.8032336831092834,0.7918855547904968,0.011348128318786621,0.0001694000675342977
63,True,20,laptop,2,bed,,0.4925202429294586,1.4044950008392334,1.2930318117141724,0.11146318912506104,0.0015750055899843574
64,True,5,bottle,32,vase,,0.8081080317497253,0.7692891359329224,0.7476229667663574,0.02166616916656494,8.932095079217106e-05
65,True,5,bottle,32,vase,,0.884758472442627,0.472145140171051,0.46264562010765076,0.009499520063400269,3.963149356422946e-05
66,True,5,bottle,32,vase,,0.8214936256408691,0.711179792881012,0.6906048059463501,0.020574986934661865,0.00010722618753788993
67,True,5,bottle,32,vase,,0.8909614682197571,0.41199687123298645,0.4064658582210541,0.005531013011932373,2.562107692938298e-05
68,True,10,cup,32,vase,,0.8688641786575317,0.43026772141456604,0.4212931990623474,0.008974522352218628,6.820489943493158e-05
69,True,5,bottle,32,vase,,0.9188145995140076,0.3222968578338623,0.3185914158821106,0.003705441951751709,1.309506842517294e-05
70,True,5,bottle,5,car,,0.4411719739437103,1.8469358682632446,1.7642314434051514,0.08270442485809326,0.0008906812872737646
71,True,5,bottle,32,vase,,0.8416739702224731,0.6598522663116455,0.6443610787391663,0.015491187572479248,5.7304550864500925e-05
72,True,5,bottle,32,vase,,0.7615658044815063,0.9046055674552917,0.8762766718864441,0.028328895568847656,0.00015870279457885772
73,True,5,bottle,32,vase,,0.9144116640090942,0.34814518690109253,0.3425990641117096,0.005546122789382935,2.445925201755017e-05
74,True,20,laptop,6,chair,,0.8374162912368774,0.7198289632797241,0.6684325933456421,0.05139636993408203,0.0004979684017598629
75,True,5,bottle,32,vase,,0.9019203782081604,0.40182358026504517,0.39494067430496216,0.006882905960083008,2.649460111570079e-05
76,True,5,bottle,32,vase,,0.9071019887924194,0.36436790227890015,0.35936152935028076,0.005006372928619385,2.3054702978697605e-05
77,True,5,bottle,32,vase,,0.7252468466758728,1.0469720363616943,1.0222184658050537,0.024753570556640625,0.00015048582281451672
78,True,5,bottle,32,vase,,0.7365604639053345,1.0026975870132446,0.9851438403129578,0.017553746700286865,0.00011954220099141821
79,True,5,bottle,32,vase,,0.8332134485244751,0.7125306129455566,0.6955099105834961,0.017020702362060547,6.19273996562697e-05
80,True,5,bottle,32,vase,,0.9208019375801086,0.3591064214706421,0.3475709557533264,0.011535465717315674,3.653215753729455e-05
81,True,18,keyboard,10,door,,0.5407269597053528,0.8596726059913635,0.845513641834259,0.014158964157104492,0.0001980885717784986
82,True,5,bottle,32,vase,,0.8473265171051025,0.6151939630508423,0.5974071621894836,0.017786800861358643,7.026189268799499e-05
83,True,5,bottle,32,vase,,0.786139965057373,0.8718120455741882,0.8554381132125854,0.016373932361602783,7.689600170124322e-05
84,True,5,bottle,32,vase,,0.9279066920280457,0.2915720045566559,0.28740498423576355,0.004167020320892334,1.481891013099812e-05
85,True,18,keyboard,8,curtain,,0.47782444953918457,1.671663761138916,1.6386137008666992,0.0330500602722168,0.00015382135461550206
86,True,20,laptop,5,car,,0.25873124599456787,2.2763051986694336,2.2381348609924316,0.03817033767700195,0.0002453725610394031
87,True,5,bottle,32,vase,,0.9285669922828674,0.3056274652481079,0.30041977763175964,0.005207687616348267,1.613942913536448e-05
88,True,5,bottle,32,vase,,0.9410698413848877,0.24075624346733093,0.2389514148235321,0.0018048286437988281,5.780523679277394e-06
89,True,6,bowl,7,cone,,0.41666391491889954,1.4640395641326904,1.4182828664779663,0.04575669765472412,0.0006495632114820182
90,True,10,cup,32,vase,,0.435445636510849,1.5698586702346802,1.5352367162704468,0.0346219539642334,0.00029949643067084253
91,True,5,bottle,32,vase,,0.8250888586044312,0.7183181047439575,0.7040724158287048,0.014245688915252686,3.951652979594655e-05
92,True,5,bottle,32,vase,,0.8373196721076965,0.6635137796401978,0.6484001874923706,0.015113592147827148,4.424831786309369e-05
93,True,5,bottle,32,vase,,0.28093498945236206,2.164255142211914,2.0922341346740723,0.0720210075378418,0.0005678503657691181
94,True,20,laptop,2,bed,,0.9885410666465759,0.08871039003133774,0.08186298608779907,0.006847403943538666,4.8939041334961075e-06
95,True,5,bottle,32,vase,,0.6435227990150452,1.2654937505722046,1.2460038661956787,0.01948988437652588,0.00011199228174518794
96,True,18,keyboard,10,door,,0.5711494088172913,0.8701228499412537,0.8601195812225342,0.010003268718719482,0.00010958810889860615
97,True,5,bottle,19,person,,0.31796637177467346,1.8620178699493408,1.8170779943466187,0.04493987560272217,0.00037410162622109056
98,True,6,bowl,7,cone,,0.5510237812995911,1.333033800125122,1.3065524101257324,0.02648138999938965,0.00031449043308384717
99,True,5,bottle,32,vase,,0.8885129690170288,0.4505552053451538,0.4406874179840088,0.00986778736114502,3.249907967983745e-05
100,True,10,cup,32,vase,,0.682906448841095,0.9851523637771606,0.9668542742729187,0.018298089504241943,9.374867659062147e-05
101,True,5,bottle,32,vase,,0.9281604886054993,0.2976429760456085,0.2933712601661682,0.004271715879440308,1.635793705645483e-05
102,True,20,laptop,24,sink,,0.44292062520980835,2.1751558780670166,2.144968271255493,0.030187606811523438,0.00015994010027498007
103,True,10,cup,32,vase,,0.9093945026397705,0.33077272772789,0.32524898648262024,0.005523741245269775,3.511516842991114e-05
104,True,5,bottle,32,vase,,0.9013360142707825,0.3767513036727905,0.3720470666885376,0.00470423698425293,2.1091129383421503e-05
105,True,18,keyboard,8,curtain,,0.3135104477405548,2.080228328704834,2.0294997692108154,0.050728559494018555,0.0002606486086733639
106,True,10,cup,32,vase,,0.6451922655105591,0.9282508492469788,0.9080644249916077,0.020186424255371094,0.00013209739699959755
107,True,10,cup,32,vase,,0.3531077206134796,2.0302858352661133,1.9874250888824463,0.04286074638366699,0.00020572102221194655
108,True,5,bottle,32,vase,,0.8671202659606934,0.553458034992218,0.5370191335678101,0.01643890142440796,6.437789852498099e-05
109,True,6,bowl,32,vase,,0.332221657037735,1.949375867843628,1.9002505540847778,0.0491253137588501,0.0003807283937931061
110,True,10,cup,32,vase,,0.44750744104385376,1.4774025678634644,1.4486773014068604,0.028725266456604004,0.00014000825467519462
111,True,18,keyboard,10,door,,0.5588041543960571,0.8695724010467529,0.8586863875389099,0.010886013507843018,0.0001051753934007138
112,True,5,bottle,32,vase,,0.8382472395896912,0.6454351544380188,0.6314529180526733,0.013982236385345459,5.216181671130471e-05
113,True,5,bottle,32,vase,,0.8854705095291138,0.42444661259651184,0.41799789667129517,0.006448715925216675,3.113796265097335e-05
114,True,5,bottle,32,vase,,0.46734973788261414,1.5880711078643799,1.5688132047653198,0.01925790309906006,0.00017014281183946878
115,True,5,bottle,32,vase,,0.8969883918762207,0.42314279079437256,0.4159688353538513,0.00717395544052124,2.005364694923628e-05
116,True,5,bottle,32,vase,,0.3366491496562958,2.2275567054748535,2.1737773418426514,0.05377936363220215,0.00033974205143749714
117,True,18,keyboard,8,curtain,,0.2571064531803131,2.2490179538726807,2.202547311782837,0.04647064208984375,0.00023987371241673827
118,True,5,bottle,32,vase,,0.8240901231765747,0.6715809106826782,0.6598814129829407,0.011699497699737549,4.96569846291095e-05
119,True,18,keyboard,10,door,,0.536374568939209,0.9409881234169006,0.929111897945404,0.011876225471496582,0.00011118320981040597
120,True,10,cup,32,vase,,0.6008283495903015,1.3434185981750488,1.3146699666976929,0.028748631477355957,0.0001866509555839002
121,True,6,bowl,32,vase,,0.46889442205429077,1.6525442600250244,1.6147540807724,0.03779017925262451,0.0002248124364996329
122,True,5,bottle,32,vase,,0.8199297785758972,0.7334442138671875,0.7188190817832947,0.014625132083892822,5.480913387145847e-05
123,True,5,bottle,19,person,,0.3779151439666748,1.999362826347351,1.9590413570404053,0.0403214693069458,0.00028645480051636696
124,True,5,bottle,32,vase,,0.9007948040962219,0.3992438316345215,0.3937361240386963,0.005507707595825195,1.645251177251339e-05
125,True,5,bottle,32,vase,,0.6748442053794861,1.0769767761230469,1.053860068321228,0.023116707801818848,0.00017690163804218173
126,True,10,cup,32,vase,,0.5043932795524597,1.5831358432769775,1.5574277639389038,0.02570807933807373,0.00012270023580640554
127,True,5,bottle,32,vase,,0.9350163340568542,0.26040345430374146,0.25685009360313416,0.0035533607006073,1.4813686902925838e-05
128,True,6,bowl,32,vase,,0.5153981447219849,1.583014726638794,1.5486211776733398,0.0343935489654541,0.00025675498181954026
129,True,20,laptop,6,chair,,0.30498582124710083,1.6138728857040405,1.4968293905258179,0.11704349517822266,0.0015430342173203826
130,True,5,bottle,29,tent,,0.6178086996078491,1.2917011976242065,1.2132234573364258,0.07847774028778076,0.0006687710410915315
131,True,5,bottle,32,vase,,0.7095468044281006,1.0780572891235352,1.0611158609390259,0.016941428184509277,0.00010779986041598022
132,True,20,laptop,2,bed,,0.4059726595878601,1.7737326622009277,1.5939204692840576,0.17981219291687012,0.0018727655988186598
133,True,5,bottle,32,vase,,0.9382787346839905,0.26548027992248535,0.25867196917533875,0.0068083107471466064,2.247335942229256e-05
134,True,5,bottle,32,vase,,0.9015181064605713,0.38570037484169006,0.37999168038368225,0.0057086944580078125,2.3800475901225582e-05
135,True,6,bowl,32,vase,,0.6782954335212708,1.0260534286499023,1.0069587230682373,0.01909470558166504,8.457520743831992e-05
136,True,5,bottle,32,vase,,0.6656726598739624,1.3289200067520142,1.2875101566314697,0.041409850120544434,0.00029948019073344767
137,True,10,cup,32,vase,,0.5132022500038147,1.2943187952041626,1.2670563459396362,0.027262449264526367,0.00037190757575444877
138,True,5,bottle,32,vase,,0.9223753213882446,0.31690531969070435,0.31267163157463074,0.004233688116073608,1.3992997082823422e-05
139,True,5,bottle,32,vase,,0.3420361578464508,2.187894582748413,2.1391210556030273,0.04877352714538574,0.00028321275021880865
140,True,5,bottle,32,vase,,0.8833624720573425,0.45936810970306396,0.45027288794517517,0.009095221757888794,4.247747710905969e-05
141,True,5,bottle,32,vase,,0.8673144578933716,0.5391656756401062,0.5267113447189331,0.012454330921173096,4.4934953621122986e-05
142,True,18,keyboard,10,door,,0.4161283075809479,1.3471248149871826,1.310247540473938,0.03687727451324463,0.000292166048893705
143,True,5,bottle,32,vase,,0.8355611562728882,0.6773932576179504,0.656993567943573,0.02039968967437744,0.000104005157481879
144,True,20,laptop,28,table,,0.20822545886039734,2.706089973449707,2.6704788208007812,0.03561115264892578,0.00013704189041163772
145,True,5,bottle,32,vase,,0.8987923264503479,0.41451936960220337,0.4073965847492218,0.007122784852981567,2.7930031137657352e-05
146,True,5,bottle,32,vase,,0.8536328673362732,0.6304532289505005,0.614276647567749,0.016176581382751465,5.3543728427030146e-05
147,True,5,bottle,32,vase,,0.9304547905921936,0.2864780128002167,0.2826271653175354,0.0038508474826812744,1.3225461771071423e-05
148,True,18,keyboard,10,door,,0.46682319045066833,1.1741440296173096,1.1595239639282227,0.014620065689086914,9.726690041134134e-05
149,True,5,bottle,32,vase,,0.8878290057182312,0.47069522738456726,0.46212828159332275,0.008566945791244507,2.940915510407649e-05
150,True,5,bottle,32,vase,,0.8403876423835754,0.6520462036132812,0.638391375541687,0.013654828071594238,5.15127758262679e-05
151,True,5,bottle,32,vase,,0.8249923586845398,0.6700038909912109,0.657931923866272,0.012071967124938965,6.722757098032162e-05
152,True,10,cup,32,vase,,0.8272300362586975,0.5952703356742859,0.5870808959007263,0.00818943977355957,4.267580879968591e-05
153,True,5,bottle,32,vase,,0.8738448023796082,0.5079735517501831,0.4999634325504303,0.008010119199752808,2.935467637144029e-05
154,True,10,cup,32,vase,,0.7631121873855591,0.7412241697311401,0.7283393144607544,0.012884855270385742,7.494963938370347e-05
155,True,20,laptop,31,tv_stand,,0.18810446560382843,2.6825249195098877,2.6184797286987305,0.06404519081115723,0.00023325873189605772
156,True,5,bottle,32,vase,,0.8829719424247742,0.48424625396728516,0.4769083857536316,0.0073378682136535645,2.2435817299992777e-05
157,True,10,cup,32,vase,,0.802609920501709,0.5928726196289062,0.5828803777694702,0.009992241859436035,9.197057079290971e-05
158,True,6,bowl,32,vase,,0.8464198112487793,0.5327103137969971,0.5219375491142273,0.010772764682769775,5.928213431616314e-05
159,True,18,keyboard,14,guitar,,0.9337525963783264,0.3613019287586212,0.3456784784793854,0.01562345027923584,4.9201527872355655e-05
160,True,5,bottle,32,vase,,0.8784999251365662,0.5214618444442749,0.5092849135398865,0.012176930904388428,3.790508708334528e-05
161,True,5,bottle,32,vase,,0.8715144991874695,0.5316367149353027,0.5220571160316467,0.009579598903656006,2.5045515940291807e-05
162,True,20,laptop,6,chair,,0.41286835074424744,1.4738938808441162,1.3449773788452148,0.12891650199890137,0.0018795962678268552
163,True,20,laptop,6,chair,,0.999049961566925,0.009130544029176235,0.008584653027355671,0.0005458910018205643,4.297211120274369e-08
164,True,18,keyboard,10,door,,0.485518217086792,0.9739288687705994,0.9582062363624573,0.01572263240814209,0.00012093984696548432
165,True,6,bowl,7,cone,,0.9304047226905823,0.32602912187576294,0.31007876992225647,0.01595035195350647,6.849191413493827e-05
166,True,5,bottle,32,vase,,0.4792139530181885,1.6006404161453247,1.5200605392456055,0.08057987689971924,0.0007863807259127498
167,True,5,bottle,32,vase,,0.9162454605102539,0.32029303908348083,0.31613823771476746,0.004154801368713379,1.8863764125853777e-05
168,True,5,bottle,21,plant,,0.349987655878067,1.779395580291748,1.7475758790969849,0.031819701194763184,0.00016739398415666074
169,True,6,bowl,32,vase,,0.847387969493866,0.5611662864685059,0.5514951348304749,0.009671151638031006,4.463914592633955e-05
170,True,5,bottle,32,vase,,0.8505550026893616,0.6832325458526611,0.6595879197120667,0.023644626140594482,8.817707566777244e-05
171,True,10,cup,32,vase,,0.8784341812133789,0.4199099540710449,0.4138183295726776,0.00609162449836731,3.405915413168259e-05
172,True,10,cup,32,vase,,0.7641561031341553,0.7103538513183594,0.6933537125587463,0.017000138759613037,0.00018047180492430925
173,True,5,bottle,32,vase,,0.9343159198760986,0.27324360609054565,0.2691868543624878,0.004056751728057861,1.1804927453340497e-05
174,True,6,bowl,32,vase,,0.5807561278343201,1.4071687459945679,1.3705089092254639,0.036659836769104004,0.00020546303130686283
175,True,5,bottle,32,vase,,0.866400420665741,0.5393103361129761,0.5314939618110657,0.0078163743019104,2.23192255361937e-05
176,True,5,bottle,32,vase,,0.9289990067481995,0.28062084317207336,0.27648285031318665,0.004137992858886719,1.8485334294382483e-05
177,True,20,laptop,6,chair,,0.7994462847709656,0.882384181022644,0.8182915449142456,0.06409263610839844,0.00044046484981663525
178,True,18,keyboard,3,bench,,0.2874700725078583,2.408503532409668,2.348071336746216,0.06043219566345215,0.0002820751105900854
179,True,18,keyboard,3,bench,,0.8406760692596436,0.7050875425338745,0.6727911233901978,0.03229641914367676,0.000183251773705706
