sample_idx,is_ood,true_label,true_class_name,pred_label,pred_class_name,correct,confidence,total_entropy,aleatoric,epistemic,variance
0,False,4,bookshelf,4,bookshelf,True,0.9630509614944458,0.22838109731674194,0.18887129426002502,0.03950980305671692,0.00011847932182718068
1,False,0,airplane,0,airplane,True,0.9994956254959106,0.005425415001809597,0.004636754281818867,0.0007886607199907303,3.580912988354612e-08
2,False,2,bed,2,bed,True,0.8376132249832153,0.8194622993469238,0.7122013568878174,0.10726094245910645,0.0006844987510703504
3,False,6,chair,6,chair,True,0.9237817525863647,0.40106576681137085,0.27198144793510437,0.12908431887626648,0.000820198911242187
4,False,18,night_stand,18,night_stand,True,0.43691641092300415,1.1841106414794922,1.106173038482666,0.07793760299682617,0.001118624466471374
5,False,32,vase,32,vase,True,0.4876995086669922,1.8625781536102295,1.5975782871246338,0.2649998664855957,0.00197880482301116
6,False,30,toilet,30,toilet,True,0.9871748685836792,0.09084052592515945,0.070025235414505,0.02081529051065445,3.6241905036149547e-05
7,False,30,toilet,30,toilet,True,0.9981046319007874,0.016270361840724945,0.01415799930691719,0.0021123625338077545,4.0789100808069634e-07
8,False,23,range_hood,16,mantel,False,0.601128876209259,0.7265871167182922,0.6297739744186401,0.0968131422996521,0.0024785171262919903
9,False,13,glass_box,13,glass_box,True,0.962372362613678,0.22545763850212097,0.17723165452480316,0.04822598397731781,0.00019327776681166142
10,False,0,airplane,0,airplane,True,0.998894214630127,0.011207157745957375,0.00987220834940672,0.0013349493965506554,9.184482507862413e-08
11,False,28,table,28,table,True,0.9238550662994385,0.38293495774269104,0.30203336477279663,0.08090159296989441,0.0005085108568891883
12,False,30,toilet,30,toilet,True,0.9949355125427246,0.03686664626002312,0.032526373863220215,0.004340272396802902,2.41103566622769e-06
13,False,32,vase,32,vase,True,0.9708703756332397,0.14981913566589355,0.13918058574199677,0.01063854992389679,1.9796028936980292e-05
14,False,25,sofa,2,bed,False,0.47661256790161133,0.9468879103660583,0.775202214717865,0.17168569564819336,0.003525343956425786
15,False,6,chair,6,chair,True,0.9743584990501404,0.15272167325019836,0.11010447144508362,0.042617201805114746,0.00017007938004098833
16,False,21,plant,21,plant,True,0.9587513208389282,0.21057850122451782,0.19305041432380676,0.01752808690071106,4.5604585466207936e-05
17,False,1,bathtub,29,tent,False,0.4072011113166809,1.2082926034927368,0.8045982718467712,0.4036943316459656,0.0069890329614281654
18,False,18,night_stand,18,night_stand,True,0.6986589431762695,1.199150562286377,0.9680925011634827,0.2310580611228943,0.0020614860113710165
19,False,30,toilet,30,toilet,True,0.8309511542320251,0.7411118745803833,0.5751739740371704,0.1659379005432129,0.0013233701465651393
20,False,14,guitar,14,guitar,True,0.9684842824935913,0.19870370626449585,0.13156110048294067,0.06714260578155518,0.00037872151006013155
21,False,4,bookshelf,4,bookshelf,True,0.9353306293487549,0.3360268175601959,0.2921547293663025,0.04387208819389343,0.00013275527453515679
22,False,17,monitor,17,monitor,True,0.991267740726471,0.06253094971179962,0.05494075268507004,0.007590197026729584,5.574584520218195e-06
23,False,4,bookshelf,4,bookshelf,True,0.9880532622337341,0.08654478192329407,0.0734245702624321,0.013120211660861969,1.2533194421848748e-05
24,False,0,airplane,0,airplane,True,0.9998225569725037,0.002022194443270564,0.0017874686745926738,0.0002347257686778903,3.972232764937189e-09
25,False,21,plant,21,plant,True,0.7376086115837097,1.1014190912246704,0.8631749749183655,0.23824411630630493,0.0015443147858604789
26,False,16,mantel,16,mantel,True,0.9895158410072327,0.07390020787715912,0.05870113521814346,0.015199072659015656,3.057162030017935e-05
27,False,5,car,5,car,True,0.9806818962097168,0.10002274066209793,0.08051629364490509,0.01950644701719284,6.494885019492358e-05
28,False,14,guitar,14,guitar,True,0.978779137134552,0.13671690225601196,0.11328034847974777,0.02343655377626419,5.271448026178405e-05
29,False,2,bed,2,bed,True,0.9991782307624817,0.008323405869305134,0.00683329813182354,0.001490107737481594,1.7286774323110876e-07
30,False,9,desk,9,desk,True,0.9989598393440247,0.010225320234894753,0.008300164714455605,0.001925155520439148,2.426507137442968e-07
31,False,5,car,5,car,True,0.9964349865913391,0.028012681752443314,0.02322331815958023,0.004789363592863083,2.5100732727878494e-06
32,False,31,tv_stand,22,radio,False,0.18596792221069336,2.3366267681121826,2.0165364742279053,0.32009029388427734,0.0021826480515301228
33,False,31,tv_stand,1,bathtub,False,0.3181772530078888,2.0209357738494873,1.7240909337997437,0.29684484004974365,0.002761001233011484
34,False,28,table,28,table,True,0.9141321182250977,0.3811786472797394,0.3406909108161926,0.04048773646354675,0.0002578888088464737
35,False,20,piano,17,monitor,False,0.7872069478034973,0.861717164516449,0.7085496783256531,0.1531674861907959,0.0016359321307390928
36,False,23,range_hood,23,range_hood,True,0.9786491394042969,0.13230402767658234,0.11862141638994217,0.013682611286640167,1.7752063286025077e-05
37,False,32,vase,32,vase,True,0.6029377579689026,0.7872193455696106,0.731286346912384,0.05593299865722656,0.0009415774256922305
38,False,23,range_hood,23,range_hood,True,0.587318480014801,0.8900321125984192,0.7663542032241821,0.12367790937423706,0.0022484385408461094
39,False,25,sofa,25,sofa,True,0.9949625730514526,0.04150252789258957,0.03293533995747566,0.008567187935113907,5.736720140703255e-06
40,False,16,mantel,16,mantel,True,0.9752616286277771,0.14337198436260223,0.11762920767068863,0.025742776691913605,6.115722499089316e-05
41,False,18,night_stand,28,table,False,0.8398355841636658,0.6439824104309082,0.5582416653633118,0.08574074506759644,0.0005943238502368331
42,False,25,sofa,25,sofa,True,0.9976792931556702,0.02028646692633629,0.01768164336681366,0.002604823559522629,5.401486191658478e-07
43,False,23,range_hood,23,range_hood,True,0.9494659304618835,0.25867554545402527,0.21382936835289001,0.044846177101135254,0.00019406521460041404
44,False,16,mantel,16,mantel,True,0.9925726056098938,0.06093132123351097,0.0527573861181736,0.008173935115337372,3.793785253947135e-06
45,False,11,dresser,11,dresser,True,0.47778749465942383,1.3980731964111328,1.3096016645431519,0.08847153186798096,0.0011227912036702037
46,False,11,dresser,11,dresser,True,0.640243411064148,1.1868031024932861,0.9260513782501221,0.26075172424316406,0.0037861308082938194
47,False,0,airplane,0,airplane,True,0.9994921088218689,0.005550083704292774,0.005037383176386356,0.0005127005279064178,1.292842011224593e-08
48,False,4,bookshelf,4,bookshelf,True,0.9836029410362244,0.10722550749778748,0.08984579145908356,0.01737971603870392,4.043247099616565e-05
49,False,5,car,5,car,True,0.981507420539856,0.11065252125263214,0.06630076467990875,0.04435175657272339,0.0002217753353761509
50,False,16,mantel,16,mantel,True,0.9972603917121887,0.023865601047873497,0.020896967500448227,0.00296863354742527,6.608572675759206e-07
51,False,28,table,28,table,True,0.7437307238578796,0.9542351961135864,0.8472689986228943,0.10696619749069214,0.0008460842072963715
52,False,6,chair,6,chair,True,0.9963640570640564,0.02960927039384842,0.018609175458550453,0.011000094935297966,1.3363091056817211e-05
53,False,11,dresser,18,night_stand,False,0.3686020076274872,1.5189563035964966,1.4095346927642822,0.10942161083221436,0.00110569316893816
54,False,34,xbox,6,chair,False,0.41152751445770264,2.02938175201416,1.456949234008789,0.5724325180053711,0.005416372790932655
55,False,17,monitor,30,toilet,False,0.48009398579597473,1.2059966325759888,0.9520792961120605,0.2539173364639282,0.0042088874615728855
56,False,33,wardrobe,24,sink,False,0.8381571769714355,0.7807498574256897,0.6551470756530762,0.12560278177261353,0.0008373467135243118
57,False,20,piano,20,piano,True,0.9928106069564819,0.05718804523348808,0.047192320227622986,0.009995725005865097,5.755135134677403e-06
58,False,28,table,28,table,True,0.5074185729026794,1.0733997821807861,0.9041696190834045,0.1692301630973816,0.003161175874993205
59,False,33,wardrobe,34,xbox,False,0.7315738797187805,0.834963858127594,0.7113800048828125,0.1235838532447815,0.0018744115950539708
60,False,18,night_stand,18,night_stand,True,0.32247698307037354,1.8047583103179932,1.5104788541793823,0.29427945613861084,0.002995068905875087
61,False,30,toilet,30,toilet,True,0.998384416103363,0.015186105854809284,0.013238808140158653,0.001947297714650631,3.2784791414997017e-07
62,False,30,toilet,30,toilet,True,0.9946010112762451,0.04382546246051788,0.035790856927633286,0.008034605532884598,4.527588316705078e-06
63,False,4,bookshelf,4,bookshelf,True,0.9820442795753479,0.1291062980890274,0.11545499414205551,0.013651303946971893,1.0053871847048867e-05
64,False,2,bed,2,bed,True,0.9975126385688782,0.022618362680077553,0.01990026980638504,0.0027180928736925125,6.361221380757343e-07
65,False,17,monitor,17,monitor,True,0.9889237880706787,0.08877655118703842,0.07556205242872238,0.01321449875831604,1.0824976925505325e-05
66,False,4,bookshelf,4,bookshelf,True,0.9633923172950745,0.19409696757793427,0.14133688807487488,0.05276007950305939,0.0003775742370635271
67,False,23,range_hood,23,range_hood,True,0.9593482613563538,0.25096940994262695,0.2087891399860382,0.042180269956588745,8.21964131318964e-05
68,False,14,guitar,14,guitar,True,0.8897790312767029,0.5360448956489563,0.4083223044872284,0.1277225911617279,0.0008984925807453692
69,False,17,monitor,17,monitor,True,0.6443915963172913,1.3762011528015137,1.1781370639801025,0.19806408882141113,0.001893300679512322
70,False,34,xbox,22,radio,False,0.37418872117996216,1.7290501594543457,1.567078948020935,0.16197121143341064,0.0013018629979342222
71,False,31,tv_stand,31,tv_stand,True,0.9050991535186768,0.3710039556026459,0.3191262185573578,0.051877737045288086,0.0004713313828688115
72,False,13,glass_box,13,glass_box,True,0.5800454616546631,1.375717043876648,1.2238500118255615,0.15186703205108643,0.0016792922979220748
73,False,31,tv_stand,31,tv_stand,True,0.5329930186271667,0.7576470375061035,0.6301683783531189,0.12747865915298462,0.003164427587762475
74,False,22,radio,22,radio,True,0.9614965319633484,0.2255776822566986,0.17306292057037354,0.05251476168632507,0.00016690042684786022
75,False,2,bed,9,desk,False,0.39774954319000244,1.9878697395324707,1.7185630798339844,0.26930665969848633,0.0021383222192525864
76,False,16,mantel,16,mantel,True,0.98944091796875,0.0781155601143837,0.06312714517116547,0.014988414943218231,1.6145664631039836e-05
77,False,7,cone,7,cone,True,0.6245155930519104,0.9058369398117065,0.7204704284667969,0.18536651134490967,0.0038196963723748922
78,False,21,plant,27,stool,False,0.6610610485076904,1.2540075778961182,1.1041288375854492,0.14987874031066895,0.0013811736134812236
79,False,9,desk,11,dresser,False,0.5921359062194824,1.566556453704834,1.3476359844207764,0.21892046928405762,0.0016952874138951302
80,False,29,tent,29,tent,True,0.9672176837921143,0.21048788726329803,0.18650847673416138,0.023979410529136658,3.3711672585923225e-05
81,False,28,table,2,bed,False,0.3165489733219147,1.5882408618927002,1.3958051204681396,0.19243574142456055,0.001987122232094407
82,False,0,airplane,0,airplane,True,0.9990732669830322,0.008976742625236511,0.008113187737762928,0.0008635548874735832,5.2174502940260936e-08
83,False,16,mantel,16,mantel,True,0.9640704989433289,0.1807490438222885,0.16506244242191315,0.015686601400375366,4.2945361201418564e-05
84,False,31,tv_stand,3,bench,False,0.8354546427726746,0.5069278478622437,0.43170052766799927,0.07522732019424438,0.0009477446437813342
85,False,5,car,5,car,True,0.9890862703323364,0.08267346024513245,0.07242578268051147,0.010247677564620972,8.577208063798025e-06
86,False,2,bed,2,bed,True,0.996468722820282,0.028714794665575027,0.025284424424171448,0.0034303702414035797,8.876904189492052e-07
87,False,0,airplane,0,airplane,True,0.9987975358963013,0.011956565082073212,0.01061000395566225,0.0013465611264109612,1.0475243783503174e-07
88,False,30,toilet,30,toilet,True,0.9987981915473938,0.011731626465916634,0.010379938408732414,0.0013516880571842194,1.1685603595879002e-07
89,False,2,bed,22,radio,False,0.35084033012390137,1.6497275829315186,1.4816170930862427,0.16811048984527588,0.0016389827942475677
90,False,25,sofa,25,sofa,True,0.9852598309516907,0.09564507007598877,0.08147205412387848,0.01417301595211029,2.033190685324371e-05
91,False,16,mantel,16,mantel,True,0.9832971096038818,0.11015794426202774,0.0913551077246666,0.018802836537361145,2.4378094167332165e-05
92,False,9,desk,9,desk,True,0.7352123260498047,0.9464192390441895,0.7212352752685547,0.22518396377563477,0.0024618017487227917
93,False,25,sofa,25,sofa,True,0.9921256303787231,0.058838702738285065,0.04889538511633873,0.009943317621946335,8.680755854584277e-06
94,False,9,desk,9,desk,True,0.9939442276954651,0.04757959395647049,0.04112391173839569,0.006455682218074799,3.4682202567637432e-06
95,False,30,toilet,30,toilet,True,0.9992451071739197,0.0076488470658659935,0.006331244017928839,0.0013176030479371548,1.3207115046043327e-07
96,False,9,desk,9,desk,True,0.9929807186126709,0.05256906524300575,0.037590719759464264,0.014978345483541489,2.3561420675832778e-05
97,False,30,toilet,30,toilet,True,0.9992780685424805,0.007632440887391567,0.006823445670306683,0.0008089952170848846,3.309268592488479e-08
98,False,30,toilet,30,toilet,True,0.9982040524482727,0.01747436635196209,0.014852629974484444,0.002621736377477646,2.845630717729364e-07
99,False,0,airplane,0,airplane,True,0.9989380836486816,0.010775282979011536,0.009348387829959393,0.001426895149052143,1.5648633677756152e-07
100,False,12,flower_pot,21,plant,False,0.5774180293083191,1.2701301574707031,1.1036953926086426,0.16643476486206055,0.0016528444830328226
101,False,21,plant,21,plant,True,0.23297272622585297,2.134446144104004,1.8025277853012085,0.3319183588027954,0.0024219646584242582
102,False,7,cone,7,cone,True,0.9392311573028564,0.2990609109401703,0.22633104026317596,0.07272987067699432,0.00035363392089493573
103,False,16,mantel,16,mantel,True,0.990702748298645,0.06434705853462219,0.055803682655096054,0.008543375879526138,7.899784577602986e-06
104,False,13,glass_box,13,glass_box,True,0.5420737862586975,1.4395661354064941,1.2990593910217285,0.14050674438476562,0.0015344383427873254
105,False,6,chair,6,chair,True,0.9982123374938965,0.016060862690210342,0.014222214929759502,0.00183864776045084,2.736222484145401e-07
106,False,21,plant,21,plant,True,0.6855636835098267,1.1376545429229736,0.9307171106338501,0.20693743228912354,0.0019263123394921422
107,False,18,night_stand,18,night_stand,True,0.5182235836982727,1.2876231670379639,1.1593722105026245,0.12825095653533936,0.0015278722858056426
108,False,33,wardrobe,33,wardrobe,True,0.7625637650489807,0.9905946850776672,0.8882976770401001,0.10229700803756714,0.0007690106867812574
109,False,3,bench,3,bench,True,0.9958478808403015,0.03557915613055229,0.0295783169567585,0.006000839173793793,2.2072238152759383e-06
110,False,31,tv_stand,31,tv_stand,True,0.470350444316864,1.1824357509613037,1.0428194999694824,0.1396162509918213,0.0019483735086396337
111,False,29,tent,29,tent,True,0.9461179375648499,0.30758124589920044,0.2619656026363373,0.04561564326286316,9.853964729700238e-05
112,False,32,vase,32,vase,True,0.9589549899101257,0.20877104997634888,0.19079910218715668,0.0179719477891922,5.63606881769374e-05
113,False,5,car,5,car,True,0.9777016043663025,0.15014895796775818,0.1253506988286972,0.024798259139060974,4.184502540738322e-05
114,False,0,airplane,0,airplane,True,0.9877004623413086,0.08409208059310913,0.06178674474358559,0.022305335849523544,5.155169856152497e-05
115,False,6,chair,6,chair,True,0.9954506158828735,0.03769239783287048,0.031194159761071205,0.006498238071799278,2.436351223877864e-06
116,False,30,toilet,30,toilet,True,0.9912018179893494,0.06727627664804459,0.058939650654792786,0.0083366259932518,5.197227437747642e-06
117,False,21,plant,21,plant,True,0.5466656684875488,1.6356524229049683,1.269897699356079,0.36575472354888916,0.003061841242015362
118,False,21,plant,21,plant,True,0.7183748483657837,0.9344587326049805,0.8142621517181396,0.12019658088684082,0.0014111584750935435
119,False,30,toilet,30,toilet,True,0.9995781183242798,0.004662198480218649,0.004048855975270271,0.0006133425049483776,1.4834165895649676e-08
120,False,14,guitar,14,guitar,True,0.9783689975738525,0.14244863390922546,0.11071113497018814,0.03173749893903732,5.1885261200368404e-05
121,False,0,airplane,0,airplane,True,0.9702494740486145,0.18797823786735535,0.14951670169830322,0.038461536169052124,0.00013187204604037106
122,False,20,piano,20,piano,True,0.5954228043556213,1.4109392166137695,0.9059278964996338,0.5050113201141357,0.005642035976052284
123,False,31,tv_stand,4,bookshelf,False,0.39762580394744873,1.6667340993881226,1.4022225141525269,0.2645115852355957,0.0029219528660178185
124,False,30,toilet,30,toilet,True,0.9914336800575256,0.05861549824476242,0.0428653210401535,0.015750177204608917,2.420079727016855e-05
125,False,17,monitor,17,monitor,True,0.9514444470405579,0.2566649913787842,0.21682381629943848,0.0398411750793457,0.00019350004731677473
126,False,9,desk,18,night_stand,False,0.5781422257423401,1.4822824001312256,1.2808222770690918,0.2014601230621338,0.001750510884448886
127,False,14,guitar,14,guitar,True,0.9794389605522156,0.13588634133338928,0.11264108866453171,0.023245252668857574,4.1717099520610645e-05
128,False,32,vase,32,vase,True,0.6503445506095886,0.6723552346229553,0.6307048201560974,0.04165041446685791,0.0009722954710014164
129,False,16,mantel,16,mantel,True,0.8334690928459167,0.7251569628715515,0.5856205224990845,0.13953644037246704,0.0011753697181120515
130,False,0,airplane,0,airplane,True,0.9997754096984863,0.0023986732121556997,0.002105442574247718,0.00029323063790798187,8.487999636486165e-09
131,False,13,glass_box,13,glass_box,True,0.9435405135154724,0.3226708769798279,0.2723466753959656,0.050324201583862305,0.00018312268366571516
132,False,10,door,8,curtain,False,0.6001274585723877,0.8340237140655518,0.7686977982521057,0.06532591581344604,0.0011119007831439376
133,False,14,guitar,14,guitar,True,0.9963669776916504,0.029609233140945435,0.025941072031855583,0.0036681611090898514,7.436888154188637e-07
134,False,2,bed,2,bed,True,0.9331769943237305,0.32318684458732605,0.28255555033683777,0.04063129425048828,0.0001952613383764401
135,False,17,monitor,17,monitor,True,0.997738778591156,0.020619526505470276,0.017165323719382286,0.00345420278608799,6.318107352853986e-07
136,False,17,monitor,17,monitor,True,0.7769010663032532,0.9818253517150879,0.864786684513092,0.11703866720199585,0.0010172498878091574
137,False,20,piano,20,piano,True,0.22059543430805206,2.14206600189209,1.717751383781433,0.42431461811065674,0.003676930908113718
138,False,0,airplane,0,airplane,True,0.998113214969635,0.018411263823509216,0.015652408823370934,0.0027588550001382828,4.0032054471339507e-07
139,False,10,door,21,plant,False,0.32827863097190857,1.3996484279632568,1.150423288345337,0.24922513961791992,0.003332986030727625
140,False,21,plant,21,plant,True,0.5398878455162048,1.1442137956619263,1.0422718524932861,0.10194194316864014,0.0008623669273220003
141,False,20,piano,20,piano,True,0.9952884912490845,0.03981092572212219,0.03233373910188675,0.007477186620235443,2.4758871859376086e-06
142,False,5,car,5,car,True,0.9612576961517334,0.23511436581611633,0.20407475531101227,0.031039610505104065,9.16154749575071e-05
143,False,11,dresser,11,dresser,True,0.4779546856880188,1.5890626907348633,1.4351731538772583,0.15388953685760498,0.0014686898794025183
144,False,34,xbox,22,radio,False,0.46443942189216614,1.9793992042541504,1.742870807647705,0.2365283966064453,0.001832207664847374
145,False,23,range_hood,23,range_hood,True,0.5996464490890503,0.6997910737991333,0.6195515394210815,0.08023953437805176,0.0019496589666232467
146,False,32,vase,32,vase,True,0.9634171724319458,0.16476963460445404,0.1568487584590912,0.007920876145362854,2.752402906480711e-05
147,False,12,flower_pot,21,plant,False,0.8091687560081482,0.5371216535568237,0.49793902039527893,0.0391826331615448,0.000598036393057555
148,False,5,car,5,car,True,0.9847502708435059,0.09912750124931335,0.08662116527557373,0.012506335973739624,1.9372204405954108e-05
149,False,16,mantel,16,mantel,True,0.9225769639015198,0.4231421947479248,0.32085558772087097,0.10228660702705383,0.0006510122329927981
150,False,14,guitar,14,guitar,True,0.9851551055908203,0.1007862538099289,0.08406424522399902,0.01672200858592987,2.6622488803695887e-05
151,False,11,dresser,11,dresser,True,0.35765814781188965,1.8555190563201904,1.6325819492340088,0.22293710708618164,0.0019693835638463497
152,False,2,bed,2,bed,True,0.9991437792778015,0.008404256775975227,0.00727033568546176,0.0011339210905134678,1.4821708305134962e-07
153,False,20,piano,28,table,False,0.8381292223930359,0.8598021864891052,0.7458955645561218,0.1139066219329834,0.0006299166125245392
154,False,6,chair,6,chair,True,0.9946497678756714,0.04438326507806778,0.03736921772360802,0.007014047354459763,3.923654730897397e-06
155,False,16,mantel,16,mantel,True,0.9921494126319885,0.062074415385723114,0.04820150509476662,0.013872910290956497,1.0410839422547724e-05
156,False,1,bathtub,2,bed,False,0.38124939799308777,1.5534887313842773,1.1589559316635132,0.39453279972076416,0.004832353908568621
157,False,21,plant,21,plant,True,0.7212321162223816,1.0562043190002441,0.8026148676872253,0.2535894513130188,0.0020012494642287493
158,False,5,car,25,sofa,False,0.8304144740104675,0.7640883922576904,0.6079328060150146,0.15615558624267578,0.0013909501722082496
159,False,9,desk,9,desk,True,0.9214011430740356,0.40726467967033386,0.30001991987228394,0.10724475979804993,0.0008743410580791533
160,False,10,door,10,door,True,0.5925281643867493,0.7609505653381348,0.6923051476478577,0.0686454176902771,0.0013545278925448656
161,False,9,desk,9,desk,True,0.5574246644973755,1.1386604309082031,0.6538379788398743,0.48482245206832886,0.007152734324336052
162,False,18,night_stand,11,dresser,False,0.5265250205993652,1.0109705924987793,0.9355183839797974,0.07545220851898193,0.001281962264329195
163,False,25,sofa,25,sofa,True,0.9920512437820435,0.06102634593844414,0.05245504900813103,0.00857129693031311,5.046440492151305e-06
164,False,23,range_hood,23,range_hood,True,0.9149689674377441,0.4905267357826233,0.4104042053222656,0.08012253046035767,0.00026776950107887387
165,False,11,dresser,11,dresser,True,0.6299915909767151,1.1447696685791016,1.0545074939727783,0.09026217460632324,0.0008857605280354619
166,False,14,guitar,14,guitar,True,0.8704232573509216,0.5961692333221436,0.48267436027526855,0.113494873046875,0.000740378221962601
167,False,4,bookshelf,4,bookshelf,True,0.7165039777755737,1.196346402168274,0.9551638960838318,0.24118250608444214,0.0023076175712049007
168,False,30,toilet,30,toilet,True,0.9954351186752319,0.03845738619565964,0.031207585707306862,0.007249800488352776,4.091596110811224e-06
169,False,4,bookshelf,4,bookshelf,True,0.826145589351654,0.6195423007011414,0.524867832660675,0.09467446804046631,0.0009379558032378554
170,False,7,cone,7,cone,True,0.9945887923240662,0.041890762746334076,0.03613028675317764,0.005760475993156433,2.151150283680181e-06
171,False,30,toilet,30,toilet,True,0.9937312602996826,0.04825158044695854,0.041160088032484055,0.007091492414474487,3.1953356938174693e-06
172,False,15,lamp,32,vase,False,0.6659391522407532,1.1172809600830078,0.889898419380188,0.22738254070281982,0.002554458798840642
173,False,19,person,19,person,True,0.8020206689834595,0.7695273160934448,0.5213193893432617,0.2482079267501831,0.002225271426141262
174,False,30,toilet,30,toilet,True,0.9960585832595825,0.03480873256921768,0.02936723828315735,0.005441494286060333,2.0437146304175258e-06
175,False,6,chair,6,chair,True,0.9982982277870178,0.016193915158510208,0.014319317415356636,0.001874597743153572,1.9938786977036216e-07
176,False,8,curtain,17,monitor,False,0.510870099067688,1.0101139545440674,0.8104013204574585,0.1997126340866089,0.003926387056708336
177,False,30,toilet,30,toilet,True,0.9886897802352905,0.08018411695957184,0.06957797706127167,0.010606139898300171,9.476885679760017e-06
178,False,23,range_hood,23,range_hood,True,0.563930332660675,0.7603920698165894,0.6514416337013245,0.10895043611526489,0.002413355279713869
179,False,23,range_hood,23,range_hood,True,0.9333590269088745,0.2934694290161133,0.25936564803123474,0.03410378098487854,0.00018378118693362921
180,False,14,guitar,14,guitar,True,0.9828751683235168,0.11427810788154602,0.09469045698642731,0.019587650895118713,2.4733082682359964e-05
181,False,25,sofa,25,sofa,True,0.9987250566482544,0.01132199540734291,0.009931580163538456,0.0013904152438044548,2.159492140663133e-07
182,False,5,car,5,car,True,0.916615903377533,0.3585587441921234,0.23263335227966309,0.12592539191246033,0.0015446289908140898
183,False,1,bathtub,1,bathtub,True,0.8442859053611755,0.6160696744918823,0.5465129613876343,0.06955671310424805,0.0006294010090641677
184,False,25,sofa,25,sofa,True,0.8485807776451111,0.5069019198417664,0.436662882566452,0.07023903727531433,0.0008916190126910806
185,False,4,bookshelf,4,bookshelf,True,0.9511215686798096,0.2405315339565277,0.21004284918308258,0.03048868477344513,0.00015774861094541848
186,False,5,car,5,car,True,0.9545072317123413,0.25695741176605225,0.16970400512218475,0.08725340664386749,0.0005451052566058934
187,False,23,range_hood,23,range_hood,True,0.65995854139328,0.764202356338501,0.6096848845481873,0.15451747179031372,0.0032190659549087286
188,False,4,bookshelf,4,bookshelf,True,0.6040235161781311,1.1322380304336548,0.9776738286018372,0.15456420183181763,0.002100766869261861
189,False,29,tent,29,tent,True,0.6657961010932922,1.1711281538009644,1.0447851419448853,0.1263430118560791,0.001146702328696847
190,False,17,monitor,17,monitor,True,0.9885522127151489,0.08058246225118637,0.06788062304258347,0.012701839208602905,1.5680889191571623e-05
191,False,28,table,28,table,True,0.9908664226531982,0.06221999228000641,0.05479768291115761,0.007422309368848801,4.682841790781822e-06
192,False,23,range_hood,23,range_hood,True,0.9542211294174194,0.21244461834430695,0.17894166707992554,0.03350295126438141,0.0001545800914755091
193,False,21,plant,26,stairs,False,0.6130926012992859,1.2103359699249268,1.0356366634368896,0.1746993064880371,0.0020538438111543655
194,False,1,bathtub,1,bathtub,True,0.8983399271965027,0.5221160054206848,0.44164037704467773,0.08047562837600708,0.0004167135921306908
195,False,0,airplane,0,airplane,True,0.9979153275489807,0.017529716715216637,0.01535593532025814,0.002173781394958496,5.215998726271209e-07
196,False,6,chair,6,chair,True,0.9998144507408142,0.0021366002038121223,0.0019343914464116096,0.0002022087574005127,2.7988733553030443e-09
197,False,31,tv_stand,4,bookshelf,False,0.9258533120155334,0.34926995635032654,0.3199424147605896,0.02932754158973694,0.00013293919619172812
198,False,4,bookshelf,4,bookshelf,True,0.9859122633934021,0.10509045422077179,0.09043712913990021,0.014653325080871582,1.4841947631794028e-05
199,False,32,vase,32,vase,True,0.9674277901649475,0.15532974898815155,0.1473468542098999,0.007982894778251648,2.3028025680105202e-05
200,False,11,dresser,11,dresser,True,0.7929472327232361,0.8423736691474915,0.7660009264945984,0.07637274265289307,0.000439054419985041
201,False,13,glass_box,13,glass_box,True,0.5573773980140686,1.2983250617980957,1.1030774116516113,0.19524765014648438,0.0026904826518148184
202,False,13,glass_box,13,glass_box,True,0.7009570002555847,1.100813865661621,0.9914631843566895,0.10935068130493164,0.0009575893636792898
203,False,22,radio,34,xbox,False,0.738508939743042,0.8936387896537781,0.8081257343292236,0.08551305532455444,0.0010213819332420826
204,False,17,monitor,17,monitor,True,0.9983413815498352,0.015587378293275833,0.013515436090528965,0.002071942202746868,2.51781841598131e-07
205,False,21,plant,21,plant,True,0.6185621619224548,0.8303546905517578,0.7576403617858887,0.07271432876586914,0.0010607949225232005
206,False,11,dresser,11,dresser,True,0.76982182264328,0.7606383562088013,0.6905322670936584,0.07010608911514282,0.0008062521228566766
207,False,18,night_stand,18,night_stand,True,0.4502985179424286,1.3017592430114746,1.0682817697525024,0.23347747325897217,0.0029875056352466345
208,False,14,guitar,14,guitar,True,0.7613793015480042,0.9572147130966187,0.730873167514801,0.22634154558181763,0.0020397056359797716
209,False,31,tv_stand,31,tv_stand,True,0.31719401478767395,1.9286998510360718,1.5433670282363892,0.3853328227996826,0.003508120309561491
210,False,23,range_hood,23,range_hood,True,0.9140230417251587,0.3124932050704956,0.2625545859336853,0.0499386191368103,0.0004789490776602179
211,False,11,dresser,24,sink,False,0.2990885376930237,1.8972105979919434,1.6753065586090088,0.22190403938293457,0.0022656593937426805
212,False,12,flower_pot,32,vase,False,0.9681681394577026,0.16738127171993256,0.1561373621225357,0.01124390959739685,2.1420664779725485e-05
213,False,13,glass_box,33,wardrobe,False,0.5786636471748352,1.3103296756744385,1.1721429824829102,0.13818669319152832,0.0013611444737762213
214,False,23,range_hood,23,range_hood,True,0.9432809948921204,0.2789759635925293,0.22584672272205353,0.05312924087047577,0.00030416512163355947
215,False,8,curtain,8,curtain,True,0.5391287803649902,1.130151629447937,0.9622979760169983,0.16785365343093872,0.002609868999570608
216,False,24,sink,24,sink,True,0.946864902973175,0.2903304398059845,0.25666654109954834,0.03366389870643616,9.948216757038608e-05
217,False,26,stairs,26,stairs,True,0.8678058981895447,0.6420023441314697,0.42497357726097107,0.21702876687049866,0.0017273107077926397
218,False,15,lamp,15,lamp,True,0.33401620388031006,1.7492716312408447,1.1098331212997437,0.6394385099411011,0.0076712933368980885
219,False,23,range_hood,23,range_hood,True,0.6492812037467957,0.7359764575958252,0.6506197452545166,0.0853567123413086,0.0018605564255267382
220,False,30,toilet,30,toilet,True,0.9912742972373962,0.06424493342638016,0.05346980318427086,0.010775130242109299,8.036595318117179e-06
221,False,30,toilet,30,toilet,True,0.9957502484321594,0.0358368456363678,0.031814947724342346,0.004021897912025452,9.428470661987376e-07
222,False,10,door,21,plant,False,0.4673079550266266,1.1018178462982178,0.8892604112625122,0.21255743503570557,0.003585480386391282
223,False,11,dresser,18,night_stand,False,0.5245324373245239,1.3459932804107666,1.1294019222259521,0.21659135818481445,0.002978055039420724
224,False,20,piano,20,piano,True,0.6705165505409241,1.391931414604187,1.1817620992660522,0.21016931533813477,0.001869064406491816
225,False,14,guitar,14,guitar,True,0.9834543466567993,0.1072322279214859,0.08504438400268555,0.022187843918800354,4.4307351345196366e-05
226,False,28,table,28,table,True,0.972935676574707,0.1539987027645111,0.1288476437330246,0.02515105903148651,7.0624279032927e-05
227,False,10,door,10,door,True,0.9708059430122375,0.15465089678764343,0.13850364089012146,0.016147255897521973,3.8779635360697284e-05
228,False,5,car,5,car,True,0.9931231737136841,0.0473715141415596,0.036324985325336456,0.011046528816223145,1.2681961379712448e-05
229,False,6,chair,6,chair,True,0.984971821308136,0.09728635847568512,0.07275766879320145,0.024528689682483673,6.440220749936998e-05
230,False,31,tv_stand,4,bookshelf,False,0.5171133279800415,0.9646115899085999,0.8325302004814148,0.13208138942718506,0.002215375890955329
231,False,21,plant,21,plant,True,0.9823364615440369,0.10948340594768524,0.10120547562837601,0.008277930319309235,7.056334197841352e-06
232,False,31,tv_stand,20,piano,False,0.22885346412658691,2.401465654373169,2.1455318927764893,0.2559337615966797,0.002020219573751092
233,False,17,monitor,17,monitor,True,0.9919734597206116,0.06088923290371895,0.05589333921670914,0.004995893687009811,1.746460611684597e-06
234,False,17,monitor,17,monitor,True,0.8392384052276611,0.7178705930709839,0.6101418137550354,0.10772877931594849,0.0007709962665103376
235,False,1,bathtub,1,bathtub,True,0.9740350842475891,0.1553793102502823,0.1314505636692047,0.023928746581077576,4.0258186345454305e-05
236,False,3,bench,3,bench,True,0.5319175124168396,1.4388941526412964,1.0975167751312256,0.3413773775100708,0.0038590754847973585
237,False,11,dresser,11,dresser,True,0.7448828220367432,0.8306620717048645,0.7719957232475281,0.058666348457336426,0.0006207600235939026
238,False,16,mantel,16,mantel,True,0.9900315403938293,0.06630823016166687,0.05390246957540512,0.01240576058626175,2.0032815882586874e-05
239,False,16,mantel,16,mantel,True,0.9688534140586853,0.20992811024188995,0.1856464445590973,0.024281665682792664,3.5363635106477886e-05
240,False,2,bed,2,bed,True,0.9930810928344727,0.054172053933143616,0.046086784452199936,0.00808526948094368,5.338612027117051e-06
241,False,20,piano,24,sink,False,0.23061047494411469,2.4337713718414307,1.839141607284546,0.5946297645568848,0.004657973535358906
242,False,21,plant,21,plant,True,0.8937666416168213,0.423158198595047,0.37606605887413025,0.04709213972091675,0.0002970330824609846
243,False,18,night_stand,28,table,False,0.5223116874694824,1.0146516561508179,0.8458089828491211,0.16884267330169678,0.0028633656911551952
244,False,30,toilet,30,toilet,True,0.9401094317436218,0.2950765788555145,0.18951945006847382,0.10555712878704071,0.000953098526224494
245,False,12,flower_pot,21,plant,False,0.7747685313224792,0.5841398239135742,0.5523532629013062,0.031786561012268066,0.00045908679021522403
246,False,4,bookshelf,10,door,False,0.7260766625404358,0.7044565081596375,0.668138861656189,0.036317646503448486,0.0005410628509707749
247,False,21,plant,21,plant,True,0.7886000871658325,0.7883826494216919,0.5776064991950989,0.21077615022659302,0.002238672459498048
248,False,28,table,2,bed,False,0.5317884683609009,0.9769356846809387,0.7931694388389587,0.18376624584197998,0.0031634755432605743
249,False,2,bed,2,bed,True,0.9985894560813904,0.013777920976281166,0.011795834638178349,0.0019820863381028175,1.8999580220224743e-07
250,False,2,bed,2,bed,True,0.9992542862892151,0.00714622950181365,0.00611808942630887,0.0010281400755047798,1.2310741226428945e-07
251,False,29,tent,29,tent,True,0.5991547703742981,1.1027956008911133,0.8410056829452515,0.2617899179458618,0.003988367971032858
252,False,32,vase,32,vase,True,0.7723212838172913,0.8520876169204712,0.7575510144233704,0.09453660249710083,0.0006515595596283674
253,False,20,piano,20,piano,True,0.7518911361694336,0.9205043315887451,0.7668705582618713,0.15363377332687378,0.0017652903916314244
254,False,1,bathtub,1,bathtub,True,0.9317075610160828,0.3621334433555603,0.29639214277267456,0.06574130058288574,0.00037652699393220246
255,False,14,guitar,14,guitar,True,0.9747298359870911,0.14483091235160828,0.11676059663295746,0.028070315718650818,0.00010824299533851445
256,False,23,range_hood,23,range_hood,True,0.7188686728477478,0.9844652414321899,0.8214929103851318,0.1629723310470581,0.0017049650195986032
257,False,27,stool,32,vase,False,0.8718849420547485,0.6187245845794678,0.5428689122200012,0.07585567235946655,0.0004612017364706844
258,False,11,dresser,11,dresser,True,0.7855158448219299,0.7519698143005371,0.6956651210784912,0.0563046932220459,0.0005161190056242049
259,False,11,dresser,11,dresser,True,0.4130166471004486,1.8425360918045044,1.6139154434204102,0.22862064838409424,0.0022392557002604008
260,False,18,night_stand,18,night_stand,True,0.38376128673553467,1.2974685430526733,1.2173008918762207,0.08016765117645264,0.0012168018147349358
261,False,20,piano,20,piano,True,0.4440610408782959,1.977464199066162,1.7532984018325806,0.22416579723358154,0.002002533758059144
262,False,7,cone,7,cone,True,0.9264041185379028,0.2990848124027252,0.22854048013687134,0.07054433226585388,0.0006613648147322237
263,False,20,piano,20,piano,True,0.6635758280754089,1.32313072681427,1.1418074369430542,0.18132328987121582,0.0019048601388931274
264,False,13,glass_box,13,glass_box,True,0.9870378971099854,0.09481676667928696,0.07178589701652527,0.023030869662761688,2.660386417119298e-05
265,False,2,bed,2,bed,True,0.6994134187698364,1.153133749961853,0.8826495409011841,0.27048420906066895,0.0031173645984381437
266,False,14,guitar,14,guitar,True,0.9718817472457886,0.17207632958889008,0.14779509603977203,0.024281233549118042,4.89782469230704e-05
267,False,30,toilet,30,toilet,True,0.9979999661445618,0.018348675221204758,0.016286803409457207,0.002061871811747551,2.578383373474935e-07
268,False,18,night_stand,18,night_stand,True,0.6204684376716614,1.1773757934570312,1.005417823791504,0.17195796966552734,0.002067835070192814
269,False,25,sofa,25,sofa,True,0.8865690231323242,0.5328748226165771,0.4132574200630188,0.11961740255355835,0.0009007618064060807
270,False,18,night_stand,18,night_stand,True,0.9184009432792664,0.4762299656867981,0.4235219657421112,0.05270799994468689,0.00011617194104474038
271,False,29,tent,29,tent,True,0.9471325874328613,0.3178024888038635,0.24159149825572968,0.07621099054813385,0.0002925068256445229
272,False,1,bathtub,1,bathtub,True,0.7803066372871399,0.9966432452201843,0.8788882493972778,0.1177549958229065,0.0009984797798097134
273,False,4,bookshelf,4,bookshelf,True,0.991230845451355,0.06118070334196091,0.05285075306892395,0.008329950273036957,8.010702913452405e-06
274,False,20,piano,20,piano,True,0.7566602230072021,1.1518428325653076,1.0364751815795898,0.11536765098571777,0.0008869764860719442
275,False,28,table,28,table,True,0.997978150844574,0.01799478940665722,0.015945471823215485,0.0020493175834417343,2.420170233108365e-07
276,False,32,vase,32,vase,True,0.7635841965675354,1.0828216075897217,0.9886655211448669,0.09415608644485474,0.0005568237975239754
277,False,14,guitar,8,curtain,False,0.33794069290161133,1.479699969291687,1.1207382678985596,0.35896170139312744,0.004511868115514517
278,False,30,toilet,30,toilet,True,0.9965882897377014,0.03001677803695202,0.02534169889986515,0.004675079137086868,1.1463806686151656e-06
279,False,4,bookshelf,4,bookshelf,True,0.9625798463821411,0.23800978064537048,0.2146473228931427,0.023362457752227783,4.079643986187875e-05
280,False,5,car,5,car,True,0.9989376664161682,0.009829096496105194,0.008024591021239758,0.0018045054748654366,4.1603956901781203e-07
281,False,2,bed,2,bed,True,0.997643232345581,0.02032403275370598,0.015434029512107372,0.004890003241598606,2.629818709465326e-06
282,False,0,airplane,0,airplane,True,0.9941840171813965,0.04819880425930023,0.034200139343738556,0.013998664915561676,1.633233296161052e-05
283,False,30,toilet,30,toilet,True,0.9975094199180603,0.021637622267007828,0.01851249299943447,0.0031251292675733566,5.302015324559761e-07
284,False,30,toilet,30,toilet,True,0.9986804127693176,0.012665238231420517,0.010455554351210594,0.002209683880209923,2.81574699556586e-07
285,False,18,night_stand,18,night_stand,True,0.7526262402534485,1.0723379850387573,0.881358802318573,0.19097918272018433,0.0017016727942973375
286,False,31,tv_stand,31,tv_stand,True,0.5115453004837036,1.7586534023284912,1.375467300415039,0.38318610191345215,0.002797328867018223
287,False,6,chair,6,chair,True,0.9855045080184937,0.10321671515703201,0.07277050614356995,0.030446209013462067,8.568113116780296e-05
288,False,31,tv_stand,4,bookshelf,False,0.6259981989860535,0.7886749505996704,0.6677860617637634,0.12088888883590698,0.0026091872714459896
289,False,23,range_hood,23,range_hood,True,0.967557966709137,0.1935943216085434,0.15719808638095856,0.03639623522758484,8.976492244983092e-05
290,False,11,dresser,31,tv_stand,False,0.4521099627017975,1.5582340955734253,1.379874587059021,0.1783595085144043,0.001923932577483356
291,False,14,guitar,14,guitar,True,0.9771488904953003,0.14688622951507568,0.10238837450742722,0.04449785500764847,0.00018436812388245016
292,False,11,dresser,29,tent,False,0.34138256311416626,1.6753238439559937,1.3951406478881836,0.28018319606781006,0.003322088159620762
293,False,8,curtain,8,curtain,True,0.6045274138450623,1.1074546575546265,0.9455419778823853,0.1619126796722412,0.0019003221532329917
294,False,9,desk,9,desk,True,0.5403264760971069,1.6394565105438232,1.393202543258667,0.24625396728515625,0.0021737590432167053
295,False,20,piano,20,piano,True,0.9598522186279297,0.22306513786315918,0.16512596607208252,0.05793917179107666,0.00028919512988068163
296,False,32,vase,15,lamp,False,0.39414772391319275,1.718284010887146,1.4673681259155273,0.25091588497161865,0.002899841172620654
297,False,14,guitar,14,guitar,True,0.9920887351036072,0.05781538784503937,0.04089643061161041,0.016918957233428955,2.6174047889071517e-05
298,False,18,night_stand,18,night_stand,True,0.5470790863037109,1.6173031330108643,1.4709861278533936,0.1463170051574707,0.0009896003175526857
299,False,5,car,5,car,True,0.9393889307975769,0.3018018305301666,0.23971761763095856,0.06208421289920807,0.0004418733878992498
300,False,17,monitor,17,monitor,True,0.9975173473358154,0.022001110017299652,0.01842227764427662,0.003578832373023033,7.911041848274181e-07
301,False,25,sofa,25,sofa,True,0.9997076988220215,0.0031956094317138195,0.0028018259909003973,0.0003937834408134222,1.2134358406967749e-08
302,False,30,toilet,30,toilet,True,0.9978073835372925,0.020411064848303795,0.0183865986764431,0.002024466171860695,2.1097515912060771e-07
303,False,10,door,10,door,True,0.9719119071960449,0.14762310683727264,0.12847360968589783,0.019149497151374817,6.034044417901896e-05
304,False,32,vase,32,vase,True,0.8893098831176758,0.58523029088974,0.4915764629840851,0.09365382790565491,0.0004999194643460214
305,False,32,vase,32,vase,True,0.8713459372520447,0.5741804242134094,0.49550482630729675,0.07867559790611267,0.000388025538995862
306,False,21,plant,21,plant,True,0.5565743446350098,1.160592794418335,0.9562830328941345,0.20430976152420044,0.003275580471381545
307,False,0,airplane,0,airplane,True,0.986798882484436,0.10062360763549805,0.0823478102684021,0.018275797367095947,1.6597768990322948e-05
308,False,0,airplane,0,airplane,True,0.9968482255935669,0.027050931006669998,0.0230711679905653,0.003979763016104698,1.240589654116775e-06
309,False,17,monitor,17,monitor,True,0.9362174272537231,0.32850775122642517,0.23778191208839417,0.090725839138031,0.0007270267233252525
310,False,5,car,5,car,True,0.9925630688667297,0.0524645559489727,0.04073715955018997,0.01172739639878273,9.66030165727716e-06
311,False,20,piano,20,piano,True,0.9657576680183411,0.22594410181045532,0.1744019091129303,0.051542192697525024,0.0001370586978737265
312,False,25,sofa,25,sofa,True,0.9994909167289734,0.005030195694416761,0.003898962866514921,0.0011312328279018402,1.294707345778079e-07
313,False,28,table,28,table,True,0.9111608862876892,0.4982556998729706,0.3934943675994873,0.10476133227348328,0.0004928785492666066
314,False,11,dresser,11,dresser,True,0.7690919637680054,0.8060449361801147,0.7473812699317932,0.05866366624832153,0.0006455167895182967
315,False,5,car,5,car,True,0.9924871325492859,0.058725252747535706,0.04665188863873482,0.012073364108800888,7.090522103680996e-06
316,False,0,airplane,0,airplane,True,0.9515780806541443,0.24803856015205383,0.17978866398334503,0.0682498961687088,0.00040601444197818637
317,False,11,dresser,11,dresser,True,0.8134317994117737,0.6284135580062866,0.5631435513496399,0.06527000665664673,0.0008540452690795064
318,False,25,sofa,25,sofa,True,0.998741090297699,0.011806778609752655,0.01053874846547842,0.0012680301442742348,1.0243123682585065e-07
319,False,12,flower_pot,21,plant,False,0.6500030755996704,0.7820084095001221,0.7088266015052795,0.07318180799484253,0.0013710337225347757
320,False,12,flower_pot,32,vase,False,0.960191547870636,0.19532231986522675,0.18160171806812286,0.013720601797103882,3.5330187529325485e-05
321,False,28,table,28,table,True,0.9960325956344604,0.032346270978450775,0.026062076911330223,0.006284194067120552,4.249121957400348e-06
322,False,32,vase,32,vase,True,0.8618770837783813,0.6574476361274719,0.5332469344139099,0.12420070171356201,0.0006771909538656473
323,False,31,tv_stand,4,bookshelf,False,0.8184149861335754,0.68634033203125,0.59991854429245,0.08642178773880005,0.0008247746154665947
324,False,20,piano,20,piano,True,0.9096403121948242,0.5044975280761719,0.37645336985588074,0.12804415822029114,0.0005555169773288071
325,False,5,car,5,car,True,0.8897591233253479,0.5454083681106567,0.4228426218032837,0.12256574630737305,0.0007697558612562716
326,False,26,stairs,29,tent,False,0.5676834583282471,1.7264342308044434,1.4304043054580688,0.2960299253463745,0.0026199822314083576
327,False,23,range_hood,23,range_hood,True,0.6087788939476013,1.3385204076766968,1.0643117427825928,0.274208664894104,0.0033632731065154076
328,False,15,lamp,15,lamp,True,0.9855443239212036,0.0967283546924591,0.06672456115484238,0.03000379353761673,6.080117600504309e-05
329,False,28,table,28,table,True,0.7666388154029846,0.6888400316238403,0.5700564980506897,0.11878353357315063,0.001773400348611176
330,False,16,mantel,16,mantel,True,0.320089727640152,1.6396828889846802,1.4055492877960205,0.23413360118865967,0.002949459245428443
331,False,25,sofa,25,sofa,True,0.999394953250885,0.005838644690811634,0.005363621283322573,0.00047502340748906136,2.784618757800672e-08
332,False,31,tv_stand,31,tv_stand,True,0.8711357712745667,0.6303225755691528,0.5722194910049438,0.058103084564208984,0.00020853232126682997
333,False,20,piano,20,piano,True,0.8204237222671509,0.6319150328636169,0.4004500210285187,0.23146501183509827,0.003024521516636014
334,False,30,toilet,30,toilet,True,0.9874629378318787,0.09072545170783997,0.07541495561599731,0.015310496091842651,1.2392910321068484e-05
335,False,21,plant,26,stairs,False,0.31290724873542786,1.8780810832977295,1.4907057285308838,0.3873753547668457,0.003704868955537677
336,False,14,guitar,14,guitar,True,0.9924423694610596,0.05612949654459953,0.045265842229127884,0.01086365431547165,1.1175402505614329e-05
337,False,6,chair,6,chair,True,0.9985103011131287,0.013984321616590023,0.011515043675899506,0.0024692779406905174,5.677054559782846e-07
338,False,21,plant,21,plant,True,0.548385739326477,1.1671645641326904,1.0112818479537964,0.15588271617889404,0.0014103242428973317
339,False,14,guitar,14,guitar,True,0.9959394335746765,0.0334903746843338,0.02883850410580635,0.0046518705785274506,1.2215551805638825e-06
340,False,31,tv_stand,31,tv_stand,True,0.842538595199585,0.7077102065086365,0.600388765335083,0.10732144117355347,0.0006872618687339127
341,False,5,car,5,car,True,0.9909468293190002,0.06689687818288803,0.05613502115011215,0.010761857032775879,1.0983608262904454e-05
342,False,13,glass_box,13,glass_box,True,0.9957275390625,0.03560630977153778,0.02682311274111271,0.008783197030425072,6.87950023348094e-06
343,False,2,bed,2,bed,True,0.9989968538284302,0.009895187802612782,0.008689889684319496,0.0012052981182932854,9.177889381817295e-08
344,False,14,guitar,14,guitar,True,0.9856110215187073,0.1004975363612175,0.08804330974817276,0.012454226613044739,1.0574622137937695e-05
345,False,23,range_hood,23,range_hood,True,0.9797796010971069,0.12628181278705597,0.0977374017238617,0.028544411063194275,6.24984604655765e-05
346,False,16,mantel,16,mantel,True,0.9643366932868958,0.1956859827041626,0.1481233388185501,0.04756264388561249,0.0002075739757856354
347,False,31,tv_stand,31,tv_stand,True,0.5083124041557312,1.054136037826538,0.8482117056846619,0.20592433214187622,0.0036100950092077255
348,False,2,bed,2,bed,True,0.9965671300888062,0.029129019007086754,0.025929681956768036,0.003199337050318718,7.877976599957037e-07
349,False,1,bathtub,1,bathtub,True,0.9051881432533264,0.5125893354415894,0.4572600722312927,0.05532926321029663,0.00013150575978215784
350,False,21,plant,21,plant,True,0.4508557617664337,1.7722480297088623,1.3759102821350098,0.39633774757385254,0.0038246281910687685
351,False,24,sink,24,sink,True,0.8844757676124573,0.4566856026649475,0.396512895822525,0.060172706842422485,0.00042990047950297594
352,False,14,guitar,14,guitar,True,0.9773926138877869,0.15153749287128448,0.11629217118024826,0.035245321691036224,8.132405491778627e-05
353,False,13,glass_box,33,wardrobe,False,0.5691208243370056,1.4060032367706299,1.2415499687194824,0.16445326805114746,0.0012726072454825044
354,False,6,chair,6,chair,True,0.9993260502815247,0.0066737039014697075,0.005935990251600742,0.0007377136498689651,4.7212999731982563e-08
355,False,14,guitar,14,guitar,True,0.9878140091896057,0.08785774558782578,0.0721796452999115,0.015678100287914276,1.4212584574124776e-05
356,False,18,night_stand,18,night_stand,True,0.9341658353805542,0.3691883683204651,0.3139300048351288,0.055258363485336304,0.00016208658053074032
357,False,9,desk,9,desk,True,0.8115783929824829,0.747606635093689,0.6369529962539673,0.11065363883972168,0.000935258693061769
358,False,14,guitar,14,guitar,True,0.833673894405365,0.7717338800430298,0.5831100940704346,0.18862378597259521,0.0014492480549961329
359,False,9,desk,9,desk,True,0.7421996593475342,1.0658485889434814,0.9380788803100586,0.12776970863342285,0.0009579579927958548
360,False,9,desk,9,desk,True,0.9947971105575562,0.037809841334819794,0.026692448183894157,0.011117393150925636,1.1158354936924297e-05
361,False,16,mantel,16,mantel,True,0.8564879894256592,0.7026622891426086,0.5741644501686096,0.12849783897399902,0.000726912054233253
362,False,32,vase,32,vase,True,0.9325182437896729,0.34783267974853516,0.3089056611061096,0.03892701864242554,8.286019874503836e-05
363,False,18,night_stand,11,dresser,False,0.5928638577461243,1.161489486694336,1.0675039291381836,0.09398555755615234,0.0010335284750908613
364,False,0,airplane,0,airplane,True,0.9977289438247681,0.020794913172721863,0.018706604838371277,0.002088308334350586,3.2442335395899136e-07
365,False,17,monitor,17,monitor,True,0.9976017475128174,0.02031930722296238,0.014246118254959583,0.006073188968002796,4.416445790411672e-06
366,False,23,range_hood,23,range_hood,True,0.9969092607498169,0.02604632079601288,0.022967875003814697,0.003078445792198181,7.15478506663203e-07
367,False,17,monitor,17,monitor,True,0.5295719504356384,1.6198137998580933,1.3801320791244507,0.23968172073364258,0.002561833942309022
368,False,9,desk,9,desk,True,0.6495744585990906,1.221513271331787,1.061463713645935,0.16004955768585205,0.001524579362012446
369,False,2,bed,2,bed,True,0.9902786612510681,0.06976351141929626,0.05967903509736061,0.010084476321935654,8.449468623439316e-06
370,False,29,tent,0,airplane,False,0.39332881569862366,1.7638587951660156,1.3103092908859253,0.45354950428009033,0.005492209456861019
371,False,9,desk,9,desk,True,0.6533280611038208,1.0368038415908813,0.8584479689598083,0.178355872631073,0.002970802364870906
372,False,14,guitar,14,guitar,True,0.9916759729385376,0.060436420142650604,0.050008974969387054,0.01042744517326355,9.265472726838198e-06
373,False,23,range_hood,16,mantel,False,0.8203391432762146,0.550005316734314,0.4917633831501007,0.05824193358421326,0.0008842161623761058
374,False,28,table,28,table,True,0.967047929763794,0.17827841639518738,0.16269119083881378,0.015587225556373596,3.3983244065893814e-05
375,False,17,monitor,17,monitor,True,0.8421729803085327,0.5854535102844238,0.4981078803539276,0.08734562993049622,0.0008632575627416372
376,False,16,mantel,16,mantel,True,0.9680976867675781,0.19742941856384277,0.14615291357040405,0.05127650499343872,0.00016109502757899463
377,False,34,xbox,34,xbox,True,0.6303117275238037,1.0590497255325317,0.9371073842048645,0.12194234132766724,0.0015531785320490599
378,False,11,dresser,11,dresser,True,0.5336649417877197,0.938069760799408,0.829890251159668,0.10817950963973999,0.0021470545325428247
379,False,16,mantel,16,mantel,True,0.9950884580612183,0.03913905471563339,0.03292703628540039,0.006212018430233002,2.1138480406079907e-06
380,False,24,sink,4,bookshelf,False,0.4781576991081238,1.5802462100982666,1.1423640251159668,0.4378821849822998,0.004933335352689028
381,False,13,glass_box,13,glass_box,True,0.9895437359809875,0.08163797855377197,0.0696602314710617,0.011977747082710266,6.797962214477593e-06
382,False,25,sofa,25,sofa,True,0.9759358763694763,0.1428837776184082,0.11409889161586761,0.02878488600254059,9.040409349836409e-05
383,False,14,guitar,14,guitar,True,0.9783971309661865,0.14200925827026367,0.09380360692739487,0.048205651342868805,0.0001292890519835055
384,False,28,table,28,table,True,0.9957059025764465,0.03234962001442909,0.028392253443598747,0.003957366570830345,2.0356801542220637e-06
385,False,9,desk,28,table,False,0.873042106628418,0.5121986269950867,0.4412255883216858,0.07097303867340088,0.0005650913226418197
386,False,4,bookshelf,4,bookshelf,True,0.5424496531486511,1.3565785884857178,0.9532962441444397,0.4032823443412781,0.005350311286747456
387,False,13,glass_box,13,glass_box,True,0.9968768358230591,0.02791358344256878,0.023591984063386917,0.004321599379181862,1.1985979426754056e-06
388,False,19,person,19,person,True,0.9769413471221924,0.15558749437332153,0.12749025225639343,0.0280972421169281,4.3817311961902305e-05
389,False,22,radio,22,radio,True,0.8442107439041138,0.6447126865386963,0.4607298672199249,0.18398281931877136,0.0020320205949246883
390,False,0,airplane,0,airplane,True,0.9995180368423462,0.005056598223745823,0.004336665850132704,0.0007199323736131191,4.2590404092379686e-08
391,False,17,monitor,17,monitor,True,0.9987624883651733,0.012445665895938873,0.011338906362652779,0.0011067595332860947,6.17387740931008e-08
392,False,18,night_stand,13,glass_box,False,0.3160232603549957,1.7538576126098633,1.6492501497268677,0.1046074628829956,0.0008901450200937688
393,False,2,bed,2,bed,True,0.7026113271713257,1.2382903099060059,1.0555942058563232,0.18269610404968262,0.0015428336337208748
394,False,17,monitor,17,monitor,True,0.9986061453819275,0.013063428923487663,0.011607985012233257,0.001455443911254406,1.5317630186473252e-07
395,False,17,monitor,17,monitor,True,0.8721132278442383,0.6387078166007996,0.5438754558563232,0.09483236074447632,0.0006244191899895668
396,False,12,flower_pot,32,vase,False,0.9378622174263,0.274076372385025,0.25409334897994995,0.019983023405075073,6.668078276561573e-05
397,False,21,plant,21,plant,True,0.612793505191803,1.142845630645752,0.9996042251586914,0.14324140548706055,0.0012956677237525582
398,False,17,monitor,17,monitor,True,0.3507377505302429,2.2201690673828125,1.8418686389923096,0.37830042839050293,0.003221809398382902
399,False,25,sofa,25,sofa,True,0.994539201259613,0.042920492589473724,0.03752566874027252,0.005394823849201202,2.5052834189409623e-06
400,False,16,mantel,16,mantel,True,0.9768886566162109,0.1364118754863739,0.11966373026371002,0.01674814522266388,2.7344593036104925e-05
401,False,20,piano,20,piano,True,0.5481942296028137,1.686150312423706,1.4994688034057617,0.18668150901794434,0.0014893797924742103
402,False,2,bed,2,bed,True,0.9893415570259094,0.07949298620223999,0.07093779742717743,0.008555188775062561,5.495883215189679e-06
403,False,5,car,5,car,True,0.9601985216140747,0.21253877878189087,0.16738584637641907,0.0451529324054718,0.0002083854196825996
404,False,2,bed,28,table,False,0.6015364527702332,1.0781688690185547,0.8986268639564514,0.17954200506210327,0.002660818165168166
405,False,21,plant,21,plant,True,0.7497401833534241,0.6519386768341064,0.6174269318580627,0.0345117449760437,0.00047727435594424605
406,False,4,bookshelf,4,bookshelf,True,0.9921940565109253,0.061977021396160126,0.05230959504842758,0.009667426347732544,6.24636777502019e-06
407,False,13,glass_box,13,glass_box,True,0.9933056831359863,0.05543074756860733,0.04713023081421852,0.00830051675438881,3.6954406823497266e-06
408,False,26,stairs,26,stairs,True,0.7163615226745605,1.0194674730300903,0.8491606712341309,0.17030680179595947,0.0018353998893871903
409,False,14,guitar,14,guitar,True,0.714525043964386,0.922776460647583,0.7580514550209045,0.16472500562667847,0.0020202407613396645
410,False,0,airplane,0,airplane,True,0.9967904686927795,0.025943424552679062,0.01897333934903145,0.0069700852036476135,5.325110578269232e-06
411,False,32,vase,32,vase,True,0.9618844389915466,0.20299750566482544,0.1841297745704651,0.01886773109436035,5.9499983763089404e-05
412,False,10,door,10,door,True,0.950688898563385,0.21978330612182617,0.1993744969367981,0.020408809185028076,7.96837339294143e-05
413,False,28,table,28,table,True,0.9525530338287354,0.22853967547416687,0.20581115782260895,0.022728517651557922,0.00010949920397251844
414,False,6,chair,6,chair,True,0.9953073859214783,0.037182845175266266,0.03180863335728645,0.005374211817979813,1.949949819390895e-06
415,False,32,vase,32,vase,True,0.9579467177391052,0.21693694591522217,0.20241773128509521,0.014519214630126953,3.797288809437305e-05
416,False,18,night_stand,18,night_stand,True,0.3307340443134308,1.9575130939483643,1.774513840675354,0.18299925327301025,0.001387343043461442
417,False,18,night_stand,18,night_stand,True,0.747509777545929,0.8414480686187744,0.69647216796875,0.14497590065002441,0.0018990044482052326
418,False,6,chair,6,chair,True,0.9963768720626831,0.0280134379863739,0.023625068366527557,0.004388369619846344,1.825587446546706e-06
419,False,11,dresser,11,dresser,True,0.8334245085716248,0.7345789670944214,0.6544089317321777,0.08017003536224365,0.0004318912688177079
420,False,20,piano,20,piano,True,0.9756492972373962,0.15368247032165527,0.13423959910869598,0.01944287121295929,2.589925134088844e-05
421,False,5,car,5,car,True,0.9954381585121155,0.038089461624622345,0.030881937593221664,0.0072075240314006805,3.793487167058629e-06
422,False,32,vase,32,vase,True,0.307112455368042,2.246946096420288,1.8741061687469482,0.37283992767333984,0.0023960613179951906
423,False,0,airplane,0,airplane,True,0.9986143112182617,0.013477151282131672,0.010971189476549625,0.0025059618055820465,6.104671115281235e-07
424,False,0,airplane,0,airplane,True,0.9974063038825989,0.022963717579841614,0.01930292695760727,0.0036607906222343445,9.831902616497246e-07
425,False,17,monitor,17,monitor,True,0.57334965467453,1.4645206928253174,1.1705243587493896,0.29399633407592773,0.003430374665185809
426,False,17,monitor,17,monitor,True,0.9892216324806213,0.08500367403030396,0.07561728358268738,0.009386390447616577,7.441681646014331e-06
427,False,2,bed,2,bed,True,0.9991797804832458,0.00854433048516512,0.007294975221157074,0.0012493552640080452,1.0081428314379082e-07
428,False,11,dresser,11,dresser,True,0.40537506341934204,1.579723834991455,1.4435902833938599,0.13613355159759521,0.0014071452897042036
429,False,28,table,28,table,True,0.9471162557601929,0.28116029500961304,0.2236671894788742,0.05749310553073883,0.000353757495759055
430,False,12,flower_pot,32,vase,False,0.8049830198287964,0.599407970905304,0.5056626796722412,0.09374529123306274,0.001345868338830769
431,False,30,toilet,30,toilet,True,0.8598026633262634,0.4399801194667816,0.35543933510780334,0.08454078435897827,0.00127755559515208
432,False,16,mantel,16,mantel,True,0.9899211525917053,0.07979057729244232,0.06326351314783096,0.01652706414461136,1.6632662664051168e-05
433,False,2,bed,2,bed,True,0.9993433952331543,0.006805874407291412,0.005927574820816517,0.0008782995864748955,5.1163130621034725e-08
434,False,6,chair,6,chair,True,0.9984897375106812,0.013788020238280296,0.012098278850317001,0.001689741387963295,1.8547719093930937e-07
435,False,4,bookshelf,4,bookshelf,True,0.9497793316841125,0.25924500823020935,0.22939909994602203,0.029845908284187317,0.00014026433927938342
436,False,0,airplane,0,airplane,True,0.998420774936676,0.013896944932639599,0.011068147607147694,0.002828797325491905,9.479848586124717e-07
437,False,32,vase,32,vase,True,0.3730411231517792,2.20133638381958,1.9421067237854004,0.2592296600341797,0.002052419586107135
438,False,3,bench,3,bench,True,0.9891563653945923,0.0742167979478836,0.048771027475595474,0.02544577047228813,5.426729694590904e-05
439,False,20,piano,20,piano,True,0.9595856070518494,0.250426709651947,0.19147823750972748,0.05894847214221954,0.0001742726017255336
440,False,23,range_hood,23,range_hood,True,0.9839128851890564,0.11400684714317322,0.09535971283912659,0.01864713430404663,2.7638587198453024e-05
441,False,6,chair,6,chair,True,0.9933046102523804,0.051636725664138794,0.04465443268418312,0.006982292979955673,4.245507625455502e-06
442,False,13,glass_box,13,glass_box,True,0.9786223769187927,0.14249595999717712,0.12722481787204742,0.0152711421251297,1.407697254762752e-05
443,False,21,plant,21,plant,True,0.5267348885536194,1.462662935256958,1.2568281888961792,0.2058347463607788,0.0023999782279133797
444,False,0,airplane,0,airplane,True,0.9993523359298706,0.006591878831386566,0.005833440460264683,0.0007584383711218834,3.6468094322117395e-08
445,False,30,toilet,30,toilet,True,0.9775412082672119,0.144819438457489,0.11882845312356949,0.025990985333919525,4.8679776227800176e-05
446,False,13,glass_box,13,glass_box,True,0.9934415221214294,0.053752269595861435,0.047318365424871445,0.00643390417098999,2.135589284080197e-06
447,False,2,bed,2,bed,True,0.980328381061554,0.13378562033176422,0.1178681030869484,0.015917517244815826,1.9596865968196653e-05
448,False,9,desk,9,desk,True,0.25852662324905396,2.4539060592651367,2.1691081523895264,0.28479790687561035,0.0018821005942299962
449,False,5,car,5,car,True,0.9978387951850891,0.020050030201673508,0.017068225890398026,0.002981804311275482,7.322336728066148e-07
450,False,5,car,5,car,True,0.8124920129776001,0.8553954362869263,0.725269079208374,0.13012635707855225,0.001114283106289804
451,False,30,toilet,30,toilet,True,0.9966211318969727,0.027824904769659042,0.024195007979869843,0.0036298967897892,9.401623515259416e-07
452,False,4,bookshelf,4,bookshelf,True,0.42037519812583923,2.047924518585205,1.8100579977035522,0.23786652088165283,0.0013366410275921226
453,False,32,vase,32,vase,True,0.9486355185508728,0.22261208295822144,0.21140268445014954,0.0112093985080719,3.962851405958645e-05
454,False,9,desk,9,desk,True,0.9008398652076721,0.439827561378479,0.3942491114139557,0.045578449964523315,0.00031775119714438915
455,False,13,glass_box,13,glass_box,True,0.9807799458503723,0.12986987829208374,0.10573169589042664,0.024138182401657104,3.973820639657788e-05
456,False,1,bathtub,2,bed,False,0.5449811816215515,0.8720507621765137,0.7605191469192505,0.11153161525726318,0.0023494006600230932
457,False,9,desk,9,desk,True,0.9980477094650269,0.017139744013547897,0.015883704647421837,0.0012560393661260605,1.3886246108540945e-07
458,False,31,tv_stand,31,tv_stand,True,0.8904742002487183,0.43363523483276367,0.3425295650959015,0.09110566973686218,0.0010418763849884272
459,False,20,piano,25,sofa,False,0.6871811151504517,1.1990069150924683,1.0750186443328857,0.12398827075958252,0.00107706303242594
460,False,14,guitar,14,guitar,True,0.563361406326294,1.2707631587982178,0.98806232213974,0.2827008366584778,0.00420191278681159
461,False,25,sofa,25,sofa,True,0.9998542666435242,0.0017656561685726047,0.0016229189932346344,0.00014273717533797026,9.546020640627262e-10
462,False,31,tv_stand,31,tv_stand,True,0.48343461751937866,1.6840049028396606,1.3204201459884644,0.3635847568511963,0.003671084064990282
463,False,21,plant,21,plant,True,0.7273821830749512,0.660043478012085,0.6114006638526917,0.04864281415939331,0.0008486633887514472
464,False,13,glass_box,13,glass_box,True,0.9652532339096069,0.2239304780960083,0.18543703854084015,0.03849343955516815,6.760207179468125e-05
465,False,20,piano,20,piano,True,0.9931393265724182,0.053357090801000595,0.035069484263658524,0.01828760653734207,2.7035315724788234e-05
466,False,4,bookshelf,4,bookshelf,True,0.9823926687240601,0.12281300127506256,0.1066775992512703,0.016135402023792267,1.7820428183767945e-05
467,False,9,desk,9,desk,True,0.8600325584411621,0.6120318174362183,0.4837488532066345,0.12828296422958374,0.0009656755137257278
468,False,1,bathtub,1,bathtub,True,0.9417068362236023,0.30255556106567383,0.2588106095790863,0.043744951486587524,0.0001876337919384241
469,False,28,table,28,table,True,0.9768062829971313,0.137582927942276,0.11743798106908798,0.02014494687318802,4.673458533943631e-05
470,False,23,range_hood,23,range_hood,True,0.44549909234046936,1.5388638973236084,1.2584185600280762,0.2804453372955322,0.0038546882569789886
471,False,1,bathtub,2,bed,False,0.5938133001327515,1.1139940023422241,0.8676121830940247,0.24638181924819946,0.0035613945219665766
472,False,14,guitar,14,guitar,True,0.9908645153045654,0.06901802867650986,0.0519886277616024,0.017029400914907455,1.4969041330914479e-05
473,False,4,bookshelf,21,plant,False,0.43420299887657166,1.8134034872055054,1.380366563796997,0.4330369234085083,0.004106532782316208
474,False,19,person,19,person,True,0.6285265684127808,0.9910444021224976,0.7946500182151794,0.19639438390731812,0.0026224711909890175
475,False,2,bed,2,bed,True,0.9994840621948242,0.005207302048802376,0.004665818996727467,0.0005414830520749092,1.8693722125817658e-08
476,False,28,table,28,table,True,0.947546124458313,0.2283339649438858,0.1885858029127121,0.039748162031173706,0.00027700967621058226
477,False,31,tv_stand,18,night_stand,False,0.8274677991867065,0.8109188675880432,0.6471968293190002,0.16372203826904297,0.0011605838080868125
478,False,31,tv_stand,31,tv_stand,True,0.6521949768066406,0.9475024938583374,0.7840119004249573,0.16349059343338013,0.002212181920185685
479,False,11,dresser,11,dresser,True,0.3275914490222931,1.7572671175003052,1.5871700048446655,0.17009711265563965,0.0014789508422836661
480,False,25,sofa,25,sofa,True,0.997159481048584,0.024422412738204002,0.021010663360357285,0.003411749377846718,8.311268970828678e-07
481,False,5,car,29,tent,False,0.8220752477645874,0.5973288416862488,0.4005967676639557,0.1967320740222931,0.0028792070224881172
482,False,13,glass_box,13,glass_box,True,0.9479287266731262,0.2715938091278076,0.19958291947841644,0.07201088964939117,0.0004685373860411346
483,False,17,monitor,17,monitor,True,0.9982603192329407,0.01678665354847908,0.01452730130404234,0.002259352244436741,3.539854560585809e-07
484,False,30,toilet,30,toilet,True,0.9964354038238525,0.032016947865486145,0.027010155841708183,0.005006792023777962,1.1362635632394813e-06
485,False,4,bookshelf,4,bookshelf,True,0.9912081956863403,0.06365811824798584,0.05674949660897255,0.00690862163901329,3.5876782931154594e-06
486,False,25,sofa,25,sofa,True,0.9901576638221741,0.0647287592291832,0.060450270771980286,0.004278488457202911,4.1686330405354965e-06
487,False,32,vase,32,vase,True,0.29022109508514404,2.258551836013794,1.8596291542053223,0.3989226818084717,0.002652915893122554
488,False,20,piano,20,piano,True,0.9959741830825806,0.03428452089428902,0.023607706651091576,0.010676814243197441,1.0688373549783137e-05
489,False,27,stool,27,stool,True,0.9075965881347656,0.49986326694488525,0.43351176381111145,0.0663515031337738,0.0002538281842134893
490,False,6,chair,6,chair,True,0.9977388978004456,0.01938396692276001,0.017471972852945328,0.001911994069814682,3.706046243223682e-07
491,False,11,dresser,31,tv_stand,False,0.7081888914108276,1.3537617921829224,1.2054170370101929,0.1483447551727295,0.0008186224149540067
492,False,25,sofa,25,sofa,True,0.993126630783081,0.051480524241924286,0.03827441483736038,0.013206109404563904,1.1788732990680728e-05
493,False,31,tv_stand,2,bed,False,0.5054393410682678,1.5066577196121216,1.390951156616211,0.11570656299591064,0.0012667325790971518
494,False,30,toilet,30,toilet,True,0.9966277480125427,0.02656206488609314,0.02113874815404415,0.005423316732048988,2.901892457884969e-06
495,False,17,monitor,17,monitor,True,0.8832432627677917,0.505257248878479,0.4272429645061493,0.07801428437232971,0.000630622380413115
496,False,0,airplane,0,airplane,True,0.9988640546798706,0.010295487008988857,0.008176680654287338,0.002118806354701519,3.7834828958693834e-07
497,False,31,tv_stand,31,tv_stand,True,0.9017904996871948,0.5338670015335083,0.4513095021247864,0.08255749940872192,0.0002644331252668053
498,False,11,dresser,11,dresser,True,0.810551643371582,0.8365495204925537,0.7694295048713684,0.0671200156211853,0.0003885958285536617
499,False,21,plant,12,flower_pot,False,0.4015181064605713,1.3972606658935547,1.1862612962722778,0.21099936962127686,0.0024815313518047333
500,False,2,bed,2,bed,True,0.9879751801490784,0.08742070198059082,0.06215595826506615,0.025264743715524673,4.2163759644608945e-05
501,False,21,plant,21,plant,True,0.7462965846061707,1.01663076877594,0.8099293112754822,0.20670145750045776,0.0016540882643312216
502,False,32,vase,21,plant,False,0.36811837553977966,1.3441630601882935,1.1727701425552368,0.17139291763305664,0.0025912008713930845
503,False,20,piano,20,piano,True,0.49528276920318604,1.6365680694580078,1.417484998703003,0.21908307075500488,0.002548563526943326
504,False,3,bench,3,bench,True,0.9563813805580139,0.24182696640491486,0.1944059282541275,0.047421038150787354,0.00016681062697898597
505,False,25,sofa,25,sofa,True,0.9991614818572998,0.007591632194817066,0.006928683258593082,0.0006629489362239838,5.475374464936067e-08
506,False,13,glass_box,31,tv_stand,False,0.2505649924278259,2.103288173675537,1.7400591373443604,0.36322903633117676,0.003198024118319154
507,False,13,glass_box,13,glass_box,True,0.9972940683364868,0.02393973246216774,0.01931764930486679,0.004622083157300949,1.4773146403967985e-06
508,False,28,table,28,table,True,0.4348747134208679,1.4901360273361206,1.2734594345092773,0.21667659282684326,0.0027206488884985447
509,False,9,desk,9,desk,True,0.9196437001228333,0.3430008292198181,0.27837884426116943,0.06462198495864868,0.0005003674887120724
510,False,28,table,28,table,True,0.9068990349769592,0.3975949287414551,0.3508491516113281,0.04674577713012695,0.00026453909231349826
511,False,20,piano,20,piano,True,0.8193406462669373,0.9138286709785461,0.7188456654548645,0.19498300552368164,0.0015538950683549047
512,False,28,table,28,table,True,0.9554458856582642,0.2290235161781311,0.20825298130512238,0.020770534873008728,4.5138214773032814e-05
513,False,9,desk,9,desk,True,0.9902586936950684,0.06855972856283188,0.06010263413190842,0.008457094430923462,6.40197822576738e-06
514,False,5,car,5,car,True,0.9704561233520508,0.18522199988365173,0.15357831120491028,0.031643688678741455,0.0001001803029794246
515,False,6,chair,6,chair,True,0.9994520545005798,0.005623273551464081,0.004921639803797007,0.0007016337476670742,4.1041129605901006e-08
516,False,2,bed,2,bed,True,0.9989715814590454,0.01032984908670187,0.009284095838665962,0.0010457532480359077,5.735014951824269e-08
517,False,14,guitar,14,guitar,True,0.9928186535835266,0.05773478001356125,0.04928505793213844,0.008449722081422806,3.2604764328425517e-06
518,False,25,sofa,25,sofa,True,0.9992554783821106,0.007498362101614475,0.006778569892048836,0.0007197922095656395,2.860539893845271e-08
519,False,6,chair,6,chair,True,0.9694351553916931,0.16760453581809998,0.14433807134628296,0.023266464471817017,5.8605735830497e-05
520,False,23,range_hood,16,mantel,False,0.5246894359588623,0.7250474691390991,0.6027055382728577,0.12234193086624146,0.003132487181574106
521,False,7,cone,32,vase,False,0.45203059911727905,1.0991191864013672,0.9555516839027405,0.1435675024986267,0.0026066519785672426
522,False,32,vase,32,vase,True,0.6368176937103271,0.9198371767997742,0.8515567779541016,0.06828039884567261,0.0007073178421705961
523,False,34,xbox,34,xbox,True,0.8179097771644592,0.6709413528442383,0.6147106289863586,0.05623072385787964,0.000463649514131248
524,False,18,night_stand,13,glass_box,False,0.3798080086708069,1.4844133853912354,1.3784668445587158,0.10594654083251953,0.0011985875898972154
525,False,31,tv_stand,31,tv_stand,True,0.727702260017395,1.1656763553619385,1.002456545829773,0.16321980953216553,0.0011902856640517712
526,False,10,door,10,door,True,0.489165723323822,0.9002736806869507,0.7888090014457703,0.11146467924118042,0.00213552825152874
527,False,6,chair,6,chair,True,0.9741511344909668,0.16096976399421692,0.1450916826725006,0.01587808132171631,2.1301240849425085e-05
528,False,30,toilet,30,toilet,True,0.3464199900627136,2.0175085067749023,1.72572922706604,0.2917792797088623,0.0025494720321148634
529,False,4,bookshelf,4,bookshelf,True,0.8462625741958618,0.5862022638320923,0.5577142834663391,0.028487980365753174,0.0001986240386031568
530,False,28,table,28,table,True,0.9725360870361328,0.14284689724445343,0.12028080224990845,0.022566094994544983,7.612359331687912e-05
531,False,31,tv_stand,31,tv_stand,True,0.9330728650093079,0.34324055910110474,0.31032809615135193,0.03291246294975281,9.279674850404263e-05
532,False,13,glass_box,13,glass_box,True,0.9978768825531006,0.018898723646998405,0.016956491395831108,0.0019422322511672974,3.4346311394983786e-07
533,False,17,monitor,17,monitor,True,0.9958034157752991,0.036486513912677765,0.029948700219392776,0.006537813693284988,3.5598491194832604e-06
534,False,31,tv_stand,3,bench,False,0.42626556754112244,1.164282202720642,0.8671078681945801,0.297174334526062,0.004668631590902805
535,False,31,tv_stand,31,tv_stand,True,0.7508236765861511,1.0594209432601929,0.8731952905654907,0.18622565269470215,0.0014082430861890316
536,False,17,monitor,17,monitor,True,0.998445451259613,0.014149032533168793,0.011848821304738522,0.002300211228430271,3.4702290463428653e-07
537,False,2,bed,2,bed,True,0.9993194937705994,0.006662785541266203,0.005325135309249163,0.0013376502320170403,2.0578227122314274e-07
538,False,28,table,28,table,True,0.508000910282135,1.6017265319824219,1.2230216264724731,0.37870490550994873,0.0038458940107375383
539,False,11,dresser,11,dresser,True,0.86960369348526,0.6164693832397461,0.567729115486145,0.048740267753601074,0.00023634679382666945
540,False,23,range_hood,23,range_hood,True,0.9952520132064819,0.03883273899555206,0.03538287431001663,0.003449864685535431,8.19918398065056e-07
541,False,28,table,28,table,True,0.9664322137832642,0.18204566836357117,0.16031615436077118,0.021729514002799988,5.608804349321872e-05
542,False,13,glass_box,13,glass_box,True,0.9961982369422913,0.033015284687280655,0.028964122757315636,0.004051161929965019,9.863514378594118e-07
543,False,22,radio,33,wardrobe,False,0.6320039629936218,1.1226449012756348,0.9666872024536133,0.15595769882202148,0.0018745886627584696
544,False,0,airplane,0,airplane,True,0.9994418621063232,0.005689956247806549,0.005151465535163879,0.0005384907126426697,1.7735814594743715e-08
545,False,11,dresser,11,dresser,True,0.8141788244247437,0.8252166509628296,0.7490296959877014,0.07618695497512817,0.0003720976528711617
546,False,0,airplane,0,airplane,True,0.9950525164604187,0.0410584881901741,0.033810827881097794,0.007247660309076309,2.8914773793076165e-06
547,False,25,sofa,25,sofa,True,0.9989727735519409,0.009745451621711254,0.00826284196227789,0.0014826096594333649,2.3732194165404508e-07
548,False,30,toilet,17,monitor,False,0.5914311408996582,1.1843812465667725,0.9374275803565979,0.24695366621017456,0.003507543122395873
549,False,2,bed,2,bed,True,0.9985116124153137,0.013400260359048843,0.011916163377463818,0.0014840969815850258,1.8434315052218153e-07
550,False,14,guitar,14,guitar,True,0.9860029220581055,0.09883338212966919,0.07492505759000778,0.023908324539661407,3.4496926673455164e-05
551,False,13,glass_box,13,glass_box,True,0.3922167718410492,1.5396164655685425,1.3231605291366577,0.21645593643188477,0.0021532168611884117
552,False,26,stairs,26,stairs,True,0.6719920039176941,1.2170603275299072,0.9493507742881775,0.26770955324172974,0.0024634581059217453
553,False,0,airplane,0,airplane,True,0.9957544207572937,0.03749324381351471,0.03193610906600952,0.005557134747505188,2.3239435904542916e-06
554,False,16,mantel,16,mantel,True,0.5286331176757812,1.4421603679656982,1.1541284322738647,0.2880319356918335,0.0037352400831878185
555,False,27,stool,27,stool,True,0.9091294407844543,0.4865529239177704,0.43423059582710266,0.052322328090667725,0.00015680452634114772
556,False,16,mantel,16,mantel,True,0.9925200939178467,0.05874180421233177,0.051595572382211685,0.007146231830120087,3.649015752671403e-06
557,False,11,dresser,28,table,False,0.36058810353279114,1.5429821014404297,1.1493688821792603,0.39361321926116943,0.0050068143755197525
558,False,0,airplane,0,airplane,True,0.9980164170265198,0.0177072174847126,0.013993856497108936,0.0037133609876036644,1.45831938880292e-06
559,False,23,range_hood,23,range_hood,True,0.8613874316215515,0.411153107881546,0.34757983684539795,0.06357327103614807,0.0009910991648212075
560,False,31,tv_stand,31,tv_stand,True,0.515507698059082,1.5889414548873901,1.3907649517059326,0.19817650318145752,0.001978968270123005
561,False,21,plant,21,plant,True,0.9377685189247131,0.2809889316558838,0.2558461129665375,0.025142818689346313,8.60170039231889e-05
562,False,30,toilet,30,toilet,True,0.9955579042434692,0.037223611027002335,0.03191430866718292,0.005309302359819412,1.6789717847132124e-06
563,False,10,door,8,curtain,False,0.582918643951416,1.1759943962097168,0.9892141819000244,0.18678021430969238,0.0017694103298708797
564,False,9,desk,9,desk,True,0.5812491178512573,1.3512096405029297,1.0598171949386597,0.29139244556427,0.0037336554378271103
565,False,4,bookshelf,4,bookshelf,True,0.776215136051178,0.8355491161346436,0.7454025745391846,0.09014654159545898,0.0008449681336060166
566,False,5,car,5,car,True,0.9830478429794312,0.11181069165468216,0.08371660113334656,0.028094090521335602,5.088008038001135e-05
567,False,23,range_hood,16,mantel,False,0.5363414287567139,1.0334653854370117,0.8865883946418762,0.1468769907951355,0.0026437481865286827
568,False,23,range_hood,24,sink,False,0.4297425448894501,1.8227565288543701,1.457816243171692,0.3649402856826782,0.0034026175271719694
569,False,0,airplane,0,airplane,True,0.9982447624206543,0.01637493260204792,0.013784782961010933,0.0025901496410369873,6.688827625112026e-07
570,False,28,table,28,table,True,0.8826139569282532,0.4445238709449768,0.3733097016811371,0.07121416926383972,0.0006900938460603356
571,False,4,bookshelf,4,bookshelf,True,0.5942506194114685,1.0603971481323242,0.8917543888092041,0.16864275932312012,0.0028904019854962826
572,False,1,bathtub,1,bathtub,True,0.9270728230476379,0.3167514204978943,0.2611958682537079,0.0555555522441864,0.000348822824889794
573,False,25,sofa,25,sofa,True,0.999463677406311,0.005576271563768387,0.0051778508350253105,0.0003984207287430763,8.87225226620103e-09
574,False,31,tv_stand,31,tv_stand,True,0.8426907658576965,0.6627007126808167,0.5427058935165405,0.11999481916427612,0.0008856956264935434
575,False,5,car,5,car,True,0.4995696544647217,1.2539947032928467,1.005532145500183,0.24846255779266357,0.003543032566085458
576,False,13,glass_box,13,glass_box,True,0.6238293051719666,1.2314636707305908,1.1344882249832153,0.09697544574737549,0.0010740633588284254
577,False,11,dresser,11,dresser,True,0.7936607003211975,0.8642457723617554,0.7896542549133301,0.07459151744842529,0.0004808111989405006
578,False,20,piano,20,piano,True,0.9876077175140381,0.08443693816661835,0.07501507550477982,0.009421862661838531,8.211709427996539e-06
579,False,17,monitor,17,monitor,True,0.7766385674476624,0.9940028190612793,0.8910555839538574,0.10294723510742188,0.0006712179747410119
580,False,20,piano,18,night_stand,False,0.42229244112968445,1.5260459184646606,1.2984126806259155,0.22763323783874512,0.0027350333984941244
581,False,4,bookshelf,4,bookshelf,True,0.9641439914703369,0.21714672446250916,0.1729767620563507,0.04416996240615845,0.000139389987452887
582,False,26,stairs,6,chair,False,0.3481816053390503,1.779876947402954,1.4763283729553223,0.30354857444763184,0.002829462755471468
583,False,23,range_hood,16,mantel,False,0.7102138996124268,0.6565616130828857,0.5732966661453247,0.08326494693756104,0.0018265036633238196
584,False,13,glass_box,13,glass_box,True,0.9473780989646912,0.29886648058891296,0.22962208092212677,0.0692443996667862,0.00029450698639266193
585,False,5,car,5,car,True,0.9993575215339661,0.006674925331026316,0.005621657241135836,0.00105326808989048,5.095988342418423e-08
586,False,16,mantel,16,mantel,True,0.8378194570541382,0.830700159072876,0.6346926093101501,0.19600754976272583,0.0015005936147645116
587,False,2,bed,2,bed,True,0.9980320334434509,0.017760921269655228,0.015575948171317577,0.0021849730983376503,3.402722086320864e-07
588,False,13,glass_box,13,glass_box,True,0.9968500137329102,0.027908891439437866,0.024033838883042336,0.0038750525563955307,8.401423770010297e-07
589,False,30,toilet,30,toilet,True,0.9940903782844543,0.03957897424697876,0.02566712722182274,0.013911847025156021,3.0668041290482506e-05
590,False,14,guitar,14,guitar,True,0.9860270023345947,0.08711747825145721,0.07550063729286194,0.011616840958595276,1.3774864783044904e-05
591,False,12,flower_pot,21,plant,False,0.8340179324150085,0.5557518005371094,0.5188050270080566,0.036946773529052734,0.00028581038350239396
592,False,8,curtain,8,curtain,True,0.6324173808097839,1.26816725730896,1.083848237991333,0.18431901931762695,0.001344089163467288
593,False,23,range_hood,23,range_hood,True,0.8315737247467041,0.5076789855957031,0.44646894931793213,0.061210036277770996,0.0008261873153969646
594,False,25,sofa,25,sofa,True,0.9955661296844482,0.03339424729347229,0.02834419719874859,0.0050500500947237015,2.482682020854554e-06
595,False,15,lamp,15,lamp,True,0.9440374970436096,0.229549378156662,0.1484595686197281,0.0810898095369339,0.000889653863850981
596,False,13,glass_box,13,glass_box,True,0.7370080947875977,1.0353083610534668,0.954939067363739,0.08036929368972778,0.0005494158831425011
597,False,11,dresser,11,dresser,True,0.6596794724464417,1.222421646118164,1.1064459085464478,0.11597573757171631,0.0010553307365626097
598,False,21,plant,21,plant,True,0.6144247651100159,1.0349229574203491,0.8981103897094727,0.13681256771087646,0.001568211242556572
599,False,1,bathtub,1,bathtub,True,0.2709816098213196,1.7630164623260498,1.585323691368103,0.17769277095794678,0.001791961258277297
600,False,30,toilet,30,toilet,True,0.9986459612846375,0.011685406789183617,0.010480053722858429,0.0012053530663251877,1.6280246484257077e-07
601,False,15,lamp,15,lamp,True,0.9852614998817444,0.10169252753257751,0.07950621098279953,0.022186316549777985,3.485863999230787e-05
602,False,20,piano,25,sofa,False,0.7112195491790771,0.7735196948051453,0.6291512846946716,0.14436841011047363,0.0030213871505111456
603,False,9,desk,9,desk,True,0.47034695744514465,1.1699970960617065,0.8552594780921936,0.31473761796951294,0.005105418618768454
604,False,4,bookshelf,4,bookshelf,True,0.9537324905395508,0.26646220684051514,0.22242256999015808,0.044039636850357056,0.00010679284605430439
605,False,30,toilet,30,toilet,True,0.988532543182373,0.08385074883699417,0.06834840029478073,0.01550234854221344,1.3061057870800141e-05
606,False,25,sofa,25,sofa,True,0.9974212050437927,0.022480787709355354,0.019884351640939713,0.002596436068415642,5.57043676963076e-07
607,False,4,bookshelf,4,bookshelf,True,0.9591677188873291,0.24895529448986053,0.20808427035808563,0.0408710241317749,9.40463287406601e-05
608,False,7,cone,7,cone,True,0.711410403251648,0.9036296010017395,0.7594881057739258,0.14414149522781372,0.0018701083026826382
609,False,32,vase,32,vase,True,0.9824956655502319,0.1002524197101593,0.09369857609272003,0.00655384361743927,8.291100130009e-06
610,False,14,guitar,14,guitar,True,0.9867498278617859,0.09907889366149902,0.07683741301298141,0.02224148064851761,2.3710776076768525e-05
611,False,16,mantel,16,mantel,True,0.9832862615585327,0.09240561723709106,0.08407090604305267,0.008334711194038391,1.511959453637246e-05
612,False,1,bathtub,2,bed,False,0.7066084742546082,1.2356761693954468,1.0049103498458862,0.23076581954956055,0.0022088780533522367
613,False,26,stairs,26,stairs,True,0.8307411670684814,0.721756100654602,0.5333725214004517,0.1883835792541504,0.0015640869969502091
614,False,13,glass_box,18,night_stand,False,0.5869938731193542,1.3740160465240479,1.1886167526245117,0.18539929389953613,0.001764634856954217
615,False,25,sofa,25,sofa,True,0.81782466173172,0.6504587531089783,0.5411232113838196,0.10933554172515869,0.0014511968474835157
616,False,0,airplane,0,airplane,True,0.9988454580307007,0.011049950495362282,0.009808963164687157,0.0012409873306751251,1.149944068856712e-07
617,False,30,toilet,30,toilet,True,0.996003270149231,0.02959911897778511,0.023429682478308678,0.006169436499476433,4.5141719056118745e-06
618,False,25,sofa,25,sofa,True,0.7585049867630005,0.6141103506088257,0.4567578136920929,0.1573525369167328,0.0031696970108896494
619,False,6,chair,6,chair,True,0.883158802986145,0.5102002620697021,0.41299745440483093,0.09720280766487122,0.0009109474485740066
620,False,21,plant,12,flower_pot,False,0.5136046409606934,1.0663174390792847,0.9486567378044128,0.11766070127487183,0.0016673451755195856
621,False,11,dresser,11,dresser,True,0.57164466381073,1.2060356140136719,1.0919049978256226,0.11413061618804932,0.0013446486555039883
622,False,18,night_stand,31,tv_stand,False,0.5363502502441406,1.3702449798583984,1.2039291858673096,0.16631579399108887,0.001988822827115655
623,False,22,radio,10,door,False,0.7912405133247375,0.842592716217041,0.6105612516403198,0.2320314645767212,0.0024613074492663145
624,False,23,range_hood,23,range_hood,True,0.9656809568405151,0.19616150856018066,0.16979782283306122,0.026363685727119446,5.255208816379309e-05
625,False,28,table,28,table,True,0.9877297878265381,0.07669942826032639,0.0656258761882782,0.011073552072048187,1.5634044757462107e-05
626,False,34,xbox,34,xbox,True,0.8376283645629883,0.6250573396682739,0.5233785510063171,0.10167878866195679,0.0009717464563436806
627,False,31,tv_stand,5,car,False,0.32995152473449707,1.8428013324737549,1.3534752130508423,0.4893261194229126,0.005198555998504162
628,False,2,bed,2,bed,True,0.9667814373970032,0.21704231202602386,0.1843702346086502,0.03267207741737366,8.147543121594936e-05
629,False,11,dresser,11,dresser,True,0.6149665713310242,1.278793215751648,1.1132621765136719,0.16553103923797607,0.0018599523464217782
630,False,2,bed,2,bed,True,0.9723228812217712,0.18137429654598236,0.15661582350730896,0.0247584730386734,4.3491265387274325e-05
631,False,28,table,28,table,True,0.7963472008705139,0.7711542248725891,0.6668012142181396,0.10435301065444946,0.0011100692208856344
632,False,13,glass_box,13,glass_box,True,0.9531481862068176,0.2689286172389984,0.22252017259597778,0.04640844464302063,0.00014712080883327872
633,False,25,sofa,25,sofa,True,0.9937458634376526,0.05087666213512421,0.04215651750564575,0.008720144629478455,5.563375452766195e-06
634,False,31,tv_stand,31,tv_stand,True,0.3087242543697357,1.9370567798614502,1.6124975681304932,0.32455921173095703,0.002473415806889534
635,False,21,plant,12,flower_pot,False,0.42051732540130615,1.4198147058486938,1.26729416847229,0.1525205373764038,0.001859170850366354
636,False,23,range_hood,23,range_hood,True,0.8097764253616333,0.5223451852798462,0.43886798620224,0.0834771990776062,0.001375798718072474
637,False,31,tv_stand,31,tv_stand,True,0.7933745980262756,0.6615685224533081,0.5151122808456421,0.14645624160766602,0.002352384617552161
638,False,16,mantel,16,mantel,True,0.9456351399421692,0.2723885774612427,0.21322377026081085,0.059164807200431824,0.0003290071908850223
639,False,17,monitor,17,monitor,True,0.8078556060791016,0.6760507822036743,0.53375244140625,0.14229834079742432,0.0015797748928889632
640,False,31,tv_stand,31,tv_stand,True,0.9481424689292908,0.26371121406555176,0.2299860417842865,0.03372517228126526,0.0001462748768972233
641,False,16,mantel,16,mantel,True,0.9835474491119385,0.10808781534433365,0.09435701370239258,0.01373080164194107,1.679522574704606e-05
642,False,17,monitor,17,monitor,True,0.6734248995780945,1.2574549913406372,1.058748483657837,0.1987065076828003,0.002299447311088443
643,False,32,vase,32,vase,True,0.7747440934181213,0.6307028532028198,0.5946733355522156,0.03602951765060425,0.00040563594666309655
644,False,20,piano,20,piano,True,0.8595046997070312,0.6544895172119141,0.5718216300010681,0.08266788721084595,0.0005608665524050593
645,False,8,curtain,8,curtain,True,0.6581460237503052,0.9405847787857056,0.7089861035346985,0.23159867525100708,0.0033148913644254208
646,False,5,car,5,car,True,0.9868817925453186,0.08955776691436768,0.07391957938671112,0.015638187527656555,2.13542916753795e-05
647,False,25,sofa,25,sofa,True,0.9991104006767273,0.008886958472430706,0.008117234334349632,0.0007697241380810738,4.377163520530303e-08
648,False,20,piano,20,piano,True,0.5942643880844116,1.377129316329956,1.072400450706482,0.3047288656234741,0.0037254784256219864
649,False,20,piano,20,piano,True,0.25731226801872253,2.387263059616089,2.0913846492767334,0.29587841033935547,0.0021434673108160496
650,False,19,person,19,person,True,0.36867594718933105,1.8051671981811523,1.541012167930603,0.2641550302505493,0.0027737135533243418
651,False,1,bathtub,2,bed,False,0.23685681819915771,2.1425046920776367,1.7183200120925903,0.4241846799850464,0.003498960053548217
652,False,19,person,21,plant,False,0.45379334688186646,1.176931619644165,0.999779224395752,0.17715239524841309,0.0021941764280200005
653,False,24,sink,24,sink,True,0.6131467223167419,1.4130070209503174,1.1603162288665771,0.25269079208374023,0.002430740976706147
654,False,32,vase,32,vase,True,0.6218521595001221,1.170853853225708,1.0035054683685303,0.16734838485717773,0.001973383128643036
655,False,7,cone,7,cone,True,0.8118918538093567,0.5476608872413635,0.43144676089286804,0.11621412634849548,0.0019273104844614863
656,False,29,tent,30,toilet,False,0.9316892623901367,0.31856468319892883,0.231387197971344,0.08717748522758484,0.0005751850549131632
657,False,32,vase,32,vase,True,0.9558127522468567,0.2076316773891449,0.19673563539981842,0.010896041989326477,2.3485952624469064e-05
658,False,9,desk,9,desk,True,0.7912362813949585,0.9342352151870728,0.7340796589851379,0.20015555620193481,0.0015346570871770382
659,False,10,door,8,curtain,False,0.7634099125862122,0.7780998945236206,0.6682370901107788,0.1098628044128418,0.0009566289954818785
660,False,2,bed,2,bed,True,0.986096978187561,0.10618306696414948,0.08727475255727768,0.018908314406871796,1.8993594494531862e-05
661,False,25,sofa,25,sofa,True,0.9989171624183655,0.010029146447777748,0.008612899109721184,0.0014162473380565643,1.9054803601648018e-07
662,False,25,sofa,25,sofa,True,0.999557375907898,0.004688522778451443,0.004325731657445431,0.00036279112100601196,8.763100467490403e-09
663,False,18,night_stand,18,night_stand,True,0.6588003635406494,1.0733962059020996,0.9970124363899231,0.07638376951217651,0.0008222946198657155
664,False,17,monitor,17,monitor,True,0.9985807538032532,0.013735874556005001,0.012084378860890865,0.0016514956951141357,1.5949102305512497e-07
665,False,20,piano,20,piano,True,0.9908314347267151,0.06958578526973724,0.05749812722206116,0.012087658047676086,7.916303729871288e-06
666,False,14,guitar,14,guitar,True,0.9927350282669067,0.054905299097299576,0.04320841282606125,0.011696886271238327,9.152901839115657e-06
667,False,23,range_hood,23,range_hood,True,0.3742193281650543,1.9438515901565552,1.6186463832855225,0.3252052068710327,0.0032845891546458006
668,False,17,monitor,17,monitor,True,0.3938218951225281,1.8590574264526367,1.559840202331543,0.29921722412109375,0.003152831457555294
669,False,14,guitar,14,guitar,True,0.9863495826721191,0.08914078027009964,0.07118689268827438,0.017953887581825256,4.135756898904219e-05
670,False,18,night_stand,18,night_stand,True,0.8526780605316162,0.6519767642021179,0.5366343855857849,0.11534237861633301,0.0007744943141005933
671,False,6,chair,6,chair,True,0.9988173246383667,0.01176004484295845,0.009869774803519249,0.0018902700394392014,1.8521429012707813e-07
672,False,33,wardrobe,34,xbox,False,0.371831476688385,1.6325886249542236,1.4373397827148438,0.19524884223937988,0.0020740802865475416
673,False,34,xbox,34,xbox,True,0.7333516478538513,0.881294846534729,0.7887117266654968,0.09258311986923218,0.0009731316240504384
674,False,4,bookshelf,4,bookshelf,True,0.9774646759033203,0.1280863881111145,0.1183963194489479,0.009690068662166595,1.3007735105929896e-05
675,False,28,table,28,table,True,0.9609493017196655,0.21966154873371124,0.18764978647232056,0.032011762261390686,0.00011384883691789582
676,False,5,car,5,car,True,0.9747989773750305,0.1414313167333603,0.09962569922208786,0.04180561751127243,0.00018106798233930022
677,False,14,guitar,14,guitar,True,0.9773578643798828,0.1516471654176712,0.12141991406679153,0.03022725135087967,5.0110058509744704e-05
678,False,21,plant,21,plant,True,0.9257175922393799,0.27800628542900085,0.24983417987823486,0.02817210555076599,0.0002835431951098144
679,False,32,vase,32,vase,True,0.9503806233406067,0.2369309365749359,0.22458212077617645,0.01234881579875946,3.0895756935933605e-05
680,False,23,range_hood,16,mantel,False,0.6328497529029846,0.7391291260719299,0.6125746965408325,0.1265544295310974,0.0029503460973501205
681,False,23,range_hood,23,range_hood,True,0.8990728259086609,0.3868315517902374,0.3411431610584259,0.04568839073181152,0.0003941339091397822
682,False,16,mantel,16,mantel,True,0.9267624616622925,0.39143210649490356,0.3500075340270996,0.041424572467803955,0.00013041605416219682
683,False,0,airplane,0,airplane,True,0.9941004514694214,0.042657457292079926,0.035591889172792435,0.007065568119287491,7.487360562663525e-06
684,False,19,person,4,bookshelf,False,0.44874605536460876,1.6713128089904785,1.3106743097305298,0.36063849925994873,0.0038297215942293406
685,False,25,sofa,25,sofa,True,0.7526664137840271,0.7241289615631104,0.5985462665557861,0.12558269500732422,0.0018992323894053698
686,False,32,vase,32,vase,True,0.9065044522285461,0.383733332157135,0.34289753437042236,0.040835797786712646,0.00025389614165760577
687,False,1,bathtub,1,bathtub,True,0.26113855838775635,2.0575833320617676,1.7949275970458984,0.26265573501586914,0.0021064174361526966
688,False,9,desk,9,desk,True,0.5979956388473511,1.3632659912109375,1.1779658794403076,0.18530011177062988,0.0018675075843930244
689,False,21,plant,21,plant,True,0.7897565960884094,0.6642025113105774,0.5927713513374329,0.07143115997314453,0.0006191309075802565
690,False,5,car,5,car,True,0.9975326657295227,0.02213366888463497,0.020032623782753944,0.0021010451018810272,2.2674288402413367e-07
691,False,25,sofa,25,sofa,True,0.862227737903595,0.483825147151947,0.3975919187068939,0.0862332284450531,0.000976680195890367
692,False,5,car,5,car,True,0.999213695526123,0.007353086955845356,0.0062667676247656345,0.0010863193310797215,1.2004213090222038e-07
693,False,1,bathtub,17,monitor,False,0.8819111585617065,0.5157445669174194,0.43036890029907227,0.08537566661834717,0.0006799546536058187
694,False,18,night_stand,18,night_stand,True,0.9004220962524414,0.42581021785736084,0.3667881190776825,0.059022098779678345,0.0003489296359475702
695,False,23,range_hood,23,range_hood,True,0.92582768201828,0.4178355038166046,0.3737576901912689,0.04407781362533569,0.0001345197670161724
696,False,27,stool,28,table,False,0.42774516344070435,1.2423582077026367,1.0344338417053223,0.20792436599731445,0.003307267092168331
697,False,4,bookshelf,4,bookshelf,True,0.9873353838920593,0.08203485608100891,0.07247737050056458,0.009557485580444336,1.4206482774170581e-05
698,False,26,stairs,26,stairs,True,0.9095755219459534,0.45118993520736694,0.36577630043029785,0.08541363477706909,0.00040458180592395365
699,False,17,monitor,17,monitor,True,0.9946109652519226,0.04325472563505173,0.034554921090602875,0.008699804544448853,5.263739694782998e-06
700,False,0,airplane,0,airplane,True,0.9996651411056519,0.003602540586143732,0.0031691482290625572,0.00043339235708117485,1.3847276214562498e-08
701,False,5,car,5,car,True,0.9960685968399048,0.031049344688653946,0.026456143707036972,0.004593200981616974,1.8971464896822e-06
702,False,4,bookshelf,4,bookshelf,True,0.8057028651237488,0.7030624151229858,0.6398866772651672,0.0631757378578186,0.0006126238731667399
703,False,32,vase,32,vase,True,0.4062865674495697,1.2749311923980713,1.1223043203353882,0.1526268720626831,0.0022928109392523766
704,False,29,tent,29,tent,True,0.8293453454971313,0.7947657704353333,0.6851120591163635,0.10965371131896973,0.0005840057856403291
705,False,28,table,28,table,True,0.6363524198532104,0.7666735649108887,0.6894322037696838,0.07724136114120483,0.0015642542857676744
706,False,33,wardrobe,4,bookshelf,False,0.8936452865600586,0.4396103024482727,0.40803438425064087,0.031575918197631836,0.00022195915516931564
707,False,32,vase,32,vase,True,0.8460343480110168,0.6358794569969177,0.5715914368629456,0.06428802013397217,0.00033282264485023916
708,False,22,radio,13,glass_box,False,0.536087691783905,1.2333787679672241,1.0962034463882446,0.1371753215789795,0.0018317688954994082
709,False,34,xbox,34,xbox,True,0.4813213050365448,1.5451300144195557,1.3348742723464966,0.21025574207305908,0.0023594091180711985
710,False,18,night_stand,18,night_stand,True,0.6520536541938782,1.0512089729309082,0.9082837104797363,0.14292526245117188,0.001789110479876399
711,False,21,plant,12,flower_pot,False,0.3215251564979553,1.8994216918945312,1.5590944290161133,0.34032726287841797,0.002552114427089691
712,False,6,chair,6,chair,True,0.9982086420059204,0.01711965911090374,0.014305397868156433,0.002814261242747307,3.763474865081662e-07
713,False,20,piano,9,desk,False,0.5161135792732239,1.3171395063400269,0.8259769678115845,0.4911625385284424,0.0068635824136435986
714,False,23,range_hood,23,range_hood,True,0.9383636713027954,0.33215412497520447,0.288931667804718,0.04322245717048645,0.0001581338729010895
715,False,4,bookshelf,4,bookshelf,True,0.9802232384681702,0.12623658776283264,0.10482793301343918,0.021408654749393463,4.2905769078060985e-05
716,False,34,xbox,25,sofa,False,0.24719944596290588,2.022876262664795,1.744016408920288,0.27885985374450684,0.0024559323210269213
717,False,1,bathtub,1,bathtub,True,0.8971653580665588,0.5611230731010437,0.47442832589149475,0.08669474720954895,0.0004024913941975683
718,False,1,bathtub,1,bathtub,True,0.9938157796859741,0.049003198742866516,0.0444527268409729,0.004550471901893616,1.3935132301412523e-06
719,False,30,toilet,30,toilet,True,0.9923011064529419,0.05686057358980179,0.050248950719833374,0.006611622869968414,3.2579448543401668e-06
720,False,18,night_stand,18,night_stand,True,0.6961301565170288,0.8048309087753296,0.7264723181724548,0.07835859060287476,0.0011466064024716616
721,False,5,car,5,car,True,0.994205892086029,0.043157532811164856,0.03679211065173149,0.006365422159433365,2.974361905216938e-06
722,False,25,sofa,25,sofa,True,0.8822987079620361,0.5255295038223267,0.39441072940826416,0.1311187744140625,0.0013259032275527716
723,False,4,bookshelf,4,bookshelf,True,0.9815652966499329,0.11954993009567261,0.10862389951944351,0.010926030576229095,1.2870749742432963e-05
724,False,17,monitor,17,monitor,True,0.9518028497695923,0.23712822794914246,0.21002782881259918,0.027100399136543274,0.0001224498264491558
725,False,25,sofa,25,sofa,True,0.9284421801567078,0.3465867042541504,0.29264283180236816,0.05394387245178223,0.00026495225029066205
726,False,2,bed,2,bed,True,0.999083936214447,0.008921032771468163,0.007630747742950916,0.0012902850285172462,1.3332443415947637e-07
727,False,30,toilet,30,toilet,True,0.9988084435462952,0.011588692665100098,0.010349918156862259,0.0012387745082378387,1.2059771847816592e-07
728,False,14,guitar,14,guitar,True,0.9722685813903809,0.15296024084091187,0.12985512614250183,0.023105114698410034,6.845290045021102e-05
729,False,1,bathtub,1,bathtub,True,0.4079955816268921,2.0041003227233887,1.6743741035461426,0.3297262191772461,0.0031599351204931736
730,False,13,glass_box,33,wardrobe,False,0.424441933631897,1.5338178873062134,1.3101184368133545,0.2236994504928589,0.0027121047023683786
731,False,5,car,5,car,True,0.9918258190155029,0.06427592039108276,0.05344398319721222,0.010831937193870544,5.262529157334939e-06
732,False,33,wardrobe,33,wardrobe,True,0.7670349478721619,0.9404547810554504,0.8446487784385681,0.09580600261688232,0.0007251107017509639
733,False,24,sink,24,sink,True,0.9566833972930908,0.22515618801116943,0.19510413706302643,0.030052050948143005,8.963024447439238e-05
734,False,13,glass_box,11,dresser,False,0.7626805305480957,0.7113664150238037,0.6592140793800354,0.05215233564376831,0.0007002084166742861
735,False,10,door,10,door,True,0.6312907338142395,1.5588619709014893,1.1898701190948486,0.3689918518066406,0.0026724967174232006
736,False,11,dresser,11,dresser,True,0.5560137033462524,1.6201910972595215,1.4145495891571045,0.205641508102417,0.0015657821204513311
737,False,31,tv_stand,31,tv_stand,True,0.46259939670562744,1.0956685543060303,0.9445169568061829,0.1511515974998474,0.002088053384795785
738,False,6,chair,6,chair,True,0.8779063820838928,0.5511505007743835,0.43380188941955566,0.11734861135482788,0.0011132539948448539
739,False,5,car,5,car,True,0.9934707283973694,0.05161863565444946,0.041676606982946396,0.009942028671503067,9.774080353963654e-06
740,False,21,plant,21,plant,True,0.36586472392082214,1.618096113204956,1.3709760904312134,0.24712002277374268,0.0025952598080039024
741,False,21,plant,21,plant,True,0.657403290271759,0.6991583704948425,0.656548023223877,0.042610347270965576,0.0009436549735255539
742,False,13,glass_box,13,glass_box,True,0.9453354477882385,0.29190248250961304,0.23995457589626312,0.051947906613349915,0.00022061457275412977
743,False,11,dresser,31,tv_stand,False,0.4856056272983551,1.5067154169082642,1.3081774711608887,0.1985379457473755,0.0019571806769818068
744,False,15,lamp,15,lamp,True,0.9406625628471375,0.2863808274269104,0.18042580783367157,0.10595501959323883,0.0006340903928503394
745,False,28,table,28,table,True,0.9573608040809631,0.20960348844528198,0.17085501551628113,0.038748472929000854,0.0002140909491572529
746,False,30,toilet,30,toilet,True,0.8750917911529541,0.5764740705490112,0.4860905706882477,0.09038349986076355,0.0006256609922274947
747,False,21,plant,12,flower_pot,False,0.40621352195739746,1.5168287754058838,1.2678974866867065,0.24893128871917725,0.0027875483501702547
748,False,21,plant,21,plant,True,0.48257455229759216,0.9825049042701721,0.7575922608375549,0.2249126434326172,0.003384042764082551
749,False,16,mantel,16,mantel,True,0.9800874590873718,0.12413443624973297,0.10018599033355713,0.023948445916175842,4.744032776216045e-05
750,False,0,airplane,0,airplane,True,0.9789133667945862,0.12672457098960876,0.09817276149988174,0.02855180948972702,6.860173016320914e-05
751,False,23,range_hood,23,range_hood,True,0.8097857236862183,0.5849062204360962,0.5059212446212769,0.07898497581481934,0.001016427529975772
752,False,2,bed,2,bed,True,0.9822786450386047,0.11163736879825592,0.09961402416229248,0.01202334463596344,1.8557118892204016e-05
753,False,17,monitor,17,monitor,True,0.9990766048431396,0.009051326662302017,0.008074741810560226,0.0009765848517417908,6.083622849928361e-08
754,False,14,guitar,14,guitar,True,0.9859079122543335,0.09782715141773224,0.08036110550165176,0.017466045916080475,1.6504276572959498e-05
755,False,2,bed,2,bed,True,0.996304452419281,0.03233648091554642,0.028239740058779716,0.004096740856766701,1.1852838497361518e-06
756,False,28,table,28,table,True,0.6610361933708191,0.83506178855896,0.7490906715393066,0.08597111701965332,0.0013360637240111828
757,False,11,dresser,11,dresser,True,0.7544906139373779,0.9576855897903442,0.8471996784210205,0.11048591136932373,0.0007342264871113002
758,False,21,plant,32,vase,False,0.6528952717781067,1.0312634706497192,0.890582263469696,0.1406812071800232,0.0018160836771130562
759,False,14,guitar,14,guitar,True,0.8776912093162537,0.4789220094680786,0.3900872766971588,0.0888347327709198,0.0008825191762298346
760,False,13,glass_box,13,glass_box,True,0.45290958881378174,1.2325265407562256,1.1417995691299438,0.09072697162628174,0.001351277926005423
761,False,13,glass_box,13,glass_box,True,0.5383665561676025,1.2601587772369385,1.131136178970337,0.12902259826660156,0.0020033635664731264
762,False,11,dresser,11,dresser,True,0.8579512238502502,0.6763672828674316,0.6166613101959229,0.05970597267150879,0.000346019136486575
763,False,31,tv_stand,31,tv_stand,True,0.45794790983200073,1.5563191175460815,1.2699992656707764,0.2863198518753052,0.0031209515873342752
764,False,28,table,28,table,True,0.9899507164955139,0.06906294822692871,0.061855096369981766,0.007207851856946945,4.684358373197028e-06
765,False,15,lamp,24,sink,False,0.7665298581123352,0.9644966721534729,0.8147622346878052,0.14973443746566772,0.001287476159632206
766,False,32,vase,32,vase,True,0.5607931017875671,0.9982970952987671,0.8071852922439575,0.19111180305480957,0.0034607197158038616
767,False,6,chair,6,chair,True,0.9529398083686829,0.27377259731292725,0.23404468595981598,0.03972791135311127,0.00012956272985320538
768,False,23,range_hood,23,range_hood,True,0.8121308088302612,0.5994459986686707,0.5270134806632996,0.0724325180053711,0.0009112035622820258
769,False,0,airplane,0,airplane,True,0.9759624004364014,0.15435510873794556,0.12387242913246155,0.03048267960548401,7.505012763431296e-05
770,False,25,sofa,25,sofa,True,0.9993112683296204,0.006841219030320644,0.00618410250172019,0.0006571165286004543,3.516534974323804e-08
771,False,18,night_stand,18,night_stand,True,0.8883747458457947,0.46543335914611816,0.3913417160511017,0.07409164309501648,0.0005916875670664012
772,False,13,glass_box,13,glass_box,True,0.9881458878517151,0.08965478837490082,0.06693069636821747,0.02272409200668335,2.8297630706219934e-05
773,False,4,bookshelf,4,bookshelf,True,0.9452324509620667,0.3277689814567566,0.290640264749527,0.037128716707229614,7.748435746179894e-05
774,False,17,monitor,17,monitor,True,0.9747539758682251,0.1819777637720108,0.1549040675163269,0.0270736962556839,3.869160354952328e-05
775,False,21,plant,21,plant,True,0.5835129618644714,1.3053185939788818,0.99367755651474,0.31164103746414185,0.0033477579709142447
776,False,20,piano,2,bed,False,0.2450944483280182,2.1440625190734863,1.6661063432693481,0.4779561758041382,0.003885524580255151
777,False,16,mantel,31,tv_stand,False,0.5651334524154663,1.1750487089157104,0.9807977080345154,0.19425100088119507,0.0025646784342825413
778,False,14,guitar,14,guitar,True,0.954066276550293,0.28062811493873596,0.21208783984184265,0.06854027509689331,0.00028939126059412956
779,False,13,glass_box,13,glass_box,True,0.4039212167263031,1.2924491167068481,1.222980260848999,0.06946885585784912,0.0010424591600894928
780,False,23,range_hood,24,sink,False,0.8575448393821716,0.5896099805831909,0.47264063358306885,0.11696934700012207,0.0008910204051062465
781,False,23,range_hood,26,stairs,False,0.2856585383415222,1.6336607933044434,1.2688390016555786,0.36482179164886475,0.004594591446220875
782,False,31,tv_stand,31,tv_stand,True,0.7987531423568726,0.7059814929962158,0.6150820255279541,0.09089946746826172,0.0009876335971057415
783,False,18,night_stand,18,night_stand,True,0.4592982828617096,1.662489414215088,1.3321510553359985,0.33033835887908936,0.003324853954836726
784,False,23,range_hood,23,range_hood,True,0.5465694665908813,1.5176907777786255,1.2681947946548462,0.2494959831237793,0.002435059752315283
785,False,26,stairs,20,piano,False,0.694437563419342,1.1676619052886963,0.866622269153595,0.3010396361351013,0.0029833430889993906
786,False,23,range_hood,23,range_hood,True,0.8168535232543945,0.512847363948822,0.4457836449146271,0.06706371903419495,0.001097931177355349
787,False,18,night_stand,11,dresser,False,0.35255804657936096,1.7002437114715576,1.5875005722045898,0.11274313926696777,0.0009820093400776386
788,False,11,dresser,11,dresser,True,0.8257490992546082,0.6841057538986206,0.6080172657966614,0.07608848810195923,0.0006269299192354083
789,False,6,chair,6,chair,True,0.9989315271377563,0.010337449610233307,0.009232969023287296,0.0011044805869460106,7.905317289669256e-08
790,False,23,range_hood,24,sink,False,0.2828986644744873,2.2215394973754883,1.8592051267623901,0.36233437061309814,0.002698103431612253
791,False,17,monitor,17,monitor,True,0.9973516464233398,0.023067541420459747,0.02026822231709957,0.002799319103360176,5.584686277870787e-07
792,False,16,mantel,16,mantel,True,0.9873576164245605,0.08633147180080414,0.07524778693914413,0.011083684861660004,8.724527106096502e-06
793,False,16,mantel,16,mantel,True,0.9658194780349731,0.21859975159168243,0.19933901727199554,0.01926073431968689,3.0481403882731684e-05
794,False,4,bookshelf,4,bookshelf,True,0.9908497333526611,0.06844857335090637,0.06083834543824196,0.0076102279126644135,3.243422725063283e-06
795,False,9,desk,29,tent,False,0.7965566515922546,0.9064134955406189,0.7427123188972473,0.16370117664337158,0.001281760516576469
796,False,16,mantel,16,mantel,True,0.9806252121925354,0.14044657349586487,0.12076438218355179,0.01968219131231308,2.207624856964685e-05
797,False,9,desk,9,desk,True,0.6230432987213135,1.1418229341506958,0.9956315755844116,0.14619135856628418,0.0017470191232860088
798,False,6,chair,6,chair,True,0.9731045961380005,0.16680625081062317,0.12431503087282181,0.04249121993780136,0.0001667980832280591
799,False,0,airplane,0,airplane,True,0.9917422533035278,0.06857508420944214,0.057514775544404984,0.011060308665037155,4.940160124533577e-06
800,False,12,flower_pot,21,plant,False,0.4771295487880707,1.2312731742858887,1.048871636390686,0.18240153789520264,0.0025590735021978617
801,False,16,mantel,34,xbox,False,0.5257138609886169,1.6504158973693848,1.394880771636963,0.2555351257324219,0.0023899483494460583
802,False,14,guitar,14,guitar,True,0.8771646618843079,0.5647866725921631,0.4499247968196869,0.1148618757724762,0.0007929833373054862
803,False,21,plant,21,plant,True,0.6560770869255066,0.7260144948959351,0.671741247177124,0.054273247718811035,0.0010903931688517332
804,False,20,piano,20,piano,True,0.5882776379585266,1.278390645980835,0.9007384181022644,0.37765222787857056,0.00550125353038311
805,False,2,bed,2,bed,True,0.999382495880127,0.006447500549256802,0.005891511216759682,0.0005559893324971199,1.7416681430404424e-08
806,False,29,tent,29,tent,True,0.9720094799995422,0.18480154871940613,0.16149216890335083,0.023309379816055298,3.1017279980005696e-05
807,False,2,bed,2,bed,True,0.9823920726776123,0.12767302989959717,0.10942097008228302,0.018252059817314148,2.1961874153930694e-05
808,False,32,vase,32,vase,True,0.8257895708084106,0.7076237797737122,0.5812342166900635,0.12638956308364868,0.0012286988785490394
809,False,32,vase,12,flower_pot,False,0.3181906044483185,1.708336591720581,1.3940662145614624,0.31427037715911865,0.00316455215215683
810,False,23,range_hood,23,range_hood,True,0.6628754734992981,0.8703639507293701,0.7012453079223633,0.16911864280700684,0.0031778854317963123
811,False,19,person,21,plant,False,0.6554132699966431,1.061795711517334,0.9581067562103271,0.10368895530700684,0.0010661522392183542
812,False,7,cone,21,plant,False,0.5627810955047607,1.4159698486328125,1.0769805908203125,0.3389892578125,0.0034354624804109335
813,False,17,monitor,17,monitor,True,0.9953965544700623,0.04060238599777222,0.035961493849754333,0.004640892148017883,8.665134032526112e-07
814,False,25,sofa,25,sofa,True,0.9976663589477539,0.02080126479268074,0.017951887100934982,0.002849377691745758,5.175190835871035e-07
815,False,31,tv_stand,31,tv_stand,True,0.913926899433136,0.3419431447982788,0.2803206443786621,0.0616225004196167,0.000681189529132098
816,False,23,range_hood,16,mantel,False,0.32943305373191833,1.6079723834991455,1.1022318601608276,0.5057405233383179,0.006525151897221804
817,False,31,tv_stand,19,person,False,0.4210626184940338,1.5370351076126099,1.213344931602478,0.32369017601013184,0.004096641670912504
818,False,32,vase,32,vase,True,0.9497108459472656,0.22172518074512482,0.20819450914859772,0.0135306715965271,6.699745426885784e-05
819,False,31,tv_stand,31,tv_stand,True,0.9364241361618042,0.31028300523757935,0.255094975233078,0.05518803000450134,0.0002611921227071434
820,False,13,glass_box,13,glass_box,True,0.9946388602256775,0.04487304762005806,0.03624479100108147,0.008628256618976593,3.3578521652088966e-06
821,False,18,night_stand,18,night_stand,True,0.4163759648799896,1.3239710330963135,1.2186367511749268,0.10533428192138672,0.001171732204966247
822,False,9,desk,25,sofa,False,0.6671066284179688,1.1939594745635986,1.007728099822998,0.18623137474060059,0.002299430314451456
823,False,11,dresser,11,dresser,True,0.7247911691665649,0.8505731821060181,0.7971439361572266,0.053429245948791504,0.000610365008469671
824,False,0,airplane,0,airplane,True,0.9885867834091187,0.08250179886817932,0.06304314732551575,0.019458651542663574,2.8723417926812544e-05
825,False,2,bed,2,bed,True,0.997326672077179,0.024400321766734123,0.020857665687799454,0.0035426560789346695,1.2902131629743963e-06
826,False,0,airplane,0,airplane,True,0.9925800561904907,0.05387300252914429,0.03637146204710007,0.01750154048204422,3.3052398066502064e-05
827,False,13,glass_box,13,glass_box,True,0.8437120318412781,0.7020596265792847,0.6350706219673157,0.066989004611969,0.00034569407580420375
828,False,3,bench,31,tv_stand,False,0.7709541916847229,0.8261394500732422,0.727818489074707,0.09832096099853516,0.0007253556395880878
829,False,5,car,5,car,True,0.9947731494903564,0.04419180750846863,0.037694718688726425,0.006497088819742203,2.322100726814824e-06
830,False,5,car,5,car,True,0.5662428736686707,1.5458581447601318,1.3284896612167358,0.217368483543396,0.002184618730098009
831,False,5,car,5,car,True,0.9459535479545593,0.2734348475933075,0.1835021823644638,0.08993266522884369,0.0006523044430650771
832,False,6,chair,6,chair,True,0.9981473088264465,0.01671527698636055,0.013416976667940617,0.0032983003184199333,9.279326036448765e-07
833,False,32,vase,32,vase,True,0.6988590955734253,0.7461161613464355,0.7002585530281067,0.04585760831832886,0.0007006407249718904
834,False,20,piano,32,vase,False,0.4369603097438812,1.573396921157837,1.29568350315094,0.277713418006897,0.0033626151271164417
835,False,32,vase,32,vase,True,0.97303706407547,0.13707335293293,0.12941597402095795,0.007657378911972046,2.0523855710052885e-05
836,False,31,tv_stand,4,bookshelf,False,0.5840842127799988,1.336890459060669,1.0603903532028198,0.2765001058578491,0.0031485268846154213
837,False,11,dresser,11,dresser,True,0.5193122625350952,1.1921128034591675,1.0238770246505737,0.16823577880859375,0.002646135399118066
838,False,9,desk,18,night_stand,False,0.4216861128807068,1.4592195749282837,1.2034177780151367,0.255801796913147,0.003014222951605916
839,False,21,plant,12,flower_pot,False,0.3859730362892151,1.3077915906906128,1.1217124462127686,0.18607914447784424,0.0025520140770822763
840,False,8,curtain,8,curtain,True,0.45583638548851013,1.4592061042785645,1.1927735805511475,0.266432523727417,0.003274066373705864
841,False,11,dresser,11,dresser,True,0.6239393353462219,1.3086400032043457,1.1773415803909302,0.13129842281341553,0.0011652725515887141
842,False,25,sofa,25,sofa,True,0.998090386390686,0.01777384802699089,0.015689849853515625,0.0020839981734752655,3.2449000286760565e-07
843,False,19,person,19,person,True,0.5034905672073364,1.5022153854370117,1.2785722017288208,0.22364318370819092,0.00245469668880105
844,False,20,piano,20,piano,True,0.9861273169517517,0.09152112901210785,0.0810978040099144,0.010423325002193451,7.68071367929224e-06
845,False,31,tv_stand,31,tv_stand,True,0.353725790977478,1.9445528984069824,1.631135106086731,0.31341779232025146,0.0029493600595742464
846,False,31,tv_stand,18,night_stand,False,0.703693687915802,1.0608187913894653,0.8529172539710999,0.20790153741836548,0.0018704805988818407
847,False,30,toilet,30,toilet,True,0.8972935080528259,0.5681646466255188,0.4674161374568939,0.10074850916862488,0.0005421654204837978
848,False,14,guitar,14,guitar,True,0.9945223927497864,0.04519585147500038,0.03795582428574562,0.007240027189254761,3.3133346732938662e-06
849,False,28,table,28,table,True,0.977992057800293,0.12812796235084534,0.11038925498723984,0.0177387073636055,2.7229754778090864e-05
850,False,5,car,5,car,True,0.9742538928985596,0.15042570233345032,0.12314772605895996,0.027277976274490356,7.414027641061693e-05
851,False,4,bookshelf,4,bookshelf,True,0.9860212206840515,0.0993276908993721,0.08515951782464981,0.01416817307472229,1.654369043535553e-05
852,False,18,night_stand,18,night_stand,True,0.7009701132774353,1.0363976955413818,0.9330357313156128,0.10336196422576904,0.0008868591394275427
853,False,28,table,28,table,True,0.9915270209312439,0.05950847268104553,0.05183042958378792,0.007678043097257614,7.4190652412653435e-06
854,False,14,guitar,14,guitar,True,0.26719310879707336,1.9375101327896118,1.569675087928772,0.36783504486083984,0.0035615749657154083
855,False,11,dresser,31,tv_stand,False,0.19947291910648346,2.141641616821289,1.8867979049682617,0.25484371185302734,0.0020588343031704426
856,False,4,bookshelf,4,bookshelf,True,0.9002388715744019,0.4069816470146179,0.3667307198047638,0.040250927209854126,0.0003483147593215108
857,False,20,piano,25,sofa,False,0.8390445113182068,0.5360814332962036,0.4141322076320648,0.1219492256641388,0.001997764455154538
858,False,17,monitor,17,monitor,True,0.995002031326294,0.04289340227842331,0.03527962788939476,0.007613774389028549,3.89623210139689e-06
859,False,6,chair,6,chair,True,0.9985628724098206,0.013344312086701393,0.011425958946347237,0.0019183531403541565,3.560174377525982e-07
860,False,13,glass_box,13,glass_box,True,0.995806872844696,0.035394780337810516,0.03078584000468254,0.0046089403331279755,1.5681658851462998e-06
861,False,4,bookshelf,4,bookshelf,True,0.9775026440620422,0.16233518719673157,0.14200744032859802,0.020327746868133545,3.224705142201856e-05
862,False,28,table,28,table,True,0.9611145257949829,0.21607279777526855,0.19712558388710022,0.018947213888168335,3.5460518120089546e-05
863,False,4,bookshelf,4,bookshelf,True,0.9731018543243408,0.15913718938827515,0.13518895208835602,0.02394823729991913,6.030191434547305e-05
864,False,20,piano,20,piano,True,0.4812227785587311,0.9706131219863892,0.8322967290878296,0.13831639289855957,0.003025798359885812
865,False,28,table,28,table,True,0.9889826774597168,0.07931439578533173,0.0657779723405838,0.013536423444747925,1.1784006346715614e-05
866,False,16,mantel,16,mantel,True,0.9391010403633118,0.37098610401153564,0.31543388962745667,0.05555221438407898,0.00011192258534720168
867,False,13,glass_box,13,glass_box,True,0.9938066601753235,0.04693212732672691,0.04074688255786896,0.006185244768857956,2.324688239241368e-06
868,False,21,plant,21,plant,True,0.9732715487480164,0.1591673195362091,0.13961592316627502,0.019551396369934082,4.710978828370571e-05
869,False,23,range_hood,23,range_hood,True,0.9933299422264099,0.05087122321128845,0.043180957436561584,0.007690265774726868,4.346169589553028e-06
870,False,6,chair,6,chair,True,0.9973981976509094,0.02248343825340271,0.019914595410227776,0.0025688428431749344,4.4835812218479987e-07
871,False,21,plant,21,plant,True,0.8896439671516418,0.5634521245956421,0.46982213854789734,0.09362998604774475,0.00041985156713053584
872,False,2,bed,2,bed,True,0.9860600233078003,0.10013623535633087,0.08196008205413818,0.018176153302192688,2.488557220203802e-05
873,False,28,table,28,table,True,0.9158251881599426,0.32322385907173157,0.2642391324043274,0.058984726667404175,0.0005940395058132708
874,False,10,door,10,door,True,0.7989681363105774,0.8740846514701843,0.701447069644928,0.17263758182525635,0.0012678109342232347
875,False,26,stairs,26,stairs,True,0.9878912568092346,0.0817432627081871,0.06993068754673004,0.011812575161457062,1.151861397374887e-05
876,False,0,airplane,0,airplane,True,0.9827571511268616,0.12069180607795715,0.08487958461046219,0.035812221467494965,7.787226786604151e-05
877,False,6,chair,6,chair,True,0.9908163547515869,0.06568871438503265,0.052296385169029236,0.013392329216003418,1.3220721484685782e-05
878,False,2,bed,25,sofa,False,0.8316317796707153,0.6511053442955017,0.5611627697944641,0.0899425745010376,0.0009595519513823092
879,False,26,stairs,26,stairs,True,0.8840991854667664,0.626043438911438,0.5230512619018555,0.10299217700958252,0.00047302458551712334
880,False,16,mantel,16,mantel,True,0.977623701095581,0.1519821584224701,0.11974947154521942,0.03223268687725067,4.187903687125072e-05
881,False,5,car,5,car,True,0.9415643811225891,0.3087931275367737,0.25395673513412476,0.054836392402648926,0.00023648877686355263
882,False,30,toilet,30,toilet,True,0.9971986413002014,0.024813426658511162,0.02108214795589447,0.0037312787026166916,8.885824627213879e-07
883,False,4,bookshelf,4,bookshelf,True,0.9909013509750366,0.06646806001663208,0.056311193853616714,0.010156866163015366,7.441205070790602e-06
884,False,0,airplane,0,airplane,True,0.9959076642990112,0.036463912576436996,0.02513820491731167,0.011325707659125328,1.1715631444531027e-05
885,False,18,night_stand,18,night_stand,True,0.7904649972915649,0.813106894493103,0.6800222396850586,0.13308465480804443,0.001352048828266561
886,False,16,mantel,16,mantel,True,0.9745141863822937,0.17570236325263977,0.15607845783233643,0.019623905420303345,2.7098121790913865e-05
887,False,4,bookshelf,4,bookshelf,True,0.9793205261230469,0.11305758357048035,0.10030503571033478,0.012752547860145569,3.0722494557267055e-05
888,False,16,mantel,16,mantel,True,0.995854377746582,0.034698206931352615,0.029658176004886627,0.005040030926465988,2.450465217407327e-06
889,False,18,night_stand,18,night_stand,True,0.896919310092926,0.4774351716041565,0.40547364950180054,0.07196152210235596,0.0004164019483141601
890,False,7,cone,7,cone,True,0.9782808423042297,0.1399812251329422,0.12214411795139313,0.017837107181549072,2.4469227355439216e-05
891,False,31,tv_stand,4,bookshelf,False,0.5840606093406677,1.278266429901123,1.196313738822937,0.08195269107818604,0.0007958689238876104
892,False,2,bed,2,bed,True,0.9702497720718384,0.1553691178560257,0.11657211929559708,0.03879699856042862,0.00016427278751507401
893,False,23,range_hood,16,mantel,False,0.7026565670967102,1.002375841140747,0.7995583415031433,0.20281749963760376,0.0024486242327839136
894,False,13,glass_box,13,glass_box,True,0.6386445760726929,1.2577996253967285,1.1260433197021484,0.13175630569458008,0.001333167077973485
895,False,23,range_hood,23,range_hood,True,0.9587953090667725,0.20256547629833221,0.17482787370681763,0.027737602591514587,9.724283154355362e-05
896,False,13,glass_box,13,glass_box,True,0.9960154294967651,0.034903377294540405,0.027166299521923065,0.00773707777261734,5.661588147631846e-06
897,False,25,sofa,25,sofa,True,0.9938938021659851,0.04276319593191147,0.03314754739403725,0.009615648537874222,1.4301012015494052e-05
898,False,2,bed,2,bed,True,0.999096691608429,0.008557048626244068,0.0072602746076881886,0.0012967740185558796,2.069220244038661e-07
899,False,2,bed,2,bed,True,0.896524965763092,0.4518088400363922,0.3737492859363556,0.07805955410003662,0.0007264881860464811
900,False,11,dresser,11,dresser,True,0.6937327980995178,1.065561294555664,0.991773247718811,0.07378804683685303,0.0006257434142753482
901,False,17,monitor,17,monitor,True,0.9930022358894348,0.0542902871966362,0.04658419266343117,0.007706094533205032,3.5035782275372185e-06
902,False,23,range_hood,23,range_hood,True,0.9719886183738708,0.16740569472312927,0.1403350681066513,0.027070626616477966,4.8751116992207244e-05
903,False,0,airplane,0,airplane,True,0.9961392879486084,0.034046661108732224,0.028085950762033463,0.005960710346698761,2.536401780162123e-06
904,False,4,bookshelf,4,bookshelf,True,0.97512286901474,0.1592463105916977,0.13986438512802124,0.019381925463676453,2.5691255359561183e-05
905,False,29,tent,29,tent,True,0.4238853454589844,1.979633092880249,1.6862964630126953,0.2933366298675537,0.0023042603861540556
906,False,6,chair,6,chair,True,0.9982292652130127,0.016866309568285942,0.014459219761192799,0.0024070898070931435,3.272415369792725e-07
907,False,4,bookshelf,4,bookshelf,True,0.9911859631538391,0.06902829557657242,0.05941445752978325,0.00961383804678917,6.615343409066554e-06
908,False,2,bed,2,bed,True,0.9979047775268555,0.01896425522863865,0.016383979469537735,0.002580275759100914,4.56407263982328e-07
909,False,14,guitar,14,guitar,True,0.9826891422271729,0.12270219624042511,0.09922851622104645,0.023473680019378662,3.144000220345333e-05
910,False,0,airplane,0,airplane,True,0.9974766969680786,0.02248568646609783,0.02025848999619484,0.0022271964699029922,4.035215965814132e-07
911,False,32,vase,32,vase,True,0.8846506476402283,0.39842382073402405,0.37768158316612244,0.02074223756790161,0.0001943829993251711
912,False,2,bed,2,bed,True,0.5342872738838196,1.208754062652588,0.8901091814041138,0.3186448812484741,0.004734097979962826
913,False,6,chair,6,chair,True,0.9995818138122559,0.004550674930214882,0.004148747771978378,0.0004019271582365036,9.591185623492038e-09
914,False,4,bookshelf,4,bookshelf,True,0.9777032732963562,0.13741116225719452,0.12564563751220703,0.011765524744987488,1.8556598661234602e-05
915,False,2,bed,2,bed,True,0.9993345141410828,0.007133889943361282,0.0062729790806770325,0.0008609108626842499,4.6384332819116025e-08
916,False,0,airplane,0,airplane,True,0.9961307644844055,0.03182337060570717,0.021659158170223236,0.010164212435483932,9.194681297231e-06
917,False,30,toilet,30,toilet,True,0.9820636510848999,0.12597566843032837,0.10701288282871246,0.018962785601615906,1.909686761791818e-05
918,False,30,toilet,30,toilet,True,0.9648671746253967,0.17672514915466309,0.15048721432685852,0.026237934827804565,8.743954094825312e-05
919,False,6,chair,6,chair,True,0.9981169700622559,0.017928453162312508,0.015775851905345917,0.002152601256966591,2.48730827934196e-07
920,False,7,cone,7,cone,True,0.7713539600372314,0.6233585476875305,0.527981162071228,0.09537738561630249,0.0016647959128022194
921,False,33,wardrobe,22,radio,False,0.34501299262046814,1.6936014890670776,1.5093177556991577,0.18428373336791992,0.001609038095921278
922,False,20,piano,20,piano,True,0.9783278107643127,0.12373165786266327,0.09605781733989716,0.027673840522766113,0.00010938040941255167
923,False,30,toilet,30,toilet,True,0.9989476799964905,0.010707671754062176,0.00951994489878416,0.0011877268552780151,8.176291288464199e-08
924,False,28,table,28,table,True,0.8710339665412903,0.45835986733436584,0.38277438282966614,0.07558548450469971,0.0009471993544138968
925,False,17,monitor,17,monitor,True,0.999552309513092,0.004754249006509781,0.0038929067086428404,0.0008613422978669405,7.63459837571645e-08
926,False,1,bathtub,1,bathtub,True,0.9038874506950378,0.4522911310195923,0.36051490902900696,0.09177622199058533,0.0005591433146037161
927,False,18,night_stand,18,night_stand,True,0.919306218624115,0.4308735728263855,0.3812446594238281,0.04962891340255737,0.00020968611352145672
928,False,16,mantel,16,mantel,True,0.97542804479599,0.1570720672607422,0.12247501313686371,0.03459705412387848,9.310728637501597e-05
929,False,32,vase,32,vase,True,0.9702025651931763,0.1458429992198944,0.13581809401512146,0.01002490520477295,2.5709965484566055e-05
930,False,5,car,5,car,True,0.9358165860176086,0.3439103364944458,0.2945021390914917,0.0494081974029541,0.00020516262156888843
931,False,9,desk,9,desk,True,0.676422119140625,1.2968610525131226,0.8854684829711914,0.41139256954193115,0.003628010395914316
932,False,12,flower_pot,21,plant,False,0.7632538080215454,0.8510719537734985,0.76539146900177,0.08568048477172852,0.0006329842144623399
933,False,2,bed,2,bed,True,0.9990109205245972,0.009844783693552017,0.008300592191517353,0.0015441915020346642,1.3947492050192523e-07
934,False,24,sink,24,sink,True,0.435844749212265,1.8093328475952148,1.5451769828796387,0.26415586471557617,0.0026270586531609297
935,False,18,night_stand,18,night_stand,True,0.7651016712188721,0.8994715809822083,0.840964674949646,0.058506906032562256,0.00037919936585240066
936,False,30,toilet,30,toilet,True,0.6137409806251526,1.3117101192474365,1.0227841138839722,0.28892600536346436,0.0037080615293234587
937,False,17,monitor,17,monitor,True,0.9994292855262756,0.006119119003415108,0.0055377669632434845,0.0005813520401716232,1.6218523413158437e-08
938,False,18,night_stand,18,night_stand,True,0.8788608908653259,0.5465125441551208,0.455791175365448,0.09072136878967285,0.0004734816320706159
939,False,11,dresser,11,dresser,True,0.8400944471359253,0.5865209102630615,0.5234709978103638,0.06304991245269775,0.0006475162226706743
940,False,6,chair,6,chair,True,0.9990748763084412,0.008563544601202011,0.0076647549867630005,0.0008987896144390106,7.564990056607712e-08
941,False,6,chair,6,chair,True,0.9982789754867554,0.016566533595323563,0.014873738400638103,0.0016927951946854591,1.5251841034569225e-07
942,False,10,door,8,curtain,False,0.4765007793903351,0.9434942007064819,0.8359479308128357,0.10754626989364624,0.0018322169780731201
943,False,2,bed,2,bed,True,0.999521791934967,0.004813217092305422,0.004230434540659189,0.0005827825516462326,3.0594570432640467e-08
944,False,11,dresser,11,dresser,True,0.7862622141838074,0.9848062992095947,0.893039345741272,0.09176695346832275,0.0004274998791515827
945,False,19,person,21,plant,False,0.6455732583999634,0.8720864653587341,0.7371692061424255,0.1349172592163086,0.0023677630815654993
946,False,17,monitor,17,monitor,True,0.9964562654495239,0.031541720032691956,0.0270968247205019,0.004444895312190056,1.6626061096758349e-06
947,False,7,cone,7,cone,True,0.853881299495697,0.5879821181297302,0.4720965623855591,0.11588555574417114,0.0012152243871241808
948,False,11,dresser,11,dresser,True,0.6773792505264282,1.1361008882522583,1.0776976346969604,0.05840325355529785,0.00040411579539068043
949,False,31,tv_stand,31,tv_stand,True,0.515799880027771,0.982704758644104,0.8288237452507019,0.1538810133934021,0.0025306721217930317
950,False,18,night_stand,11,dresser,False,0.5585940480232239,1.081714391708374,1.0037037134170532,0.0780106782913208,0.0007442815112881362
951,False,5,car,5,car,True,0.9960996508598328,0.03215206041932106,0.026358315721154213,0.005793744698166847,2.192193051087088e-06
952,False,16,mantel,19,person,False,0.4922959804534912,1.586449384689331,1.332724690437317,0.25372469425201416,0.0026636437978595495
953,False,32,vase,32,vase,True,0.9764817953109741,0.13086138665676117,0.11562839895486832,0.015232987701892853,2.1500767616089433e-05
954,False,2,bed,2,bed,True,0.999443769454956,0.00592099828645587,0.00476097734645009,0.0011600209400057793,7.705946103442329e-08
955,False,16,mantel,11,dresser,False,0.20373541116714478,2.4513566493988037,2.1789968013763428,0.27235984802246094,0.001570902531966567
956,False,11,dresser,11,dresser,True,0.21906210482120514,2.34114933013916,2.0937724113464355,0.2473769187927246,0.0016565873520448804
957,False,9,desk,9,desk,True,0.9815048575401306,0.11917759478092194,0.09865225106477737,0.020525343716144562,2.9759361495962366e-05
958,False,6,chair,6,chair,True,0.999744713306427,0.0027792654000222683,0.002401155885308981,0.00037810951471328735,9.992659144586469e-09
959,False,33,wardrobe,4,bookshelf,False,0.9304160475730896,0.3044794797897339,0.2674016058444977,0.037077873945236206,0.00026461694505997
960,False,2,bed,2,bed,True,0.9734577536582947,0.16924433410167694,0.10951843857765198,0.05972589552402496,0.0002838231739588082
961,False,25,sofa,25,sofa,True,0.9997064471244812,0.003273258451372385,0.0028958339244127274,0.00037742452695965767,8.203407730889012e-09
962,False,5,car,5,car,True,0.9971179366111755,0.024286624044179916,0.021387450397014618,0.0028991736471652985,7.159648021115572e-07
963,False,14,guitar,14,guitar,True,0.9955931305885315,0.03627466410398483,0.03163154795765877,0.004643116146326065,1.4615951613450306e-06
964,False,17,monitor,17,monitor,True,0.8837456107139587,0.5166642069816589,0.45130565762519836,0.06535854935646057,0.0004279941786080599
965,False,30,toilet,30,toilet,True,0.9982002377510071,0.015953807160258293,0.0144734438508749,0.0014803633093833923,1.7420570941339975e-07
966,False,11,dresser,11,dresser,True,0.8178426623344421,0.7569388151168823,0.6961909532546997,0.06074786186218262,0.0002810241130646318
967,False,25,sofa,25,sofa,True,0.9868912696838379,0.09299014508724213,0.07170454412698746,0.02128560096025467,3.0406907171709463e-05
968,False,17,monitor,17,monitor,True,0.9939523339271545,0.049640536308288574,0.04084748402237892,0.008793052285909653,5.3279964049579576e-06
969,False,30,toilet,30,toilet,True,0.9840067028999329,0.08649110794067383,0.04020269960165024,0.04628840833902359,0.00031121476786211133
970,False,8,curtain,8,curtain,True,0.3665279150009155,1.8174729347229004,1.3990379571914673,0.4184349775314331,0.00455961748957634
971,False,20,piano,20,piano,True,0.5148984789848328,1.5434587001800537,1.0819896459579468,0.46146905422210693,0.004731978289783001
972,False,9,desk,9,desk,True,0.9842071533203125,0.10159678012132645,0.09143559634685516,0.010161183774471283,9.422031325811986e-06
973,False,28,table,28,table,True,0.9616172313690186,0.1929272711277008,0.16281498968601227,0.030112281441688538,0.0001265194732695818
974,False,31,tv_stand,31,tv_stand,True,0.35688745975494385,1.9417778253555298,1.7021738290786743,0.23960399627685547,0.001678606029599905
975,False,25,sofa,25,sofa,True,0.9376538395881653,0.3273657560348511,0.28605157136917114,0.04131418466567993,0.0001592857006471604
976,False,16,mantel,16,mantel,True,0.9873051047325134,0.09494377672672272,0.08636988699436188,0.00857388973236084,4.140005330555141e-06
977,False,11,dresser,11,dresser,True,0.6112837791442871,1.493796467781067,1.2781965732574463,0.2155998945236206,0.0018580155447125435
978,False,32,vase,27,stool,False,0.5949646234512329,1.1564728021621704,1.033214807510376,0.12325799465179443,0.0015145308570936322
979,False,6,chair,6,chair,True,0.9967575073242188,0.029605286195874214,0.02348276786506176,0.006122518330812454,3.4177253382949857e-06
980,False,4,bookshelf,4,bookshelf,True,0.9157345294952393,0.42277535796165466,0.3369203209877014,0.08585503697395325,0.00035530663444660604
981,False,21,plant,21,plant,True,0.37349286675453186,1.8050189018249512,1.4729187488555908,0.33210015296936035,0.0034234991762787104
982,False,23,range_hood,16,mantel,False,0.6115219593048096,1.2051947116851807,1.0827970504760742,0.12239766120910645,0.0013955632457509637
983,False,20,piano,20,piano,True,0.8714699745178223,0.6296097636222839,0.44678035378456116,0.18282940983772278,0.0012533528497442603
984,False,18,night_stand,18,night_stand,True,0.6263846158981323,1.1047669649124146,0.9212409257888794,0.18352603912353516,0.0023352995049208403
985,False,32,vase,32,vase,True,0.9103578329086304,0.36412349343299866,0.31522753834724426,0.048895955085754395,0.0003461533924564719
986,False,25,sofa,25,sofa,True,0.9995437860488892,0.00479473453015089,0.004324581008404493,0.000470153521746397,1.2248462688546624e-08
987,False,4,bookshelf,4,bookshelf,True,0.9346808791160583,0.32064706087112427,0.26932594180107117,0.0513211190700531,0.00021957916032988578
988,False,14,guitar,14,guitar,True,0.9900444746017456,0.06422540545463562,0.054309289902448654,0.009916115552186966,1.0884537005040329e-05
989,False,28,table,28,table,True,0.9664917588233948,0.18757076561450958,0.17145340144634247,0.016117364168167114,3.328446109662764e-05
990,False,32,vase,32,vase,True,0.9540128111839294,0.20468948781490326,0.19305677711963654,0.011632710695266724,5.19348650414031e-05
991,False,31,tv_stand,31,tv_stand,True,0.9492213129997253,0.23955996334552765,0.21551857888698578,0.02404138445854187,9.484899055678397e-05
992,False,25,sofa,20,piano,False,0.5471579432487488,1.6581785678863525,1.4223005771636963,0.23587799072265625,0.0019785056356340647
993,False,20,piano,20,piano,True,0.9946864247322083,0.04559751972556114,0.03749440237879753,0.00810311734676361,2.4341049993381603e-06
994,False,4,bookshelf,4,bookshelf,True,0.9916112422943115,0.06153915077447891,0.053559042513370514,0.007980108261108398,5.942291863902938e-06
995,False,17,monitor,11,dresser,False,0.5931969285011292,1.6507900953292847,1.3955914974212646,0.25519859790802,0.0021792594343423843
996,False,13,glass_box,13,glass_box,True,0.3988533318042755,1.3160152435302734,1.2346062660217285,0.08140897750854492,0.0010794434929266572
997,False,21,plant,21,plant,True,0.8061515688896179,0.738715648651123,0.6157283186912537,0.12298732995986938,0.000827757699880749
998,False,5,car,5,car,True,0.916157603263855,0.35855787992477417,0.22965610027313232,0.12890177965164185,0.0013423437485471368
999,False,5,car,5,car,True,0.9963414669036865,0.027328182011842728,0.020941056311130524,0.006387125700712204,3.5617783851193963e-06
1000,False,19,person,32,vase,False,0.5296210050582886,1.2545294761657715,0.9860353469848633,0.2684941291809082,0.0037743381690233946
1001,False,9,desk,9,desk,True,0.9790339469909668,0.1434909999370575,0.1138245090842247,0.029666490852832794,5.5071828683139756e-05
1002,False,16,mantel,16,mantel,True,0.9960240721702576,0.03415687382221222,0.027615861967206,0.006541011855006218,3.065466444240883e-06
1003,False,3,bench,3,bench,True,0.9729116559028625,0.1631104052066803,0.08428319543600082,0.07882720977067947,0.00041773318662308156
1004,False,9,desk,9,desk,True,0.986866295337677,0.08944187313318253,0.07551894336938858,0.013922929763793945,1.4922430636943318e-05
1005,False,11,dresser,31,tv_stand,False,0.35855400562286377,1.3358755111694336,1.1443352699279785,0.19154024124145508,0.002782122464850545
1006,False,4,bookshelf,4,bookshelf,True,0.9832114577293396,0.10578467696905136,0.09270019829273224,0.013084478676319122,2.60420983977383e-05
1007,False,23,range_hood,32,vase,False,0.3740764558315277,1.924532175064087,1.6981152296066284,0.2264169454574585,0.0019362032180652022
1008,False,1,bathtub,1,bathtub,True,0.9678453803062439,0.18321503698825836,0.16482117772102356,0.018393859267234802,4.387109584058635e-05
1009,False,1,bathtub,1,bathtub,True,0.6255894303321838,0.7020969986915588,0.4968065917491913,0.20529040694236755,0.004809376783668995
1010,False,0,airplane,0,airplane,True,0.9994139671325684,0.006029635667800903,0.005383601877838373,0.0006460337899625301,2.1607855060779002e-08
1011,False,6,chair,6,chair,True,0.9827804565429688,0.10091827809810638,0.08311127126216888,0.0178070068359375,4.3771065975306556e-05
1012,False,15,lamp,31,tv_stand,False,0.7465477585792542,1.0981690883636475,1.003791093826294,0.09437799453735352,0.0006124019855633378
1013,False,9,desk,28,table,False,0.7528798580169678,0.6399281024932861,0.5613223314285278,0.0786057710647583,0.0013501786161214113
1014,False,30,toilet,30,toilet,True,0.999016523361206,0.010120057500898838,0.008712475188076496,0.001407582312822342,1.0175367037845717e-07
1015,False,4,bookshelf,4,bookshelf,True,0.9325750470161438,0.38967788219451904,0.32882070541381836,0.060857176780700684,0.00019974385213572532
1016,False,4,bookshelf,4,bookshelf,True,0.9871347546577454,0.09378668665885925,0.0781431496143341,0.015643537044525146,1.8983473637490533e-05
1017,False,11,dresser,11,dresser,True,0.7173956036567688,1.0826067924499512,0.9961682558059692,0.08643853664398193,0.0006755721406079829
1018,False,32,vase,32,vase,True,0.8954185843467712,0.34912988543510437,0.3257560133934021,0.02337387204170227,0.00022557492775376886
1019,False,28,table,28,table,True,0.9737778902053833,0.14697450399398804,0.13161678612232208,0.015357717871665955,3.553630085662007e-05
1020,False,18,night_stand,18,night_stand,True,0.45789334177970886,1.2236835956573486,1.0437238216400146,0.17995977401733398,0.0026375018060207367
1021,False,18,night_stand,31,tv_stand,False,0.751640260219574,0.7793939113616943,0.687742292881012,0.09165161848068237,0.0010077374754473567
1022,False,31,tv_stand,31,tv_stand,True,0.8259373307228088,0.5258567929267883,0.4525716006755829,0.07328519225120544,0.0011315614683553576
1023,False,30,toilet,30,toilet,True,0.9973533153533936,0.02439890429377556,0.02076449990272522,0.0036344043910503387,7.484061939067033e-07
1024,False,5,car,5,car,True,0.9983114004135132,0.015289483591914177,0.013105778954923153,0.002183704636991024,4.41591794242413e-07
1025,False,20,piano,20,piano,True,0.9939007759094238,0.05026323348283768,0.044066257774829865,0.0061969757080078125,2.7133953608426964e-06
1026,False,3,bench,3,bench,True,0.9954808354377747,0.036079876124858856,0.030787505209445953,0.005292370915412903,1.6916510503506288e-06
1027,False,21,plant,21,plant,True,0.6973191499710083,0.8228510022163391,0.6293728351593018,0.19347816705703735,0.0031924606300890446
1028,False,5,car,5,car,True,0.9873128533363342,0.09045741707086563,0.07455228269100189,0.01590513437986374,1.79693270183634e-05
1029,False,34,xbox,34,xbox,True,0.3254665732383728,2.0970816612243652,1.798048496246338,0.29903316497802734,0.002146291546523571
1030,False,13,glass_box,13,glass_box,True,0.9893403649330139,0.08290639519691467,0.06706582754850388,0.015840567648410797,1.8291551896254532e-05
1031,False,25,sofa,25,sofa,True,0.9963914752006531,0.029938409104943275,0.025793081149458885,0.00414532795548439,1.4526323184327339e-06
1032,False,25,sofa,25,sofa,True,0.9282095432281494,0.2986927330493927,0.2539910078048706,0.044701725244522095,0.00046002460294403136
1033,False,6,chair,6,chair,True,0.9896145462989807,0.07094939053058624,0.05104263126850128,0.01990675926208496,3.2756761356722564e-05
1034,False,14,guitar,14,guitar,True,0.9592611193656921,0.22446207702159882,0.15187840163707733,0.07258367538452148,0.0004369098460301757
1035,False,19,person,0,airplane,False,0.4948458969593048,1.3402330875396729,1.0176950693130493,0.32253801822662354,0.004911196883767843
1036,False,13,glass_box,33,wardrobe,False,0.6043846607208252,1.2739615440368652,1.0938947200775146,0.18006682395935059,0.0017753543797880411
1037,False,21,plant,21,plant,True,0.8289099931716919,0.7544013857841492,0.6134810447692871,0.14092034101486206,0.0012738219229504466
1038,False,21,plant,21,plant,True,0.885783314704895,0.37569308280944824,0.3449736535549164,0.03071942925453186,0.000423070858232677
1039,False,0,airplane,0,airplane,True,0.9942797422409058,0.045952752232551575,0.03587232902646065,0.010080423206090927,1.0279703928972594e-05
1040,False,16,mantel,16,mantel,True,0.9733701944351196,0.17117419838905334,0.1386597454547882,0.03251445293426514,5.933273860136978e-05
1041,False,16,mantel,16,mantel,True,0.9628811478614807,0.22541165351867676,0.20207679271697998,0.023334860801696777,3.741398177226074e-05
1042,False,21,plant,21,plant,True,0.6388164162635803,0.8308844566345215,0.7531953454017639,0.07768911123275757,0.0012154498836025596
1043,False,0,airplane,0,airplane,True,0.9958466291427612,0.036988578736782074,0.0316789336502552,0.005309645086526871,1.8209666450275108e-06
1044,False,21,plant,21,plant,True,0.7877393960952759,0.8162943124771118,0.7291663289070129,0.08712798357009888,0.0004996350617147982
1045,False,31,tv_stand,3,bench,False,0.8072254061698914,0.663893461227417,0.5285547971725464,0.1353386640548706,0.0015722140669822693
1046,False,18,night_stand,18,night_stand,True,0.8982893228530884,0.50506991147995,0.45267412066459656,0.052395790815353394,0.00026910167071036994
1047,False,25,sofa,25,sofa,True,0.9923287034034729,0.05662846565246582,0.049956005066633224,0.006672460585832596,4.241667738824617e-06
1048,False,9,desk,9,desk,True,0.8416990041732788,0.729120671749115,0.4161944091320038,0.3129262626171112,0.0028075785376131535
1049,False,13,glass_box,13,glass_box,True,0.515241801738739,1.499502420425415,1.368070125579834,0.13143229484558105,0.0013726255856454372
1050,False,28,table,28,table,True,0.8402149677276611,0.5572965145111084,0.496161550283432,0.06113496422767639,0.0006331647164188325
1051,False,15,lamp,15,lamp,True,0.9643620252609253,0.17940959334373474,0.15414614975452423,0.02526344358921051,9.751096513355151e-05
1052,False,4,bookshelf,4,bookshelf,True,0.7391833662986755,0.6471613645553589,0.5866196155548096,0.060541749000549316,0.001160605694167316
1053,False,11,dresser,18,night_stand,False,0.49550509452819824,1.0861878395080566,0.8979542255401611,0.1882336139678955,0.0026069802697747946
1054,False,13,glass_box,13,glass_box,True,0.9374411702156067,0.35343506932258606,0.27815529704093933,0.07527977228164673,0.00030038159457035363
1055,False,11,dresser,11,dresser,True,0.4124382734298706,1.581930160522461,1.3983721733093262,0.18355798721313477,0.0019467801321297884
1056,False,6,chair,6,chair,True,0.9748155474662781,0.16929489374160767,0.13687138259410858,0.032423511147499084,6.165057857288048e-05
1057,False,22,radio,8,curtain,False,0.7114710807800293,0.9635068774223328,0.7816727757453918,0.18183410167694092,0.002024141140282154
1058,False,32,vase,32,vase,True,0.9341946244239807,0.29479414224624634,0.2729300260543823,0.021864116191864014,7.03493642504327e-05
1059,False,25,sofa,25,sofa,True,0.9849819540977478,0.10406305640935898,0.0923931822180748,0.01166987419128418,1.3296275028551463e-05
1060,False,6,chair,6,chair,True,0.9970514178276062,0.026647981256246567,0.02176259085536003,0.004885390400886536,1.0667848755474552e-06
1061,False,0,airplane,0,airplane,True,0.9975061416625977,0.02274547517299652,0.01941962167620659,0.0033258534967899323,6.463706654358248e-07
1062,False,18,night_stand,11,dresser,False,0.590880811214447,0.9130487442016602,0.8047440052032471,0.10830473899841309,0.0020151955541223288
1063,False,21,plant,21,plant,True,0.7369775772094727,0.7683699131011963,0.7111914157867432,0.057178497314453125,0.0006523651536554098
1064,False,11,dresser,11,dresser,True,0.8980793952941895,0.5211970210075378,0.4713882803916931,0.04980874061584473,0.0001521035737823695
1065,False,28,table,28,table,True,0.9230472445487976,0.3576704263687134,0.3081853985786438,0.04948502779006958,0.00022638431983068585
1066,False,24,sink,11,dresser,False,0.6029860377311707,1.410821795463562,1.2655928134918213,0.14522898197174072,0.0013188617303967476
1067,False,16,mantel,16,mantel,True,0.9774569272994995,0.13873879611492157,0.10987038165330887,0.0288684144616127,8.470401371596381e-05
1068,False,28,table,28,table,True,0.8843919634819031,0.45867055654525757,0.40014025568962097,0.0585303008556366,0.0004931710427626967
1069,False,9,desk,28,table,False,0.9574922919273376,0.22700545191764832,0.19769898056983948,0.029306471347808838,9.707349090604112e-05
1070,False,16,mantel,16,mantel,True,0.9608678817749023,0.2406713217496872,0.21777154505252838,0.022899776697158813,4.023660585517064e-05
1071,False,13,glass_box,13,glass_box,True,0.9915316700935364,0.06355831772089005,0.054965388029813766,0.008592929691076279,3.955877673433861e-06
1072,False,23,range_hood,23,range_hood,True,0.9419355392456055,0.2596030831336975,0.2304556667804718,0.029147416353225708,0.00014807759725954384
1073,False,4,bookshelf,4,bookshelf,True,0.9697264432907104,0.18008622527122498,0.14243046939373016,0.03765575587749481,0.00014358133194036782
1074,False,28,table,28,table,True,0.9745128154754639,0.15493544936180115,0.1289857178926468,0.025949731469154358,5.109148332849145e-05
1075,False,30,toilet,30,toilet,True,0.9962590932846069,0.030010586604475975,0.026003316044807434,0.004007270559668541,1.6416628341175965e-06
1076,False,23,range_hood,23,range_hood,True,0.9594091773033142,0.21384605765342712,0.19184789061546326,0.021998167037963867,7.463376823579893e-05
1077,False,34,xbox,34,xbox,True,0.6516584157943726,1.0058939456939697,0.8075523972511292,0.19834154844284058,0.0025811814703047276
1078,False,6,chair,6,chair,True,0.9902893304824829,0.06840909272432327,0.05884283035993576,0.009566262364387512,7.560417543572839e-06
1079,False,8,curtain,8,curtain,True,0.4368143081665039,1.252842664718628,0.9849271178245544,0.2679155468940735,0.0040087527595460415
1080,False,3,bench,3,bench,True,0.9717874526977539,0.16497808694839478,0.1475054770708084,0.017472609877586365,3.359812035341747e-05
1081,False,30,toilet,30,toilet,True,0.9989883899688721,0.010289309546351433,0.008695799857378006,0.0015935096889734268,2.2395896337457089e-07
1082,False,6,chair,6,chair,True,0.9995694160461426,0.004771252162754536,0.00410467991605401,0.0006665722467005253,2.572912727316634e-08
1083,False,28,table,28,table,True,0.947138786315918,0.2533261179924011,0.2149142324924469,0.038411885499954224,0.0001824278588173911
1084,False,2,bed,2,bed,True,0.999191403388977,0.008064408786594868,0.0066894893534481525,0.0013749194331467152,1.6813071113119804e-07
1085,False,9,desk,18,night_stand,False,0.5221970677375793,1.5771064758300781,1.2646924257278442,0.3124140501022339,0.003167895833030343
1086,False,0,airplane,0,airplane,True,0.9995818734169006,0.004240124952048063,0.003422987414523959,0.0008171375375241041,6.54172609415582e-08
1087,False,2,bed,2,bed,True,0.9941918849945068,0.041509732604026794,0.02792566455900669,0.013584068045020103,2.3032558601698838e-05
1088,False,25,sofa,25,sofa,True,0.9989160299301147,0.010416626930236816,0.008933008648455143,0.0014836182817816734,1.9614329005435138e-07
1089,False,1,bathtub,25,sofa,False,0.4191541373729706,1.5555319786071777,1.336533546447754,0.21899843215942383,0.0028770717326551676
1090,False,30,toilet,30,toilet,True,0.6910579204559326,1.0981978178024292,0.7823882102966309,0.31580960750579834,0.003572075627744198
1091,False,27,stool,28,table,False,0.4320094883441925,1.5063796043395996,1.136507511138916,0.3698720932006836,0.004933727439492941
1092,False,5,car,5,car,True,0.9854898452758789,0.0983036607503891,0.08408153802156448,0.014222122728824615,1.3895465599489398e-05
1093,False,14,guitar,14,guitar,True,0.9926281571388245,0.05314574018120766,0.048041269183158875,0.005104470998048782,2.4241617211373523e-06
1094,False,9,desk,9,desk,True,0.8157946467399597,0.6994792222976685,0.6244408488273621,0.0750383734703064,0.0006655033212155104
1095,False,20,piano,20,piano,True,0.7616342306137085,0.8242210149765015,0.6302208304405212,0.19400018453598022,0.002597643993794918
1096,False,28,table,28,table,True,0.7921110987663269,0.6589993238449097,0.5973740220069885,0.06162530183792114,0.0006403326988220215
1097,False,18,night_stand,11,dresser,False,0.6944575309753418,1.0878205299377441,1.0168415307998657,0.07097899913787842,0.0007023157086223364
1098,False,0,airplane,0,airplane,True,0.9968517422676086,0.02736295573413372,0.02172527275979519,0.0056376829743385315,2.0091913484066026e-06
1099,False,0,airplane,0,airplane,True,0.9990032315254211,0.010052265599370003,0.009123347699642181,0.0009289178997278214,4.905165695845426e-08
1100,False,11,dresser,11,dresser,True,0.8029358983039856,0.8810224533081055,0.8102861642837524,0.07073628902435303,0.000348784466041252
1101,False,2,bed,2,bed,True,0.9997900128364563,0.002458349335938692,0.0021406670566648245,0.0003176822792738676,5.990471674266473e-09
1102,False,13,glass_box,13,glass_box,True,0.9950941205024719,0.04176563769578934,0.03536032885313034,0.006405308842658997,2.043068889179267e-06
1103,False,21,plant,21,plant,True,0.8771291971206665,0.564681887626648,0.47095760703086853,0.09372428059577942,0.0005429603043012321
1104,False,0,airplane,0,airplane,True,0.9938068985939026,0.04664556682109833,0.03989281877875328,0.006752748042345047,3.848420419672038e-06
1105,False,14,guitar,14,guitar,True,0.9785203337669373,0.1430721879005432,0.10016998648643494,0.042902201414108276,0.0001217318422277458
1106,False,23,range_hood,23,range_hood,True,0.9601883292198181,0.24390274286270142,0.2032964676618576,0.04060627520084381,0.00020349983242340386
1107,False,5,car,5,car,True,0.9643011093139648,0.2150198519229889,0.16835148632526398,0.046668365597724915,0.00013097308692522347
1108,False,31,tv_stand,31,tv_stand,True,0.6925023794174194,1.2127325534820557,1.0239349603652954,0.18879759311676025,0.0013464409857988358
1109,False,23,range_hood,23,range_hood,True,0.7836427092552185,0.6036112308502197,0.5302625298500061,0.07334870100021362,0.001227331580594182
1110,False,2,bed,2,bed,True,0.9934552907943726,0.044105879962444305,0.031356777995824814,0.012749101966619492,2.5969702619477175e-05
1111,False,18,night_stand,18,night_stand,True,0.969902753829956,0.20494596660137177,0.18265879154205322,0.022287175059318542,2.1474537788890302e-05
1112,False,27,stool,27,stool,True,0.8916528820991516,0.5352862477302551,0.4508071839809418,0.08447906374931335,0.00047390832332894206
1113,False,2,bed,2,bed,True,0.9953243732452393,0.037929099053144455,0.03172982484102249,0.0061992742121219635,3.4690062875597505e-06
1114,False,30,toilet,30,toilet,True,0.9889003038406372,0.07879962027072906,0.057383086532354355,0.02141653373837471,4.2647669033613056e-05
1115,False,25,sofa,25,sofa,True,0.9965144991874695,0.029742825776338577,0.027307013049721718,0.0024358127266168594,4.34938243643046e-07
1116,False,18,night_stand,18,night_stand,True,0.7942957282066345,0.8998892307281494,0.815911054611206,0.08397817611694336,0.00048567308112978935
1117,False,16,mantel,16,mantel,True,0.9913567900657654,0.059448517858982086,0.05014374107122421,0.009304776787757874,9.770277756615542e-06
1118,False,25,sofa,25,sofa,True,0.9374499320983887,0.3026476502418518,0.23525312542915344,0.06739452481269836,0.0005784945678897202
1119,False,5,car,5,car,True,0.9479429721832275,0.2207520753145218,0.16323848068714142,0.05751359462738037,0.0004816461878363043
1120,False,6,chair,3,bench,False,0.30945080518722534,1.676461935043335,1.282366394996643,0.3940955400466919,0.0045308684930205345
1121,False,17,monitor,17,monitor,True,0.9906066060066223,0.07347652316093445,0.06353531032800674,0.009941212832927704,5.5536766012664884e-06
1122,False,16,mantel,16,mantel,True,0.9872809648513794,0.0831163302063942,0.07063359022140503,0.012482739984989166,1.450944364478346e-05
1123,False,0,airplane,0,airplane,True,0.9988308548927307,0.01187169924378395,0.010633593425154686,0.0012381058186292648,8.815048602173192e-08
1124,False,30,toilet,6,chair,False,0.8676996231079102,0.4679306447505951,0.3153965175151825,0.1525341272354126,0.001961539266631007
1125,False,31,tv_stand,31,tv_stand,True,0.5873684883117676,1.4300792217254639,1.2202544212341309,0.209824800491333,0.001796224038116634
1126,False,21,plant,21,plant,True,0.5878980159759521,1.2484554052352905,1.0343618392944336,0.21409356594085693,0.002375562209635973
1127,False,27,stool,27,stool,True,0.963942289352417,0.2374686300754547,0.19670253992080688,0.04076609015464783,8.867879660101607e-05
1128,False,30,toilet,30,toilet,True,0.9934841394424438,0.04809008911252022,0.039412401616573334,0.008677687495946884,9.958910595742054e-06
1129,False,17,monitor,17,monitor,True,0.9930267333984375,0.05232812464237213,0.04559284821152687,0.006735276430845261,2.9144368909328477e-06
1130,False,31,tv_stand,31,tv_stand,True,0.9278064370155334,0.36468005180358887,0.3018163740634918,0.06286367774009705,0.00020996725652366877
1131,False,6,chair,6,chair,True,0.9996203780174255,0.003766316920518875,0.003329755272716284,0.0004365616478025913,2.8860364764682345e-08
1132,False,29,tent,29,tent,True,0.4424787163734436,1.6181318759918213,1.2466764450073242,0.37145543098449707,0.004304422065615654
1133,False,29,tent,29,tent,True,0.874009370803833,0.4621855318546295,0.3602543771266937,0.10193115472793579,0.0011471171164885163
1134,False,28,table,28,table,True,0.8964081406593323,0.41638094186782837,0.3347364366054535,0.08164450526237488,0.0007344433106482029
1135,False,25,sofa,25,sofa,True,0.9992078542709351,0.007887955754995346,0.006615789607167244,0.0012721661478281021,9.634752018428117e-08
1136,False,9,desk,28,table,False,0.6545984745025635,1.0338811874389648,0.9234701991081238,0.11041098833084106,0.0012265929253771901
1137,False,3,bench,3,bench,True,0.9610921740531921,0.2150934934616089,0.18821144104003906,0.026882052421569824,8.89137591002509e-05
1138,False,33,wardrobe,22,radio,False,0.1442091017961502,2.4202609062194824,2.180912494659424,0.2393484115600586,0.0014354487648233771
1139,False,24,sink,16,mantel,False,0.866715669631958,0.6562354564666748,0.5633947253227234,0.09284073114395142,0.0004073206800967455
1140,False,21,plant,21,plant,True,0.8157067894935608,0.7595906257629395,0.6578525900840759,0.10173803567886353,0.0006245708791539073
1141,False,24,sink,6,chair,False,0.5510334372520447,1.2658510208129883,1.0116214752197266,0.2542295455932617,0.0034787743352353573
1142,False,4,bookshelf,4,bookshelf,True,0.8790403008460999,0.5892655849456787,0.5487708449363708,0.04049474000930786,0.00015478134446311742
1143,False,28,table,28,table,True,0.9347872734069824,0.3125849664211273,0.28130531311035156,0.03127965331077576,0.00014891552564222366
1144,False,32,vase,32,vase,True,0.9383226633071899,0.27393555641174316,0.2504320740699768,0.023503482341766357,0.00010359955194871873
1145,False,14,guitar,14,guitar,True,0.9959269762039185,0.032693568617105484,0.02976893074810505,0.002924637869000435,8.800940349829034e-07
1146,False,4,bookshelf,31,tv_stand,False,0.713632345199585,0.8057487607002258,0.6795188188552856,0.12622994184494019,0.00180235190782696
1147,False,24,sink,24,sink,True,0.41240304708480835,1.6329596042633057,1.4350570440292358,0.19790256023406982,0.0023036720231175423
1148,False,4,bookshelf,4,bookshelf,True,0.9219337701797485,0.3363521099090576,0.2994776964187622,0.03687441349029541,0.00021888126502744853
1149,False,0,airplane,0,airplane,True,0.9920011758804321,0.060663722455501556,0.04120703786611557,0.019456684589385986,3.90680470445659e-05
1150,False,20,piano,20,piano,True,0.9454192519187927,0.32823890447616577,0.2727402448654175,0.05549865961074829,0.00012767882435582578
1151,False,25,sofa,25,sofa,True,0.9991475939750671,0.008786067366600037,0.00797331053763628,0.0008127568289637566,4.058900060499582e-08
1152,False,2,bed,2,bed,True,0.9982187151908875,0.01649794727563858,0.013532781973481178,0.002965165302157402,5.765458013229363e-07
1153,False,4,bookshelf,4,bookshelf,True,0.9418250918388367,0.2522643804550171,0.22664354741573334,0.025620833039283752,0.0001371701218886301
1154,False,8,curtain,8,curtain,True,0.7836415767669678,0.878171443939209,0.7793046236038208,0.09886682033538818,0.0005727834068238735
1155,False,30,toilet,30,toilet,True,0.9983492493629456,0.016410844400525093,0.013683751225471497,0.0027270931750535965,5.109395715408027e-07
1156,False,14,guitar,14,guitar,True,0.9859933257102966,0.09327762573957443,0.08146624267101288,0.011811383068561554,1.1952319255215116e-05
1157,False,1,bathtub,9,desk,False,0.31831493973731995,1.9159311056137085,1.498206377029419,0.41772472858428955,0.004272707737982273
1158,False,30,toilet,30,toilet,True,0.7136951088905334,0.9530712962150574,0.7047088742256165,0.24836242198944092,0.002871386706829071
1159,False,31,tv_stand,31,tv_stand,True,0.4714728593826294,1.7209432125091553,1.5324140787124634,0.1885291337966919,0.0015025300672277808
1160,False,25,sofa,25,sofa,True,0.9990658164024353,0.00883031077682972,0.007953074760735035,0.0008772360160946846,6.934625673693517e-08
1161,False,15,lamp,12,flower_pot,False,0.3754535913467407,1.4176530838012695,1.2005356550216675,0.21711742877960205,0.0030454921070486307
1162,False,2,bed,2,bed,True,0.9991788268089294,0.008294717408716679,0.00743787782266736,0.0008568395860493183,4.162240330174427e-08
1163,False,30,toilet,30,toilet,True,0.9774414300918579,0.12268662452697754,0.08033444732427597,0.04235217720270157,0.00020959471294190735
1164,False,24,sink,24,sink,True,0.784057080745697,0.8763214349746704,0.6768050193786621,0.1995164155960083,0.0020756337326020002
1165,False,9,desk,9,desk,True,0.8947901129722595,0.4268116354942322,0.3153037130832672,0.11150792241096497,0.0009931528475135565
1166,False,32,vase,32,vase,True,0.8563992977142334,0.5887302756309509,0.5336109399795532,0.055119335651397705,0.00022959368652664125
1167,False,9,desk,9,desk,True,0.9957165122032166,0.03317471221089363,0.027767572551965714,0.0054071396589279175,2.4431105885014404e-06
1168,False,18,night_stand,18,night_stand,True,0.5326501727104187,1.5927467346191406,1.4699989557266235,0.12274777889251709,0.0009500624146312475
1169,False,20,piano,21,plant,False,0.6378042101860046,1.278754711151123,1.1384401321411133,0.14031457901000977,0.0010417723096907139
1170,False,4,bookshelf,4,bookshelf,True,0.6861510276794434,1.2268977165222168,0.9378246068954468,0.28907310962677,0.0028584215324372053
1171,False,21,plant,21,plant,True,0.8735772967338562,0.43867480754852295,0.41147419810295105,0.0272006094455719,0.00022799165162723511
1172,False,31,tv_stand,31,tv_stand,True,0.8334874510765076,0.5827697515487671,0.4767143428325653,0.10605540871620178,0.0012538948794826865
1173,False,34,xbox,34,xbox,True,0.48769253492355347,1.0420093536376953,0.8984100818634033,0.143599271774292,0.002537992550060153
1174,False,18,night_stand,31,tv_stand,False,0.5544554591178894,1.4060027599334717,1.2327055931091309,0.17329716682434082,0.0017536397790536284
1175,False,13,glass_box,13,glass_box,True,0.9544471502304077,0.27209827303886414,0.21042774617671967,0.06167052686214447,0.00022414885461330414
1176,False,2,bed,2,bed,True,0.9975026249885559,0.020314890891313553,0.016149170696735382,0.004165720194578171,1.7595036752027227e-06
1177,False,6,chair,6,chair,True,0.9996906518936157,0.0034574740566313267,0.0028791797813028097,0.000578294275328517,1.807901739425688e-08
1178,False,4,bookshelf,4,bookshelf,True,0.9307746291160583,0.3675515651702881,0.3345302641391754,0.03302130103111267,0.00012153849093010649
1179,False,17,monitor,17,monitor,True,0.9925420880317688,0.054101765155792236,0.0443207249045372,0.009781040251255035,8.717653145140503e-06
1180,False,5,car,5,car,True,0.9958059787750244,0.03521659970283508,0.02690882235765457,0.008307777345180511,5.630681698676199e-06
1181,False,30,toilet,30,toilet,True,0.9991706013679504,0.008624120615422726,0.00765612069517374,0.0009679999202489853,4.571502998373944e-08
1182,False,9,desk,9,desk,True,0.9534493684768677,0.266408771276474,0.23813293874263763,0.028275832533836365,7.263137376867235e-05
1183,False,19,person,19,person,True,0.6904079914093018,1.1549911499023438,0.9722720980644226,0.18271905183792114,0.0016634960193186998
1184,False,11,dresser,18,night_stand,False,0.5111250281333923,1.2095379829406738,1.1296132802963257,0.07992470264434814,0.0009980419417843223
1185,False,25,sofa,25,sofa,True,0.9669638872146606,0.1957518756389618,0.13597477972507477,0.059777095913887024,0.0002724312653299421
1186,False,22,radio,22,radio,True,0.5841522812843323,1.1117514371871948,0.8644733428955078,0.247278094291687,0.003949167672544718
1187,False,21,plant,19,person,False,0.37198522686958313,1.5550644397735596,1.142127513885498,0.4129369258880615,0.005570352077484131
1188,False,9,desk,9,desk,True,0.9859792590141296,0.09097962081432343,0.06997710466384888,0.02100251615047455,3.430445212870836e-05
1189,False,11,dresser,11,dresser,True,0.9016861319541931,0.5146573781967163,0.4424789845943451,0.07217839360237122,0.0003122033958788961
1190,False,17,monitor,17,monitor,True,0.5719553828239441,1.5866751670837402,1.2744783163070679,0.31219685077667236,0.0031060236506164074
1191,False,2,bed,2,bed,True,0.791964590549469,0.8717877864837646,0.7534289360046387,0.11835885047912598,0.0008478455129079521
1192,False,25,sofa,25,sofa,True,0.9967007040977478,0.026617780327796936,0.023960469290614128,0.002657311037182808,7.632214646946522e-07
1193,False,27,stool,27,stool,True,0.8655548691749573,0.6264410614967346,0.5159295201301575,0.11051154136657715,0.0006883720052428544
1194,False,17,monitor,17,monitor,True,0.8462809920310974,0.7807634472846985,0.6446366310119629,0.1361268162727356,0.0008199862204492092
1195,False,29,tent,29,tent,True,0.8870462775230408,0.5110292434692383,0.42213112115859985,0.08889812231063843,0.0007255325326696038
1196,False,20,piano,20,piano,True,0.31186234951019287,2.016338348388672,1.7806776762008667,0.23566067218780518,0.0022842343896627426
1197,False,3,bench,34,xbox,False,0.17457327246665955,2.4917142391204834,2.0603766441345215,0.4313375949859619,0.0026974163483828306
1198,False,23,range_hood,26,stairs,False,0.33889445662498474,2.0843138694763184,1.8122843503952026,0.2720295190811157,0.0023605141323059797
1199,False,33,wardrobe,33,wardrobe,True,0.6332823038101196,1.0981292724609375,1.0024330615997314,0.09569621086120605,0.000857554201502353
1200,False,4,bookshelf,4,bookshelf,True,0.8265219926834106,0.5040619373321533,0.4314320385456085,0.0726298987865448,0.0012100546155124903
1201,False,2,bed,2,bed,True,0.9566207528114319,0.2662403881549835,0.23128506541252136,0.03495532274246216,7.497823389712721e-05
1202,False,4,bookshelf,4,bookshelf,True,0.9381909966468811,0.2867986559867859,0.24391625821590424,0.04288239777088165,0.00028220535023137927
1203,False,5,car,5,car,True,0.6937214732170105,0.8562837839126587,0.6395934820175171,0.2166903018951416,0.0036918262485414743
1204,False,4,bookshelf,4,bookshelf,True,0.992132306098938,0.05830118805170059,0.04853668808937073,0.009764499962329865,7.859712241042871e-06
1205,False,2,bed,2,bed,True,0.9994412660598755,0.006002341862767935,0.005459886509925127,0.0005424553528428078,1.8531808976263164e-08
1206,False,32,vase,32,vase,True,0.8657636046409607,0.5546810030937195,0.4807598292827606,0.07392117381095886,0.00029445570544339716
1207,False,31,tv_stand,31,tv_stand,True,0.9065398573875427,0.4123905301094055,0.33730560541152954,0.07508492469787598,0.0006618454353883862
1208,False,13,glass_box,13,glass_box,True,0.9970558285713196,0.025907987728714943,0.021817777305841446,0.004090210422873497,1.3848476783095975e-06
1209,False,14,guitar,14,guitar,True,0.7229790687561035,0.9230432510375977,0.7465028166770935,0.17654043436050415,0.0022864993661642075
1210,False,15,lamp,15,lamp,True,0.44334328174591064,1.5097254514694214,1.10446035861969,0.40526509284973145,0.0050897314213216305
1211,False,31,tv_stand,31,tv_stand,True,0.3433775007724762,1.793312668800354,1.387976884841919,0.40533578395843506,0.004188211169093847
1212,False,30,toilet,30,toilet,True,0.9975297451019287,0.02284909598529339,0.019961407408118248,0.0028876885771751404,4.130470756535942e-07
1213,False,8,curtain,8,curtain,True,0.8599717617034912,0.5523020029067993,0.45921382308006287,0.09308817982673645,0.0008234304841607809
1214,False,11,dresser,11,dresser,True,0.6330320239067078,1.27335524559021,1.1886296272277832,0.08472561836242676,0.0007438990869559348
1215,False,6,chair,6,chair,True,0.9956408143043518,0.03694982826709747,0.02663840726017952,0.010311421006917953,1.0360157830291428e-05
1216,False,20,piano,20,piano,True,0.9841073155403137,0.12085529416799545,0.10057257115840912,0.020282723009586334,2.2064914446673356e-05
1217,False,20,piano,20,piano,True,0.7431085109710693,1.078077793121338,0.9274691343307495,0.15060865879058838,0.0016148823779076338
1218,False,14,guitar,14,guitar,True,0.9802203178405762,0.1197977289557457,0.09632052481174469,0.023477204144001007,4.828907549381256e-05
1219,False,23,range_hood,23,range_hood,True,0.6296799778938293,0.7513684034347534,0.6887028813362122,0.06266552209854126,0.001332566374912858
1220,False,0,airplane,0,airplane,True,0.7875285744667053,0.9351774454116821,0.777341365814209,0.15783607959747314,0.0013952706940472126
1221,False,25,sofa,25,sofa,True,0.9704782962799072,0.15925845503807068,0.1410721242427826,0.018186330795288086,4.3025218474213034e-05
1222,False,2,bed,2,bed,True,0.9991121888160706,0.0088188536465168,0.0074212695471942425,0.0013975840993225574,1.3485738747931464e-07
1223,False,20,piano,20,piano,True,0.9987497925758362,0.01240761112421751,0.010859168134629726,0.0015484429895877838,1.7310273392467934e-07
1224,False,7,cone,7,cone,True,0.9238774180412292,0.3094291687011719,0.2665822505950928,0.0428469181060791,0.00032057653879746795
1225,False,14,guitar,14,guitar,True,0.9834617376327515,0.11264431476593018,0.09379113465547562,0.01885318011045456,2.2539470592164434e-05
1226,False,11,dresser,11,dresser,True,0.7660150527954102,0.7894282341003418,0.728605329990387,0.060822904109954834,0.0005832972819916904
1227,False,11,dresser,18,night_stand,False,0.5149064660072327,1.1891796588897705,1.1225088834762573,0.06667077541351318,0.0009204736561514437
1228,False,11,dresser,11,dresser,True,0.7830788493156433,0.925622820854187,0.8642035722732544,0.06141924858093262,0.0003305591526441276
1229,False,4,bookshelf,4,bookshelf,True,0.8995077610015869,0.4090307056903839,0.34046652913093567,0.06856417655944824,0.0006396264652721584
1230,False,14,guitar,14,guitar,True,0.9931057691574097,0.05558224022388458,0.044342078268527985,0.011240161955356598,6.980977104831254e-06
1231,False,31,tv_stand,4,bookshelf,False,0.8430776596069336,0.5754330158233643,0.5182039141654968,0.05722910165786743,0.00047561165411025286
1232,False,5,car,5,car,True,0.45359137654304504,1.5357136726379395,1.1249788999557495,0.41073477268218994,0.004967999178916216
1233,False,31,tv_stand,31,tv_stand,True,0.3609829843044281,2.0493741035461426,1.813245177268982,0.23612892627716064,0.0018497492419555783
1234,False,25,sofa,25,sofa,True,0.9962829351425171,0.03121805563569069,0.026819806545972824,0.004398249089717865,1.564846456858504e-06
1235,False,1,bathtub,1,bathtub,True,0.977222204208374,0.15579275786876678,0.13779984414577484,0.017992913722991943,1.983348556677811e-05
1236,False,23,range_hood,23,range_hood,True,0.8789573311805725,0.5692245364189148,0.47983884811401367,0.08938568830490112,0.0005854276241734624
1237,False,2,bed,2,bed,True,0.9897196292877197,0.06966733187437057,0.0548175610601902,0.014849770814180374,1.6960380889941007e-05
1238,False,32,vase,32,vase,True,0.9095175862312317,0.33710405230522156,0.3201380968093872,0.01696595549583435,0.00011597754928516224
1239,False,2,bed,2,bed,True,0.9965940713882446,0.030432721599936485,0.027096059173345566,0.0033366624265909195,6.965380521251063e-07
1240,False,0,airplane,0,airplane,True,0.9829555153846741,0.10466264933347702,0.08744838833808899,0.01721426099538803,3.797246972681023e-05
1241,False,20,piano,20,piano,True,0.9579262733459473,0.23396894335746765,0.17553070187568665,0.058438241481781006,0.00016334941028617322
1242,False,30,toilet,30,toilet,True,0.9975136518478394,0.023799553513526917,0.01987600140273571,0.003923552110791206,1.2700329534709454e-06
1243,False,0,airplane,0,airplane,True,0.9957666397094727,0.03669331222772598,0.028383569791913033,0.00830974243581295,4.652196821552934e-06
1244,False,5,car,5,car,True,0.9509191513061523,0.2861019968986511,0.22037887573242188,0.06572312116622925,0.0003914930275641382
1245,False,11,dresser,11,dresser,True,0.7841818928718567,0.736851692199707,0.6694057583808899,0.06744593381881714,0.0006295621278695762
1246,False,20,piano,20,piano,True,0.5801480412483215,1.5937719345092773,1.4045380353927612,0.1892338991165161,0.0017407790292054415
1247,False,16,mantel,16,mantel,True,0.9751895070075989,0.13380885124206543,0.11695224791765213,0.0168566033244133,3.591056156437844e-05
1248,False,4,bookshelf,4,bookshelf,True,0.9103510975837708,0.3325482904911041,0.29501187801361084,0.037536412477493286,0.0003440277941990644
1249,False,6,chair,6,chair,True,0.883930504322052,0.6108245849609375,0.4646977484226227,0.14612683653831482,0.00089089764514938
1250,False,11,dresser,11,dresser,True,0.45478710532188416,1.7167004346847534,1.5188565254211426,0.19784390926361084,0.0018282863311469555
1251,False,0,airplane,0,airplane,True,0.9948807954788208,0.03890654817223549,0.03105752542614937,0.00784902274608612,6.094533546274761e-06
1252,False,17,monitor,17,monitor,True,0.9935269355773926,0.05323193222284317,0.045338429510593414,0.007893502712249756,3.1203555863612564e-06
1253,False,13,glass_box,13,glass_box,True,0.9575979113578796,0.26013311743736267,0.21965596079826355,0.04047715663909912,0.00011597601405810565
1254,False,22,radio,31,tv_stand,False,0.6427867412567139,1.4082961082458496,1.1725223064422607,0.23577380180358887,0.0017194126266986132
1255,False,17,monitor,11,dresser,False,0.45212626457214355,1.548624038696289,1.2999334335327148,0.24869060516357422,0.0029109083116054535
1256,False,31,tv_stand,31,tv_stand,True,0.5925785899162292,1.4839513301849365,1.3276749849319458,0.15627634525299072,0.0011911590117961168
1257,False,0,airplane,0,airplane,True,0.9791286587715149,0.12697386741638184,0.08199497312307358,0.04497889429330826,0.00022471744159702212
1258,False,20,piano,20,piano,True,0.9313068389892578,0.36264756321907043,0.2605201005935669,0.10212746262550354,0.0006706958520226181
1259,False,13,glass_box,13,glass_box,True,0.6642388105392456,1.131534457206726,1.035204529762268,0.09632992744445801,0.0010675718076527119
1260,False,16,mantel,16,mantel,True,0.9928606152534485,0.05574917048215866,0.046056583523750305,0.009692586958408356,5.866037554369541e-06
1261,False,16,mantel,16,mantel,True,0.9859985709190369,0.1044919490814209,0.09099798649549484,0.013493962585926056,1.2088262337783817e-05
1262,False,21,plant,31,tv_stand,False,0.4897458553314209,1.5570744276046753,1.306044578552246,0.2510298490524292,0.0029175984673202038
1263,False,1,bathtub,1,bathtub,True,0.9923766851425171,0.05570994317531586,0.04817581921815872,0.007534123957157135,3.5358755212655524e-06
1264,False,6,chair,6,chair,True,0.9982196092605591,0.017111442983150482,0.014974036253988743,0.0021374067291617393,3.8402833979489515e-07
1265,False,6,chair,6,chair,True,0.9971935749053955,0.02381345070898533,0.021429017186164856,0.0023844335228204727,4.803486604032514e-07
1266,False,32,vase,32,vase,True,0.24997496604919434,2.1787660121917725,1.9126871824264526,0.2660788297653198,0.0019251123303547502
1267,False,31,tv_stand,11,dresser,False,0.7661278247833252,0.954086184501648,0.8472098708152771,0.10687631368637085,0.0008070681942626834
1268,False,4,bookshelf,4,bookshelf,True,0.6952270865440369,1.3088433742523193,1.0142700672149658,0.2945733070373535,0.0023034994956105947
1269,False,22,radio,22,radio,True,0.8569929599761963,0.5957369208335876,0.4261645972728729,0.16957232356071472,0.0014846912818029523
1270,False,16,mantel,28,table,False,0.3106004297733307,2.2610976696014404,2.0033164024353027,0.2577812671661377,0.0016489129047840834
1271,False,25,sofa,25,sofa,True,0.6072676181793213,1.3135907649993896,1.0746151208877563,0.2389756441116333,0.003004048252478242
1272,False,3,bench,25,sofa,False,0.5352310538291931,0.7896292209625244,0.6285326480865479,0.16109657287597656,0.0037853019312024117
1273,False,5,car,24,sink,False,0.41396328806877136,1.428044080734253,1.0114359855651855,0.4166080951690674,0.006128978915512562
1274,False,15,lamp,15,lamp,True,0.9956743717193604,0.03559216111898422,0.028181394562125206,0.007410766556859016,5.082232291897526e-06
1275,False,14,guitar,14,guitar,True,0.9894466400146484,0.07980240881443024,0.05898639187216759,0.02081601694226265,2.965217390737962e-05
1276,False,20,piano,20,piano,True,0.7745952010154724,1.002507209777832,0.8627631068229675,0.1397441029548645,0.001180592691525817
1277,False,32,vase,32,vase,True,0.9515512585639954,0.23700231313705444,0.208403080701828,0.02859923243522644,7.546559209004045e-05
1278,False,28,table,28,table,True,0.8733400106430054,0.5066321492195129,0.4440305829048157,0.06260156631469727,0.0005304049118421972
1279,False,20,piano,20,piano,True,0.5116848945617676,1.5169470310211182,1.0734219551086426,0.4435250759124756,0.005830247886478901
1280,False,2,bed,2,bed,True,0.99880051612854,0.011937472969293594,0.01022152416408062,0.0017159488052129745,1.4448825425006362e-07
1281,False,25,sofa,25,sofa,True,0.9478908777236938,0.2796238660812378,0.2438289076089859,0.03579495847225189,0.00011484445712994784
1282,False,5,car,5,car,True,0.9970836043357849,0.026211997494101524,0.02179943025112152,0.004412567242980003,1.136643504651147e-06
1283,False,18,night_stand,11,dresser,False,0.44638100266456604,1.6101915836334229,1.486057162284851,0.12413442134857178,0.0008044086280278862
1284,False,34,xbox,17,monitor,False,0.8608866930007935,0.6236317157745361,0.5245106220245361,0.09912109375,0.0009139390895143151
1285,False,30,toilet,30,toilet,True,0.8571439981460571,0.4716714024543762,0.38420233130455017,0.08746907114982605,0.0011102750431746244
1286,False,15,lamp,15,lamp,True,0.9248828291893005,0.2827984094619751,0.21815143525600433,0.06464697420597076,0.0006502136238850653
1287,False,20,piano,20,piano,True,0.599113941192627,1.38623046875,0.923824667930603,0.462405800819397,0.005296860821545124
1288,False,18,night_stand,11,dresser,False,0.44158753752708435,1.923965573310852,1.6689496040344238,0.2550159692764282,0.0021593442652374506
1289,False,7,cone,7,cone,True,0.9829984307289124,0.1076866090297699,0.08433251827955246,0.023354090750217438,5.3630603360943496e-05
1290,False,23,range_hood,23,range_hood,True,0.8923670649528503,0.45305564999580383,0.3713616132736206,0.08169403672218323,0.000621711544226855
1291,False,5,car,5,car,True,0.9615939855575562,0.18259456753730774,0.12283045798540115,0.059764109551906586,0.00045140093425288796
1292,False,9,desk,9,desk,True,0.8850691318511963,0.5490164160728455,0.39185160398483276,0.1571648120880127,0.001385409734211862
1293,False,13,glass_box,11,dresser,False,0.33242884278297424,1.582005262374878,1.458785057067871,0.12322020530700684,0.0013244483852759004
1294,False,32,vase,32,vase,True,0.3986813426017761,1.2454240322113037,1.066362738609314,0.17906129360198975,0.0028061082120984793
1295,False,9,desk,9,desk,True,0.31132522225379944,1.5664182901382446,1.2620598077774048,0.30435848236083984,0.003848426276817918
1296,False,31,tv_stand,4,bookshelf,False,0.5659765005111694,0.8981443643569946,0.7130197286605835,0.18512463569641113,0.003813397139310837
1297,False,14,guitar,14,guitar,True,0.982802152633667,0.11133541166782379,0.08501686155796051,0.02631855010986328,4.846276351599954e-05
1298,False,30,toilet,30,toilet,True,0.9895601272583008,0.08176063746213913,0.06563249230384827,0.016128145158290863,1.6219992176047526e-05
1299,False,14,guitar,14,guitar,True,0.9813287854194641,0.1320064514875412,0.1106836274266243,0.0213228240609169,2.206655881309416e-05
1300,False,18,night_stand,28,table,False,0.5473392605781555,0.9287828207015991,0.757530152797699,0.17125266790390015,0.003222953760996461
1301,False,4,bookshelf,4,bookshelf,True,0.9385868906974792,0.2994774580001831,0.27312755584716797,0.026349902153015137,0.00010511706204852089
1302,False,9,desk,9,desk,True,0.8818153142929077,0.5687033534049988,0.49656978249549866,0.07213357090950012,0.00043213777826167643
1303,False,16,mantel,16,mantel,True,0.8716632723808289,0.6116246581077576,0.48352858424186707,0.1280960738658905,0.0010566356359049678
1304,False,20,piano,20,piano,True,0.9593195915222168,0.22770461440086365,0.19713929295539856,0.030565321445465088,9.190785931423306e-05
1305,False,8,curtain,10,door,False,0.5847736597061157,1.371631145477295,1.0811039209365845,0.29052722454071045,0.0032244231551885605
1306,False,9,desk,9,desk,True,0.5090768933296204,0.9568924903869629,0.6139811277389526,0.34291136264801025,0.0063809482380747795
1307,False,17,monitor,17,monitor,True,0.9707551002502441,0.17800258100032806,0.15017126500606537,0.027831315994262695,6.34776588412933e-05
1308,False,1,bathtub,1,bathtub,True,0.9960112571716309,0.034890156239271164,0.03092002682387829,0.003970129415392876,8.313875241583446e-07
1309,False,31,tv_stand,18,night_stand,False,0.5662296414375305,1.373530387878418,1.1958342790603638,0.1776961088180542,0.0018696635961532593
1310,False,13,glass_box,13,glass_box,True,0.9973073601722717,0.02393658645451069,0.02121790125966072,0.002718685194849968,5.332570367500011e-07
1311,False,32,vase,32,vase,True,0.9202174544334412,0.3664308786392212,0.33938848972320557,0.027042388916015625,0.00010391454270575196
1312,False,6,chair,6,chair,True,0.9872039556503296,0.0906514897942543,0.08176320791244507,0.008888281881809235,7.637192538823001e-06
1313,False,8,curtain,17,monitor,False,0.4200967252254486,1.48062002658844,1.217678427696228,0.2629415988922119,0.0031792994122952223
1314,False,4,bookshelf,4,bookshelf,True,0.9067566394805908,0.4194433093070984,0.352848619222641,0.0665946900844574,0.0005230666138231754
1315,False,20,piano,20,piano,True,0.9962719082832336,0.03363672271370888,0.027472304180264473,0.006164418533444405,1.5562404769298155e-06
1316,False,4,bookshelf,10,door,False,0.5499281883239746,1.3127896785736084,1.1269928216934204,0.185796856880188,0.0018293651519343257
1317,False,11,dresser,11,dresser,True,0.8156651854515076,0.833011269569397,0.7227040529251099,0.11030721664428711,0.0008005457348190248
1318,False,2,bed,2,bed,True,0.9989215135574341,0.010322881862521172,0.008021518588066101,0.0023013632744550705,5.067319648333068e-07
1319,False,19,person,0,airplane,False,0.5155045986175537,1.4263739585876465,0.8883339166641235,0.538040041923523,0.006981023121625185
1320,False,24,sink,21,plant,False,0.1908978372812271,2.354412078857422,1.9274874925613403,0.42692458629608154,0.0028004783671349287
1321,False,28,table,3,bench,False,0.544692873954773,0.8256672620773315,0.7322064638137817,0.0934607982635498,0.002029791474342346
1322,False,23,range_hood,23,range_hood,True,0.9667177200317383,0.16981486976146698,0.14711876213550568,0.022696107625961304,8.571348735131323e-05
1323,False,5,car,5,car,True,0.9954314827919006,0.03699856251478195,0.030007610097527504,0.006990952417254448,5.154005066287937e-06
1324,False,21,plant,21,plant,True,0.36350518465042114,1.8081283569335938,1.4297165870666504,0.37841176986694336,0.004144754726439714
1325,False,32,vase,32,vase,True,0.8977325558662415,0.3465844988822937,0.3227521479129791,0.023832350969314575,0.0002780561917461455
1326,False,29,tent,29,tent,True,0.9285998344421387,0.41433632373809814,0.3325400948524475,0.08179622888565063,0.0002698874450288713
1327,False,6,chair,6,chair,True,0.9942150712013245,0.046516530215740204,0.041353486478328705,0.005163043737411499,2.1245484731480246e-06
1328,False,9,desk,9,desk,True,0.9823034405708313,0.11539173126220703,0.0935719758272171,0.02181975543498993,3.053823093068786e-05
1329,False,14,guitar,14,guitar,True,0.9939525127410889,0.04815936088562012,0.040879689157009125,0.007279671728610992,4.104477739019785e-06
1330,False,6,chair,6,chair,True,0.7256858348846436,0.9078757762908936,0.5958220362663269,0.31205374002456665,0.004594672471284866
1331,False,28,table,9,desk,False,0.44327712059020996,1.2414062023162842,0.9645301699638367,0.2768760323524475,0.004046375397592783
1332,False,32,vase,32,vase,True,0.9308463335037231,0.32177603244781494,0.278107225894928,0.04366880655288696,0.0002022720145760104
1333,False,14,guitar,14,guitar,True,0.9924994111061096,0.05840856954455376,0.04408000409603119,0.014328565448522568,1.5297928257496096e-05
1334,False,28,table,28,table,True,0.9608780145645142,0.19819995760917664,0.17320771515369415,0.024992242455482483,9.11135648493655e-05
1335,False,1,bathtub,1,bathtub,True,0.9905791282653809,0.07383830100297928,0.05661309137940407,0.01722520962357521,2.618802864162717e-05
1336,False,33,wardrobe,33,wardrobe,True,0.6746514439582825,1.1942341327667236,1.0533088445663452,0.14092528820037842,0.0010083320084959269
1337,False,21,plant,21,plant,True,0.727149486541748,0.7105656862258911,0.6331384181976318,0.07742726802825928,0.0011855505872517824
1338,False,2,bed,2,bed,True,0.9970184564590454,0.02586255967617035,0.022817382588982582,0.003045177087187767,8.237080919570872e-07
1339,False,21,plant,21,plant,True,0.6560787558555603,0.8364968299865723,0.781792163848877,0.05470466613769531,0.0008731569396331906
1340,False,4,bookshelf,4,bookshelf,True,0.9724109172821045,0.16883790493011475,0.14687040448188782,0.02196750044822693,4.149353480897844e-05
1341,False,16,mantel,16,mantel,True,0.9928244948387146,0.050686340779066086,0.039669737219810486,0.0110166035592556,1.8649903722689487e-05
1342,False,0,airplane,0,airplane,True,0.6182411909103394,1.5029246807098389,1.280979871749878,0.22194480895996094,0.002342985710129142
1343,False,20,piano,20,piano,True,0.9315919876098633,0.3932713568210602,0.30887848138809204,0.08439287543296814,0.000338241079589352
1344,False,31,tv_stand,31,tv_stand,True,0.7512174844741821,0.65349942445755,0.5763593912124634,0.07714003324508667,0.0012623697984963655
1345,False,32,vase,32,vase,True,0.5945031642913818,1.1637002229690552,1.0055150985717773,0.15818512439727783,0.0016923209186643362
1346,False,30,toilet,30,toilet,True,0.9760147333145142,0.16014553606510162,0.13360628485679626,0.02653925120830536,4.415526200318709e-05
1347,False,4,bookshelf,4,bookshelf,True,0.971558153629303,0.1637498438358307,0.15226654708385468,0.011483296751976013,1.9373193936189637e-05
1348,False,18,night_stand,18,night_stand,True,0.5808590054512024,1.2448890209197998,1.1121809482574463,0.13270807266235352,0.001083609415218234
1349,False,2,bed,2,bed,True,0.999132513999939,0.00863504596054554,0.0074271950870752335,0.0012078508734703064,6.451234213500356e-08
1350,False,14,guitar,26,stairs,False,0.9143492579460144,0.44963428378105164,0.3576441705226898,0.09199011325836182,0.00031896872678771615
1351,False,28,table,28,table,True,0.5376906394958496,0.8487908840179443,0.7511592507362366,0.09763163328170776,0.002081748330965638
1352,False,5,car,5,car,True,0.96795254945755,0.21358588337898254,0.17945443093776703,0.034131452441215515,9.77017407421954e-05
1353,False,11,dresser,11,dresser,True,0.7857650518417358,0.798552393913269,0.7294197678565979,0.06913262605667114,0.0006696354248560965
1354,False,9,desk,9,desk,True,0.9487130045890808,0.27481910586357117,0.2247210294008255,0.050098076462745667,0.00023121293634176254
1355,False,5,car,5,car,True,0.9803155064582825,0.13973736763000488,0.11103987693786621,0.028697490692138672,4.1980016248999164e-05
1356,False,31,tv_stand,31,tv_stand,True,0.9289456009864807,0.347042977809906,0.2656218111515045,0.08142116665840149,0.0004269212076906115
1357,False,18,night_stand,13,glass_box,False,0.45133790373802185,1.313446044921875,1.224877119064331,0.08856892585754395,0.0011093340581282973
1358,False,4,bookshelf,4,bookshelf,True,0.9923661947250366,0.05947291851043701,0.05308956280350685,0.0063833557069301605,2.203561507485574e-06
1359,False,18,night_stand,28,table,False,0.9473610520362854,0.2881753444671631,0.24573010206222534,0.042445242404937744,0.0001702015142655
1360,False,6,chair,6,chair,True,0.998589813709259,0.012310106307268143,0.00956933293491602,0.0027407733723521233,7.994801762833958e-07
1361,False,16,mantel,16,mantel,True,0.9887745380401611,0.08065879344940186,0.07207925617694855,0.008579537272453308,6.0340662457747385e-06
1362,False,20,piano,20,piano,True,0.6463760733604431,1.2573578357696533,1.0264570713043213,0.23090076446533203,0.002681300276890397
1363,False,18,night_stand,18,night_stand,True,0.8003381490707397,0.7800309062004089,0.691870927810669,0.08815997838973999,0.0009264982072636485
1364,False,2,bed,2,bed,True,0.9576199650764465,0.23031452298164368,0.2071727067232132,0.02314181625843048,7.471536810044199e-05
1365,False,8,curtain,8,curtain,True,0.4197307825088501,1.2682042121887207,1.0534225702285767,0.21478164196014404,0.003261722857132554
1366,False,21,plant,21,plant,True,0.6043898463249207,1.1382842063903809,0.953648030757904,0.1846361756324768,0.0025711467023938894
1367,False,1,bathtub,1,bathtub,True,0.9716972708702087,0.18189096450805664,0.1602107584476471,0.021680206060409546,2.5958099286071956e-05
1368,False,0,airplane,0,airplane,True,0.9951856732368469,0.040737003087997437,0.028081700205802917,0.012655302882194519,1.3884710824640933e-05
1369,False,21,plant,21,plant,True,0.9041131138801575,0.48841702938079834,0.42884179949760437,0.05957522988319397,0.0002384725958108902
1370,False,6,chair,6,chair,True,0.9947288036346436,0.04354051128029823,0.03983483090996742,0.0037056803703308105,1.1195380693607149e-06
1371,False,6,chair,6,chair,True,0.9993838667869568,0.006492323242127895,0.0056381565518677235,0.0008541666902601719,3.588477071048146e-08
1372,False,2,bed,2,bed,True,0.9993337988853455,0.006688058376312256,0.005648918449878693,0.0010391399264335632,6.393333507048737e-08
1373,False,6,chair,6,chair,True,0.9972894787788391,0.02321217954158783,0.01989050582051277,0.003321673721075058,7.005492079770193e-07
1374,False,18,night_stand,18,night_stand,True,0.4666425585746765,1.7865235805511475,1.5801600217819214,0.20636355876922607,0.0017210503574460745
1375,False,25,sofa,30,toilet,False,0.9404147863388062,0.3004857301712036,0.2368132323026657,0.0636724978685379,0.0002565946488175541
1376,False,1,bathtub,1,bathtub,True,0.9623777270317078,0.24288107454776764,0.21693983674049377,0.025941237807273865,3.788741014432162e-05
1377,False,23,range_hood,34,xbox,False,0.4398147761821747,1.6429063081741333,1.3966575860977173,0.24624872207641602,0.0020636392291635275
1378,False,14,guitar,14,guitar,True,0.9900760054588318,0.07510637491941452,0.06083673983812332,0.014269635081291199,1.1798962077591568e-05
1379,False,18,night_stand,18,night_stand,True,0.8895049095153809,0.5692830085754395,0.47148892283439636,0.09779408574104309,0.00046057929284870625
1380,False,0,airplane,0,airplane,True,0.9992370009422302,0.008091479539871216,0.007410813122987747,0.0006806664168834686,3.2566713770165734e-08
1381,False,6,chair,6,chair,True,0.9968055486679077,0.02756739780306816,0.023892272263765335,0.003675125539302826,8.90359672212071e-07
1382,False,13,glass_box,13,glass_box,True,0.9827783107757568,0.12234210968017578,0.10221786797046661,0.020124241709709167,3.557043964974582e-05
1383,False,20,piano,20,piano,True,0.8663380146026611,0.6733272671699524,0.5498688220977783,0.12345844507217407,0.00073454953962937
1384,False,25,sofa,25,sofa,True,0.9969678521156311,0.025328082963824272,0.02323370985686779,0.002094373106956482,4.500005275076546e-07
1385,False,17,monitor,17,monitor,True,0.9801533222198486,0.14489354193210602,0.12041744589805603,0.024476096034049988,3.175549863954075e-05
1386,False,23,range_hood,23,range_hood,True,0.9271264672279358,0.3209325075149536,0.2914987802505493,0.029433727264404297,0.00016009413229767233
1387,False,25,sofa,25,sofa,True,0.9996278285980225,0.003978625871241093,0.0037168795242905617,0.000261746346950531,6.325460155665041e-09
1388,False,25,sofa,25,sofa,True,0.9997216463088989,0.0030337325297296047,0.002773820422589779,0.0002599121071398258,6.180435718761146e-09
1389,False,21,plant,26,stairs,False,0.7573687434196472,0.8366259932518005,0.6254610419273376,0.2111649513244629,0.0027130472008138895
1390,False,18,night_stand,28,table,False,0.5695517659187317,1.4155316352844238,1.1950230598449707,0.22050857543945312,0.0021271628793329
1391,False,5,car,5,car,True,0.9554701447486877,0.24430160224437714,0.19966450333595276,0.04463709890842438,0.00017913848569151014
1392,False,15,lamp,26,stairs,False,0.3444860279560089,2.064649820327759,1.6532796621322632,0.4113701581954956,0.0038624913431704044
1393,False,6,chair,6,chair,True,0.9980045557022095,0.016422506421804428,0.013560040853917599,0.0028624655678868294,8.227093530877028e-07
1394,False,13,glass_box,13,glass_box,True,0.8112649321556091,0.7713141441345215,0.7022883296012878,0.06902581453323364,0.0006328901508823037
1395,False,20,piano,20,piano,True,0.9718698263168335,0.17036010324954987,0.13394466042518616,0.03641544282436371,0.00011196485138498247
1396,False,23,range_hood,23,range_hood,True,0.9869512319564819,0.0891973078250885,0.0757874846458435,0.013409823179244995,1.5114394045667723e-05
1397,False,9,desk,9,desk,True,0.8692435026168823,0.625182032585144,0.5108628869056702,0.11431914567947388,0.000802738475613296
1398,False,21,plant,21,plant,True,0.7228267788887024,0.9654544591903687,0.7302312254905701,0.23522323369979858,0.002932559233158827
1399,False,23,range_hood,23,range_hood,True,0.9879991412162781,0.08524030447006226,0.0763499066233635,0.008890397846698761,5.455800874187844e-06
1400,False,2,bed,2,bed,True,0.9975103735923767,0.022010046988725662,0.018738187849521637,0.0032718591392040253,5.688321493835247e-07
1401,False,17,monitor,17,monitor,True,0.9982386827468872,0.015266736969351768,0.010860560461878777,0.004406176507472992,2.281761680933414e-06
1402,False,18,night_stand,24,sink,False,0.7125941514968872,1.2555112838745117,1.095397710800171,0.16011357307434082,0.001212354633025825
1403,False,1,bathtub,1,bathtub,True,0.9625692367553711,0.2184354066848755,0.17634357511997223,0.04209183156490326,0.00013907789252698421
1404,False,4,bookshelf,4,bookshelf,True,0.9676762223243713,0.21306954324245453,0.16110868752002716,0.05196085572242737,0.00019770031212829053
1405,False,14,guitar,14,guitar,True,0.9689434766769409,0.19450034201145172,0.13659648597240448,0.05790385603904724,0.00027709724963642657
1406,False,2,bed,2,bed,True,0.9906213283538818,0.06150039657950401,0.0509253554046154,0.01057504117488861,1.2997318663110491e-05
1407,False,33,wardrobe,33,wardrobe,True,0.5340545177459717,1.6850388050079346,1.4912573099136353,0.19378149509429932,0.001521165482699871
1408,False,30,toilet,30,toilet,True,0.9924929141998291,0.06092825531959534,0.04413329064846039,0.01679496467113495,1.9622904801508412e-05
1409,False,11,dresser,11,dresser,True,0.7335818409919739,0.9541321396827698,0.8804365396499634,0.0736956000328064,0.0006406155298464
1410,False,21,plant,21,plant,True,0.8739316463470459,0.4375540614128113,0.39833495020866394,0.03921911120414734,0.0004050706629641354
1411,False,6,chair,6,chair,True,0.999878466129303,0.0014617523411288857,0.0012865120079368353,0.00017524033319205046,2.035453805504517e-09
1412,False,0,airplane,0,airplane,True,0.9928117990493774,0.0496787428855896,0.03565826639533043,0.01402047649025917,2.5072595235542394e-05
1413,False,25,sofa,25,sofa,True,0.7208975553512573,0.686754584312439,0.5180713534355164,0.1686832308769226,0.0035143676213920116
1414,False,2,bed,2,bed,True,0.9566336274147034,0.23597365617752075,0.144110307097435,0.09186334908008575,0.000643174396827817
1415,False,28,table,28,table,True,0.3454059958457947,1.8152530193328857,1.5208359956741333,0.29441702365875244,0.0032764330971986055
1416,False,19,person,19,person,True,0.49389609694480896,1.7261133193969727,1.4778441190719604,0.2482692003250122,0.001934231142513454
1417,False,26,stairs,21,plant,False,0.3803788721561432,1.5514415502548218,1.3612827062606812,0.19015884399414062,0.002335340715944767
1418,False,20,piano,20,piano,True,0.9774953126907349,0.12994351983070374,0.09438160806894302,0.03556191176176071,0.00017446104902774096
1419,False,13,glass_box,13,glass_box,True,0.9901365041732788,0.0772920772433281,0.06148400530219078,0.015808071941137314,9.62505964707816e-06
1420,False,0,airplane,0,airplane,True,0.9812391996383667,0.11071906983852386,0.05681910365819931,0.053899966180324554,0.00028388501959852874
1421,False,13,glass_box,13,glass_box,True,0.986301064491272,0.10543599724769592,0.07784093171358109,0.027595065534114838,4.939535210723989e-05
1422,False,32,vase,32,vase,True,0.9678331613540649,0.1588035672903061,0.1463748663663864,0.012428700923919678,3.281039244029671e-05
1423,False,32,vase,32,vase,True,0.9526932239532471,0.22233903408050537,0.19828401505947113,0.02405501902103424,9.801593114389107e-05
1424,False,1,bathtub,1,bathtub,True,0.9462718367576599,0.2730375826358795,0.23686222732067108,0.036175355315208435,0.00016037875320762396
1425,False,3,bench,3,bench,True,0.7165042757987976,1.1050362586975098,0.8762875199317932,0.22874873876571655,0.0022301897406578064
1426,False,32,vase,32,vase,True,0.9228058457374573,0.34329405426979065,0.3127938508987427,0.030500203371047974,0.00012381788110360503
1427,False,13,glass_box,13,glass_box,True,0.9678735733032227,0.21245449781417847,0.17543894052505493,0.037015557289123535,6.760632822988555e-05
1428,False,21,plant,32,vase,False,0.8522657752037048,0.6245108842849731,0.5786446928977966,0.045866191387176514,0.00025265157455578446
1429,False,14,guitar,14,guitar,True,0.9828147292137146,0.11475597321987152,0.09304921329021454,0.021706759929656982,3.963800918427296e-05
1430,False,2,bed,2,bed,True,0.9964303970336914,0.026792291551828384,0.021242544054985046,0.005549747496843338,3.5836694678437198e-06
1431,False,4,bookshelf,4,bookshelf,True,0.9681329131126404,0.18118421733379364,0.15847842395305634,0.022705793380737305,6.22679726802744e-05
1432,False,30,toilet,30,toilet,True,0.9951937794685364,0.03975585848093033,0.03500638157129288,0.004749476909637451,1.5322888202717877e-06
1433,False,5,car,5,car,True,0.39759957790374756,1.6239945888519287,1.2894766330718994,0.3345179557800293,0.0041278968565166
1434,False,2,bed,2,bed,True,0.9993720054626465,0.0066319359466433525,0.005418863147497177,0.0012130727991461754,9.417921376098093e-08
1435,False,28,table,28,table,True,0.9772762656211853,0.12727120518684387,0.10508717596530914,0.02218402922153473,7.065894169500098e-05
1436,False,5,car,5,car,True,0.9428257346153259,0.29439759254455566,0.2254580557346344,0.06893953680992126,0.0004833285347558558
1437,False,4,bookshelf,4,bookshelf,True,0.8127574324607849,0.8003589510917664,0.6796643137931824,0.12069463729858398,0.0009869505884125829
1438,False,6,chair,6,chair,True,0.9943753480911255,0.040645502507686615,0.03359239920973778,0.007053103297948837,6.371082236000802e-06
1439,False,11,dresser,11,dresser,True,0.7276319265365601,0.8069876432418823,0.7505077719688416,0.05647987127304077,0.000557875435333699
1440,False,0,airplane,0,airplane,True,0.9979904890060425,0.01866835542023182,0.014906319789588451,0.0037620356306433678,9.012534292196506e-07
1441,False,21,plant,21,plant,True,0.48347654938697815,1.4022939205169678,1.1564630270004272,0.24583089351654053,0.002684924751520157
1442,False,20,piano,20,piano,True,0.7512842416763306,0.8799539804458618,0.6268408894538879,0.2531130909919739,0.0035281567834317684
1443,False,22,radio,2,bed,False,0.7775853872299194,1.005814790725708,0.8451023101806641,0.16071248054504395,0.001235826639458537
1444,False,9,desk,9,desk,True,0.8959136009216309,0.4320923089981079,0.3269604742527008,0.1051318347454071,0.0009411798091605306
1445,False,23,range_hood,23,range_hood,True,0.992236316204071,0.060437820851802826,0.05173538625240326,0.008702434599399567,4.329974672145909e-06
1446,False,26,stairs,26,stairs,True,0.48800933361053467,1.6076300144195557,1.3653234243392944,0.24230659008026123,0.0024942373856902122
1447,False,16,mantel,16,mantel,True,0.9867992997169495,0.09589385986328125,0.08126384019851685,0.014630019664764404,1.5318113582907245e-05
1448,False,6,chair,6,chair,True,0.9994028806686401,0.005656989756971598,0.0052028498612344265,0.0004541398957371712,2.618077665772489e-08
1449,False,9,desk,9,desk,True,0.8204443454742432,0.7581604719161987,0.5873510241508484,0.17080944776535034,0.0014816062757745385
1450,False,14,guitar,14,guitar,True,0.9346612691879272,0.33833715319633484,0.3020058572292328,0.03633129596710205,0.0001417426683474332
1451,False,6,chair,6,chair,True,0.9994975924491882,0.0051671238616108894,0.004508289974182844,0.0006588338874280453,3.0063780798172957e-08
1452,False,27,stool,15,lamp,False,0.6451389789581299,0.8357065320014954,0.7046437859535217,0.13106274604797363,0.0026878206990659237
1453,False,20,piano,20,piano,True,0.9005299806594849,0.36614492535591125,0.1989383101463318,0.16720661520957947,0.002395773306488991
1454,False,0,airplane,0,airplane,True,0.9959416389465332,0.031237425282597542,0.024384023621678352,0.0068534016609191895,7.001533504080726e-06
1455,False,17,monitor,17,monitor,True,0.9752471446990967,0.1763359010219574,0.148442342877388,0.027893558144569397,3.392854341655038e-05
1456,False,17,monitor,17,monitor,True,0.9720450639724731,0.14218735694885254,0.10090441256761551,0.04128294438123703,0.00021059754362795502
1457,False,31,tv_stand,31,tv_stand,True,0.46479088068008423,0.9606490135192871,0.8380164504051208,0.12263256311416626,0.0022185423877090216
1458,False,2,bed,2,bed,True,0.9475461840629578,0.2982112467288971,0.25526607036590576,0.04294517636299133,0.00015847534814383835
1459,False,16,mantel,16,mantel,True,0.9935332536697388,0.04883024841547012,0.04340111464262009,0.005429133772850037,2.269030346724321e-06
1460,False,32,vase,32,vase,True,0.6944850087165833,1.1710805892944336,1.0824953317642212,0.0885852575302124,0.0005957187386229634
1461,False,23,range_hood,23,range_hood,True,0.9148038625717163,0.35594311356544495,0.29943233728408813,0.05651077628135681,0.0003849438508041203
1462,False,5,car,5,car,True,0.9812730550765991,0.11971545964479446,0.10942330956459045,0.01029215008020401,1.092269849323202e-05
1463,False,31,tv_stand,31,tv_stand,True,0.7405266165733337,1.0066202878952026,0.8459187150001526,0.16070157289505005,0.0012108598602935672
1464,False,14,guitar,14,guitar,True,0.9820987582206726,0.1208450198173523,0.09908740967512131,0.021757610142230988,3.839114651782438e-05
1465,False,31,tv_stand,31,tv_stand,True,0.8019282221794128,0.656440019607544,0.5597842335700989,0.09665578603744507,0.001206347020342946
1466,False,2,bed,2,bed,True,0.9972929954528809,0.023685216903686523,0.019431810826063156,0.004253406077623367,1.3316474678504164e-06
1467,False,30,toilet,30,toilet,True,0.9831755757331848,0.10981465876102448,0.09366974979639053,0.01614490896463394,2.8986483812332153e-05
1468,False,32,vase,32,vase,True,0.9572756290435791,0.1904524266719818,0.1835012584924698,0.006951168179512024,2.478569331287872e-05
1469,False,1,bathtub,1,bathtub,True,0.6720491051673889,1.055600881576538,0.861509382724762,0.19409149885177612,0.00250049727037549
1470,False,17,monitor,17,monitor,True,0.9910489916801453,0.0704493373632431,0.06188243627548218,0.008566901087760925,4.492892912821844e-06
1471,False,5,car,5,car,True,0.9979186058044434,0.018770067021250725,0.01584845595061779,0.0029216110706329346,4.080312123733165e-07
1472,False,20,piano,20,piano,True,0.811646580696106,0.8093830347061157,0.6937615871429443,0.11562144756317139,0.0008627798524685204
1473,False,28,table,28,table,True,0.54518061876297,0.9940592050552368,0.8776947259902954,0.1163644790649414,0.0019293568329885602
1474,False,16,mantel,4,bookshelf,False,0.716536283493042,1.1051852703094482,0.9810210466384888,0.12416422367095947,0.0010263258591294289
1475,False,11,dresser,11,dresser,True,0.7887819409370422,0.9017496705055237,0.8145486116409302,0.0872010588645935,0.0005102387513034046
1476,False,5,car,5,car,True,0.9401958584785461,0.3438762426376343,0.2903055250644684,0.053570717573165894,0.00017552748613525182
1477,False,8,curtain,8,curtain,True,0.7126453518867493,0.8970867395401001,0.7142215371131897,0.1828652024269104,0.002148594707250595
1478,False,27,stool,27,stool,True,0.49823808670043945,1.1429486274719238,0.9380934834480286,0.20485514402389526,0.0029207582119852304
1479,False,23,range_hood,23,range_hood,True,0.8568720817565918,0.6767616868019104,0.527128279209137,0.14963340759277344,0.0011645231861621141
1480,False,17,monitor,17,monitor,True,0.8523815870285034,0.7258896827697754,0.6435976624488831,0.08229202032089233,0.0004687581676989794
1481,False,13,glass_box,13,glass_box,True,0.9922418594360352,0.06377986818552017,0.048023007810115814,0.015756860375404358,1.1148895282531157e-05
1482,False,11,dresser,18,night_stand,False,0.32141461968421936,1.6420576572418213,1.5268431901931763,0.11521446704864502,0.0010913168080151081
1483,False,21,plant,21,plant,True,0.7695315480232239,0.5485888123512268,0.5101723670959473,0.03841644525527954,0.0007610091706737876
1484,False,34,xbox,31,tv_stand,False,0.9311866164207458,0.3579031825065613,0.31330403685569763,0.04459914565086365,0.00019950739806517959
1485,False,18,night_stand,31,tv_stand,False,0.37443897128105164,1.443873643875122,1.2620456218719482,0.18182802200317383,0.0024199681356549263
1486,False,21,plant,21,plant,True,0.8447465896606445,0.6906781196594238,0.6162230372428894,0.07445508241653442,0.00040548655670136213
1487,False,18,night_stand,18,night_stand,True,0.912708580493927,0.4033254086971283,0.34294214844703674,0.06038326025009155,0.0004380154423415661
1488,False,25,sofa,25,sofa,True,0.9985672235488892,0.013318762183189392,0.01223613228648901,0.0010826298967003822,9.058441463594136e-08
1489,False,1,bathtub,1,bathtub,True,0.9815512299537659,0.12592649459838867,0.11150313168764114,0.014423362910747528,1.3512642908608541e-05
1490,False,25,sofa,25,sofa,True,0.9940211772918701,0.04172057658433914,0.0389503575861454,0.002770218998193741,1.5802938833076041e-06
1491,False,17,monitor,17,monitor,True,0.9989526867866516,0.010489067994058132,0.008695919066667557,0.0017931489273905754,1.6689820370174857e-07
1492,False,10,door,10,door,True,0.9789164066314697,0.11358238756656647,0.10521440953016281,0.008367978036403656,1.7657021089689806e-05
1493,False,1,bathtub,1,bathtub,True,0.5317681431770325,1.0888259410858154,0.8344563245773315,0.2543696165084839,0.004412102047353983
1494,False,24,sink,24,sink,True,0.7946211099624634,0.8518495559692383,0.693986177444458,0.15786337852478027,0.0011878034565597773
1495,False,9,desk,9,desk,True,0.9988552331924438,0.01077945064753294,0.009393813088536263,0.0013856375589966774,1.351762080048502e-07
1496,False,9,desk,18,night_stand,False,0.4019473195075989,1.751007080078125,1.5177701711654663,0.2332369089126587,0.0022883869241923094
1497,False,14,guitar,14,guitar,True,0.9929398894309998,0.053751904517412186,0.04593820124864578,0.007813703268766403,5.583916845353087e-06
1498,False,25,sofa,18,night_stand,False,0.4797646999359131,1.7302628755569458,1.4475080966949463,0.2827547788619995,0.0025987594854086637
1499,False,18,night_stand,18,night_stand,True,0.46720772981643677,1.321457028388977,1.0905619859695435,0.2308950424194336,0.003468914423137903
1500,False,14,guitar,14,guitar,True,0.9855675101280212,0.10682915151119232,0.08183024823665619,0.024998903274536133,2.735562520683743e-05
1501,False,13,glass_box,8,curtain,False,0.6966192722320557,0.8396929502487183,0.6457226276397705,0.19397032260894775,0.003133498365059495
1502,False,9,desk,28,table,False,0.7091838717460632,0.9510731101036072,0.754708468914032,0.1963646411895752,0.0021506850607693195
1503,False,14,guitar,14,guitar,True,0.8490729928016663,0.5709052085876465,0.49707353115081787,0.07383167743682861,0.0006216798792593181
1504,False,20,piano,20,piano,True,0.783399224281311,1.0314797163009644,0.8662296533584595,0.16525006294250488,0.0014765388332307339
1505,False,26,stairs,26,stairs,True,0.8639744520187378,0.4970548450946808,0.3864106833934784,0.11064416170120239,0.0013043078361079097
1506,False,2,bed,2,bed,True,0.9993172883987427,0.007241492625325918,0.006719156168401241,0.0005223364569246769,1.4185252084075728e-08
1507,False,13,glass_box,18,night_stand,False,0.40062302350997925,1.3280413150787354,1.2172236442565918,0.11081767082214355,0.0016679208492860198
1508,False,9,desk,9,desk,True,0.9048581123352051,0.4712521731853485,0.3367062211036682,0.1345459520816803,0.0013616735814139247
1509,False,16,mantel,16,mantel,True,0.9797783493995667,0.13576549291610718,0.11477164179086685,0.020993851125240326,2.9784796424792148e-05
1510,False,6,chair,6,chair,True,0.99695885181427,0.02430722862482071,0.019175490364432335,0.005131738260388374,2.8113402095186757e-06
1511,False,27,stool,27,stool,True,0.8119017481803894,0.8682858943939209,0.643599808216095,0.22468608617782593,0.0018705736147239804
1512,False,0,airplane,0,airplane,True,0.8551496267318726,0.7256601452827454,0.5520691275596619,0.1735910177230835,0.0013091202126815915
1513,False,32,vase,12,flower_pot,False,0.5547245144844055,0.931395947933197,0.8578948378562927,0.0735011100769043,0.0010254490189254284
1514,False,27,stool,27,stool,True,0.5222005844116211,1.383427381515503,1.0749434232711792,0.30848395824432373,0.0033862879499793053
1515,False,0,airplane,0,airplane,True,0.9995373487472534,0.004908378701657057,0.004307612311094999,0.0006007663905620575,2.157593748108866e-08
1516,False,18,night_stand,11,dresser,False,0.2901635766029358,2.095989227294922,1.83603036403656,0.2599588632583618,0.0022292807698249817
1517,False,6,chair,6,chair,True,0.9975804090499878,0.021115321666002274,0.01865399442613125,0.002461327239871025,4.6617506654911267e-07
1518,False,5,car,5,car,True,0.9962867498397827,0.03315534442663193,0.027091948315501213,0.006063396111130714,2.315801566510345e-06
1519,False,20,piano,22,radio,False,0.3007778823375702,1.6874265670776367,1.4149229526519775,0.2725036144256592,0.0031546778045594692
1520,False,25,sofa,25,sofa,True,0.996955156326294,0.02535165473818779,0.021289655938744545,0.004061998799443245,1.0541625670157373e-06
1521,False,30,toilet,30,toilet,True,0.930838942527771,0.3340011537075043,0.23836424946784973,0.09563690423965454,0.0006473385728895664
1522,False,17,monitor,17,monitor,True,0.9938451647758484,0.05031129717826843,0.045443665236234665,0.004867631942033768,1.5848315797484247e-06
1523,False,31,tv_stand,31,tv_stand,True,0.7601435780525208,0.932915210723877,0.7643446326255798,0.16857057809829712,0.0015112909022718668
1524,False,17,monitor,17,monitor,True,0.4951528310775757,0.9694622755050659,0.7824364304542542,0.18702584505081177,0.0033724450040608644
1525,False,14,guitar,14,guitar,True,0.9584372043609619,0.2347051203250885,0.19690899550914764,0.03779612481594086,9.774979844223708e-05
1526,False,16,mantel,16,mantel,True,0.9889448881149292,0.07925230264663696,0.06784061342477798,0.011411689221858978,9.679144568508491e-06
1527,False,21,plant,21,plant,True,0.74786776304245,0.614825963973999,0.5532798767089844,0.06154608726501465,0.0011528959730640054
1528,False,9,desk,28,table,False,0.6483970880508423,1.1049714088439941,0.964853823184967,0.1401175856590271,0.0014723079511895776
1529,False,16,mantel,16,mantel,True,0.8051185011863708,0.8370335102081299,0.7397456765174866,0.09728783369064331,0.0007847450324334204
1530,False,21,plant,21,plant,True,0.9569135308265686,0.25095677375793457,0.2096678614616394,0.041288912296295166,8.842339593684301e-05
1531,False,16,mantel,16,mantel,True,0.9799341559410095,0.13126619160175323,0.10674958676099777,0.024516604840755463,5.174552643438801e-05
1532,False,23,range_hood,23,range_hood,True,0.9463701248168945,0.3032689690589905,0.24987410008907318,0.0533948689699173,0.00023214002430904657
1533,False,5,car,5,car,True,0.9990197420120239,0.009781727567315102,0.008226005360484123,0.0015557222068309784,1.2446963637557928e-07
1534,False,5,car,5,car,True,0.9946518540382385,0.046590209007263184,0.04029114544391632,0.006299063563346863,2.6629609237716068e-06
1535,False,5,car,5,car,True,0.9218677282333374,0.44817203283309937,0.3716292381286621,0.07654279470443726,0.00038361040060408413
1536,False,22,radio,11,dresser,False,0.6619070768356323,1.216796875,1.0740151405334473,0.14278173446655273,0.0012703901156783104
1537,False,23,range_hood,16,mantel,False,0.516359806060791,0.7944061756134033,0.6943804621696472,0.1000257134437561,0.002289318013936281
1538,False,30,toilet,30,toilet,True,0.9211777448654175,0.40242889523506165,0.3056577742099762,0.09677112102508545,0.0006485951016657054
1539,False,24,sink,16,mantel,False,0.574289858341217,1.5390266180038452,1.258010983467102,0.28101563453674316,0.0028887400403618813
1540,False,21,plant,21,plant,True,0.8963625431060791,0.47256559133529663,0.42562416195869446,0.04694142937660217,0.00020193068485241383
1541,False,17,monitor,17,monitor,True,0.9989622235298157,0.010506156831979752,0.00939040444791317,0.0011157523840665817,6.838928356955876e-08
1542,False,18,night_stand,18,night_stand,True,0.915158748626709,0.4674920439720154,0.42555004358291626,0.04194200038909912,0.00011157878179801628
1543,False,4,bookshelf,4,bookshelf,True,0.9817856550216675,0.12411265075206757,0.10194393992424011,0.022168710827827454,3.402074798941612e-05
1544,False,22,radio,22,radio,True,0.4315122961997986,1.5216610431671143,1.115546464920044,0.4061145782470703,0.005573753267526627
1545,False,1,bathtub,1,bathtub,True,0.7537233233451843,0.7008535861968994,0.5236203074455261,0.1772332787513733,0.0033745465334504843
1546,False,20,piano,20,piano,True,0.8544005751609802,0.64902263879776,0.47279635071754456,0.17622628808021545,0.0013010099064558744
1547,False,6,chair,6,chair,True,0.9841084480285645,0.11264482140541077,0.0976911261677742,0.014953695237636566,1.7146801837952808e-05
1548,False,28,table,28,table,True,0.9569905400276184,0.23985911905765533,0.20567956566810608,0.034179553389549255,0.0001193572097690776
1549,False,2,bed,2,bed,True,0.994777500629425,0.04311428964138031,0.03601386770606041,0.0071004219353199005,3.4537629289843608e-06
1550,False,4,bookshelf,31,tv_stand,False,0.849460244178772,0.5311033129692078,0.44528907537460327,0.08581423759460449,0.000990966334939003
1551,False,0,airplane,0,airplane,True,0.9253109693527222,0.3259739279747009,0.24110783636569977,0.08486609160900116,0.000716052483767271
1552,False,32,vase,32,vase,True,0.9672608971595764,0.16367125511169434,0.1532314121723175,0.010439842939376831,2.1886460672249086e-05
1553,False,32,vase,32,vase,True,0.9521951675415039,0.2451280653476715,0.22707252204418182,0.018055543303489685,4.8588786739856005e-05
1554,False,2,bed,2,bed,True,0.9585445523262024,0.26293158531188965,0.20263032615184784,0.06030125916004181,0.00022808978974353522
1555,False,25,sofa,25,sofa,True,0.9475706219673157,0.28694087266921997,0.22895757853984833,0.05798329412937164,0.00029462750535458326
1556,False,17,monitor,17,monitor,True,0.9873887896537781,0.09201739728450775,0.08273402601480484,0.009283371269702911,7.181625278462889e-06
1557,False,14,guitar,14,guitar,True,0.987130880355835,0.09676671028137207,0.0721459612250328,0.024620749056339264,2.870064417948015e-05
1558,False,32,vase,32,vase,True,0.96331787109375,0.19922277331352234,0.17729388177394867,0.02192889153957367,5.0088918214896694e-05
1559,False,4,bookshelf,4,bookshelf,True,0.974033772945404,0.171005517244339,0.14990833401679993,0.021097183227539062,2.7237860194873065e-05
1560,False,0,airplane,0,airplane,True,0.9973818063735962,0.022809922695159912,0.01823040284216404,0.0045795198529958725,1.7999476540353498e-06
1561,False,21,plant,21,plant,True,0.4537101984024048,1.5500621795654297,1.2383229732513428,0.3117392063140869,0.0035718458238989115
1562,False,5,car,30,toilet,False,0.6896066665649414,1.1625947952270508,0.9059346914291382,0.2566601037979126,0.002698729746043682
1563,False,13,glass_box,13,glass_box,True,0.5649755597114563,1.238553762435913,1.1425845623016357,0.09596920013427734,0.0011740685440599918
1564,False,18,night_stand,18,night_stand,True,0.5906205177307129,0.9747062921524048,0.87785404920578,0.09685224294662476,0.001529018976725638
1565,False,32,vase,32,vase,True,0.9623236656188965,0.18157872557640076,0.17149114608764648,0.010087579488754272,2.616160963953007e-05
1566,False,7,cone,29,tent,False,0.7802475094795227,0.8797469139099121,0.6626896858215332,0.2170572280883789,0.0017986472230404615
1567,False,28,table,28,table,True,0.7294409871101379,0.684228777885437,0.6123587489128113,0.07187002897262573,0.00125585263594985
1568,False,13,glass_box,13,glass_box,True,0.9341287612915039,0.3577052652835846,0.27609673142433167,0.08160853385925293,0.00041729057556949556
1569,False,14,guitar,14,guitar,True,0.9594254493713379,0.2571181058883667,0.19545423984527588,0.06166386604309082,0.0001844725338742137
1570,False,20,piano,20,piano,True,0.9640341997146606,0.216485396027565,0.13696040213108063,0.07952499389648438,0.00042497561662457883
1571,False,6,chair,6,chair,True,0.9808320999145508,0.12678390741348267,0.09162487834692001,0.03515902906656265,7.04580670571886e-05
1572,False,31,tv_stand,31,tv_stand,True,0.6957752108573914,0.8646503686904907,0.7886018753051758,0.07604849338531494,0.0008768234984017909
1573,False,16,mantel,16,mantel,True,0.9533044099807739,0.26654374599456787,0.23003610968589783,0.036507636308670044,0.00011586629261728376
1574,False,28,table,28,table,True,0.9851020574569702,0.10440222918987274,0.08226726949214935,0.02213495969772339,2.960010533570312e-05
1575,False,20,piano,20,piano,True,0.7293302416801453,1.1978869438171387,0.8309682607650757,0.366918683052063,0.0030808814335614443
1576,False,6,chair,6,chair,True,0.9987016916275024,0.011169660836458206,0.008699873462319374,0.002469787374138832,5.987112103866821e-07
1577,False,28,table,28,table,True,0.7548404932022095,0.641904354095459,0.5571692585945129,0.08473509550094604,0.0014693449484184384
1578,False,16,mantel,16,mantel,True,0.9794667363166809,0.1391519010066986,0.11077803373336792,0.02837386727333069,4.682852886617184e-05
1579,False,17,monitor,17,monitor,True,0.9970353245735168,0.0269109308719635,0.02413521334528923,0.0027757175266742706,3.4834755524570937e-07
1580,False,13,glass_box,13,glass_box,True,0.6484885215759277,1.2420076131820679,1.1109349727630615,0.13107264041900635,0.0012670789146795869
1581,False,20,piano,16,mantel,False,0.8556051850318909,0.595515251159668,0.45865780115127563,0.13685745000839233,0.0011798914056271315
1582,False,32,vase,32,vase,True,0.8166046738624573,0.6237949728965759,0.5741636753082275,0.04963129758834839,0.00047302540042437613
1583,False,4,bookshelf,31,tv_stand,False,0.497284859418869,1.596071720123291,1.30476975440979,0.291301965713501,0.0031611246522516012
1584,False,10,door,10,door,True,0.9128172397613525,0.33167892694473267,0.3028809428215027,0.02879798412322998,0.00024745697737671435
1585,False,31,tv_stand,31,tv_stand,True,0.6506160497665405,0.9065067768096924,0.7614519000053406,0.1450548768043518,0.0017631230875849724
1586,False,32,vase,29,tent,False,0.8943576216697693,0.532314658164978,0.415143758058548,0.11717090010643005,0.0007237273966893554
1587,False,6,chair,6,chair,True,0.9997233748435974,0.0030647339299321175,0.002850118326023221,0.00021461560390889645,2.7329536411713207e-09
1588,False,25,sofa,25,sofa,True,0.9986881613731384,0.01208114717155695,0.010851812548935413,0.0012293346226215363,1.3932790920989646e-07
1589,False,22,radio,22,radio,True,0.9716781377792358,0.17623767256736755,0.10085330903530121,0.07538436353206635,0.0003554850700311363
1590,False,30,toilet,30,toilet,True,0.9282047152519226,0.3634730279445648,0.2932223975658417,0.07025063037872314,0.00030400994000956416
1591,False,26,stairs,27,stool,False,0.6259287595748901,0.8337125778198242,0.6031727194786072,0.23053985834121704,0.004405992105603218
1592,False,16,mantel,16,mantel,True,0.9886417388916016,0.08342225104570389,0.07137900590896606,0.012043245136737823,8.414747753704432e-06
1593,False,5,car,5,car,True,0.9706636071205139,0.18728923797607422,0.16506120562553406,0.02222803235054016,4.367589281173423e-05
1594,False,17,monitor,17,monitor,True,0.9953043460845947,0.03966395556926727,0.03471739590167999,0.00494655966758728,1.3205940376792569e-06
1595,False,14,guitar,14,guitar,True,0.9926860332489014,0.058303676545619965,0.04956161975860596,0.008742056787014008,6.143994141893927e-06
1596,False,28,table,3,bench,False,0.48480290174484253,1.3114372491836548,1.172940731048584,0.1384965181350708,0.0016900498885661364
1597,False,21,plant,21,plant,True,0.5017938613891602,1.192598819732666,1.1033663749694824,0.0892324447631836,0.0009494419791735709
1598,False,6,chair,6,chair,True,0.9623569846153259,0.24035191535949707,0.17644082009792328,0.06391109526157379,0.0001795935386326164
1599,False,13,glass_box,13,glass_box,True,0.9661645889282227,0.21749556064605713,0.17506106197834015,0.04243449866771698,0.0001238913246197626
1600,False,31,tv_stand,31,tv_stand,True,0.9527038931846619,0.23403233289718628,0.20875073969364166,0.025281593203544617,9.571838018018752e-05
1601,False,9,desk,9,desk,True,0.9811050295829773,0.1111399456858635,0.08558475971221924,0.025555185973644257,4.989121953258291e-05
1602,False,30,toilet,30,toilet,True,0.9986687302589417,0.013063602149486542,0.012007093988358974,0.0010565081611275673,5.844832173806935e-08
1603,False,1,bathtub,1,bathtub,True,0.9829935431480408,0.11848790943622589,0.09794505685567856,0.020542852580547333,3.17706580972299e-05
1604,False,30,toilet,30,toilet,True,0.9977406859397888,0.01953275129199028,0.016649700701236725,0.0028830505907535553,7.297682600437838e-07
1605,False,0,airplane,0,airplane,True,0.9963937997817993,0.03132305294275284,0.025885822251439095,0.005437230691313744,2.3717777821730124e-06
1606,False,8,curtain,10,door,False,0.41663578152656555,1.2882251739501953,1.0578080415725708,0.2304171323776245,0.0023613055236637592
1607,False,27,stool,26,stairs,False,0.6860752701759338,0.8868416547775269,0.7159746885299683,0.1708669662475586,0.0022957150358706713
1608,False,28,table,28,table,True,0.9326149821281433,0.27046144008636475,0.2226375788450241,0.04782386124134064,0.000426843820605427
1609,False,13,glass_box,18,night_stand,False,0.43486273288726807,1.3317638635635376,1.2306225299835205,0.10114133358001709,0.0013872762210667133
1610,False,9,desk,20,piano,False,0.3564804196357727,2.158381462097168,1.8304604291915894,0.3279210329055786,0.0029713360127061605
1611,False,12,flower_pot,21,plant,False,0.6485899686813354,0.9291831254959106,0.8701283931732178,0.05905473232269287,0.0005904427380301058
1612,False,11,dresser,11,dresser,True,0.8743864297866821,0.6047333478927612,0.5515899062156677,0.053143441677093506,0.0001963677495950833
1613,False,30,toilet,30,toilet,True,0.9982184767723083,0.017288845032453537,0.014751724898815155,0.002537120133638382,3.554285115114908e-07
1614,False,21,plant,21,plant,True,0.7774711847305298,0.8750598430633545,0.7159632444381714,0.1590965986251831,0.0015576642472296953
1615,False,28,table,28,table,True,0.9400561451911926,0.3607292175292969,0.2937485873699188,0.06698063015937805,0.0002290003321832046
1616,False,30,toilet,30,toilet,True,0.9946359395980835,0.04426061362028122,0.03737114742398262,0.006889466196298599,3.4031204450002406e-06
1617,False,6,chair,6,chair,True,0.709726870059967,1.2168704271316528,0.7828350067138672,0.43403542041778564,0.003488343209028244
1618,False,21,plant,21,plant,True,0.5330406427383423,1.0273739099502563,0.9340524077415466,0.09332150220870972,0.0012032798258587718
1619,False,14,guitar,14,guitar,True,0.992339015007019,0.059271782636642456,0.0488535575568676,0.010418225079774857,4.966264896211214e-06
1620,False,16,mantel,16,mantel,True,0.9194405674934387,0.3709070682525635,0.32403865456581116,0.04686841368675232,0.00025310597266070545
1621,False,11,dresser,11,dresser,True,0.793246865272522,0.8703588247299194,0.7928438782691956,0.07751494646072388,0.00044216171954758465
1622,False,25,sofa,25,sofa,True,0.9989525079727173,0.009355735033750534,0.008106039837002754,0.0012496951967477798,2.5050047725017066e-07
1623,False,18,night_stand,18,night_stand,True,0.3939509391784668,1.8140389919281006,1.5766068696975708,0.23743212223052979,0.0023776404559612274
1624,False,11,dresser,11,dresser,True,0.6586945056915283,1.1831705570220947,1.0926374197006226,0.09053313732147217,0.0008016356150619686
1625,False,22,radio,22,radio,True,0.5437706112861633,1.633758544921875,1.3978676795959473,0.23589086532592773,0.0021677680779248476
1626,False,9,desk,25,sofa,False,0.5100882053375244,1.033820629119873,0.6797674298286438,0.35405319929122925,0.006067680660635233
1627,False,14,guitar,14,guitar,True,0.9947981834411621,0.043532710522413254,0.03663345053792,0.006899259984493256,2.523883267713245e-06
1628,False,11,dresser,11,dresser,True,0.895607054233551,0.4842030107975006,0.447726845741272,0.03647616505622864,0.0001854922011261806
1629,False,1,bathtub,1,bathtub,True,0.9835233092308044,0.11266375333070755,0.09871377795934677,0.013949975371360779,1.643344330659602e-05
1630,False,30,toilet,30,toilet,True,0.9983196258544922,0.01610342226922512,0.014214113354682922,0.0018893089145421982,2.1034020392107777e-07
1631,False,6,chair,6,chair,True,0.9447863698005676,0.31925567984580994,0.24246050417423248,0.07679517567157745,0.000371296308003366
1632,False,21,plant,19,person,False,0.8085724115371704,0.6998502016067505,0.5950579643249512,0.10479223728179932,0.0010482233483344316
1633,False,14,guitar,14,guitar,True,0.9908624291419983,0.06298878788948059,0.054718080908060074,0.008270706981420517,7.4150839282083325e-06
1634,False,9,desk,9,desk,True,0.5584741234779358,1.465996265411377,1.2981990575790405,0.16779720783233643,0.0019111507572233677
1635,False,1,bathtub,1,bathtub,True,0.9093058705329895,0.40738847851753235,0.2903750538825989,0.11701342463493347,0.0011114245280623436
1636,False,27,stool,27,stool,True,0.7838034629821777,0.7790592312812805,0.6472532153129578,0.13180601596832275,0.001449967036023736
1637,False,25,sofa,25,sofa,True,0.9986734986305237,0.01273186132311821,0.011380384676158428,0.0013514766469597816,1.4490483124518505e-07
1638,False,25,sofa,20,piano,False,0.3415844738483429,1.633500099182129,1.4116767644882202,0.2218233346939087,0.002818239154294133
1639,False,9,desk,9,desk,True,0.2791040539741516,1.876168966293335,1.6515883207321167,0.22458064556121826,0.002244042931124568
1640,False,30,toilet,30,toilet,True,0.9989304542541504,0.010400332510471344,0.009082007221877575,0.001318325288593769,8.101528692350257e-08
1641,False,0,airplane,0,airplane,True,0.9994348287582397,0.006010857410728931,0.0050349971279501915,0.0009758602827787399,4.556330068794523e-08
1642,False,11,dresser,11,dresser,True,0.45836493372917175,1.0880409479141235,0.9921196699142456,0.09592127799987793,0.001614901120774448
1643,False,25,sofa,25,sofa,True,0.9969392418861389,0.025974921882152557,0.02338421158492565,0.002590710297226906,5.289906539474032e-07
1644,False,31,tv_stand,31,tv_stand,True,0.9402734637260437,0.3176843523979187,0.27924227714538574,0.03844207525253296,0.0001406003866577521
1645,False,0,airplane,0,airplane,True,0.9974460005760193,0.022675257176160812,0.019668376073241234,0.0030068811029195786,5.764383672612894e-07
1646,False,23,range_hood,23,range_hood,True,0.9565689563751221,0.19607013463974,0.16320648789405823,0.03286364674568176,0.00022110281861387193
1647,False,0,airplane,0,airplane,True,0.9974406361579895,0.024037718772888184,0.018468158319592476,0.005569560453295708,3.0392420740099624e-06
1648,False,28,table,28,table,True,0.8017479181289673,0.6844494342803955,0.6134372353553772,0.07101219892501831,0.0007462344947271049
1649,False,5,car,5,car,True,0.9989140033721924,0.009990835562348366,0.008843409828841686,0.0011474257335066795,9.713861004456703e-08
1650,False,16,mantel,16,mantel,True,0.9945873022079468,0.043721072375774384,0.03862007334828377,0.005100999027490616,1.6428864455519943e-06
1651,False,32,vase,21,plant,False,0.30649349093437195,1.7081466913223267,1.4402929544448853,0.2678537368774414,0.002947815228253603
1652,False,16,mantel,16,mantel,True,0.9383679628372192,0.353204607963562,0.31635650992393494,0.036848098039627075,9.852258517639711e-05
1653,False,16,mantel,16,mantel,True,0.9657324552536011,0.22241759300231934,0.20059740543365479,0.02182018756866455,3.4993347071576864e-05
1654,False,0,airplane,0,airplane,True,0.9996275305747986,0.003963456954807043,0.003411829937249422,0.000551627017557621,2.477444738246959e-08
1655,False,1,bathtub,1,bathtub,True,0.9974084496498108,0.023744624108076096,0.02094176411628723,0.002802859991788864,2.7928990675718524e-07
1656,False,13,glass_box,13,glass_box,True,0.9912523627281189,0.06635895371437073,0.05073028430342674,0.015628669410943985,1.9455917936284095e-05
1657,False,5,car,5,car,True,0.9901410937309265,0.0733741819858551,0.061946429312229156,0.011427752673625946,1.0040700544777792e-05
1658,False,22,radio,22,radio,True,0.9741512537002563,0.16500821709632874,0.1293380856513977,0.03567013144493103,7.22599434084259e-05
1659,False,21,plant,21,plant,True,0.600297749042511,1.3136581182479858,1.0104373693466187,0.3032207489013672,0.0036596949212253094
1660,False,6,chair,6,chair,True,0.9964106678962708,0.03154970332980156,0.025316402316093445,0.006233301013708115,3.298492629255634e-06
1661,False,4,bookshelf,4,bookshelf,True,0.7374261021614075,1.0417883396148682,0.8846124410629272,0.15717589855194092,0.0018049725331366062
1662,False,11,dresser,11,dresser,True,0.884627640247345,0.5772939920425415,0.4849599599838257,0.09233403205871582,0.00042930731433443725
1663,False,1,bathtub,25,sofa,False,0.4949522316455841,1.3796629905700684,1.1330393552780151,0.24662363529205322,0.0034076031297445297
1664,False,3,bench,9,desk,False,0.7142149209976196,1.1729093790054321,1.0269256830215454,0.14598369598388672,0.0011836745543405414
1665,False,9,desk,9,desk,True,0.9870834350585938,0.08515220880508423,0.057503607124090195,0.027648601680994034,3.207284680684097e-05
1666,False,6,chair,6,chair,True,0.9773612022399902,0.13203629851341248,0.09256242960691452,0.039473868906497955,0.0001360927417408675
1667,False,21,plant,21,plant,True,0.8587794303894043,0.487027108669281,0.4280029535293579,0.059024155139923096,0.0005597889539785683
1668,False,32,vase,32,vase,True,0.5890510082244873,0.7427943348884583,0.6794748902320862,0.06331944465637207,0.0014161312719807029
1669,False,2,bed,2,bed,True,0.9222348928451538,0.33576053380966187,0.237833634018898,0.09792689979076385,0.001030040206387639
1670,False,5,car,5,car,True,0.9539302587509155,0.28326910734176636,0.23583513498306274,0.04743397235870361,0.00016448930546175689
1671,False,31,tv_stand,31,tv_stand,True,0.6601317524909973,1.3024559020996094,1.1851437091827393,0.11731219291687012,0.000691165158059448
1672,False,8,curtain,21,plant,False,0.4143730700016022,1.1451858282089233,0.9557018280029297,0.18948400020599365,0.003251787507906556
1673,False,13,glass_box,13,glass_box,True,0.9896882176399231,0.078819140791893,0.06327003240585327,0.015549108386039734,1.2712438547168858e-05
1674,False,21,plant,21,plant,True,0.4892308712005615,1.0788459777832031,0.8513997197151184,0.22744625806808472,0.0035024250391870737
1675,False,25,sofa,25,sofa,True,0.9987664818763733,0.011294715106487274,0.010148691013455391,0.0011460240930318832,1.0372858838536558e-07
1676,False,4,bookshelf,4,bookshelf,True,0.832073450088501,0.8698664307594299,0.7845470309257507,0.0853193998336792,0.00034022805630229414
1677,False,11,dresser,11,dresser,True,0.7750193476676941,0.8015329241752625,0.7466714382171631,0.054861485958099365,0.00039788676076568663
1678,False,34,xbox,4,bookshelf,False,0.25034505128860474,1.888676643371582,1.5741314888000488,0.3145451545715332,0.0030323853716254234
1679,False,6,chair,6,chair,True,0.9984760880470276,0.014136864803731441,0.01151369046419859,0.002623174339532852,5.122187189954275e-07
1680,False,13,glass_box,13,glass_box,True,0.9956174492835999,0.03730955347418785,0.03180723264813423,0.005502320826053619,1.8222307289761375e-06
1681,False,11,dresser,11,dresser,True,0.8881438374519348,0.5565608739852905,0.520376980304718,0.03618389368057251,0.00014178648416418582
1682,False,31,tv_stand,28,table,False,0.47930896282196045,1.3862383365631104,1.2147082090377808,0.1715301275253296,0.0022681925911456347
1683,False,28,table,28,table,True,0.8463878035545349,0.5426015853881836,0.44931498169898987,0.09328660368919373,0.001002948498353362
1684,False,16,mantel,16,mantel,True,0.9743415117263794,0.13835562765598297,0.11824286729097366,0.020112760365009308,4.753613393404521e-05
1685,False,28,table,28,table,True,0.8045629858970642,0.6116762161254883,0.5233266949653625,0.08834952116012573,0.001264156075194478
1686,False,13,glass_box,13,glass_box,True,0.618656575679779,1.265315055847168,1.1417644023895264,0.1235506534576416,0.0013741380535066128
1687,False,24,sink,24,sink,True,0.7169210910797119,1.3037474155426025,1.1329264640808105,0.170820951461792,0.0009710870799608529
1688,False,14,guitar,14,guitar,True,0.9159661531448364,0.37028855085372925,0.32241684198379517,0.04787170886993408,0.00029620862915180624
1689,False,5,car,5,car,True,0.9925227165222168,0.05943029746413231,0.048303138464689255,0.011127158999443054,9.415632121090312e-06
1690,False,9,desk,9,desk,True,0.6233962774276733,1.0764468908309937,0.7745161056518555,0.3019307851791382,0.004630716051906347
1691,False,14,guitar,14,guitar,True,0.9767067432403564,0.15382622182369232,0.1082400381565094,0.04558618366718292,0.00010156631469726562
1692,False,31,tv_stand,31,tv_stand,True,0.8163304328918457,0.5402717590332031,0.4778818190097809,0.06238994002342224,0.0008053433848544955
1693,False,32,vase,22,radio,False,0.46291303634643555,1.5770280361175537,1.2167727947235107,0.36025524139404297,0.004213700070977211
1694,False,5,car,5,car,True,0.9977284073829651,0.020909594371914864,0.018981751054525375,0.0019278433173894882,2.1413546846815734e-07
1695,False,28,table,28,table,True,0.8312402367591858,0.5789709091186523,0.5008206367492676,0.07815027236938477,0.0008857634384185076
1696,False,23,range_hood,23,range_hood,True,0.6998225450515747,0.9237567186355591,0.780465841293335,0.14329087734222412,0.002365590538829565
1697,False,2,bed,2,bed,True,0.9398767352104187,0.28294244408607483,0.23689742386341095,0.04604502022266388,0.0002012066834140569
1698,False,31,tv_stand,31,tv_stand,True,0.6965157985687256,1.2240872383117676,1.079248309135437,0.14483892917633057,0.0009437541011720896
1699,False,18,night_stand,31,tv_stand,False,0.47588086128234863,1.5776642560958862,1.3663429021835327,0.21132135391235352,0.0021012381184846163
1700,False,23,range_hood,23,range_hood,True,0.9780738949775696,0.13612768054008484,0.12026888877153397,0.015858791768550873,2.29066517931642e-05
1701,False,20,piano,20,piano,True,0.9912441968917847,0.06640705466270447,0.05325005203485489,0.013157002627849579,1.4163790183374658e-05
1702,False,0,airplane,0,airplane,True,0.9870014786720276,0.08667676150798798,0.05441731959581375,0.032259441912174225,0.000105752405943349
1703,False,32,vase,32,vase,True,0.7614171504974365,0.692419171333313,0.6410727500915527,0.051346421241760254,0.0005673078703694046
1704,False,30,toilet,30,toilet,True,0.9983408451080322,0.01582331582903862,0.01388076227158308,0.0019425535574555397,1.9738186551876424e-07
1705,False,22,radio,13,glass_box,False,0.5478782653808594,1.2802271842956543,1.1018387079238892,0.17838847637176514,0.0024846468586474657
1706,False,6,chair,6,chair,True,0.999160647392273,0.008463289588689804,0.007729797158390284,0.0007334924302995205,4.048642665566149e-08
1707,False,14,guitar,14,guitar,True,0.9930373430252075,0.05415112152695656,0.047839246690273285,0.006311874836683273,2.2605424874200253e-06
1708,False,28,table,28,table,True,0.9127245545387268,0.35531508922576904,0.33452108502388,0.020794004201889038,0.00011683956836350262
1709,False,27,stool,21,plant,False,0.6746842861175537,1.0816911458969116,0.909491777420044,0.17219936847686768,0.0019814069382846355
1710,False,6,chair,27,stool,False,0.6436884999275208,1.0648188591003418,0.8827348351478577,0.18208402395248413,0.002230304293334484
1711,False,29,tent,29,tent,True,0.8014689087867737,0.8575834035873413,0.7386367917060852,0.1189466118812561,0.0007958729402162135
1712,False,20,piano,20,piano,True,0.9235750436782837,0.42217785120010376,0.36968106031417847,0.05249679088592529,0.00019832451653201133
1713,False,17,monitor,17,monitor,True,0.48531633615493774,1.6142785549163818,1.409244179725647,0.20503437519073486,0.0021621661726385355
1714,False,3,bench,3,bench,True,0.7914417386054993,0.8418400287628174,0.5632091164588928,0.27863091230392456,0.0025450079701840878
1715,False,4,bookshelf,4,bookshelf,True,0.804105281829834,0.7280967235565186,0.6458090543746948,0.08228766918182373,0.000809315824881196
1716,False,9,desk,9,desk,True,0.9710609912872314,0.18213598430156708,0.160965695977211,0.02117028832435608,3.5389792174100876e-05
1717,False,25,sofa,25,sofa,True,0.9989288449287415,0.010518422350287437,0.009253292344510555,0.0012651300057768822,1.4299530448624864e-07
1718,False,32,vase,32,vase,True,0.9242281913757324,0.33637735247612,0.31190425157546997,0.024473100900650024,7.491460564779118e-05
1719,False,3,bench,3,bench,True,0.49460747838020325,1.894012212753296,1.329634428024292,0.5643777847290039,0.004904014524072409
1720,False,32,vase,32,vase,True,0.893285870552063,0.3515051007270813,0.33254873752593994,0.018956363201141357,0.00021139690943527967
1721,False,31,tv_stand,31,tv_stand,True,0.4866776466369629,1.6917610168457031,1.2020518779754639,0.48970913887023926,0.0051289936527609825
1722,False,30,toilet,30,toilet,True,0.9943095445632935,0.04886653646826744,0.040291089564561844,0.008575446903705597,4.985323357686866e-06
1723,False,31,tv_stand,31,tv_stand,True,0.8461494445800781,0.7323795557022095,0.6376580595970154,0.09472149610519409,0.0005511545459739864
1724,False,0,airplane,0,airplane,True,0.4298129677772522,1.7303178310394287,1.3949586153030396,0.33535921573638916,0.00365616986528039
1725,False,22,radio,17,monitor,False,0.4745792746543884,1.641672134399414,1.3221369981765747,0.31953513622283936,0.0038489787839353085
1726,False,2,bed,2,bed,True,0.9213552474975586,0.35502660274505615,0.31123989820480347,0.043786704540252686,0.0003304178826510906
1727,False,24,sink,24,sink,True,0.7677189111709595,0.7632642984390259,0.6306347250938416,0.13262957334518433,0.0017058461671695113
1728,False,17,monitor,17,monitor,True,0.9967406392097473,0.02696346491575241,0.023762499913573265,0.003200965002179146,8.319947824020346e-07
1729,False,16,mantel,16,mantel,True,0.9921301603317261,0.05735870450735092,0.04671095311641693,0.01064775139093399,7.998130058695097e-06
1730,False,30,toilet,30,toilet,True,0.9992021322250366,0.00833874475210905,0.007057499140501022,0.0012812456116080284,7.245039057579561e-08
1731,False,34,xbox,33,wardrobe,False,0.45568764209747314,1.1170734167099,1.0164624452590942,0.10061097145080566,0.0013142235111445189
1732,False,16,mantel,16,mantel,True,0.846438467502594,0.6400136947631836,0.5547998547554016,0.08521384000778198,0.0005610636435449123
1733,False,16,mantel,16,mantel,True,0.9824874401092529,0.10537834465503693,0.09001711755990982,0.015361227095127106,2.7752148525905795e-05
1734,False,18,night_stand,18,night_stand,True,0.20711718499660492,2.2857370376586914,2.084728956222534,0.20100808143615723,0.0012425960740074515
1735,False,6,chair,6,chair,True,0.9985116124153137,0.011980874463915825,0.010838023386895657,0.0011428510770201683,2.865299109089392e-07
1736,False,21,plant,21,plant,True,0.7891854643821716,0.6255042552947998,0.5820012092590332,0.0435030460357666,0.0004638183454517275
1737,False,14,guitar,14,guitar,True,0.9849046468734741,0.10915692895650864,0.08683724701404572,0.02231968194246292,2.50205303018447e-05
1738,False,6,chair,6,chair,True,0.9999216794967651,0.0009799088584259152,0.0008767590625211596,0.00010314979590475559,5.724245522031879e-10
1739,False,21,plant,21,plant,True,0.7459016442298889,0.9431524872779846,0.788540244102478,0.1546122431755066,0.001623519230633974
1740,False,2,bed,2,bed,True,0.9996466636657715,0.0035764933563768864,0.0031145517714321613,0.00046194158494472504,2.295350931547091e-08
1741,False,34,xbox,34,xbox,True,0.7434945702552795,1.0945446491241455,0.8467118740081787,0.2478327751159668,0.0020253502298146486
1742,False,25,sofa,25,sofa,True,0.9106748700141907,0.37486743927001953,0.2993255853652954,0.07554185390472412,0.0006519402959384024
1743,False,8,curtain,8,curtain,True,0.6449258923530579,0.9703214168548584,0.8861621022224426,0.08415931463241577,0.0009201656794175506
1744,False,16,mantel,16,mantel,True,0.9965289235115051,0.0301101952791214,0.02487269788980484,0.005237497389316559,2.5985355023294687e-06
1745,False,33,wardrobe,16,mantel,False,0.3016775846481323,1.911769151687622,1.7034790515899658,0.20829010009765625,0.00203583762049675
1746,False,6,chair,6,chair,True,0.7005892395973206,0.9938608407974243,0.8189589381217957,0.17490190267562866,0.002191141014918685
1747,False,18,night_stand,11,dresser,False,0.42199137806892395,1.5896731615066528,1.4620766639709473,0.12759649753570557,0.0012661867076531053
1748,False,14,guitar,14,guitar,True,0.9820584058761597,0.12800708413124084,0.09836617112159729,0.029640913009643555,3.599784758989699e-05
1749,False,21,plant,17,monitor,False,0.4573679268360138,1.274416208267212,0.9844773411750793,0.28993886709213257,0.00434066541492939
1750,False,21,plant,21,plant,True,0.8208103179931641,0.5596933960914612,0.5206798911094666,0.03901350498199463,0.0003739426319953054
1751,False,17,monitor,17,monitor,True,0.9981645345687866,0.01703280210494995,0.015199745073914528,0.0018330570310354233,2.40475401369622e-07
1752,False,20,piano,20,piano,True,0.99532550573349,0.03864312916994095,0.0346752405166626,0.003967888653278351,1.0035516879725037e-06
1753,False,9,desk,28,table,False,0.6712890863418579,0.8123279213905334,0.7472655773162842,0.06506234407424927,0.0010280230781063437
1754,False,16,mantel,16,mantel,True,0.8928865790367126,0.5531365275382996,0.46925193071365356,0.083884596824646,0.00041418621549382806
1755,False,11,dresser,11,dresser,True,0.943244218826294,0.3205946683883667,0.2880602180957794,0.03253445029258728,6.386214954545721e-05
1756,False,4,bookshelf,4,bookshelf,True,0.9897582530975342,0.07862427830696106,0.06713682413101196,0.011487454175949097,7.952738997119013e-06
1757,False,31,tv_stand,31,tv_stand,True,0.8774441480636597,0.5211578011512756,0.41321927309036255,0.10793852806091309,0.0008876969804987311
1758,False,18,night_stand,18,night_stand,True,0.7906584143638611,0.650094747543335,0.5466864705085754,0.10340827703475952,0.0015407836763188243
1759,False,14,guitar,14,guitar,True,0.9878058433532715,0.08687517791986465,0.07306133210659027,0.013813845813274384,1.1546131645445712e-05
1760,False,11,dresser,11,dresser,True,0.9154824018478394,0.4426042437553406,0.40409335494041443,0.03851088881492615,0.00012476832489483058
1761,False,17,monitor,17,monitor,True,0.49332359433174133,1.827179193496704,1.4844332933425903,0.34274590015411377,0.0033010891638696194
1762,False,9,desk,9,desk,True,0.8504859209060669,0.7048057317733765,0.5702010989189148,0.13460463285446167,0.0009021684527397156
1763,False,18,night_stand,11,dresser,False,0.44813960790634155,1.2886443138122559,1.2042090892791748,0.08443522453308105,0.0011061538243666291
1764,False,15,lamp,21,plant,False,0.7670590877532959,0.7149860858917236,0.6565550565719604,0.058431029319763184,0.0005545816384255886
1765,False,27,stool,26,stairs,False,0.5239585041999817,1.5872801542282104,1.2787398099899292,0.30854034423828125,0.003049821127206087
1766,False,34,xbox,34,xbox,True,0.5002054572105408,1.302866816520691,1.1715693473815918,0.13129746913909912,0.0015731594758108258
1767,False,28,table,28,table,True,0.7263233065605164,0.704196572303772,0.6000108122825623,0.10418576002120972,0.0018419368425384164
1768,False,20,piano,29,tent,False,0.42229458689689636,1.9335020780563354,1.6395727396011353,0.2939293384552002,0.0023011653684079647
1769,False,0,airplane,0,airplane,True,0.9996846914291382,0.0033488634508103132,0.002813155995681882,0.0005357074551284313,2.7266132462955284e-08
1770,False,3,bench,3,bench,True,0.9847831130027771,0.10435672104358673,0.07708761841058731,0.02726910263299942,4.5300792407942936e-05
1771,False,5,car,5,car,True,0.8449919819831848,0.5439134836196899,0.34063720703125,0.20327627658843994,0.0027364427223801613
1772,False,28,table,9,desk,False,0.5582312941551208,1.3601021766662598,1.147007942199707,0.21309423446655273,0.002438670489937067
1773,False,32,vase,32,vase,True,0.9520223736763,0.2043272852897644,0.19572299718856812,0.008604288101196289,3.74880364688579e-05
1774,False,24,sink,24,sink,True,0.9706746935844421,0.1790010631084442,0.15571795403957367,0.023283109068870544,4.609818643075414e-05
1775,False,31,tv_stand,31,tv_stand,True,0.712475597858429,1.061880111694336,0.7154184579849243,0.3464616537094116,0.0036596280988305807
1776,False,5,car,5,car,True,0.997410774230957,0.022542748600244522,0.01828983798623085,0.004252910614013672,1.0561194585534395e-06
1777,False,5,car,5,car,True,0.8108867406845093,0.7253618240356445,0.5823682546615601,0.14299356937408447,0.0012441377621144056
1778,False,29,tent,29,tent,True,0.5937924385070801,1.1737775802612305,0.9675227403640747,0.20625483989715576,0.002762789838016033
1779,False,28,table,28,table,True,0.9824008941650391,0.12020862102508545,0.10199522972106934,0.018213391304016113,1.694561433396302e-05
1780,False,10,door,10,door,True,0.9830706715583801,0.0991000384092331,0.08796781301498413,0.011132225394248962,1.834271097322926e-05
1781,False,5,car,5,car,True,0.9986098408699036,0.013306880369782448,0.012097883969545364,0.0012089964002370834,6.87564707391175e-08
1782,False,17,monitor,17,monitor,True,0.996472954750061,0.02937941998243332,0.025171590968966484,0.004207829013466835,1.741153710099752e-06
1783,False,14,guitar,14,guitar,True,0.9908280372619629,0.062077656388282776,0.054489750415086746,0.00758790597319603,6.016405222908361e-06
1784,False,14,guitar,14,guitar,True,0.6142117381095886,1.0204596519470215,0.830927312374115,0.1895323395729065,0.0031122625805437565
1785,False,30,toilet,30,toilet,True,0.989342451095581,0.0807722955942154,0.06220170482993126,0.018570590764284134,2.2142810848890804e-05
1786,False,20,piano,20,piano,True,0.8549724221229553,0.7873513698577881,0.7037063837051392,0.08364498615264893,0.00037448303191922605
1787,False,28,table,28,table,True,0.8650697469711304,0.48844677209854126,0.40392234921455383,0.08452442288398743,0.0008985536405816674
1788,False,10,door,10,door,True,0.7695460915565491,0.6796211004257202,0.6078205704689026,0.07180052995681763,0.0007243858999572694
1789,False,10,door,10,door,True,0.9458816647529602,0.23919247090816498,0.21737661957740784,0.02181585133075714,9.74623326328583e-05
1790,False,31,tv_stand,31,tv_stand,True,0.6137517690658569,1.5753039121627808,1.4065778255462646,0.1687260866165161,0.0011783643858507276
1791,False,4,bookshelf,8,curtain,False,0.4643040895462036,1.085344910621643,0.9963748455047607,0.08897006511688232,0.0013328857021406293
1792,False,9,desk,9,desk,True,0.9454761147499084,0.2676945924758911,0.23145464062690735,0.036239951848983765,0.00017123589350376278
1793,False,23,range_hood,20,piano,False,0.43131494522094727,1.6833422183990479,1.2989788055419922,0.38436341285705566,0.004200673662126064
1794,False,26,stairs,26,stairs,True,0.3890039324760437,1.5155971050262451,1.1731045246124268,0.34249258041381836,0.00461217388510704
1795,False,31,tv_stand,31,tv_stand,True,0.8622288703918457,0.5428025722503662,0.46724364161491394,0.07555893063545227,0.0005910865729674697
1796,False,31,tv_stand,31,tv_stand,True,0.7507519125938416,0.7801986932754517,0.5918973088264465,0.18830138444900513,0.002624727552756667
1797,False,2,bed,2,bed,True,0.9981080889701843,0.016256358474493027,0.013154583051800728,0.003101775422692299,7.598492288707348e-07
1798,False,5,car,5,car,True,0.9775869250297546,0.13594144582748413,0.09053674340248108,0.04540470242500305,0.00018511612142901868
1799,False,9,desk,9,desk,True,0.40540722012519836,1.5884506702423096,1.2916324138641357,0.29681825637817383,0.0037072531413286924
1800,False,5,car,5,car,True,0.9747745394706726,0.14326211810112,0.09410727769136429,0.04915484040975571,0.0002427281579002738
1801,False,16,mantel,16,mantel,True,0.9950278997421265,0.0384799987077713,0.034595634788274765,0.0038843639194965363,1.4242780252970988e-06
1802,False,21,plant,21,plant,True,0.7434177398681641,0.7007741928100586,0.6367293000221252,0.06404489278793335,0.0007229760522022843
1803,False,28,table,28,table,True,0.5303686857223511,1.4575382471084595,1.283159613609314,0.1743786334991455,0.0015053806127980351
1804,False,23,range_hood,23,range_hood,True,0.9612095355987549,0.20599687099456787,0.1731804609298706,0.032816410064697266,0.0001333628606516868
1805,False,19,person,19,person,True,0.4916560649871826,1.1442081928253174,0.9288007020950317,0.21540749073028564,0.002594489837065339
1806,False,25,sofa,25,sofa,True,0.9855307936668396,0.09789922833442688,0.08948197960853577,0.008417248725891113,6.4887781263678335e-06
1807,False,16,mantel,16,mantel,True,0.9858607649803162,0.09357607364654541,0.08255047351121902,0.011025600135326385,1.0297998414898757e-05
1808,False,31,tv_stand,31,tv_stand,True,0.5040861368179321,1.5425337553024292,1.344033122062683,0.1985006332397461,0.0021286255214363337
1809,False,28,table,28,table,True,0.4284479022026062,1.4067732095718384,1.2254282236099243,0.18134498596191406,0.002177019137889147
1810,False,4,bookshelf,4,bookshelf,True,0.509391725063324,1.5823428630828857,1.4112305641174316,0.1711122989654541,0.0018331591272726655
1811,False,23,range_hood,23,range_hood,True,0.5025712847709656,1.4604451656341553,1.1446325778961182,0.3158125877380371,0.0037781016435474157
1812,False,5,car,5,car,True,0.9742114543914795,0.14468181133270264,0.11364780366420746,0.031034007668495178,0.00010947285772999749
1813,False,16,mantel,16,mantel,True,0.9894424676895142,0.0775655210018158,0.07004517316818237,0.007520347833633423,4.538915163720958e-06
1814,False,14,guitar,14,guitar,True,0.9396184682846069,0.28412121534347534,0.2439287006855011,0.04019251465797424,0.00021053769160062075
1815,False,17,monitor,17,monitor,True,0.9669328927993774,0.1921631246805191,0.14830714464187622,0.04385598003864288,0.00012912318925373256
1816,False,17,monitor,23,range_hood,False,0.5331718921661377,1.6506588459014893,1.3740302324295044,0.27662861347198486,0.002481894101947546
1817,False,28,table,28,table,True,0.9961896538734436,0.0319497287273407,0.028021190315485,0.003928538411855698,7.036046554276254e-07
1818,False,21,plant,21,plant,True,0.878332257270813,0.4679259657859802,0.4246436655521393,0.04328230023384094,0.0002994313254021108
1819,False,31,tv_stand,25,sofa,False,0.5586420297622681,1.2843958139419556,1.0489177703857422,0.23547804355621338,0.003190520452335477
1820,False,2,bed,2,bed,True,0.4620746970176697,1.257674217224121,1.0460039377212524,0.21167027950286865,0.003270894754678011
1821,False,21,plant,21,plant,True,0.2994900345802307,2.0253005027770996,1.495972990989685,0.5293275117874146,0.0048346733674407005
1822,False,23,range_hood,23,range_hood,True,0.950710117816925,0.27390193939208984,0.22532948851585388,0.04857245087623596,0.0001593028282513842
1823,False,32,vase,32,vase,True,0.9415011405944824,0.2784406840801239,0.24539875984191895,0.033041924238204956,0.0001211509807035327
1824,False,7,cone,7,cone,True,0.9916986227035522,0.058666348457336426,0.048625145107507706,0.01004120334982872,9.409962331119459e-06
1825,False,25,sofa,25,sofa,True,0.9301943182945251,0.3766445517539978,0.3360048234462738,0.040639728307724,9.732401667861268e-05
1826,False,32,vase,32,vase,True,0.9484601616859436,0.22151313722133636,0.20789657533168793,0.013616561889648438,6.469290383392945e-05
1827,False,0,airplane,0,airplane,True,0.9927448034286499,0.056185074150562286,0.04342580959200859,0.012759264558553696,7.400398772006156e-06
1828,False,6,chair,6,chair,True,0.9961469769477844,0.032879479229450226,0.02619156241416931,0.006687916815280914,4.126416115468601e-06
1829,False,9,desk,9,desk,True,0.9945344924926758,0.04020874202251434,0.031178845092654228,0.009029896929860115,8.319128937728237e-06
1830,False,2,bed,2,bed,True,0.981519877910614,0.11995591223239899,0.09803122282028198,0.021924689412117004,4.134375922149047e-05
1831,False,21,plant,19,person,False,0.6814382672309875,0.9876348972320557,0.8348314166069031,0.1528034806251526,0.0020392981823533773
1832,False,20,piano,21,plant,False,0.19998781383037567,2.108564853668213,1.7536284923553467,0.3549363613128662,0.0030093747191131115
1833,False,20,piano,25,sofa,False,0.5192340016365051,1.1325877904891968,0.800058901309967,0.33252888917922974,0.005565007217228413
1834,False,32,vase,32,vase,True,0.5365272164344788,1.5385922193527222,1.3548818826675415,0.18371033668518066,0.001508026267401874
1835,False,17,monitor,17,monitor,True,0.9985712766647339,0.013195483013987541,0.011691072955727577,0.001504410058259964,1.8390308298421587e-07
1836,False,25,sofa,25,sofa,True,0.9991194009780884,0.008844933472573757,0.008150137029588223,0.0006947964429855347,3.4530675208088724e-08
1837,False,16,mantel,16,mantel,True,0.9941932559013367,0.04533270001411438,0.0390598326921463,0.006272867321968079,3.2050272693595616e-06
1838,False,6,chair,6,chair,True,0.9970036745071411,0.025870200246572495,0.021522335708141327,0.004347864538431168,1.190776856674347e-06
1839,False,25,sofa,25,sofa,True,0.9742854237556458,0.1363486498594284,0.11660686135292053,0.019741788506507874,6.891247176099569e-05
1840,False,23,range_hood,23,range_hood,True,0.6332116723060608,0.7097563743591309,0.6129209995269775,0.09683537483215332,0.002289352472871542
1841,False,17,monitor,17,monitor,True,0.2573637068271637,1.983203649520874,1.6719558238983154,0.3112478256225586,0.003113164333626628
1842,False,13,glass_box,11,dresser,False,0.7900777459144592,0.8791986703872681,0.7710440754890442,0.10815459489822388,0.0008111366187222302
1843,False,33,wardrobe,33,wardrobe,True,0.6082138419151306,1.1694716215133667,1.0144155025482178,0.15505611896514893,0.0016822409816086292
1844,False,0,airplane,0,airplane,True,0.9991275668144226,0.00877375341951847,0.00752972811460495,0.0012440253049135208,9.824439928252104e-08
1845,False,20,piano,26,stairs,False,0.34869107604026794,2.1881656646728516,1.8270766735076904,0.36108899116516113,0.002415390219539404
1846,False,28,table,28,table,True,0.9909451603889465,0.0650690421462059,0.0563434474170208,0.008725594729185104,5.546397460420849e-06
1847,False,3,bench,28,table,False,0.6750618815422058,0.8088923692703247,0.7224047183990479,0.08648765087127686,0.0015467264456674457
1848,False,13,glass_box,13,glass_box,True,0.5298599004745483,1.3894141912460327,1.215070128440857,0.17434406280517578,0.002177820075303316
1849,False,32,vase,32,vase,True,0.9504261016845703,0.21316802501678467,0.2014586180448532,0.011709406971931458,4.6500234020641074e-05
1850,False,12,flower_pot,21,plant,False,0.45959678292274475,1.0590482950210571,0.9563203454017639,0.10272794961929321,0.0010663751745596528
1851,False,31,tv_stand,31,tv_stand,True,0.9198375940322876,0.44431185722351074,0.3910437226295471,0.05326813459396362,0.00016082258662208915
1852,False,22,radio,22,radio,True,0.3519025444984436,1.8578991889953613,1.6874014139175415,0.17049777507781982,0.001446375041268766
1853,False,26,stairs,26,stairs,True,0.9802766442298889,0.12915882468223572,0.11219386756420135,0.016964957118034363,1.8200955310021527e-05
1854,False,32,vase,32,vase,True,0.854938805103302,0.5786766409873962,0.530453085899353,0.04822355508804321,0.0003774590149987489
1855,False,23,range_hood,23,range_hood,True,0.7234755754470825,0.6314548254013062,0.5921021103858948,0.03935271501541138,0.0007878899341449142
1856,False,12,flower_pot,21,plant,False,0.5993207693099976,0.9147570133209229,0.8107352256774902,0.10402178764343262,0.0014123646542429924
1857,False,11,dresser,11,dresser,True,0.7718478441238403,0.8177415728569031,0.717885434627533,0.09985613822937012,0.000996860908344388
1858,False,23,range_hood,23,range_hood,True,0.7792449593544006,0.7781286835670471,0.6956141591072083,0.08251452445983887,0.000952553004026413
1859,False,15,lamp,15,lamp,True,0.9461759328842163,0.2836751937866211,0.2484586536884308,0.03521654009819031,9.898822463583201e-05
1860,False,0,airplane,0,airplane,True,0.9895517826080322,0.07465192675590515,0.05691038817167282,0.01774153858423233,3.3211897971341386e-05
1861,False,28,table,28,table,True,0.5611942410469055,1.1123722791671753,0.8591419458389282,0.25323033332824707,0.00401153601706028
1862,False,25,sofa,25,sofa,True,0.9923475980758667,0.05176706984639168,0.04433264210820198,0.007434427738189697,8.599357897765003e-06
1863,False,32,vase,32,vase,True,0.9632619619369507,0.1797204315662384,0.1701619178056717,0.009558513760566711,2.4318875148310326e-05
1864,False,4,bookshelf,4,bookshelf,True,0.9164870381355286,0.33336341381073,0.27038389444351196,0.06297951936721802,0.0005232664407230914
1865,False,28,table,28,table,True,0.6937093734741211,0.9942029714584351,0.7935466170310974,0.20065635442733765,0.0025372360832989216
1866,False,23,range_hood,23,range_hood,True,0.9387436509132385,0.3383151888847351,0.2843891978263855,0.05392599105834961,0.00019453626009635627
1867,False,17,monitor,17,monitor,True,0.9378042221069336,0.31643813848495483,0.2731255292892456,0.04331260919570923,0.0001841705379774794
1868,False,28,table,28,table,True,0.9440368413925171,0.2736872732639313,0.24913986027240753,0.024547412991523743,8.748031541472301e-05
1869,False,17,monitor,17,monitor,True,0.9547404646873474,0.28013721108436584,0.2467299997806549,0.03340721130371094,5.5027099733706564e-05
1870,False,14,guitar,14,guitar,True,0.9817168712615967,0.11691275238990784,0.0959462821483612,0.02096647024154663,3.882184319081716e-05
1871,False,21,plant,15,lamp,False,0.35118040442466736,1.77235746383667,1.4882415533065796,0.28411591053009033,0.00289109256118536
1872,False,18,night_stand,13,glass_box,False,0.2792653441429138,1.8201403617858887,1.635744333267212,0.18439602851867676,0.0016920847119763494
1873,False,20,piano,27,stool,False,0.4621340334415436,1.741424322128296,1.4016907215118408,0.3397336006164551,0.0030634694267064333
1874,False,13,glass_box,13,glass_box,True,0.9839461445808411,0.1187267154455185,0.08621149510145187,0.03251522034406662,5.2294653869466856e-05
1875,False,20,piano,20,piano,True,0.9969961643218994,0.027010630816221237,0.021292658522725105,0.005717972293496132,1.9323936157888966e-06
1876,False,32,vase,32,vase,True,0.6917166709899902,0.9527984857559204,0.8539428114891052,0.09885567426681519,0.0012313557090237737
1877,False,14,guitar,14,guitar,True,0.9592956304550171,0.22726790606975555,0.1607576161623001,0.06651028990745544,0.0004107372078578919
1878,False,17,monitor,27,stool,False,0.428133487701416,1.976865530014038,1.7723486423492432,0.20451688766479492,0.0014253880362957716
1879,False,13,glass_box,13,glass_box,True,0.9856682419776917,0.1038087010383606,0.07468312233686447,0.029125578701496124,5.9491849242476746e-05
1880,False,16,mantel,16,mantel,True,0.9870264530181885,0.09587328135967255,0.08267194032669067,0.013201341032981873,9.343521924165543e-06
1881,False,17,monitor,17,monitor,True,0.9984535574913025,0.014415157958865166,0.013107066042721272,0.0013080919161438942,1.435690393236655e-07
1882,False,33,wardrobe,33,wardrobe,True,0.5124146342277527,1.7438126802444458,1.3788630962371826,0.3649495840072632,0.0032528117299079895
1883,False,15,lamp,15,lamp,True,0.9953067302703857,0.03480179235339165,0.029990170150995255,0.004811622202396393,1.7667658767095418e-06
1884,False,5,car,5,car,True,0.9965211749076843,0.02897235006093979,0.026519646868109703,0.0024527031928300858,4.613610542492097e-07
1885,False,31,tv_stand,31,tv_stand,True,0.3320695757865906,1.8916035890579224,1.51543390750885,0.37616968154907227,0.003711101831868291
1886,False,5,car,5,car,True,0.9893765449523926,0.06509087234735489,0.04484773427248001,0.020243138074874878,4.221570634399541e-05
1887,False,32,vase,32,vase,True,0.9200686812400818,0.3601607084274292,0.3363580107688904,0.02380269765853882,0.00010960785584757105
1888,False,20,piano,20,piano,True,0.9133267402648926,0.4226142466068268,0.3714553117752075,0.05115893483161926,0.00022132160665933043
1889,False,4,bookshelf,4,bookshelf,True,0.8471159934997559,0.7121140360832214,0.5906856060028076,0.12142843008041382,0.0008055698126554489
1890,False,20,piano,20,piano,True,0.9529419541358948,0.26729291677474976,0.21515749394893646,0.05213542282581329,0.00022157507191877812
1891,False,6,chair,6,chair,True,0.38616931438446045,1.4298632144927979,1.2353465557098389,0.19451665878295898,0.0027220279444009066
1892,False,9,desk,9,desk,True,0.7175013422966003,1.19780433177948,0.8808863162994385,0.3169180154800415,0.0030581450555473566
1893,False,4,bookshelf,4,bookshelf,True,0.9645763635635376,0.22805526852607727,0.1989365518093109,0.029118716716766357,4.220594200887717e-05
1894,False,16,mantel,16,mantel,True,0.30935537815093994,1.95461106300354,1.7208173274993896,0.2337937355041504,0.0018682816298678517
1895,False,13,glass_box,13,glass_box,True,0.5419592261314392,1.3414058685302734,1.178064227104187,0.16334164142608643,0.002192828105762601
1896,False,30,toilet,30,toilet,True,0.996821403503418,0.027539949864149094,0.02418336272239685,0.003356587141752243,6.251534614420962e-07
1897,False,17,monitor,17,monitor,True,0.8197673559188843,0.7282837629318237,0.5928504467010498,0.13543331623077393,0.0013894502772018313
1898,False,14,guitar,14,guitar,True,0.9814844727516174,0.12034042924642563,0.09968201816082001,0.02065841108560562,3.2928994187386706e-05
1899,False,4,bookshelf,4,bookshelf,True,0.9383521676063538,0.35584163665771484,0.27441930770874023,0.08142232894897461,0.0004615116340573877
1900,False,16,mantel,16,mantel,True,0.8833705186843872,0.5603329539299011,0.4591369032859802,0.1011960506439209,0.0007968000718392432
1901,False,21,plant,21,plant,True,0.7466480135917664,0.9273651838302612,0.7994781136512756,0.1278870701789856,0.0012109584640711546
1902,False,19,person,19,person,True,0.8650579452514648,0.6290544271469116,0.4887756109237671,0.14027881622314453,0.0010952717857435346
1903,False,23,range_hood,17,monitor,False,0.5735132694244385,1.3913222551345825,1.1404838562011719,0.25083839893341064,0.002862420165911317
1904,False,27,stool,27,stool,True,0.39693084359169006,1.5112192630767822,1.1769022941589355,0.3343169689178467,0.004445606842637062
1905,False,0,airplane,0,airplane,True,0.9984892010688782,0.014972456730902195,0.013443218544125557,0.001529238186776638,1.3528448050692532e-07
1906,False,21,plant,8,curtain,False,0.42861348390579224,1.130919098854065,0.8944151401519775,0.2365039587020874,0.004193366505205631
1907,False,31,tv_stand,31,tv_stand,True,0.7170363664627075,1.1694425344467163,0.9786542057991028,0.19078832864761353,0.001440307474695146
1908,False,0,airplane,0,airplane,True,0.9900878071784973,0.07955177128314972,0.05940670147538185,0.020145069807767868,3.8316375139402226e-05
1909,False,15,lamp,15,lamp,True,0.47306209802627563,1.5699213743209839,1.3446061611175537,0.22531521320343018,0.0024896557442843914
1910,False,0,airplane,0,airplane,True,0.9946209192276001,0.045383065938949585,0.03893155977129936,0.006451506167650223,2.856968876585597e-06
1911,False,4,bookshelf,4,bookshelf,True,0.7424052357673645,0.919324517250061,0.6604541540145874,0.25887036323547363,0.0031505946535617113
1912,False,20,piano,20,piano,True,0.6234270334243774,1.2399134635925293,0.9852903485298157,0.2546231150627136,0.003281481796875596
1913,False,19,person,16,mantel,False,0.4061535596847534,1.5704717636108398,1.2158366441726685,0.3546351194381714,0.0048940666019916534
1914,False,32,vase,32,vase,True,0.9455763697624207,0.2431367039680481,0.2290811538696289,0.01405555009841919,4.9368070904165506e-05
1915,False,13,glass_box,13,glass_box,True,0.575335681438446,1.3911789655685425,1.2193872928619385,0.171791672706604,0.001698200241662562
1916,False,32,vase,32,vase,True,0.8950773477554321,0.420497328042984,0.3667146563529968,0.05378267168998718,0.00035887103877030313
1917,False,4,bookshelf,4,bookshelf,True,0.5011601448059082,0.929360568523407,0.8064895272254944,0.1228710412979126,0.0023114418145269156
1918,False,30,toilet,30,toilet,True,0.998534083366394,0.013475749641656876,0.012449209578335285,0.0010265400633215904,9.3349555640998e-08
1919,False,31,tv_stand,31,tv_stand,True,0.898622989654541,0.4522249698638916,0.3813118040561676,0.070913165807724,0.0004459920746739954
1920,False,28,table,28,table,True,0.9543784856796265,0.26477760076522827,0.22006860375404358,0.04470899701118469,0.00016639218665659428
1921,False,18,night_stand,18,night_stand,True,0.4874024987220764,1.31499445438385,1.044846534729004,0.2701479196548462,0.003899302566424012
1922,False,0,airplane,0,airplane,True,0.9891005158424377,0.08287306129932404,0.06009693443775177,0.022776126861572266,4.1994360799435526e-05
1923,False,5,car,5,car,True,0.9957923293113708,0.03034786693751812,0.024536222219467163,0.005811644718050957,4.758599970955402e-06
1924,False,17,monitor,17,monitor,True,0.9973527789115906,0.023362740874290466,0.019578946754336357,0.003783794119954109,1.4320631862574373e-06
1925,False,32,vase,32,vase,True,0.9363395571708679,0.2851201593875885,0.2637285590171814,0.021391600370407104,0.00010917694453382865
1926,False,31,tv_stand,31,tv_stand,True,0.8985785841941833,0.5639665126800537,0.48714709281921387,0.07681941986083984,0.00024253666924778372
1927,False,0,airplane,0,airplane,True,0.9955805540084839,0.0360543467104435,0.029122265055775642,0.006932081654667854,4.476031335798325e-06
1928,False,15,lamp,15,lamp,True,0.9390213489532471,0.33564794063568115,0.27198249101638794,0.06366544961929321,0.00025248448946513236
1929,False,25,sofa,24,sink,False,0.3666820228099823,2.249948024749756,1.878186583518982,0.3717614412307739,0.002825346542522311
1930,False,27,stool,26,stairs,False,0.49277591705322266,1.2778971195220947,1.0701717138290405,0.2077254056930542,0.003064736956730485
1931,False,3,bench,10,door,False,0.5482842326164246,1.4919114112854004,1.0437628030776978,0.44814860820770264,0.005648869089782238
1932,False,18,night_stand,18,night_stand,True,0.7096495032310486,1.093235731124878,1.0161288976669312,0.07710683345794678,0.0006792722269892693
1933,False,20,piano,20,piano,True,0.9960396885871887,0.03149646520614624,0.02441321685910225,0.007083248347043991,4.799701400770573e-06
1934,False,1,bathtub,1,bathtub,True,0.9762546420097351,0.13873890042304993,0.11425511538982391,0.024483785033226013,6.851545185782015e-05
1935,False,8,curtain,8,curtain,True,0.7366745471954346,0.9402363300323486,0.7648706436157227,0.17536568641662598,0.001500180922448635
1936,False,34,xbox,2,bed,False,0.9862885475158691,0.09439913183450699,0.07136937975883484,0.02302975207567215,5.8960868045687675e-05
1937,False,17,monitor,17,monitor,True,0.9847440719604492,0.11007404327392578,0.09347157925367355,0.016602464020252228,1.8380906112724915e-05
1938,False,13,glass_box,13,glass_box,True,0.5757737755775452,1.2942838668823242,1.1568189859390259,0.13746488094329834,0.001689651980996132
1939,False,31,tv_stand,4,bookshelf,False,0.8429834842681885,0.4532570242881775,0.40428900718688965,0.04896801710128784,0.0007742596208117902
1940,False,9,desk,9,desk,True,0.7253282070159912,0.8017318844795227,0.6834290623664856,0.11830282211303711,0.0018849020125344396
1941,False,14,guitar,14,guitar,True,0.9905737042427063,0.07063358277082443,0.05604467913508415,0.01458890363574028,9.393696927872952e-06
1942,False,28,table,28,table,True,0.5851780772209167,1.3939356803894043,1.1689988374710083,0.224936842918396,0.002003856934607029
1943,False,31,tv_stand,31,tv_stand,True,0.8240188360214233,0.5517063140869141,0.45436519384384155,0.09734112024307251,0.0012831955682486296
1944,False,20,piano,20,piano,True,0.7079561352729797,0.9886135458946228,0.8218768835067749,0.1667366623878479,0.002260449342429638
1945,False,25,sofa,25,sofa,True,0.9878427386283875,0.08653287589550018,0.07449104636907578,0.012041829526424408,1.397543655912159e-05
1946,False,5,car,5,car,True,0.9990665912628174,0.009180676192045212,0.008020817302167416,0.0011598588898777962,9.477509621547142e-08
1947,False,32,vase,32,vase,True,0.9747539162635803,0.13534332811832428,0.12739582359790802,0.00794750452041626,1.355118820356438e-05
1948,False,17,monitor,17,monitor,True,0.9977845549583435,0.01981479302048683,0.017242349684238434,0.002572443336248398,4.921885761177691e-07
1949,False,32,vase,32,vase,True,0.9335711002349854,0.2949465215206146,0.2779196500778198,0.0170268714427948,6.826773460488766e-05
1950,False,4,bookshelf,4,bookshelf,True,0.8494296073913574,0.495301216840744,0.4337289035320282,0.06157231330871582,0.0007767911301925778
1951,False,3,bench,3,bench,True,0.36417320370674133,1.952671766281128,1.7221953868865967,0.23047637939453125,0.002017141319811344
1952,False,23,range_hood,23,range_hood,True,0.739298939704895,1.1392252445220947,1.0058754682540894,0.13334977626800537,0.0008438702207058668
1953,False,16,mantel,16,mantel,True,0.9853943586349487,0.09923920780420303,0.0826914831995964,0.01654772460460663,1.8232343791169114e-05
1954,False,2,bed,2,bed,True,0.9938681125640869,0.051327042281627655,0.041408758610486984,0.00991828367114067,6.104711246734951e-06
1955,False,9,desk,9,desk,True,0.9762935042381287,0.1501743197441101,0.1315140724182129,0.018660247325897217,2.7741816666093655e-05
1956,False,10,door,10,door,True,0.9775105118751526,0.11656785756349564,0.10564017295837402,0.010927684605121613,2.6511523174121976e-05
1957,False,23,range_hood,23,range_hood,True,0.9496596455574036,0.27718424797058105,0.2025391310453415,0.07464511692523956,0.0003741808468475938
1958,False,12,flower_pot,12,flower_pot,True,0.5866826772689819,0.8522147536277771,0.7204763293266296,0.13173842430114746,0.002447164384648204
1959,False,32,vase,32,vase,True,0.9073834419250488,0.42712974548339844,0.37868890166282654,0.0484408438205719,0.00030290131689980626
1960,False,9,desk,9,desk,True,0.5191608667373657,1.7917811870574951,1.5413193702697754,0.2504618167877197,0.0019841964822262526
1961,False,25,sofa,25,sofa,True,0.9925363063812256,0.05750145763158798,0.048292480409145355,0.009208977222442627,6.348040187731385e-06
1962,False,13,glass_box,13,glass_box,True,0.6668767929077148,1.2220529317855835,1.1101336479187012,0.11191928386688232,0.0009096887661144137
1963,False,32,vase,32,vase,True,0.9421265125274658,0.2780364751815796,0.24450738728046417,0.03352908790111542,0.00011994133819825947
1964,False,0,airplane,0,airplane,True,0.9987984299659729,0.01096040103584528,0.009518983773887157,0.0014414172619581223,2.0716959170385962e-07
1965,False,12,flower_pot,32,vase,False,0.6984809041023254,1.1075186729431152,0.9889540672302246,0.11856460571289062,0.0009198698680847883
1966,False,0,airplane,0,airplane,True,0.9982995390892029,0.01592141203582287,0.013852670788764954,0.0020687412470579147,3.0388957839022623e-07
1967,False,14,guitar,14,guitar,True,0.9481407403945923,0.28210967779159546,0.2389465868473053,0.04316309094429016,0.0001654298248467967
1968,False,31,tv_stand,22,radio,False,0.36565932631492615,1.6798322200775146,1.2843505144119263,0.3954817056655884,0.004249186720699072
1969,False,0,airplane,0,airplane,True,0.9980472326278687,0.017889363691210747,0.015256006270647049,0.002633357420563698,3.55562576714874e-07
1970,False,17,monitor,17,monitor,True,0.9882128238677979,0.08796536922454834,0.07883171737194061,0.009133651852607727,5.967656761640683e-06
1971,False,6,chair,6,chair,True,0.9988983869552612,0.010527312755584717,0.00908229872584343,0.0014450140297412872,1.2875632648956525e-07
1972,False,11,dresser,11,dresser,True,0.8244912624359131,0.7057328820228577,0.629554033279419,0.07617884874343872,0.0006416912656277418
1973,False,11,dresser,18,night_stand,False,0.3807683289051056,1.5406856536865234,1.4335111379623413,0.10717451572418213,0.0009006503387354314
1974,False,16,mantel,16,mantel,True,0.9822250604629517,0.1173364669084549,0.10338429361581802,0.013952173292636871,1.4703341548738535e-05
1975,False,19,person,21,plant,False,0.580818772315979,1.1429189443588257,0.9781367778778076,0.16478216648101807,0.0020816007163375616
1976,False,19,person,19,person,True,0.5086728930473328,1.132369041442871,0.8753529787063599,0.25701606273651123,0.003961176611483097
1977,False,32,vase,32,vase,True,0.9288833737373352,0.2850269079208374,0.27314114570617676,0.011885762214660645,5.408816650742665e-05
1978,False,16,mantel,16,mantel,True,0.9212706685066223,0.3627089560031891,0.28051790595054626,0.08219105005264282,0.0006728637381456792
1979,False,25,sofa,25,sofa,True,0.9844425320625305,0.11636942625045776,0.09371841698884964,0.022651009261608124,3.1850457162363455e-05
1980,False,30,toilet,30,toilet,True,0.9930275678634644,0.05341087281703949,0.042359836399555206,0.011051036417484283,8.200079719244968e-06
1981,False,26,stairs,26,stairs,True,0.9513646364212036,0.2541087567806244,0.17888909578323364,0.07521966099739075,0.0005186437629163265
1982,False,27,stool,27,stool,True,0.8820871114730835,0.5473697185516357,0.43279513716697693,0.11457458138465881,0.00059996556956321
1983,False,5,car,5,car,True,0.8871882557868958,0.4513930678367615,0.31057626008987427,0.1408168077468872,0.0015474773244932294
1984,False,17,monitor,11,dresser,False,0.32296082377433777,1.9392191171646118,1.7123464345932007,0.22687268257141113,0.0021596611477434635
1985,False,14,guitar,14,guitar,True,0.7981173992156982,0.9545949697494507,0.6026416420936584,0.35195332765579224,0.0033297145273536444
1986,False,2,bed,1,bathtub,False,0.5426545739173889,1.3684333562850952,1.1581631898880005,0.21027016639709473,0.0027950576040893793
1987,False,8,curtain,8,curtain,True,0.6181412935256958,0.972902774810791,0.7931116223335266,0.1797911524772644,0.002594050019979477
1988,False,1,bathtub,1,bathtub,True,0.6041423082351685,1.1161985397338867,0.9387750029563904,0.17742353677749634,0.002542500151321292
1989,False,23,range_hood,23,range_hood,True,0.9930962324142456,0.0529073029756546,0.04778251051902771,0.005124792456626892,1.8993305275216699e-06
1990,False,2,bed,2,bed,True,0.9996696710586548,0.0037209144793450832,0.003352590138092637,0.0003683243412524462,6.927845408455369e-09
1991,False,20,piano,20,piano,True,0.9596239328384399,0.26839539408683777,0.2193778157234192,0.04901757836341858,0.00010215110523859039
1992,False,24,sink,24,sink,True,0.9658305644989014,0.2103624790906906,0.16546577215194702,0.04489670693874359,0.00020280656463000923
1993,False,32,vase,32,vase,True,0.9223953485488892,0.3433556854724884,0.2807794511318207,0.06257623434066772,0.0004302937595639378
1994,False,28,table,28,table,True,0.932898998260498,0.3062405288219452,0.277032732963562,0.02920779585838318,0.00015960731252562255
1995,False,16,mantel,16,mantel,True,0.9934774041175842,0.04760192334651947,0.04000311344861984,0.007598809897899628,4.972771876055049e-06
1996,False,30,toilet,30,toilet,True,0.9977872967720032,0.020675593987107277,0.017561951652169228,0.0031136423349380493,5.191515697333671e-07
1997,False,17,monitor,17,monitor,True,0.9970848560333252,0.02606874518096447,0.021474778652191162,0.004593966528773308,1.3217996865932946e-06
1998,False,13,glass_box,11,dresser,False,0.40938639640808105,1.6783396005630493,1.5603114366531372,0.11802816390991211,0.001019833842292428
1999,False,33,wardrobe,33,wardrobe,True,0.5099245309829712,1.4900743961334229,1.2314844131469727,0.2585899829864502,0.002930630464106798
2000,False,23,range_hood,21,plant,False,0.7525638937950134,1.084991455078125,0.8958843350410461,0.18910712003707886,0.0014889328740537167
2001,False,18,night_stand,11,dresser,False,0.4948355555534363,1.0591785907745361,0.9491242170333862,0.1100543737411499,0.001918083056807518
2002,False,13,glass_box,13,glass_box,True,0.41652682423591614,1.3290265798568726,1.2469465732574463,0.08208000659942627,0.0011742134811356664
2003,False,18,night_stand,18,night_stand,True,0.41001036763191223,1.783862590789795,1.6327478885650635,0.15111470222473145,0.001397269545122981
2004,False,21,plant,21,plant,True,0.4458772838115692,1.7036781311035156,1.489315152168274,0.2143629789352417,0.0019830050878226757
2005,False,16,mantel,16,mantel,True,0.9830625057220459,0.10565333813428879,0.09216373413801193,0.013489603996276855,2.6283010811312124e-05
2006,False,0,airplane,0,airplane,True,0.9968339204788208,0.028473300859332085,0.024948684498667717,0.0035246163606643677,7.131898200896103e-07
2007,False,1,bathtub,1,bathtub,True,0.9948573112487793,0.04198675975203514,0.03763171657919884,0.004355043172836304,1.2762972119162441e-06
2008,False,34,xbox,34,xbox,True,0.6259801387786865,1.4905757904052734,1.127846121788025,0.36272966861724854,0.0029153188224881887
2009,False,9,desk,9,desk,True,0.9915278553962708,0.06396159529685974,0.054672542959451675,0.009289052337408066,4.212342901155353e-06
2010,False,2,bed,2,bed,True,0.9978317618370056,0.018285071477293968,0.015535161830484867,0.002749909646809101,6.265809702199476e-07
2011,False,0,airplane,0,airplane,True,0.999472439289093,0.005434171296656132,0.004592301324009895,0.0008418699726462364,4.83732165434958e-08
2012,False,20,piano,20,piano,True,0.9791689515113831,0.12312310189008713,0.1028013527393341,0.02032174915075302,5.0701284635579214e-05
2013,False,5,car,5,car,True,0.9739728569984436,0.16909293830394745,0.12541532516479492,0.04367761313915253,0.00012308204895816743
2014,False,6,chair,6,chair,True,0.9859844446182251,0.08913755416870117,0.07161198556423187,0.0175255686044693,2.5931931304512545e-05
2015,False,17,monitor,17,monitor,True,0.6201521158218384,0.8569276332855225,0.5760796070098877,0.28084802627563477,0.005630416329950094
2016,False,0,airplane,0,airplane,True,0.995061993598938,0.04132285714149475,0.035031646490097046,0.006291210651397705,2.0111299363634316e-06
2017,False,30,toilet,30,toilet,True,0.989168107509613,0.07918238639831543,0.0594368502497673,0.019745536148548126,4.216669185552746e-05
2018,False,13,glass_box,13,glass_box,True,0.9800862073898315,0.1370268017053604,0.10612370818853378,0.03090309351682663,7.580063538625836e-05
2019,False,28,table,28,table,True,0.9810421466827393,0.10944516956806183,0.08942238986492157,0.02002277970314026,6.0350270359776914e-05
2020,False,13,glass_box,13,glass_box,True,0.48085883259773254,1.5392231941223145,1.3293639421463013,0.20985925197601318,0.002147854771465063
2021,False,8,curtain,8,curtain,True,0.8689176440238953,0.5699391961097717,0.3594997227191925,0.21043947339057922,0.0015510744415223598
2022,False,21,plant,15,lamp,False,0.40703877806663513,1.6449533700942993,1.487287163734436,0.15766620635986328,0.0015252276789397001
2023,False,18,night_stand,18,night_stand,True,0.6902405619621277,0.8332192897796631,0.6730014681816101,0.16021782159805298,0.0026864008978009224
2024,False,10,door,10,door,True,0.9767114520072937,0.12440771609544754,0.11598069220781326,0.008427023887634277,1.724805224512238e-05
2025,False,32,vase,32,vase,True,0.6510725617408752,0.9868701696395874,0.910370945930481,0.07649922370910645,0.0007132997852750123
2026,False,9,desk,9,desk,True,0.4507405757904053,1.3833708763122559,1.1826170682907104,0.2007538080215454,0.0029480992816388607
2027,False,13,glass_box,13,glass_box,True,0.9939987659454346,0.04856815189123154,0.04039476439356804,0.008173387497663498,7.167433523136424e-06
2028,False,13,glass_box,13,glass_box,True,0.9251638650894165,0.4335457980632782,0.3207450211048126,0.11280077695846558,0.0005214528064243495
2029,False,18,night_stand,11,dresser,False,0.6033031940460205,0.8891059160232544,0.8305755257606506,0.05853039026260376,0.0009955833666026592
2030,False,13,glass_box,13,glass_box,True,0.6537864804267883,1.118080735206604,0.9490252137184143,0.1690555214881897,0.0023405253887176514
2031,False,18,night_stand,18,night_stand,True,0.8660642504692078,0.5968935489654541,0.49142634868621826,0.10546720027923584,0.0006676586344838142
2032,False,20,piano,20,piano,True,0.8545810580253601,0.6127710342407227,0.4483490288257599,0.16442200541496277,0.001379523891955614
2033,False,16,mantel,16,mantel,True,0.9360954761505127,0.3366313576698303,0.2693618834018707,0.0672694742679596,0.0004295579856261611
2034,False,27,stool,27,stool,True,0.4369526207447052,1.7029509544372559,1.3696106672286987,0.33334028720855713,0.0029924556147307158
2035,False,4,bookshelf,4,bookshelf,True,0.7289854884147644,0.8745527267456055,0.793952226638794,0.08060050010681152,0.0009325594874098897
2036,False,0,airplane,0,airplane,True,0.9986061453819275,0.01375136524438858,0.011960607953369617,0.0017907572910189629,2.0123775357205886e-07
2037,False,16,mantel,16,mantel,True,0.985188364982605,0.08351832628250122,0.07145972549915314,0.012058600783348083,3.0874492949806154e-05
2038,False,32,vase,32,vase,True,0.9553680419921875,0.2239266037940979,0.20736807584762573,0.016558527946472168,4.417765012476593e-05
2039,False,14,guitar,14,guitar,True,0.9793899059295654,0.13418541848659515,0.10772888362407684,0.02645653486251831,4.484953751671128e-05
2040,False,14,guitar,14,guitar,True,0.8934131860733032,0.475629061460495,0.29808515310287476,0.17754390835762024,0.0018008705228567123
2041,False,28,table,28,table,True,0.9686551094055176,0.1909600794315338,0.15183359384536743,0.03912648558616638,0.0001285504549741745
2042,False,23,range_hood,23,range_hood,True,0.9689972400665283,0.15191859006881714,0.12486475706100464,0.0270538330078125,0.00014978033141233027
2043,False,5,car,5,car,True,0.9967264533042908,0.026567209511995316,0.02369842305779457,0.0028687864542007446,9.553293693898013e-07
2044,False,29,tent,29,tent,True,0.7779361605644226,0.9494075775146484,0.4877389073371887,0.4616686701774597,0.00432845763862133
2045,False,23,range_hood,23,range_hood,True,0.5015298128128052,0.7380436062812805,0.667172908782959,0.07087069749832153,0.0018206171225756407
2046,False,14,guitar,14,guitar,True,0.8669741153717041,0.6216790676116943,0.4387131333351135,0.1829659342765808,0.0015873875236138701
2047,False,30,toilet,30,toilet,True,0.9982720017433167,0.016396354883909225,0.013713115826249123,0.002683239057660103,3.407788540243928e-07
2048,False,20,piano,20,piano,True,0.7548224925994873,1.0142176151275635,0.8184605836868286,0.19575703144073486,0.0020086090080440044
2049,False,30,toilet,30,toilet,True,0.9993690848350525,0.006785027217119932,0.005898925010114908,0.000886102207005024,3.014581295701646e-08
2050,False,21,plant,21,plant,True,0.8011365532875061,0.5397213697433472,0.5061916708946228,0.033529698848724365,0.00047095754416659474
2051,False,30,toilet,30,toilet,True,0.9952400922775269,0.03584122285246849,0.02481129765510559,0.0110299251973629,1.6408595911343582e-05
2052,False,16,mantel,16,mantel,True,0.8930048942565918,0.5031595230102539,0.39679133892059326,0.10636818408966064,0.0007142999675124884
2053,False,1,bathtub,1,bathtub,True,0.7729984521865845,0.9410055875778198,0.7740270495414734,0.16697853803634644,0.0014896148350089788
2054,False,25,sofa,25,sofa,True,0.9984103441238403,0.014301504008471966,0.012138675898313522,0.0021628281101584435,4.0084253782879387e-07
2055,False,28,table,28,table,True,0.987428605556488,0.08674238622188568,0.07576347142457962,0.01097891479730606,1.1898916454811115e-05
2056,False,19,person,19,person,True,0.6096289753913879,1.5029630661010742,1.2818721532821655,0.2210909128189087,0.002118458738550544
2057,False,5,car,5,car,True,0.9980836510658264,0.01705446094274521,0.015233032405376434,0.0018214285373687744,2.498719595678267e-07
2058,False,1,bathtub,1,bathtub,True,0.9865623116493225,0.09584084898233414,0.08617832511663437,0.009662523865699768,7.389755410258658e-06
2059,False,14,guitar,14,guitar,True,0.9205988049507141,0.3894009292125702,0.33820781111717224,0.05119311809539795,0.0002445130085106939
2060,False,20,piano,20,piano,True,0.7384939789772034,1.100959300994873,0.9774086475372314,0.1235506534576416,0.001042138785123825
2061,False,13,glass_box,13,glass_box,True,0.9900603294372559,0.07647465169429779,0.05937808379530907,0.017096567898988724,1.1079121577495243e-05
2062,False,25,sofa,25,sofa,True,0.9814234972000122,0.11163211613893509,0.09893688559532166,0.012695230543613434,2.4168890377040952e-05
2063,False,2,bed,2,bed,True,0.9928076863288879,0.05570520460605621,0.04156225919723511,0.014142945408821106,2.0759594917763025e-05
2064,False,28,table,28,table,True,0.8742498755455017,0.4652184247970581,0.3900339603424072,0.07518446445465088,0.000798689026851207
2065,False,11,dresser,11,dresser,True,0.5765848755836487,1.41527259349823,1.2872854471206665,0.12798714637756348,0.0010535080218687654
2066,False,32,vase,32,vase,True,0.5948138236999512,0.9907248020172119,0.9099375605583191,0.08078724145889282,0.0009954990819096565
2067,False,25,sofa,25,sofa,True,0.9987479448318481,0.012069188058376312,0.010210994631052017,0.001858193427324295,2.3517830527453043e-07
2068,False,0,airplane,0,airplane,True,0.9966062903404236,0.02940940670669079,0.02506496012210846,0.004344446584582329,1.6469853107992094e-06
2069,False,20,piano,28,table,False,0.5196278691291809,1.5636193752288818,1.2145811319351196,0.3490382432937622,0.004074102267622948
2070,False,13,glass_box,33,wardrobe,False,0.47200560569763184,1.2973802089691162,1.0960530042648315,0.20132720470428467,0.002822860609740019
2071,False,29,tent,22,radio,False,0.37142494320869446,2.1903939247131348,1.9795531034469604,0.21084082126617432,0.0012732787290588021
2072,False,28,table,28,table,True,0.982638955116272,0.10390816628932953,0.09296169131994247,0.010946474969387054,1.5111972970771603e-05
2073,False,6,chair,6,chair,True,0.9930087327957153,0.048479583114385605,0.03766673058271408,0.010812852531671524,1.4498779819405172e-05
2074,False,16,mantel,16,mantel,True,0.992296040058136,0.05621160566806793,0.051702406257390976,0.004509199410676956,2.163978706448688e-06
2075,False,14,guitar,14,guitar,True,0.9973567724227905,0.021591076627373695,0.01964312605559826,0.0019479505717754364,3.811700253208983e-07
2076,False,28,table,28,table,True,0.9597018361091614,0.20408955216407776,0.18363794684410095,0.020451605319976807,7.955190812936053e-05
2077,False,31,tv_stand,31,tv_stand,True,0.6286269426345825,1.0098390579223633,0.8363432288169861,0.1734958291053772,0.002369364257901907
2078,False,23,range_hood,23,range_hood,True,0.6091259717941284,0.709255576133728,0.6195714473724365,0.0896841287612915,0.002199589041993022
2079,False,23,range_hood,23,range_hood,True,0.5584319233894348,0.7199200391769409,0.6397761106491089,0.08014392852783203,0.0020927274599671364
2080,False,13,glass_box,11,dresser,False,0.3605350852012634,1.368589162826538,1.2649272680282593,0.10366189479827881,0.0014773578150197864
2081,False,4,bookshelf,4,bookshelf,True,0.9829452633857727,0.11246038973331451,0.0956529825925827,0.01680740714073181,1.8524009647080675e-05
2082,False,20,piano,20,piano,True,0.8793171644210815,0.6176920533180237,0.4996124804019928,0.11807957291603088,0.00047205309965647757
2083,False,0,airplane,0,airplane,True,0.9922036528587341,0.052873868495225906,0.04267606511712074,0.010197803378105164,1.1119944247184321e-05
2084,False,25,sofa,25,sofa,True,0.7266713976860046,0.7103458642959595,0.5983558297157288,0.11199003458023071,0.0020144579466432333
2085,False,18,night_stand,11,dresser,False,0.48795562982559204,1.4059159755706787,1.3133398294448853,0.09257614612579346,0.0008508666651323438
2086,False,6,chair,6,chair,True,0.9985640048980713,0.013970802538096905,0.011782752349972725,0.00218805018812418,3.2959260920506495e-07
2087,False,17,monitor,17,monitor,True,0.9962612390518188,0.031128164380788803,0.02639068104326725,0.004737483337521553,2.093800958391512e-06
2088,False,17,monitor,17,monitor,True,0.9882945418357849,0.08459709584712982,0.07359714061021805,0.010999955236911774,8.9094592112815e-06
2089,False,5,car,5,car,True,0.988736629486084,0.07542262971401215,0.04402630403637886,0.031396325677633286,0.00011892375914612785
2090,False,32,vase,32,vase,True,0.9584383964538574,0.1935277283191681,0.18022139370441437,0.013306334614753723,4.4437958422349766e-05
2091,False,14,guitar,14,guitar,True,0.9773359894752502,0.15345045924186707,0.11706753075122833,0.03638292849063873,0.00010004901560023427
2092,False,30,toilet,30,toilet,True,0.9348801970481873,0.26783666014671326,0.190671905875206,0.07716475427150726,0.0006510675302706659
2093,False,31,tv_stand,31,tv_stand,True,0.6149066090583801,1.2775852680206299,1.1532906293869019,0.12429463863372803,0.0011285124346613884
2094,False,6,chair,6,chair,True,0.9996253252029419,0.004148327279835939,0.0035282266326248646,0.0006201006472110748,3.1875067918463174e-08
2095,False,7,cone,7,cone,True,0.969923198223114,0.18560098111629486,0.15095648169517517,0.03464449942111969,8.304722723551095e-05
2096,False,14,guitar,14,guitar,True,0.9275701642036438,0.3390742838382721,0.2600862681865692,0.07898801565170288,0.0005048122839070857
2097,False,16,mantel,16,mantel,True,0.978935718536377,0.13610975444316864,0.1099543645977974,0.026155389845371246,5.866681021871045e-05
2098,False,28,table,3,bench,False,0.6023568511009216,1.0134674310684204,0.8734331727027893,0.1400342583656311,0.0017701570177450776
2099,False,2,bed,2,bed,True,0.9875442981719971,0.08829054236412048,0.06704596430063248,0.021244578063488007,5.0756974815158173e-05
2100,False,5,car,5,car,True,0.9124404191970825,0.4540966749191284,0.38282954692840576,0.07126712799072266,0.0003204905951861292
2101,False,4,bookshelf,4,bookshelf,True,0.9361640810966492,0.3326323628425598,0.2898857295513153,0.04274663329124451,0.00015772135520819575
2102,False,25,sofa,25,sofa,True,0.9981415271759033,0.01710202731192112,0.012974689714610577,0.004127337597310543,1.93232858691772e-06
2103,False,13,glass_box,13,glass_box,True,0.3154923617839813,1.5056407451629639,1.3966583013534546,0.10898244380950928,0.0011749393306672573
2104,False,6,chair,6,chair,True,0.9963377118110657,0.029413912445306778,0.022990263998508453,0.006423648446798325,4.7237822400347795e-06
2105,False,2,bed,2,bed,True,0.9973157048225403,0.02355673909187317,0.019502952694892883,0.004053786396980286,9.454774385631026e-07
2106,False,29,tent,31,tv_stand,False,0.3323037326335907,1.9538779258728027,1.6826788187026978,0.271199107170105,0.002382605103775859
2107,False,25,sofa,25,sofa,True,0.9918748736381531,0.056402787566185,0.05060407146811485,0.005798716098070145,4.397253178467508e-06
2108,False,17,monitor,17,monitor,True,0.7076376080513,1.1543687582015991,0.9403062462806702,0.21406251192092896,0.0020473625045269728
2109,False,21,plant,21,plant,True,0.7446391582489014,0.753910481929779,0.6648972034454346,0.08901327848434448,0.0008528213365934789
2110,False,13,glass_box,13,glass_box,True,0.9595688581466675,0.2560461163520813,0.216226726770401,0.0398193895816803,9.324018901679665e-05
2111,False,28,table,3,bench,False,0.3575174808502197,1.6983274221420288,1.4243782758712769,0.27394914627075195,0.0033697979524731636
2112,False,23,range_hood,23,range_hood,True,0.7163019776344299,0.8826357126235962,0.7008031606674194,0.18183255195617676,0.0023597930558025837
2113,False,28,table,9,desk,False,0.7714121341705322,0.7418626546859741,0.6556800603866577,0.0861825942993164,0.0009381295531056821
2114,False,4,bookshelf,4,bookshelf,True,0.8968136310577393,0.3817298114299774,0.3242850601673126,0.057444751262664795,0.0006095200660638511
2115,False,9,desk,9,desk,True,0.9188390970230103,0.4355798661708832,0.3649420738220215,0.0706377923488617,0.00027796250651590526
2116,False,21,plant,21,plant,True,0.757317841053009,1.016990065574646,0.7692448496818542,0.24774521589279175,0.002292850287631154
2117,False,24,sink,31,tv_stand,False,0.21831077337265015,2.220412492752075,1.8560669422149658,0.3643455505371094,0.0025822760071605444
2118,False,24,sink,24,sink,True,0.5723360776901245,1.5109153985977173,1.283996820449829,0.22691857814788818,0.0021975135896354914
2119,False,25,sofa,25,sofa,True,0.8981485366821289,0.49162206053733826,0.42872264981269836,0.06289941072463989,0.0003185878449585289
2120,False,9,desk,9,desk,True,0.9416812062263489,0.28747591376304626,0.24804754555225372,0.03942836821079254,0.0001395501458318904
2121,False,17,monitor,17,monitor,True,0.9922040104866028,0.05924654006958008,0.05513853207230568,0.004108007997274399,1.4404868124984205e-06
2122,False,12,flower_pot,21,plant,False,0.8141400814056396,0.5199843645095825,0.49160081148147583,0.02838355302810669,0.00042116877739317715
2123,False,29,tent,29,tent,True,0.9123640656471252,0.466551810503006,0.39357855916023254,0.07297325134277344,0.00032598295365460217
2124,False,23,range_hood,23,range_hood,True,0.6941148638725281,0.6724177598953247,0.6187992691993713,0.05361849069595337,0.0011383392848074436
2125,False,32,vase,32,vase,True,0.9441245794296265,0.22696658968925476,0.20930792391300201,0.017658665776252747,0.00010385042696725577
2126,False,9,desk,26,stairs,False,0.4203205406665802,2.054173707962036,1.2940610647201538,0.7601126432418823,0.006776147056370974
2127,False,31,tv_stand,6,chair,False,0.2743273377418518,1.8173315525054932,1.4056506156921387,0.4116809368133545,0.0047388761304318905
2128,False,28,table,28,table,True,0.9834384322166443,0.1014009341597557,0.09013917297124863,0.01126176118850708,1.7345008018310182e-05
2129,False,22,radio,32,vase,False,0.4760623872280121,1.9336161613464355,1.593342900276184,0.34027326107025146,0.002646913519129157
2130,False,28,table,28,table,True,0.9885818362236023,0.07779444754123688,0.07129424810409546,0.0065001994371414185,3.993816335423617e-06
2131,False,0,airplane,0,airplane,True,0.9964962601661682,0.029503721743822098,0.022989830002188683,0.006513891741633415,4.340870873420499e-06
2132,False,30,toilet,30,toilet,True,0.9978697299957275,0.01762240193784237,0.015904655680060387,0.0017177462577819824,3.330470121909457e-07
2133,False,23,range_hood,17,monitor,False,0.41022932529449463,1.8019392490386963,1.4033901691436768,0.39854907989501953,0.004033770877867937
2134,False,1,bathtub,20,piano,False,0.3126460313796997,2.1341328620910645,1.8048622608184814,0.329270601272583,0.003017895156517625
2135,False,17,monitor,17,monitor,True,0.9948341250419617,0.04381977394223213,0.03863338381052017,0.00518639013171196,1.3432695595838595e-06
2136,False,26,stairs,29,tent,False,0.2738765776157379,2.2964255809783936,1.7957608699798584,0.5006647109985352,0.0038442101795226336
2137,False,18,night_stand,18,night_stand,True,0.6225678324699402,1.087479591369629,1.0288759469985962,0.058603644371032715,0.0005701183108612895
2138,False,9,desk,28,table,False,0.4991929531097412,1.3898942470550537,1.169691801071167,0.22020244598388672,0.002977841766551137
2139,False,6,chair,6,chair,True,0.9599318504333496,0.1983180195093155,0.1728881597518921,0.0254298597574234,0.00012547450023703277
2140,False,18,night_stand,18,night_stand,True,0.8776244521141052,0.6197826862335205,0.5418362021446228,0.0779464840888977,0.00034728553146123886
2141,False,11,dresser,18,night_stand,False,0.7154026031494141,0.9213410019874573,0.7939397692680359,0.1274012327194214,0.0015193331055343151
2142,False,33,wardrobe,33,wardrobe,True,0.5831151604652405,1.3589050769805908,1.173731803894043,0.18517327308654785,0.0019025747897103429
2143,False,4,bookshelf,4,bookshelf,True,0.8697982430458069,0.4375627040863037,0.3875848352909088,0.0499778687953949,0.0006627107504755259
2144,False,18,night_stand,18,night_stand,True,0.5090948343276978,1.1364046335220337,1.0487465858459473,0.08765804767608643,0.0010479420889168978
2145,False,16,mantel,16,mantel,True,0.9954360127449036,0.03600478544831276,0.030731944367289543,0.005272841081023216,1.9412498204474105e-06
2146,False,13,glass_box,13,glass_box,True,0.9913084506988525,0.06640069931745529,0.05738557502627373,0.009015124291181564,6.536906312248902e-06
2147,False,7,cone,7,cone,True,0.9577370285987854,0.2261604368686676,0.16730813682079315,0.05885230004787445,0.00029583374271169305
2148,False,7,cone,7,cone,True,0.9653958082199097,0.1966477632522583,0.14990787208080292,0.04673989117145538,0.0001418931205989793
2149,False,25,sofa,25,sofa,True,0.9912711977958679,0.0587829127907753,0.05384749174118042,0.004935421049594879,3.582886847652844e-06
2150,False,30,toilet,30,toilet,True,0.9975199103355408,0.020661231130361557,0.016881512477993965,0.003779718652367592,1.3998294434713898e-06
2151,False,25,sofa,25,sofa,True,0.8787527084350586,0.5541170239448547,0.47510015964508057,0.07901686429977417,0.0006217269110493362
2152,False,2,bed,2,bed,True,0.9973310232162476,0.022172968834638596,0.01927950792014599,0.002893460914492607,5.059558247921814e-07
2153,False,16,mantel,16,mantel,True,0.9922335743904114,0.05686291307210922,0.04946037754416466,0.007402535527944565,4.570203145703999e-06
2154,False,4,bookshelf,4,bookshelf,True,0.9799057245254517,0.12732195854187012,0.11347414553165436,0.01384781301021576,1.7293214114033617e-05
2155,False,2,bed,2,bed,True,0.9936394691467285,0.052031971514225006,0.04513051360845566,0.006901457905769348,4.30286900154897e-06
2156,False,13,glass_box,13,glass_box,True,0.9404345154762268,0.32254135608673096,0.2645884156227112,0.057952940464019775,0.00029988811002112925
2157,False,33,wardrobe,33,wardrobe,True,0.7389395236968994,1.049235463142395,0.9511549472808838,0.09808051586151123,0.0007967638084664941
2158,False,9,desk,9,desk,True,0.911191999912262,0.3303700387477875,0.26294687390327454,0.06742316484451294,0.0007079396164044738
2159,False,14,guitar,14,guitar,True,0.9906686544418335,0.07128898799419403,0.058044493198394775,0.013244494795799255,8.553234692953993e-06
2160,False,9,desk,9,desk,True,0.5532504916191101,1.4216301441192627,1.1860824823379517,0.23554766178131104,0.0028140784706920385
2161,False,28,table,3,bench,False,0.48482444882392883,1.1908193826675415,1.071982502937317,0.11883687973022461,0.0012626087991520762
2162,False,2,bed,2,bed,True,0.9989550113677979,0.010230448096990585,0.008216390386223793,0.0020140577107667923,3.7203486158432497e-07
2163,False,28,table,28,table,True,0.9093136787414551,0.39789092540740967,0.359125554561615,0.03876537084579468,0.00020325106743257493
2164,False,18,night_stand,18,night_stand,True,0.5600939989089966,0.8661062717437744,0.7639452815055847,0.1021609902381897,0.002178306458517909
2165,False,17,monitor,17,monitor,True,0.9775893688201904,0.14861524105072021,0.12882040441036224,0.01979483664035797,3.7016390706412494e-05
2166,False,17,monitor,17,monitor,True,0.9987612366676331,0.011658834293484688,0.010210832580924034,0.0014480017125606537,1.4389736691100552e-07
2167,False,5,car,5,car,True,0.9987690448760986,0.011960597708821297,0.010343357920646667,0.0016172397881746292,1.5073136694354616e-07
2168,False,13,glass_box,13,glass_box,True,0.9867122769355774,0.09713047742843628,0.07493395358324051,0.02219652384519577,3.835562165477313e-05
2169,False,0,airplane,0,airplane,True,0.9817824363708496,0.11279415339231491,0.07420326769351959,0.03859088569879532,0.00019399705342948437
2170,False,12,flower_pot,32,vase,False,0.3308815360069275,1.6682641506195068,1.29953134059906,0.3687328100204468,0.004356609657406807
2171,False,16,mantel,16,mantel,True,0.9705526232719421,0.18305368721485138,0.11972831934690475,0.06332536786794662,0.0003119321190752089
2172,False,17,monitor,17,monitor,True,0.9978996515274048,0.018905190750956535,0.014462028630077839,0.0044431621208786964,2.0995996692363406e-06
2173,False,21,plant,7,cone,False,0.26009291410446167,2.0226597785949707,1.4555301666259766,0.5671296119689941,0.0053128888830542564
2174,False,30,toilet,30,toilet,True,0.9960907101631165,0.034382980316877365,0.028497742488980293,0.005885237827897072,2.318197857675841e-06
2175,False,21,plant,21,plant,True,0.7539913654327393,0.9548567533493042,0.8405377268791199,0.11431902647018433,0.0009545641369186342
2176,False,14,guitar,14,guitar,True,0.9809296727180481,0.12036730349063873,0.10018142312765121,0.02018588036298752,3.435122926020995e-05
2177,False,30,toilet,30,toilet,True,0.9984694719314575,0.012511789798736572,0.010118045844137669,0.0023937439545989037,1.074883130058879e-06
2178,False,2,bed,2,bed,True,0.999196469783783,0.008244233205914497,0.007226064335554838,0.0010181688703596592,5.690779758538156e-08
2179,False,20,piano,20,piano,True,0.9919248223304749,0.06134053319692612,0.05130273476243019,0.010037798434495926,6.469449544965755e-06
2180,False,2,bed,2,bed,True,0.948862612247467,0.3080728054046631,0.24165421724319458,0.0664185881614685,0.0003278663498349488
2181,False,0,airplane,0,airplane,True,0.9993858933448792,0.006203481927514076,0.005588696803897619,0.000614785123616457,2.9904416720683e-08
2182,False,26,stairs,26,stairs,True,0.6791461706161499,0.9319572448730469,0.6359478831291199,0.296009361743927,0.00434273574501276
2183,False,18,night_stand,18,night_stand,True,0.8797759413719177,0.6013326644897461,0.5483677387237549,0.05296492576599121,0.0001973829639609903
2184,False,4,bookshelf,4,bookshelf,True,0.9802616238594055,0.13846498727798462,0.12174496054649353,0.01672002673149109,1.752686148392968e-05
2185,False,6,chair,6,chair,True,0.9575082063674927,0.24861054122447968,0.19365324079990387,0.054957300424575806,0.00023644954490009695
2186,False,12,flower_pot,32,vase,False,0.7547756433486938,0.5970368385314941,0.5418097376823425,0.05522710084915161,0.0011148995254188776
2187,False,31,tv_stand,31,tv_stand,True,0.9273170828819275,0.33335572481155396,0.25660479068756104,0.07675093412399292,0.0005739994230680168
2188,False,32,vase,15,lamp,False,0.6514595746994019,1.1851545572280884,1.0311475992202759,0.1540069580078125,0.0016226358711719513
2189,False,30,toilet,30,toilet,True,0.8678261637687683,0.5740344524383545,0.4187200963497162,0.1553143560886383,0.001719063613563776
2190,False,6,chair,6,chair,True,0.9995208978652954,0.0050902217626571655,0.00458341371268034,0.0005068080499768257,1.3570507384486064e-08
2191,False,30,toilet,30,toilet,True,0.9952691793441772,0.0393357016146183,0.03346501290798187,0.005870688706636429,1.7712034150463296e-06
2192,False,30,toilet,30,toilet,True,0.9948569536209106,0.04405540972948074,0.031760018318891525,0.012295391410589218,1.1831862138933502e-05
2193,False,13,glass_box,13,glass_box,True,0.9492977261543274,0.27365413308143616,0.2301269918680191,0.04352714121341705,0.00017468686564825475
2194,False,33,wardrobe,31,tv_stand,False,0.4854097068309784,1.723989486694336,1.5351250171661377,0.18886446952819824,0.0014122654683887959
2195,False,32,vase,32,vase,True,0.6334669589996338,1.0644893646240234,0.9420474171638489,0.12244194746017456,0.0016587215941399336
2196,False,23,range_hood,23,range_hood,True,0.9652771353721619,0.18984892964363098,0.15180020034313202,0.03804872930049896,0.00012728611181955785
2197,False,5,car,5,car,True,0.8986867666244507,0.5055712461471558,0.42441511154174805,0.08115613460540771,0.00048203160986304283
2198,False,6,chair,6,chair,True,0.9990614652633667,0.008848998695611954,0.00790230743587017,0.0009466912597417831,7.019107073347186e-08
2199,False,18,night_stand,11,dresser,False,0.7107815146446228,0.933032214641571,0.8677804470062256,0.06525176763534546,0.0007444187067449093
2200,False,1,bathtub,1,bathtub,True,0.8317652940750122,0.6816295385360718,0.515084445476532,0.1665450930595398,0.0015988355735316873
2201,False,28,table,28,table,True,0.7902600765228271,0.608910322189331,0.5440987944602966,0.06481152772903442,0.0009425901807844639
2202,False,23,range_hood,23,range_hood,True,0.971680223941803,0.14508172869682312,0.12412931770086288,0.020952410995960236,7.309344073291868e-05
2203,False,5,car,5,car,True,0.9640445113182068,0.18961399793624878,0.15313838422298431,0.036475613713264465,0.00017824003589339554
2204,False,4,bookshelf,4,bookshelf,True,0.5584874153137207,1.5404515266418457,1.1737931966781616,0.3666583299636841,0.003451491240411997
2205,False,6,chair,3,bench,False,0.3162960410118103,1.7775683403015137,1.362942099571228,0.41462624073028564,0.0047883628867566586
2206,False,23,range_hood,23,range_hood,True,0.9747908115386963,0.15570342540740967,0.13585367798805237,0.0198497474193573,2.8217467843205668e-05
2207,False,11,dresser,34,xbox,False,0.682196855545044,1.0990674495697021,1.0039546489715576,0.09511280059814453,0.0007557320059277117
2208,False,16,mantel,16,mantel,True,0.9687240123748779,0.20114079117774963,0.18402670323848724,0.01711408793926239,1.9030170733458363e-05
2209,False,3,bench,3,bench,True,0.9343010783195496,0.3511449098587036,0.29199087619781494,0.05915403366088867,0.00026891828747466207
2210,False,31,tv_stand,31,tv_stand,True,0.8717476725578308,0.5536288619041443,0.46807411313056946,0.08555474877357483,0.000558800355065614
2211,False,21,plant,21,plant,True,0.7719174027442932,0.5806647539138794,0.5405498147010803,0.04011493921279907,0.000691751076374203
2212,False,7,cone,7,cone,True,0.9913078546524048,0.06285810470581055,0.04800977557897568,0.01484832912683487,2.4664444936206564e-05
2213,False,2,bed,2,bed,True,0.9996352791786194,0.004042609594762325,0.0036208408419042826,0.0004217687528580427,1.2708324170773722e-08
2214,False,25,sofa,25,sofa,True,0.9987077116966248,0.012355761602520943,0.011237354949116707,0.0011184066534042358,1.0201159028611073e-07
2215,False,9,desk,9,desk,True,0.9009105563163757,0.43057358264923096,0.2989894151687622,0.13158416748046875,0.0009466154151596129
2216,False,5,car,5,car,True,0.9567962884902954,0.24503350257873535,0.2027353197336197,0.04229818284511566,0.0001343575568171218
2217,False,14,guitar,14,guitar,True,0.9870119094848633,0.08989303559064865,0.06888806819915771,0.021004967391490936,3.410202407394536e-05
2218,False,16,mantel,16,mantel,True,0.8491567969322205,0.6305225491523743,0.5211578607559204,0.10936468839645386,0.0008318411419168115
2219,False,21,plant,0,airplane,False,0.5233751535415649,1.5906882286071777,0.8104431629180908,0.7802450656890869,0.008894780650734901
2220,False,6,chair,6,chair,True,0.9989749789237976,0.010316826403141022,0.009091339074075222,0.0012254873290657997,7.459367878936973e-08
2221,False,30,toilet,30,toilet,True,0.9978952407836914,0.019427020102739334,0.01535040233284235,0.004076617769896984,1.0759143833638518e-06
2222,False,0,airplane,0,airplane,True,0.994566023349762,0.045859090983867645,0.03566083312034607,0.010198257863521576,5.325210167939076e-06
2223,False,15,lamp,32,vase,False,0.3847081661224365,1.5261735916137695,1.1880903244018555,0.33808326721191406,0.004302142187952995
2224,False,17,monitor,17,monitor,True,0.9983082413673401,0.016330957412719727,0.014103918336331844,0.0022270390763878822,2.130508818254384e-07
2225,False,12,flower_pot,21,plant,False,0.7304078936576843,0.8806273341178894,0.7848380208015442,0.09578931331634521,0.0007159377564676106
2226,False,18,night_stand,18,night_stand,True,0.7552706003189087,0.7891253232955933,0.6999157667160034,0.08920955657958984,0.0010826799552887678
2227,False,21,plant,21,plant,True,0.3354150950908661,1.818327784538269,1.5741024017333984,0.2442253828048706,0.0022967837285250425
2228,False,4,bookshelf,4,bookshelf,True,0.9164831042289734,0.43743354082107544,0.33196958899497986,0.10546395182609558,0.000986982835456729
2229,False,4,bookshelf,16,mantel,False,0.40527111291885376,1.467151165008545,1.1432746648788452,0.3238765001296997,0.004540556110441685
2230,False,26,stairs,5,car,False,0.967914342880249,0.19832491874694824,0.1607605218887329,0.03756439685821533,8.704081119503826e-05
2231,False,6,chair,6,chair,True,0.9919508099555969,0.06256180256605148,0.04941793531179428,0.013143867254257202,1.2364351277938113e-05
2232,False,31,tv_stand,13,glass_box,False,0.9811899065971375,0.12854968011379242,0.09879595786333084,0.02975372225046158,5.90799972997047e-05
2233,False,9,desk,9,desk,True,0.6545708775520325,1.1069269180297852,1.0205137729644775,0.08641314506530762,0.0008649097289890051
2234,False,30,toilet,30,toilet,True,0.9912405014038086,0.06883827596902847,0.054949697107076645,0.013888578861951828,1.5354486095020548e-05
2235,False,33,wardrobe,13,glass_box,False,0.4190290868282318,1.4751956462860107,1.3475103378295898,0.1276853084564209,0.0017088308231905103
2236,False,0,airplane,0,airplane,True,0.9975963830947876,0.019704127684235573,0.01598168909549713,0.0037224385887384415,1.6189163716262556e-06
2237,False,28,table,28,table,True,0.5696231722831726,0.9458285570144653,0.832094669342041,0.11373388767242432,0.0021057273261249065
2238,False,21,plant,21,plant,True,0.7893130779266357,0.6779893040657043,0.5076477527618408,0.17034155130386353,0.00263119931332767
2239,False,6,chair,6,chair,True,0.9996747970581055,0.0034406897611916065,0.003118684981018305,0.0003220047801733017,8.009216401205776e-09
2240,False,25,sofa,25,sofa,True,0.9988124370574951,0.011233790777623653,0.009493530727922916,0.001740260049700737,2.69869872226991e-07
2241,False,25,sofa,25,sofa,True,0.7822136878967285,0.8352420330047607,0.660490870475769,0.1747511625289917,0.0021061734296381474
2242,False,25,sofa,25,sofa,True,0.9991194009780884,0.008148029446601868,0.007363711018115282,0.0007843184284865856,6.441628386255616e-08
2243,False,5,car,5,car,True,0.9970934987068176,0.025492914021015167,0.021146658807992935,0.004346255213022232,1.3842249018125585e-06
2244,False,23,range_hood,23,range_hood,True,0.6748550534248352,1.316261887550354,1.102002501487732,0.21425938606262207,0.001806794316507876
2245,False,28,table,28,table,True,0.9267008900642395,0.3120611310005188,0.2566237449645996,0.05543738603591919,0.0004535581392701715
2246,False,6,chair,6,chair,True,0.9979326128959656,0.018128715455532074,0.015940623357892036,0.0021880920976400375,4.806648803423741e-07
2247,False,11,dresser,11,dresser,True,0.38388291001319885,1.620543360710144,1.3679420948028564,0.2526012659072876,0.0032370234839618206
2248,False,23,range_hood,23,range_hood,True,0.7606841325759888,0.7172163724899292,0.5655984282493591,0.15161794424057007,0.002295463113114238
2249,False,17,monitor,17,monitor,True,0.9913089275360107,0.06601005047559738,0.05904509499669075,0.0069649554789066315,2.9000118502153782e-06
2250,False,11,dresser,11,dresser,True,0.8238155245780945,0.7878627181053162,0.7208040952682495,0.06705862283706665,0.00040193184395320714
2251,False,20,piano,20,piano,True,0.5684351325035095,1.66465163230896,1.3288540840148926,0.3357975482940674,0.002592235105112195
2252,False,17,monitor,17,monitor,True,0.7357299327850342,0.9221509695053101,0.7783905267715454,0.14376044273376465,0.0017548202304169536
2253,False,20,piano,20,piano,True,0.9147264361381531,0.38776999711990356,0.32218703627586365,0.06558296084403992,0.00038265541661530733
2254,False,14,guitar,14,guitar,True,0.992864727973938,0.05359601601958275,0.04284031689167023,0.010755699127912521,8.99474343896145e-06
2255,False,0,airplane,0,airplane,True,0.9964028000831604,0.032400257885456085,0.029246311634778976,0.0031539462506771088,4.6370436734832765e-07
2256,False,13,glass_box,13,glass_box,True,0.9909274578094482,0.06979183107614517,0.04829216003417969,0.021499671041965485,2.8085556550649926e-05
2257,False,6,chair,6,chair,True,0.9992297887802124,0.007972496561706066,0.006706841289997101,0.0012656552717089653,8.308577292837072e-08
2258,False,23,range_hood,23,range_hood,True,0.9849568009376526,0.11090943217277527,0.09364786744117737,0.0172615647315979,2.118069096468389e-05
2259,False,4,bookshelf,4,bookshelf,True,0.9458531141281128,0.25241366028785706,0.23419009149074554,0.01822356879711151,6.749849126208574e-05
2260,False,9,desk,9,desk,True,0.932289183139801,0.34048426151275635,0.2699683606624603,0.07051590085029602,0.0004080184444319457
2261,False,11,dresser,11,dresser,True,0.6254109144210815,0.9723060131072998,0.9106708765029907,0.06163513660430908,0.0006104577332735062
2262,False,1,bathtub,1,bathtub,True,0.9894103407859802,0.0795954018831253,0.07060488313436508,0.008990518748760223,5.461458840727573e-06
2263,False,16,mantel,16,mantel,True,0.9863184094429016,0.0965830534696579,0.07768204808235168,0.018901005387306213,2.5272984203184023e-05
2264,False,7,cone,7,cone,True,0.9900974631309509,0.06748878955841064,0.0577780157327652,0.009710773825645447,1.0636815204634331e-05
2265,False,20,piano,20,piano,True,0.8189224600791931,0.6444311141967773,0.4679301381111145,0.17650097608566284,0.002158290473744273
2266,False,17,monitor,17,monitor,True,0.9971859455108643,0.02570914849638939,0.022867457941174507,0.002841690555214882,5.226351618148328e-07
2267,False,31,tv_stand,31,tv_stand,True,0.971197247505188,0.1713261604309082,0.14615841209888458,0.02516774833202362,5.6798849982442334e-05
2268,False,5,car,1,bathtub,False,0.522181510925293,1.3832309246063232,1.153871774673462,0.22935914993286133,0.002792214509099722
2269,False,11,dresser,11,dresser,True,0.54300856590271,1.4578267335891724,1.3538676500320435,0.1039590835571289,0.000925921427551657
2270,False,5,car,5,car,True,0.9695923924446106,0.1777157187461853,0.1491050273180008,0.02861069142818451,6.755178765160963e-05
2271,False,32,vase,31,tv_stand,False,0.4328097105026245,1.9553563594818115,1.7180440425872803,0.23731231689453125,0.0019421677570790052
2272,False,17,monitor,17,monitor,True,0.9911891222000122,0.07147423923015594,0.0604141540825367,0.011060085147619247,5.654393135046121e-06
2273,False,31,tv_stand,31,tv_stand,True,0.6139505505561829,1.237622857093811,1.0579774379730225,0.17964541912078857,0.002043213229626417
2274,False,28,table,28,table,True,0.9943352937698364,0.045325081795454025,0.040441785007715225,0.0048832967877388,1.7479574125900399e-06
2275,False,16,mantel,16,mantel,True,0.9862096309661865,0.0915287435054779,0.08069350570440292,0.010835237801074982,1.1003862709912937e-05
2276,False,23,range_hood,23,range_hood,True,0.9668462872505188,0.1598196029663086,0.13795886933803558,0.02186073362827301,0.00010299727000528947
2277,False,23,range_hood,23,range_hood,True,0.897956907749176,0.36523908376693726,0.3242090940475464,0.04102998971939087,0.0004138082731515169
2278,False,18,night_stand,18,night_stand,True,0.6323185563087463,1.0098366737365723,0.8128402233123779,0.19699645042419434,0.0029881761875003576
2279,False,0,airplane,0,airplane,True,0.997937798500061,0.01852698065340519,0.013446681201457977,0.005080299451947212,2.792676696117269e-06
2280,False,13,glass_box,13,glass_box,True,0.5321617722511292,1.4161036014556885,1.0807981491088867,0.33530545234680176,0.00375845143571496
2281,False,13,glass_box,13,glass_box,True,0.9960610866546631,0.033179089426994324,0.027721118181943893,0.00545797124505043,1.6507043483215966e-06
2282,False,2,bed,2,bed,True,0.9979676008224487,0.018476160243153572,0.01446645986288786,0.004009700380265713,1.6364301700377837e-06
2283,False,13,glass_box,13,glass_box,True,0.9881381392478943,0.09213750064373016,0.0730486810207367,0.01908881962299347,2.2934755179448985e-05
2284,False,16,mantel,16,mantel,True,0.9587414860725403,0.24106959998607635,0.21906764805316925,0.022001951932907104,4.8066711315186694e-05
2285,False,20,piano,23,range_hood,False,0.8236079812049866,0.8079164028167725,0.6438267230987549,0.16408967971801758,0.0012656108010560274
2286,False,32,vase,12,flower_pot,False,0.3670802116394043,1.8642160892486572,1.6575604677200317,0.2066556215286255,0.0016021266346797347
2287,False,20,piano,20,piano,True,0.9820025563240051,0.12270884215831757,0.10411706566810608,0.018591776490211487,1.912869447551202e-05
0,True,20,laptop,6,chair,,0.6436175107955933,1.3689827919006348,0.8576931357383728,0.511289656162262,0.00488670589402318
1,True,5,bottle,31,tv_stand,,0.377488374710083,2.02325177192688,1.7509469985961914,0.2723047733306885,0.0022807077039033175
2,True,5,bottle,32,vase,,0.5410172343254089,1.3121223449707031,1.1594318151474,0.15269052982330322,0.0015227926196530461
3,True,5,bottle,32,vase,,0.8724752068519592,0.5337680578231812,0.48186081647872925,0.051907241344451904,0.00027017886168323457
4,True,6,bowl,29,tent,,0.6247109770774841,1.1402554512023926,0.8720555901527405,0.2681998610496521,0.0035794530995190144
5,True,20,laptop,6,chair,,0.6722854971885681,1.2584054470062256,0.8769149780273438,0.38149046897888184,0.004015979822725058
6,True,18,keyboard,10,door,,0.7592931985855103,0.6143990755081177,0.5291529893875122,0.08524608612060547,0.001586524653248489
7,True,5,bottle,32,vase,,0.7622833847999573,0.888219952583313,0.8097584843635559,0.07846146821975708,0.0005691939732059836
8,True,5,bottle,32,vase,,0.917376697063446,0.389151930809021,0.3617924749851227,0.027359455823898315,7.814310083631426e-05
9,True,20,laptop,26,stairs,,0.4025673568248749,1.913400650024414,1.4788784980773926,0.4345221519470215,0.0037468778900802135
10,True,5,bottle,32,vase,,0.8294233083724976,0.6643531918525696,0.6055229306221008,0.05883026123046875,0.00030180576140992343
11,True,5,bottle,32,vase,,0.8626184463500977,0.5850372314453125,0.5220246911048889,0.06301254034042358,0.0003088097146246582
12,True,5,bottle,32,vase,,0.8519308567047119,0.5824398994445801,0.5386019945144653,0.043837904930114746,0.00023436167975887656
13,True,10,cup,32,vase,,0.6066940426826477,0.7392724752426147,0.683542013168335,0.055730462074279785,0.0012233603047206998
14,True,5,bottle,32,vase,,0.8935871124267578,0.46710824966430664,0.40692338347435,0.060184866189956665,0.00028270561597310007
15,True,5,bottle,32,vase,,0.737053632736206,0.9232499003410339,0.8381869196891785,0.08506298065185547,0.0006531436811201274
16,True,10,cup,29,tent,,0.5845525860786438,1.4538390636444092,1.0852466821670532,0.36859238147735596,0.0036744994577020407
17,True,6,bowl,12,flower_pot,,0.5806591510772705,1.3453922271728516,1.0875756740570068,0.2578165531158447,0.0025837989524006844
18,True,10,cup,32,vase,,0.6717475652694702,1.1493852138519287,1.0351442098617554,0.11424100399017334,0.0010484828380867839
19,True,5,bottle,12,flower_pot,,0.330340176820755,1.6092687845230103,1.4430803060531616,0.16618847846984863,0.0016688647447153926
20,True,6,bowl,32,vase,,0.3749397397041321,1.376560926437378,1.2305113077163696,0.1460496187210083,0.0014883551048114896
21,True,20,laptop,6,chair,,0.560422420501709,1.3341825008392334,0.8130137920379639,0.5211687088012695,0.006815451197326183
22,True,5,bottle,32,vase,,0.8251400589942932,0.7059769034385681,0.6527864336967468,0.05319046974182129,0.000349506241036579
23,True,18,keyboard,8,curtain,,0.4294154644012451,1.8597848415374756,1.5182089805603027,0.34157586097717285,0.0031122714281082153
24,True,18,keyboard,10,door,,0.5441272854804993,0.9628385305404663,0.758524477481842,0.20431405305862427,0.0035170933697372675
25,True,6,bowl,12,flower_pot,,0.494039922952652,1.1262412071228027,0.9147985577583313,0.21144264936447144,0.002489793347194791
26,True,5,bottle,32,vase,,0.7423847317695618,0.8911371827125549,0.7981562614440918,0.09298092126846313,0.0009454161045141518
27,True,5,bottle,32,vase,,0.5757441520690918,1.129392147064209,1.0258625745773315,0.10352957248687744,0.0016071415739133954
28,True,6,bowl,12,flower_pot,,0.5852599143981934,0.7978759407997131,0.7231811881065369,0.07469475269317627,0.001619857968762517
29,True,10,cup,27,stool,,0.7350479364395142,1.0213124752044678,0.8885858654975891,0.13272660970687866,0.0009895784314721823
30,True,5,bottle,32,vase,,0.6024411916732788,1.2518819570541382,1.0879359245300293,0.1639460325241089,0.0017117757815867662
31,True,6,bowl,29,tent,,0.6587358117103577,1.281552791595459,1.0340602397918701,0.24749255180358887,0.0019026824738830328
32,True,5,bottle,32,vase,,0.825205385684967,0.7194828987121582,0.6493397355079651,0.07014316320419312,0.0003806792665272951
33,True,20,laptop,10,door,,0.5628750324249268,1.4795218706130981,1.0447653532028198,0.4347565174102783,0.004401007667183876
34,True,5,bottle,12,flower_pot,,0.39026448130607605,1.6478118896484375,1.4685726165771484,0.17923927307128906,0.0014978430699557066
35,True,5,bottle,32,vase,,0.7541618943214417,0.9095672965049744,0.8536165952682495,0.055950701236724854,0.0003280245291534811
36,True,20,laptop,8,curtain,,0.3786022961139679,1.9836633205413818,1.2370985746383667,0.7465647459030151,0.007019376847893
37,True,5,bottle,32,vase,,0.745316207408905,0.8601612448692322,0.7631641626358032,0.09699708223342896,0.0011489178286865354
38,True,20,laptop,29,tent,,0.8798259496688843,0.6173504590988159,0.503390908241272,0.11395955085754395,0.0008256982546299696
39,True,5,bottle,32,vase,,0.6642560958862305,1.1664273738861084,1.0313243865966797,0.1351029872894287,0.001092122052796185
40,True,5,bottle,32,vase,,0.7529703378677368,0.9784352779388428,0.898460865020752,0.07997441291809082,0.00034901988692581654
41,True,5,bottle,32,vase,,0.8140912652015686,0.6148993372917175,0.579606294631958,0.03529304265975952,0.0003175676101818681
42,True,18,keyboard,8,curtain,,0.7279815673828125,0.7101737856864929,0.5745664834976196,0.1356073021888733,0.0021956784185022116
43,True,5,bottle,32,vase,,0.45212438702583313,1.6473640203475952,1.3558955192565918,0.2914685010910034,0.0033644582144916058
44,True,18,keyboard,8,curtain,,0.6452723145484924,0.9583917260169983,0.7663416862487793,0.192050039768219,0.002921375446021557
45,True,5,bottle,32,vase,,0.9076930284500122,0.48019078373908997,0.4300338923931122,0.05015689134597778,0.00014470206224359572
46,True,5,bottle,32,vase,,0.8064276576042175,0.7724260687828064,0.6599576473236084,0.112468421459198,0.0007643600110895932
47,True,5,bottle,32,vase,,0.649470329284668,1.3316850662231445,1.1816174983978271,0.15006756782531738,0.0010509892599657178
48,True,5,bottle,32,vase,,0.8626511096954346,0.656022310256958,0.5748416781425476,0.0811806321144104,0.0003154093283228576
49,True,5,bottle,12,flower_pot,,0.3177943825721741,1.7368147373199463,1.4673279523849487,0.26948678493499756,0.0024747648276388645
50,True,6,bowl,29,tent,,0.8816708326339722,0.5720839500427246,0.4368274211883545,0.13525652885437012,0.0009642470977269113
51,True,6,bowl,12,flower_pot,,0.476062536239624,1.32241952419281,1.016046404838562,0.30637311935424805,0.004316105041652918
52,True,5,bottle,32,vase,,0.731827437877655,0.9350537061691284,0.8570506572723389,0.07800304889678955,0.0005837463540956378
53,True,5,bottle,32,vase,,0.8147420287132263,0.7112430334091187,0.64822918176651,0.06301385164260864,0.0004303668683860451
54,True,10,cup,32,vase,,0.6275113224983215,0.980204701423645,0.9069061875343323,0.07329851388931274,0.000863982830196619
55,True,6,bowl,12,flower_pot,,0.5808339715003967,0.8043195009231567,0.7344321608543396,0.06988734006881714,0.0012788705062121153
56,True,5,bottle,32,vase,,0.6749622225761414,1.1401755809783936,1.019468903541565,0.12070667743682861,0.0009406805038452148
57,True,20,laptop,29,tent,,0.8178726434707642,0.8279641270637512,0.7177906632423401,0.11017346382141113,0.0007116958731785417
58,True,6,bowl,34,xbox,,0.37923842668533325,1.9102178812026978,1.5417394638061523,0.3684784173965454,0.003330249572172761
59,True,5,bottle,32,vase,,0.6863232254981995,1.0393240451812744,0.9213295578956604,0.11799448728561401,0.001158182742074132
60,True,5,bottle,32,vase,,0.6497306823730469,1.0958154201507568,0.9121965765953064,0.18361884355545044,0.0023102525155991316
61,True,18,keyboard,8,curtain,,0.6993612051010132,1.0504554510116577,0.837311327457428,0.21314412355422974,0.0023403221275657415
62,True,18,keyboard,10,door,,0.532140851020813,0.7647777795791626,0.6465021967887878,0.11827558279037476,0.0026905578561127186
63,True,20,laptop,10,door,,0.33764198422431946,2.041532039642334,1.2468256950378418,0.7947063446044922,0.007920460775494576
64,True,5,bottle,32,vase,,0.6862190961837769,1.0935070514678955,0.9848737120628357,0.10863333940505981,0.0008667660295031965
65,True,5,bottle,32,vase,,0.7851393222808838,0.708311140537262,0.6423479914665222,0.06596314907073975,0.0008197861607186496
66,True,5,bottle,32,vase,,0.7085909843444824,0.998956024646759,0.8844941258430481,0.11446189880371094,0.0012649144046008587
67,True,5,bottle,32,vase,,0.87325519323349,0.47811585664749146,0.4449909031391144,0.033124953508377075,0.00025856346474029124
68,True,10,cup,32,vase,,0.856717050075531,0.501772403717041,0.4679924547672272,0.03377994894981384,0.00015425409947056323
69,True,5,bottle,32,vase,,0.7891402244567871,0.7462269067764282,0.6643902659416199,0.08183664083480835,0.0008141748839989305
70,True,5,bottle,32,vase,,0.32960280776023865,1.9140167236328125,1.5057518482208252,0.4082648754119873,0.004129394888877869
71,True,5,bottle,32,vase,,0.3790351450443268,1.6272122859954834,1.2367846965789795,0.3904275894165039,0.004550890531390905
72,True,5,bottle,32,vase,,0.787440836429596,0.799688458442688,0.7069134712219238,0.09277498722076416,0.0007303328602574766
73,True,5,bottle,32,vase,,0.7784238457679749,0.8327681422233582,0.7534840106964111,0.07928413152694702,0.000547650852240622
74,True,20,laptop,8,curtain,,0.3963887095451355,1.851352572441101,1.3205089569091797,0.5308436155319214,0.0051664626225829124
75,True,5,bottle,32,vase,,0.7621234059333801,0.8762789368629456,0.7664722800254822,0.10980665683746338,0.0009598428732715547
76,True,5,bottle,32,vase,,0.9185311198234558,0.3455665707588196,0.32426518201828003,0.02130138874053955,9.507079812465236e-05
77,True,5,bottle,32,vase,,0.8701523542404175,0.5995332598686218,0.539341151714325,0.060192108154296875,0.0002614851400721818
78,True,5,bottle,32,vase,,0.46666404604911804,1.5435693264007568,1.3691962957382202,0.17437303066253662,0.0016909639816731215
79,True,5,bottle,32,vase,,0.7450354695320129,0.9034112095832825,0.8235512971878052,0.0798599123954773,0.0007101199007593095
80,True,5,bottle,32,vase,,0.8203175067901611,0.7752429246902466,0.7124740481376648,0.06276887655258179,0.00027594048879109323
81,True,18,keyboard,8,curtain,,0.6371661424636841,0.7194482684135437,0.565833568572998,0.15361469984054565,0.0033745034597814083
82,True,5,bottle,32,vase,,0.8351716995239258,0.6581127643585205,0.5992373824119568,0.05887538194656372,0.00037529171095229685
83,True,5,bottle,32,vase,,0.5567823648452759,1.270321249961853,1.1562391519546509,0.11408209800720215,0.0012427985202521086
84,True,5,bottle,32,vase,,0.8775104284286499,0.49106550216674805,0.4619649350643158,0.02910056710243225,0.00018859525152947754
85,True,18,keyboard,8,curtain,,0.6365955471992493,0.9975392818450928,0.7913373708724976,0.20620191097259521,0.0033124571200460196
86,True,20,laptop,29,tent,,0.8481948375701904,0.7857097387313843,0.6517492532730103,0.13396048545837402,0.0007034905138425529
87,True,5,bottle,32,vase,,0.8083197474479675,0.850490927696228,0.757596492767334,0.09289443492889404,0.0004936084151268005
88,True,5,bottle,32,vase,,0.8833433985710144,0.45532354712486267,0.42199718952178955,0.03332635760307312,0.00022416583669837564
89,True,6,bowl,29,tent,,0.48178306221961975,1.20448899269104,0.8167949318885803,0.3876940608024597,0.006113595329225063
90,True,10,cup,12,flower_pot,,0.5416449308395386,1.0310553312301636,0.9300858378410339,0.10096949338912964,0.0011542853899300098
91,True,5,bottle,32,vase,,0.6870760917663574,1.0298925638198853,0.9202947616577148,0.10959780216217041,0.0009566567605361342
92,True,5,bottle,32,vase,,0.5069948434829712,1.4352599382400513,1.2554736137390137,0.1797863245010376,0.0016618978697806597
93,True,5,bottle,31,tv_stand,,0.24515403807163239,2.491917371749878,1.9696378707885742,0.5222795009613037,0.003261622041463852
94,True,20,laptop,2,bed,,0.7001053094863892,1.135946273803711,0.7006435990333557,0.4353026747703552,0.0051285275258123875
95,True,5,bottle,32,vase,,0.8341966271400452,0.7298749685287476,0.6425236463546753,0.08735132217407227,0.0004339316510595381
96,True,18,keyboard,8,curtain,,0.7816489934921265,0.6211718916893005,0.48687073588371277,0.13430115580558777,0.0021480086725205183
97,True,5,bottle,32,vase,,0.6527106761932373,1.3292324542999268,1.1614441871643066,0.16778826713562012,0.0012043125461786985
98,True,6,bowl,29,tent,,0.7081931829452515,0.8175933361053467,0.5131796598434448,0.30441367626190186,0.004926696419715881
99,True,5,bottle,32,vase,,0.8907383680343628,0.4661124646663666,0.4346705377101898,0.03144192695617676,0.00017660159210208803
100,True,10,cup,32,vase,,0.6547849178314209,0.8746494054794312,0.8297836780548096,0.04486572742462158,0.00040822074515745044
101,True,5,bottle,32,vase,,0.8410536646842957,0.6496415734291077,0.591401994228363,0.05823957920074463,0.00027000444242730737
102,True,20,laptop,29,tent,,0.864078938961029,0.6885888576507568,0.5849884748458862,0.1036003828048706,0.0005377840716391802
103,True,10,cup,32,vase,,0.9325661063194275,0.27720552682876587,0.26040029525756836,0.01680523157119751,6.908932846272364e-05
104,True,5,bottle,32,vase,,0.866701602935791,0.5446532964706421,0.4816248118877411,0.063028484582901,0.0003695883497130126
105,True,18,keyboard,8,curtain,,0.667547881603241,1.3307280540466309,1.0862982273101807,0.2444298267364502,0.0018042767187580466
106,True,10,cup,32,vase,,0.6180710792541504,0.8959740400314331,0.8074425458908081,0.088531494140625,0.0012507156934589148
107,True,10,cup,12,flower_pot,,0.5906490087509155,1.381213903427124,1.0271927118301392,0.35402119159698486,0.0038017593324184418
108,True,5,bottle,32,vase,,0.7747422456741333,0.9813560247421265,0.7616146206855774,0.21974140405654907,0.0016484226798638701
109,True,6,bowl,29,tent,,0.6877539157867432,1.2317397594451904,0.9673429131507874,0.2643968462944031,0.002273522550240159
110,True,10,cup,32,vase,,0.4833022654056549,0.9400838613510132,0.8677172064781189,0.07236665487289429,0.001206891844049096
111,True,18,keyboard,8,curtain,,0.7392770648002625,0.7451596260070801,0.590118944644928,0.1550406813621521,0.0018584509380161762
112,True,5,bottle,32,vase,,0.8895091414451599,0.4661467373371124,0.4197019040584564,0.046444833278656006,0.0002045807777903974
113,True,5,bottle,32,vase,,0.7652664184570312,0.8217864632606506,0.7462438941001892,0.07554256916046143,0.0006344060529954731
114,True,5,bottle,12,flower_pot,,0.3666074275970459,1.5488444566726685,1.3718258142471313,0.1770186424255371,0.0020363270305097103
115,True,5,bottle,32,vase,,0.7596286535263062,0.8165767788887024,0.7532539963722229,0.06332278251647949,0.0005778713384643197
116,True,5,bottle,11,dresser,,0.22236377000808716,2.19704532623291,1.919686198234558,0.27735912799835205,0.0022762231528759003
117,True,18,keyboard,8,curtain,,0.5921000242233276,1.4684906005859375,1.2684845924377441,0.20000600814819336,0.0017111172201111913
118,True,5,bottle,32,vase,,0.6075055599212646,1.1185619831085205,1.0366125106811523,0.08194947242736816,0.0008780155912972987
119,True,18,keyboard,8,curtain,,0.7307177782058716,0.9817118048667908,0.7723982930183411,0.2093135118484497,0.001989788841456175
120,True,10,cup,32,vase,,0.6156037449836731,1.0625009536743164,0.9615016579627991,0.10099929571151733,0.0013654771028086543
121,True,6,bowl,29,tent,,0.6350210905075073,1.062350869178772,0.7023957967758179,0.3599550724029541,0.005210531409829855
122,True,5,bottle,32,vase,,0.5662373900413513,1.394012689590454,1.2301937341690063,0.16381895542144775,0.0015358623350039124
123,True,5,bottle,21,plant,,0.2597663402557373,2.0751793384552,1.8217370510101318,0.25344228744506836,0.001926687196828425
124,True,5,bottle,32,vase,,0.846296489238739,0.6062328219413757,0.546421229839325,0.05981159210205078,0.000341130857123062
125,True,5,bottle,32,vase,,0.7658188939094543,0.8691847920417786,0.7687552571296692,0.10042953491210938,0.0009086179779842496
126,True,10,cup,32,vase,,0.7199923396110535,0.8787258267402649,0.809158980846405,0.06956684589385986,0.0005008448497392237
127,True,5,bottle,32,vase,,0.8174087405204773,0.6265000104904175,0.5627819299697876,0.06371808052062988,0.0005372632876969874
128,True,6,bowl,12,flower_pot,,0.2531643807888031,1.8667998313903809,1.5624990463256836,0.30430078506469727,0.0028920634649693966
129,True,20,laptop,6,chair,,0.3899185359477997,2.0821151733398438,1.694484829902649,0.3876303434371948,0.0031102062202990055
130,True,5,bottle,32,vase,,0.7098251581192017,0.9586976766586304,0.8041733503341675,0.1545243263244629,0.0019253947539255023
131,True,5,bottle,32,vase,,0.6568942070007324,1.1693954467773438,1.053695559501648,0.1156998872756958,0.0010352222016081214
132,True,20,laptop,10,door,,0.5385518670082092,1.2223787307739258,0.8396686315536499,0.3827100992202759,0.005456569138914347
133,True,5,bottle,32,vase,,0.8638495802879333,0.5577993988990784,0.5183016061782837,0.03949779272079468,0.00019633490592241287
134,True,5,bottle,32,vase,,0.9449324011802673,0.265438973903656,0.25065943598747253,0.014779537916183472,4.2247320379829034e-05
135,True,6,bowl,12,flower_pot,,0.6782341599464417,1.0488396883010864,0.7835496664047241,0.2652900218963623,0.002922358689829707
136,True,5,bottle,32,vase,,0.6347253322601318,1.4050863981246948,1.2110202312469482,0.19406616687774658,0.001627214951440692
137,True,10,cup,15,lamp,,0.42412087321281433,1.3365154266357422,1.1787842512130737,0.15773117542266846,0.002091136993840337
138,True,5,bottle,32,vase,,0.801959753036499,0.7226828336715698,0.6729360818862915,0.04974675178527832,0.0003264853439759463
139,True,5,bottle,32,vase,,0.6007524132728577,0.8907176852226257,0.7094846367835999,0.18123304843902588,0.003743506269529462
140,True,5,bottle,32,vase,,0.8258012533187866,0.701460599899292,0.6385780572891235,0.06288254261016846,0.00037550495471805334
141,True,5,bottle,32,vase,,0.7980073690414429,0.7533930540084839,0.6860813498497009,0.06731170415878296,0.00047078830539248884
142,True,18,keyboard,8,curtain,,0.7454334497451782,0.9708718061447144,0.7813165187835693,0.18955528736114502,0.0017868801951408386
143,True,5,bottle,32,vase,,0.8935102820396423,0.485872745513916,0.4369049668312073,0.04896777868270874,0.0001925014948938042
144,True,20,laptop,29,tent,,0.39485234022140503,1.8609442710876465,1.5165318250656128,0.3444124460220337,0.003525897627696395
145,True,5,bottle,32,vase,,0.8639727830886841,0.5738669037818909,0.5366594195365906,0.03720748424530029,0.00018336491484660655
146,True,5,bottle,32,vase,,0.6358358263969421,1.2125505208969116,1.0742192268371582,0.13833129405975342,0.001033776206895709
147,True,5,bottle,32,vase,,0.8155291676521301,0.7586987018585205,0.6845685243606567,0.07413017749786377,0.00044101226376369596
148,True,18,keyboard,8,curtain,,0.6595456004142761,0.7951763868331909,0.6758197546005249,0.11935663223266602,0.0023043400142341852
149,True,5,bottle,32,vase,,0.8243969678878784,0.6725718975067139,0.615488588809967,0.057083308696746826,0.0004558298096526414
150,True,5,bottle,32,vase,,0.7138271927833557,0.9584406018257141,0.8780685067176819,0.08037209510803223,0.0007187711307778955
151,True,5,bottle,32,vase,,0.814845621585846,0.7563994526863098,0.6937254071235657,0.06267404556274414,0.00036451377673074603
152,True,10,cup,32,vase,,0.8257620334625244,0.6643648743629456,0.5890213251113892,0.0753435492515564,0.0005846027052029967
153,True,5,bottle,32,vase,,0.8667130470275879,0.5737522840499878,0.5300430059432983,0.04370927810668945,0.00014051984180696309
154,True,10,cup,32,vase,,0.6626876592636108,0.8424861431121826,0.7753564715385437,0.06712967157363892,0.0007734134560450912
155,True,20,laptop,29,tent,,0.5187637805938721,1.5837825536727905,0.898144543170929,0.6856380105018616,0.0075066909193992615
156,True,5,bottle,32,vase,,0.6940540671348572,1.0200198888778687,0.9190652966499329,0.10095459222793579,0.0010032036807388067
157,True,10,cup,32,vase,,0.775910496711731,0.6694582104682922,0.5883758664131165,0.08108234405517578,0.0009277259814552963
158,True,6,bowl,32,vase,,0.5291473269462585,0.8133344054222107,0.7508427500724792,0.062491655349731445,0.0011036851210519671
159,True,18,keyboard,0,airplane,,0.4369061291217804,1.6724504232406616,1.3614286184310913,0.3110218048095703,0.0034264277201145887
160,True,5,bottle,32,vase,,0.8774870038032532,0.5119103193283081,0.4675567150115967,0.044353604316711426,0.00028337337425909936
161,True,5,bottle,32,vase,,0.7196678519248962,0.9500539898872375,0.8288424611091614,0.12121152877807617,0.0012793641071766615
162,True,20,laptop,6,chair,,0.3399776220321655,2.069955825805664,1.6973861455917358,0.3725696802139282,0.003309309482574463
163,True,20,laptop,6,chair,,0.8429571986198425,0.6506766080856323,0.42240601778030396,0.22827059030532837,0.002464912598952651
164,True,18,keyboard,8,curtain,,0.8430259227752686,0.5574671626091003,0.4455909729003906,0.11187618970870972,0.0010427762754261494
165,True,6,bowl,7,cone,,0.5286344289779663,1.1947767734527588,0.9351954460144043,0.2595813274383545,0.004209652543067932
166,True,5,bottle,32,vase,,0.8475685119628906,0.7469011545181274,0.6455579400062561,0.10134321451187134,0.0005705253570340574
167,True,5,bottle,32,vase,,0.8234301209449768,0.651585042476654,0.6031561493873596,0.048428893089294434,0.00032820928026922047
168,True,5,bottle,21,plant,,0.46918535232543945,1.2881155014038086,1.108452320098877,0.17966318130493164,0.002065209439024329
169,True,6,bowl,32,vase,,0.6780214309692383,0.7342966198921204,0.6678892374038696,0.06640738248825073,0.001221860060468316
170,True,5,bottle,32,vase,,0.6375084519386292,1.4849567413330078,1.2951769828796387,0.18977975845336914,0.0012358471285551786
171,True,10,cup,32,vase,,0.8920378088951111,0.4095061123371124,0.3821423649787903,0.027363747358322144,0.0001537837233627215
172,True,10,cup,32,vase,,0.6235267519950867,1.3454490900039673,1.1370078325271606,0.20844125747680664,0.0013366915518417954
173,True,5,bottle,32,vase,,0.8784626722335815,0.49913132190704346,0.46448639035224915,0.03464493155479431,0.00016541447257623076
174,True,6,bowl,12,flower_pot,,0.46397852897644043,1.3578864336013794,1.0802273750305176,0.2776590585708618,0.0035097948275506496
175,True,5,bottle,32,vase,,0.7420558333396912,0.9410861730575562,0.842014491558075,0.0990716814994812,0.0008550445782020688
176,True,5,bottle,32,vase,,0.927424967288971,0.3160551190376282,0.29626476764678955,0.019790351390838623,8.083428838290274e-05
177,True,20,laptop,10,door,,0.42267942428588867,1.8262251615524292,1.2478092908859253,0.5784158706665039,0.0059175072237849236
178,True,18,keyboard,8,curtain,,0.5394546389579773,1.7683473825454712,1.4287785291671753,0.3395688533782959,0.00258997711353004
179,True,18,keyboard,31,tv_stand,,0.3056564927101135,2.0926308631896973,1.6101523637771606,0.4824784994125366,0.0036805416457355022
