is_ood,true_label,true_class_name,k1_pred,k1_confidence,k1_action,k1_correct,scan2_pred,scan2_confidence,scan2_correct,scan2_high_conf_correct,scan3_pred,scan3_confidence,scan3_correct,scan3_high_conf_correct,agreement_pred,agreement_confidence,agreement_action,agreement_correct,scans_agreed
False,4,bookshelf,28,0.6177844405174255,Ask for help,False,28,0.4453480839729309,False,False,8,0.30070286989212036,False,False,28.0,0.5315662622451782,Ask for help,False,True
False,0,airplane,0,0.34556078910827637,Ask for help,True,8,0.5131427049636841,False,False,28,0.5246452689170837,False,False,,0.0,Ask for help,False,False
False,2,bed,26,0.2980988621711731,Ask for help,False,29,0.5062111616134644,False,False,2,0.3501984477043152,True,False,,0.0,Ask for help,False,False
False,6,chair,22,0.33202871680259705,Ask for help,False,15,0.42304763197898865,False,False,8,0.7299680113792419,False,False,,0.0,Ask for help,False,False
False,18,night_stand,28,0.7521852254867554,Ask for help,False,29,0.49944251775741577,False,False,22,0.2868433892726898,False,False,,0.0,Ask for help,False,False
False,32,vase,22,0.4235824644565582,Ask for help,False,29,0.6478699445724487,False,False,29,0.48596683144569397,False,False,29.0,0.5669183880090714,Ask for help,False,True
False,30,toilet,29,0.40202945470809937,Ask for help,False,26,0.21798300743103027,False,False,26,0.6386286020278931,False,False,26.0,0.42830580472946167,Ask for help,False,True
False,30,toilet,28,0.5168312788009644,Ask for help,False,26,0.4827047288417816,False,False,26,0.6080191731452942,False,False,26.0,0.5453619509935379,Ask for help,False,True
False,23,range_hood,27,0.5885722041130066,Ask for help,False,28,0.6129332780838013,False,False,28,0.37068483233451843,False,False,28.0,0.49180905520915985,Ask for help,False,True
False,13,glass_box,30,0.36803382635116577,Ask for help,False,28,0.9326683282852173,False,False,10,0.6306437849998474,False,False,,0.0,Ask for help,False,False
False,0,airplane,8,0.8150677680969238,Re-scan,False,8,0.32512301206588745,False,False,8,0.6095817685127258,False,False,8.0,0.5832575162251791,Ask for help,False,True
False,28,table,8,0.3830562233924866,Ask for help,False,8,0.6827028393745422,False,False,19,0.47260862588882446,False,False,8.0,0.5328795313835144,Ask for help,False,True
False,30,toilet,28,0.6648929119110107,Ask for help,False,8,0.653075098991394,False,False,28,0.2942693829536438,False,False,28.0,0.47958114743232727,Ask for help,False,True
False,32,vase,8,0.3152676224708557,Ask for help,False,10,0.2931758761405945,False,False,21,0.5308170914649963,False,False,,0.0,Ask for help,False,False
False,25,sofa,28,0.3825741708278656,Ask for help,False,6,0.2592661380767822,False,False,29,0.4205714166164398,False,False,,0.0,Ask for help,False,False
False,6,chair,28,0.6404851675033569,Ask for help,False,8,0.30636319518089294,False,False,28,0.4847996234893799,False,False,28.0,0.5626423954963684,Ask for help,False,True
False,21,plant,21,0.46711522340774536,Ask for help,True,15,0.27862030267715454,False,False,21,0.21556738018989563,True,False,21.0,0.3413413017988205,Ask for help,True,True
False,1,bathtub,9,0.29511088132858276,Ask for help,False,29,0.4425341486930847,False,False,19,0.5072993040084839,False,False,,0.0,Ask for help,False,False
False,18,night_stand,29,0.42633819580078125,Ask for help,False,6,0.5041115283966064,False,False,26,0.2941499948501587,False,False,,0.0,Ask for help,False,False
False,30,toilet,30,0.35210978984832764,Ask for help,True,8,0.3159427046775818,False,False,9,0.2990862727165222,False,False,,0.0,Ask for help,False,False
False,14,guitar,8,0.6029925346374512,Ask for help,False,14,0.49078622460365295,True,False,8,0.8387195467948914,False,False,8.0,0.7208560407161713,Ask for help,False,True
False,4,bookshelf,22,0.26115208864212036,Ask for help,False,21,0.3973853588104248,False,False,16,0.45919013023376465,False,False,,0.0,Ask for help,False,False
False,17,monitor,29,0.7681196928024292,Ask for help,False,19,0.786681592464447,False,False,26,0.7341193556785583,False,False,,0.0,Ask for help,False,False
False,4,bookshelf,15,0.28399962186813354,Ask for help,False,8,0.32762184739112854,False,False,27,0.27836379408836365,False,False,,0.0,Ask for help,False,False
False,0,airplane,0,0.7130287885665894,Ask for help,True,0,0.7476735711097717,True,False,15,0.5032130479812622,False,False,0.0,0.7303511798381805,Ask for help,True,True
False,21,plant,21,0.7902665138244629,Re-scan,True,21,0.8843488693237305,True,True,9,0.5201672911643982,False,False,21.0,0.8373076915740967,Re-scan,True,True
False,16,mantel,10,0.3188927173614502,Ask for help,False,15,0.3859744966030121,False,False,8,0.4066528379917145,False,False,,0.0,Ask for help,False,False
False,5,car,19,0.41474562883377075,Ask for help,False,22,0.2847916781902313,False,False,29,0.6340939998626709,False,False,,0.0,Ask for help,False,False
False,14,guitar,15,0.42001208662986755,Ask for help,False,15,0.588942289352417,False,False,14,0.3666094243526459,True,False,15.0,0.5044771879911423,Ask for help,False,True
False,2,bed,9,0.23492252826690674,Ask for help,False,19,0.6986347436904907,False,False,19,0.2947031557559967,False,False,19.0,0.4966689497232437,Ask for help,False,True
False,9,desk,29,0.86890709400177,Re-scan,False,8,0.36943677067756653,False,False,8,0.5135184526443481,False,False,8.0,0.44147761166095734,Ask for help,False,True
False,5,car,29,0.6760050058364868,Ask for help,False,28,0.31105488538742065,False,False,8,0.2502592206001282,False,False,,0.0,Ask for help,False,False
False,31,tv_stand,8,0.3596387505531311,Ask for help,False,2,0.3825973868370056,False,False,22,0.2881785035133362,False,False,,0.0,Ask for help,False,False
False,31,tv_stand,29,0.5649782419204712,Ask for help,False,19,0.7716056108474731,False,False,9,0.42562776803970337,False,False,,0.0,Ask for help,False,False
False,28,table,8,0.6021009683609009,Ask for help,False,28,0.902575671672821,True,True,28,0.40192335844039917,True,False,28.0,0.6522495150566101,Ask for help,True,True
False,20,piano,28,0.7679657340049744,Ask for help,False,19,0.866837203502655,False,False,29,0.47812825441360474,False,False,,0.0,Ask for help,False,False
False,23,range_hood,28,0.6729297637939453,Ask for help,False,6,0.2949519753456116,False,False,21,0.3163079619407654,False,False,,0.0,Ask for help,False,False
False,32,vase,28,0.4162100851535797,Ask for help,False,8,0.47992077469825745,False,False,28,0.35553207993507385,False,False,28.0,0.3858710825443268,Ask for help,False,True
False,23,range_hood,24,0.36541664600372314,Ask for help,False,6,0.484758198261261,False,False,21,0.4360501766204834,False,False,,0.0,Ask for help,False,False
False,25,sofa,29,0.9716165661811829,Grasp,False,6,0.45690590143203735,False,False,26,0.2846209406852722,False,False,,0.0,Ask for help,False,False
False,16,mantel,28,0.7077952027320862,Ask for help,False,10,0.7902616262435913,False,False,28,0.5733915567398071,False,False,28.0,0.6405933797359467,Ask for help,False,True
False,18,night_stand,22,0.33503758907318115,Ask for help,False,6,0.4664258062839508,False,False,28,0.8246774673461914,False,False,,0.0,Ask for help,False,False
False,25,sofa,19,0.9064943194389343,Grasp,False,6,0.6162270307540894,False,False,19,0.915019154548645,False,False,19.0,0.9107567369937897,Grasp,False,True
False,23,range_hood,28,0.41837531328201294,Ask for help,False,27,0.311614453792572,False,False,34,0.349135160446167,False,False,,0.0,Ask for help,False,False
False,16,mantel,27,0.3748951554298401,Ask for help,False,21,0.4385749399662018,False,False,28,0.3815915584564209,False,False,,0.0,Ask for help,False,False
False,11,dresser,15,0.3835096061229706,Ask for help,False,29,0.7923759818077087,False,False,22,0.5863507986068726,False,False,,0.0,Ask for help,False,False
False,11,dresser,21,0.6290934681892395,Ask for help,False,28,0.7566174268722534,False,False,22,0.35588547587394714,False,False,,0.0,Ask for help,False,False
False,0,airplane,8,0.4663172662258148,Ask for help,False,19,0.4949865937232971,False,False,2,0.23444266617298126,False,False,,0.0,Ask for help,False,False
False,4,bookshelf,27,0.8789979815483093,Grasp,False,21,0.503247857093811,False,False,21,0.3855046033859253,False,False,21.0,0.44437623023986816,Ask for help,False,True
False,5,car,29,0.5594099164009094,Ask for help,False,2,0.5339063405990601,False,False,28,0.777653157711029,False,False,,0.0,Ask for help,False,False
False,16,mantel,29,0.42368707060813904,Ask for help,False,28,0.6723096966743469,False,False,28,0.7571187019348145,False,False,28.0,0.7147141993045807,Ask for help,False,True
False,28,table,22,0.3692525327205658,Ask for help,False,28,0.9717577695846558,True,True,8,0.5226055383682251,False,False,,0.0,Ask for help,False,False
False,6,chair,8,0.3567442297935486,Ask for help,False,6,0.48124146461486816,True,False,21,0.30075138807296753,False,False,,0.0,Ask for help,False,False
False,11,dresser,22,0.5341107249259949,Ask for help,False,22,0.40024685859680176,False,False,28,0.47995060682296753,False,False,22.0,0.4671787917613983,Ask for help,False,True
False,34,xbox,22,0.4694936275482178,Ask for help,False,21,0.48974257707595825,False,False,21,0.4280504286289215,False,False,21.0,0.4588965028524399,Ask for help,False,True
False,17,monitor,28,0.6203881502151489,Ask for help,False,34,0.36747226119041443,False,False,29,0.844056248664856,False,False,,0.0,Ask for help,False,False
False,33,wardrobe,10,0.1834489405155182,Ask for help,False,8,0.46932411193847656,False,False,28,0.41404300928115845,False,False,,0.0,Ask for help,False,False
False,20,piano,16,0.5261281132698059,Ask for help,False,16,0.5761255025863647,False,False,6,0.2748832404613495,False,False,16.0,0.5511268079280853,Ask for help,False,True
False,28,table,28,0.4485297203063965,Ask for help,True,28,0.8343615531921387,True,False,6,0.5389354228973389,False,False,28.0,0.6414456367492676,Ask for help,True,True
False,33,wardrobe,29,0.893525242805481,Grasp,False,29,0.905504047870636,False,False,29,0.47469383478164673,False,False,29.0,0.7579077084859213,Ask for help,False,True
False,18,night_stand,30,0.24522742629051208,Ask for help,False,8,0.582156777381897,False,False,29,0.33371955156326294,False,False,,0.0,Ask for help,False,False
False,30,toilet,28,0.3161681890487671,Ask for help,False,28,0.4629858434200287,False,False,29,0.4677116274833679,False,False,28.0,0.3895770162343979,Ask for help,False,True
False,30,toilet,21,0.3053961396217346,Ask for help,False,30,0.7239679098129272,True,False,30,0.4361691474914551,True,False,30.0,0.5800685286521912,Ask for help,True,True
False,4,bookshelf,27,0.64641273021698,Ask for help,False,27,0.42904385924339294,False,False,8,0.35254496335983276,False,False,27.0,0.5377282947301865,Ask for help,False,True
False,2,bed,8,0.3746652901172638,Ask for help,False,2,0.3479164242744446,True,False,29,0.30069467425346375,False,False,,0.0,Ask for help,False,False
False,17,monitor,19,0.49072080850601196,Ask for help,False,29,0.30852651596069336,False,False,29,0.33674371242523193,False,False,29.0,0.32263511419296265,Ask for help,False,True
False,4,bookshelf,8,0.4465385377407074,Ask for help,False,8,0.3885306119918823,False,False,3,0.3488745093345642,False,False,8.0,0.41753457486629486,Ask for help,False,True
False,23,range_hood,28,0.5264154672622681,Ask for help,False,8,0.1892973631620407,False,False,8,0.43465080857276917,False,False,8.0,0.31197408586740494,Ask for help,False,True
False,14,guitar,26,0.5625056028366089,Ask for help,False,8,0.37650585174560547,False,False,8,0.5009059906005859,False,False,8.0,0.4387059211730957,Ask for help,False,True
False,17,monitor,19,0.5839303731918335,Ask for help,False,29,0.49535274505615234,False,False,8,0.5248233079910278,False,False,,0.0,Ask for help,False,False
False,34,xbox,29,0.7222495079040527,Ask for help,False,24,0.32375237345695496,False,False,6,0.30556973814964294,False,False,,0.0,Ask for help,False,False
False,31,tv_stand,28,0.5148727297782898,Ask for help,False,6,0.2801901698112488,False,False,26,0.5995351672172546,False,False,,0.0,Ask for help,False,False
False,13,glass_box,28,0.7531706690788269,Ask for help,False,15,0.18423862755298615,False,False,10,0.47027531266212463,False,False,,0.0,Ask for help,False,False
False,31,tv_stand,15,0.34608179330825806,Ask for help,False,3,0.32399216294288635,False,False,6,0.5334537625312805,False,False,,0.0,Ask for help,False,False
False,22,radio,22,0.5169237852096558,Ask for help,True,30,0.44498270750045776,False,False,30,0.7693510055541992,False,False,30.0,0.6071668565273285,Ask for help,False,True
False,2,bed,29,0.39599841833114624,Ask for help,False,2,0.21611812710762024,True,False,6,0.25401872396469116,False,False,,0.0,Ask for help,False,False
False,16,mantel,10,0.34470894932746887,Ask for help,False,27,0.529662013053894,False,False,27,0.7425967454910278,False,False,27.0,0.6361293792724609,Ask for help,False,True
False,7,cone,30,0.41321295499801636,Ask for help,False,29,0.3696252703666687,False,False,15,0.4056674540042877,False,False,,0.0,Ask for help,False,False
False,21,plant,21,0.3626782298088074,Ask for help,True,28,0.3634585440158844,False,False,21,0.44885602593421936,True,False,21.0,0.40576712787151337,Ask for help,True,True
False,9,desk,30,0.42859727144241333,Ask for help,False,21,0.3029268682003021,False,False,30,0.430807501077652,False,False,30.0,0.42970238626003265,Ask for help,False,True
False,29,tent,21,0.4267035126686096,Ask for help,False,21,0.4326377809047699,False,False,28,0.396942675113678,False,False,21.0,0.42967064678668976,Ask for help,False,True
False,28,table,26,0.31053629517555237,Ask for help,False,28,0.937933623790741,True,True,28,0.45649009943008423,True,False,28.0,0.6972118616104126,Ask for help,True,True
False,0,airplane,19,0.38462814688682556,Ask for help,False,8,0.5851622819900513,False,False,8,0.3524986207485199,False,False,8.0,0.4688304513692856,Ask for help,False,True
False,16,mantel,28,0.835702121257782,Re-scan,False,28,0.5840917825698853,False,False,28,0.359209269285202,False,False,28.0,0.5930010577042898,Ask for help,False,True
False,31,tv_stand,27,0.39545467495918274,Ask for help,False,29,0.4504719376564026,False,False,3,0.7367010116577148,False,False,,0.0,Ask for help,False,False
False,5,car,21,0.39127928018569946,Ask for help,False,19,0.27277207374572754,False,False,28,0.27641525864601135,False,False,,0.0,Ask for help,False,False
False,2,bed,29,0.5087331533432007,Ask for help,False,34,0.28712692856788635,False,False,6,0.7191938161849976,False,False,,0.0,Ask for help,False,False
False,0,airplane,26,0.32798120379447937,Ask for help,False,8,0.8405725359916687,False,False,28,0.626478374004364,False,False,,0.0,Ask for help,False,False
False,30,toilet,30,0.4974404275417328,Ask for help,True,28,0.5545467138290405,False,False,30,0.6505863666534424,True,False,30.0,0.5740133970975876,Ask for help,True,True
False,2,bed,22,0.26544684171676636,Ask for help,False,28,0.28227660059928894,False,False,28,0.7078220844268799,False,False,28.0,0.4950493425130844,Ask for help,False,True
False,25,sofa,19,0.6565236449241638,Ask for help,False,28,0.8816841244697571,False,False,19,0.4451659321784973,False,False,19.0,0.5508447885513306,Ask for help,False,True
False,16,mantel,28,0.36777597665786743,Ask for help,False,15,0.5264451503753662,False,False,16,0.2988276779651642,True,False,,0.0,Ask for help,False,False
False,9,desk,28,0.46738776564598083,Ask for help,False,8,0.32217055559158325,False,False,28,0.4132178723812103,False,False,28.0,0.4403028190135956,Ask for help,False,True
False,25,sofa,19,0.8559209704399109,Re-scan,False,19,0.9474390745162964,False,False,9,0.37647002935409546,False,False,19.0,0.9016800224781036,Grasp,False,True
False,9,desk,29,0.23629550635814667,Ask for help,False,22,0.4196140170097351,False,False,28,0.46742281317710876,False,False,,0.0,Ask for help,False,False
False,30,toilet,8,0.44424134492874146,Ask for help,False,29,0.43385154008865356,False,False,26,0.7204173803329468,False,False,,0.0,Ask for help,False,False
False,9,desk,19,0.44205722212791443,Ask for help,False,29,0.6835914850234985,False,False,8,0.407418817281723,False,False,,0.0,Ask for help,False,False
False,30,toilet,26,0.6954549551010132,Ask for help,False,26,0.39874786138534546,False,False,8,0.3535662591457367,False,False,26.0,0.5471014082431793,Ask for help,False,True
False,30,toilet,29,0.466380774974823,Ask for help,False,28,0.5725040435791016,False,False,26,0.32305335998535156,False,False,,0.0,Ask for help,False,False
False,0,airplane,0,0.32726210355758667,Ask for help,True,8,0.3018091320991516,False,False,0,0.8587669134140015,True,False,0.0,0.5930145084857941,Ask for help,True,True
False,12,flower_pot,21,0.6114227771759033,Ask for help,False,15,0.35944676399230957,False,False,21,0.41140881180763245,False,False,21.0,0.5114157944917679,Ask for help,False,True
False,21,plant,28,0.4529353976249695,Ask for help,False,28,0.5014609694480896,False,False,21,0.7444300055503845,True,False,28.0,0.47719818353652954,Ask for help,False,True
False,7,cone,8,0.5869649648666382,Ask for help,False,15,0.6050276160240173,False,False,7,0.4455362856388092,True,False,,0.0,Ask for help,False,False
False,16,mantel,27,0.3326053023338318,Ask for help,False,10,0.38594767451286316,False,False,28,0.5992433428764343,False,False,,0.0,Ask for help,False,False
False,13,glass_box,28,0.23943038284778595,Ask for help,False,28,0.45415154099464417,False,False,28,0.31470513343811035,False,False,28.0,0.3360956857601802,Ask for help,False,True
False,6,chair,26,0.3504825234413147,Ask for help,False,30,0.37777912616729736,False,False,29,0.5768058896064758,False,False,,0.0,Ask for help,False,False
False,21,plant,21,0.421381413936615,Ask for help,True,22,0.2309006154537201,False,False,15,0.22807474434375763,False,False,,0.0,Ask for help,False,False
False,18,night_stand,6,0.33951276540756226,Ask for help,False,29,0.7972649335861206,False,False,21,0.42023640871047974,False,False,,0.0,Ask for help,False,False
False,33,wardrobe,27,0.36725378036499023,Ask for help,False,15,0.4862160086631775,False,False,27,0.3596464991569519,False,False,27.0,0.36345013976097107,Ask for help,False,True
False,3,bench,3,0.36568936705589294,Ask for help,True,21,0.37133651971817017,False,False,28,0.5757942795753479,False,False,,0.0,Ask for help,False,False
False,31,tv_stand,28,0.9411694407463074,Grasp,False,29,0.6339088678359985,False,False,29,0.6137729287147522,False,False,29.0,0.6238408982753754,Ask for help,False,True
False,29,tent,28,0.8263015747070312,Re-scan,False,19,0.67366623878479,False,False,19,0.5872427225112915,False,False,19.0,0.6304544806480408,Ask for help,False,True
False,32,vase,15,0.42933160066604614,Ask for help,False,15,0.4916345179080963,False,False,22,0.2971263527870178,False,False,15.0,0.46048305928707123,Ask for help,False,True
False,5,car,30,0.5415297746658325,Ask for help,False,30,0.2991434633731842,False,False,29,0.3966678977012634,False,False,30.0,0.42033661901950836,Ask for help,False,True
False,0,airplane,21,0.3070380389690399,Ask for help,False,8,0.44541803002357483,False,False,0,0.6113810539245605,True,False,,0.0,Ask for help,False,False
False,6,chair,28,0.3180682063102722,Ask for help,False,28,0.6914235353469849,False,False,28,0.460222065448761,False,False,28.0,0.48990460236867267,Ask for help,False,True
False,30,toilet,30,0.6325625777244568,Ask for help,True,26,0.6719950437545776,False,False,26,0.5586692094802856,False,False,26.0,0.6153321266174316,Ask for help,False,True
False,21,plant,14,0.43348169326782227,Ask for help,False,21,0.5531749725341797,True,False,22,0.37492603063583374,False,False,,0.0,Ask for help,False,False
False,21,plant,28,0.7455243468284607,Ask for help,False,28,0.9812247157096863,False,False,28,0.9977442026138306,False,False,28.0,0.9081644217173258,Grasp,False,True
False,30,toilet,8,0.5634261965751648,Ask for help,False,30,0.6155245900154114,True,False,30,0.789857804775238,True,False,30.0,0.7026911973953247,Ask for help,True,True
False,14,guitar,22,0.47919026017189026,Ask for help,False,14,0.6390559673309326,True,False,14,0.6398290395736694,True,False,14.0,0.639442503452301,Ask for help,True,True
False,0,airplane,14,0.5722641944885254,Ask for help,False,21,0.37839481234550476,False,False,0,0.35678038001060486,True,False,,0.0,Ask for help,False,False
False,20,piano,27,0.45317593216896057,Ask for help,False,21,0.2984442710876465,False,False,3,0.5972395539283752,False,False,,0.0,Ask for help,False,False
False,31,tv_stand,28,0.5750939846038818,Ask for help,False,8,0.5248311758041382,False,False,15,0.3673609793186188,False,False,,0.0,Ask for help,False,False
False,30,toilet,28,0.6120961904525757,Ask for help,False,22,0.23535101115703583,False,False,8,0.44529253244400024,False,False,,0.0,Ask for help,False,False
False,17,monitor,29,0.42097315192222595,Ask for help,False,29,0.7864023447036743,False,False,29,0.7267576456069946,False,False,29.0,0.644711047410965,Ask for help,False,True
False,9,desk,28,0.9756320714950562,Grasp,False,28,0.7070857286453247,False,False,28,0.4672546982765198,False,False,28.0,0.7166574994723002,Ask for help,False,True
False,14,guitar,8,0.36759036779403687,Ask for help,False,8,0.3575843870639801,False,False,8,0.805071234703064,False,False,8.0,0.5100819965203603,Ask for help,False,True
False,32,vase,10,0.40652093291282654,Ask for help,False,15,0.22420386970043182,False,False,21,0.5941802263259888,False,False,,0.0,Ask for help,False,False
False,16,mantel,28,0.6547766923904419,Ask for help,False,16,0.40290284156799316,True,False,8,0.7649534344673157,False,False,,0.0,Ask for help,False,False
False,0,airplane,8,0.6492167115211487,Ask for help,False,0,0.8750221133232117,True,False,8,0.5278193950653076,False,False,8.0,0.5885180532932281,Ask for help,False,True
False,13,glass_box,28,0.5458142757415771,Ask for help,False,19,0.5965362787246704,False,False,28,0.5358689427375793,False,False,28.0,0.5408416092395782,Ask for help,False,True
False,10,door,21,0.3815140128135681,Ask for help,False,8,0.43380728363990784,False,False,8,0.5639192461967468,False,False,8.0,0.49886326491832733,Ask for help,False,True
False,14,guitar,14,0.6070891618728638,Ask for help,True,8,0.5529748201370239,False,False,8,0.5505937933921814,False,False,8.0,0.5517843067646027,Ask for help,False,True
False,2,bed,0,0.3603278696537018,Ask for help,False,8,0.3415316939353943,False,False,2,0.3138046860694885,True,False,,0.0,Ask for help,False,False
False,17,monitor,0,0.904288649559021,Grasp,False,28,0.7147252559661865,False,False,0,0.36447325348854065,False,False,0.0,0.6343809515237808,Ask for help,False,True
False,17,monitor,29,0.5671640634536743,Ask for help,False,28,0.8403018712997437,False,False,28,0.4335230886936188,False,False,28.0,0.6369124799966812,Ask for help,False,True
False,20,piano,28,0.5390084981918335,Ask for help,False,19,0.8617251515388489,False,False,8,0.37823033332824707,False,False,,0.0,Ask for help,False,False
False,0,airplane,8,0.6906930208206177,Ask for help,False,8,0.46777957677841187,False,False,0,0.2732631266117096,True,False,8.0,0.5792362987995148,Ask for help,False,True
False,10,door,8,0.40979495644569397,Ask for help,False,21,0.4957900047302246,False,False,21,0.35550540685653687,False,False,21.0,0.42564770579338074,Ask for help,False,True
False,21,plant,27,0.7281665802001953,Ask for help,False,28,0.4077203869819641,False,False,27,0.829020619392395,False,False,27.0,0.7785935997962952,Re-scan,False,True
False,20,piano,19,0.6758084893226624,Ask for help,False,19,0.8650864362716675,False,False,20,0.559302031993866,True,False,19.0,0.7704474627971649,Ask for help,False,True
False,5,car,21,0.4992399215698242,Ask for help,False,21,0.3361549973487854,False,False,21,0.7311087846755981,False,False,21.0,0.5221679011980692,Ask for help,False,True
False,11,dresser,15,0.5272486805915833,Ask for help,False,32,0.18438108265399933,False,False,6,0.3559736907482147,False,False,,0.0,Ask for help,False,False
False,34,xbox,21,0.3732677400112152,Ask for help,False,29,0.24213893711566925,False,False,21,0.5158711075782776,False,False,21.0,0.4445694237947464,Ask for help,False,True
False,23,range_hood,28,0.6554692983627319,Ask for help,False,3,0.4166263937950134,False,False,10,0.6450420618057251,False,False,,0.0,Ask for help,False,False
False,32,vase,15,0.3021474778652191,Ask for help,False,21,0.42084693908691406,False,False,29,0.35172778367996216,False,False,,0.0,Ask for help,False,False
False,12,flower_pot,21,0.704770028591156,Ask for help,False,21,0.5762456655502319,False,False,29,0.29413822293281555,False,False,21.0,0.640507847070694,Ask for help,False,True
False,5,car,21,0.46568799018859863,Ask for help,False,15,0.5716699361801147,False,False,15,0.32059136033058167,False,False,15.0,0.4461306482553482,Ask for help,False,True
False,16,mantel,28,0.9739431142807007,Grasp,False,28,0.6965271830558777,False,False,27,0.2996852695941925,False,False,28.0,0.8352351486682892,Re-scan,False,True
False,14,guitar,15,0.30813270807266235,Ask for help,False,26,0.3088436722755432,False,False,22,0.66965651512146,False,False,,0.0,Ask for help,False,False
False,11,dresser,28,0.3001514971256256,Ask for help,False,28,0.8211110234260559,False,False,28,0.7661536931991577,False,False,28.0,0.6291387379169464,Ask for help,False,True
False,2,bed,19,0.4076073169708252,Ask for help,False,19,0.5093957781791687,False,False,8,0.4575210511684418,False,False,19.0,0.45850154757499695,Ask for help,False,True
False,20,piano,28,0.8516508936882019,Re-scan,False,28,0.9094826579093933,False,False,8,0.36611130833625793,False,False,28.0,0.8805667757987976,Grasp,False,True
False,6,chair,28,0.7853737473487854,Re-scan,False,28,0.632419228553772,False,False,8,0.35924801230430603,False,False,28.0,0.7088964879512787,Ask for help,False,True
False,16,mantel,28,0.2654060125350952,Ask for help,False,16,0.419246107339859,True,False,28,0.4903690814971924,False,False,28.0,0.3778875470161438,Ask for help,False,True
False,1,bathtub,29,0.6623206734657288,Ask for help,False,19,0.8887382745742798,False,False,19,0.5144926309585571,False,False,19.0,0.7016154527664185,Ask for help,False,True
False,21,plant,19,0.5813767313957214,Ask for help,False,21,0.6927052140235901,True,False,15,0.3068300187587738,False,False,,0.0,Ask for help,False,False
False,5,car,8,0.5323227643966675,Ask for help,False,8,0.28746259212493896,False,False,29,0.7802464365959167,False,False,8.0,0.4098926782608032,Ask for help,False,True
False,9,desk,28,0.9846102595329285,Grasp,False,28,0.6632706522941589,False,False,28,0.84522944688797,False,False,28.0,0.8310367862383524,Re-scan,False,True
False,10,door,8,0.30611446499824524,Ask for help,False,8,0.25510576367378235,False,False,8,0.8600820302963257,False,False,8.0,0.47376741965611774,Ask for help,False,True
False,9,desk,9,0.6278111934661865,Ask for help,True,15,0.3020159900188446,False,False,2,0.27936825156211853,False,False,,0.0,Ask for help,False,False
False,18,night_stand,29,0.6792436242103577,Ask for help,False,6,0.7660741806030273,False,False,29,0.5010539293289185,False,False,29.0,0.5901487767696381,Ask for help,False,True
False,25,sofa,28,0.9156305193901062,Grasp,False,2,0.29990047216415405,False,False,8,0.2492968589067459,False,False,,0.0,Ask for help,False,False
False,23,range_hood,21,0.34145984053611755,Ask for help,False,28,0.4224971830844879,False,False,29,0.5449405908584595,False,False,,0.0,Ask for help,False,False
False,11,dresser,29,0.47421637177467346,Ask for help,False,28,0.4653055667877197,False,False,30,0.3337094783782959,False,False,,0.0,Ask for help,False,False
False,14,guitar,15,0.3635140359401703,Ask for help,False,15,0.3923017382621765,False,False,26,0.5083327293395996,False,False,15.0,0.3779078871011734,Ask for help,False,True
False,4,bookshelf,27,0.4790387749671936,Ask for help,False,27,0.9516322016716003,False,False,27,0.4962148666381836,False,False,27.0,0.6422952810923258,Ask for help,False,True
False,30,toilet,19,0.5806328058242798,Ask for help,False,26,0.4768538475036621,False,False,30,0.4877868592739105,True,False,,0.0,Ask for help,False,False
False,4,bookshelf,3,0.7558704018592834,Ask for help,False,3,0.8116774559020996,False,False,16,0.9787923097610474,False,False,3.0,0.7837739288806915,Re-scan,False,True
False,7,cone,29,0.45628127455711365,Ask for help,False,21,0.45231547951698303,False,False,29,0.5756687521934509,False,False,29.0,0.5159750133752823,Ask for help,False,True
False,30,toilet,30,0.28738629817962646,Ask for help,True,30,0.7290990352630615,True,False,26,0.7768408060073853,False,False,30.0,0.508242666721344,Ask for help,True,True
False,15,lamp,28,0.9996606111526489,Grasp,False,29,0.4805642068386078,False,False,28,0.22755920886993408,False,False,28.0,0.6136099100112915,Ask for help,False,True
False,19,person,26,0.7160943746566772,Ask for help,False,22,0.3855056166648865,False,False,19,0.5463557243347168,True,False,,0.0,Ask for help,False,False
False,30,toilet,8,0.3175413906574249,Ask for help,False,26,0.9344625473022461,False,False,28,0.25855252146720886,False,False,,0.0,Ask for help,False,False
False,6,chair,8,0.710513174533844,Ask for help,False,21,0.301826536655426,False,False,28,0.8873286247253418,False,False,,0.0,Ask for help,False,False
False,8,curtain,0,0.461251825094223,Ask for help,False,8,0.8020352125167847,True,False,28,0.6799272894859314,False,False,,0.0,Ask for help,False,False
False,30,toilet,21,0.37900760769844055,Ask for help,False,22,0.29143524169921875,False,False,30,0.3187212646007538,True,False,,0.0,Ask for help,False,False
False,23,range_hood,28,0.40223249793052673,Ask for help,False,27,0.3583783805370331,False,False,19,0.2197975218296051,False,False,,0.0,Ask for help,False,False
False,23,range_hood,8,0.43035951256752014,Ask for help,False,26,0.36259135603904724,False,False,21,0.4607073664665222,False,False,,0.0,Ask for help,False,False
False,14,guitar,8,0.3121139407157898,Ask for help,False,15,0.43945494294166565,False,False,15,0.4839753210544586,False,False,15.0,0.46171513199806213,Ask for help,False,True
False,25,sofa,29,0.254841148853302,Ask for help,False,2,0.2991597056388855,False,False,0,0.328616738319397,False,False,,0.0,Ask for help,False,False
False,5,car,22,0.3310721814632416,Ask for help,False,29,0.7110008001327515,False,False,19,0.7375093102455139,False,False,,0.0,Ask for help,False,False
False,1,bathtub,29,0.8504234552383423,Re-scan,False,29,0.7759437561035156,False,False,28,0.655182421207428,False,False,29.0,0.813183605670929,Re-scan,False,True
False,25,sofa,28,0.6444754600524902,Ask for help,False,19,0.8788080215454102,False,False,8,0.5262221097946167,False,False,,0.0,Ask for help,False,False
False,4,bookshelf,3,0.33000314235687256,Ask for help,False,27,0.7834067940711975,False,False,8,0.36151784658432007,False,False,,0.0,Ask for help,False,False
False,5,car,29,0.5796090364456177,Ask for help,False,28,0.7821184396743774,False,False,29,0.8292117118835449,False,False,29.0,0.7044103741645813,Ask for help,False,True
False,23,range_hood,6,0.7696042656898499,Ask for help,False,16,0.38716360926628113,False,False,28,0.7533597350120544,False,False,,0.0,Ask for help,False,False
False,4,bookshelf,8,0.3994465470314026,Ask for help,False,15,0.5330088138580322,False,False,8,0.32985129952430725,False,False,8.0,0.3646489232778549,Ask for help,False,True
False,29,tent,28,0.58689945936203,Ask for help,False,29,0.24649210274219513,True,False,21,0.3012424111366272,False,False,,0.0,Ask for help,False,False
False,17,monitor,19,0.5569315552711487,Ask for help,False,28,0.987999439239502,False,False,28,0.9940158128738403,False,False,28.0,0.9910076260566711,Grasp,False,True
False,28,table,8,0.29157719016075134,Ask for help,False,29,0.3208147883415222,False,False,28,0.9928349256515503,True,True,,0.0,Ask for help,False,False
False,23,range_hood,28,0.6868834495544434,Ask for help,False,28,0.908473789691925,False,False,28,0.5829969644546509,False,False,28.0,0.7261180679003397,Ask for help,False,True
False,21,plant,21,0.2923916280269623,Ask for help,True,21,0.4735267758369446,True,False,8,0.4640684723854065,False,False,21.0,0.38295920193195343,Ask for help,True,True
False,1,bathtub,29,0.682306170463562,Ask for help,False,28,0.5729195475578308,False,False,29,0.2859455645084381,False,False,29.0,0.48412586748600006,Ask for help,False,True
False,0,airplane,28,0.5125519037246704,Ask for help,False,21,0.3018719255924225,False,False,8,0.5240440964698792,False,False,,0.0,Ask for help,False,False
False,6,chair,6,0.35679155588150024,Ask for help,True,6,0.8267079591751099,True,False,6,0.9049527049064636,True,True,6.0,0.6961507399876913,Ask for help,True,True
False,31,tv_stand,28,0.4100887179374695,Ask for help,False,27,0.7396349906921387,False,False,29,0.2569202780723572,False,False,,0.0,Ask for help,False,False
False,4,bookshelf,3,0.6713391542434692,Ask for help,False,16,0.2862550914287567,False,False,21,0.4662417769432068,False,False,,0.0,Ask for help,False,False
False,32,vase,28,0.512187659740448,Ask for help,False,29,0.4130782186985016,False,False,27,0.3992009162902832,False,False,,0.0,Ask for help,False,False
False,11,dresser,29,0.41455334424972534,Ask for help,False,6,0.27365410327911377,False,False,30,0.5542401075363159,False,False,,0.0,Ask for help,False,False
False,13,glass_box,28,0.310516893863678,Ask for help,False,21,0.504243016242981,False,False,21,0.4126162528991699,False,False,21.0,0.45842963457107544,Ask for help,False,True
False,13,glass_box,19,0.4857236444950104,Ask for help,False,27,0.6019482612609863,False,False,27,0.28671950101852417,False,False,27.0,0.44433388113975525,Ask for help,False,True
False,22,radio,29,0.5474331378936768,Ask for help,False,29,0.5366374254226685,False,False,19,0.5422796607017517,False,False,29.0,0.5420352816581726,Ask for help,False,True
False,17,monitor,8,0.604843258857727,Ask for help,False,26,0.37311601638793945,False,False,19,0.4167971611022949,False,False,,0.0,Ask for help,False,False
False,21,plant,21,0.52546626329422,Ask for help,True,19,0.7945176362991333,False,False,6,0.5362157821655273,False,False,,0.0,Ask for help,False,False
False,11,dresser,28,0.4925903379917145,Ask for help,False,21,0.21132302284240723,False,False,28,0.5945490002632141,False,False,28.0,0.5435696691274643,Ask for help,False,True
False,18,night_stand,27,0.2575216293334961,Ask for help,False,15,0.25534170866012573,False,False,10,0.25150397419929504,False,False,,0.0,Ask for help,False,False
False,14,guitar,26,0.5525853633880615,Ask for help,False,26,0.41681790351867676,False,False,14,0.9118671417236328,True,True,26.0,0.48470163345336914,Ask for help,False,True
False,31,tv_stand,27,0.5329456925392151,Ask for help,False,27,0.5587429404258728,False,False,28,0.34234389662742615,False,False,27.0,0.545844316482544,Ask for help,False,True
False,23,range_hood,28,0.6148916482925415,Ask for help,False,15,0.38418814539909363,False,False,28,0.633516788482666,False,False,28.0,0.6242042183876038,Ask for help,False,True
False,11,dresser,22,0.323421835899353,Ask for help,False,29,0.3742435872554779,False,False,8,0.26642045378685,False,False,,0.0,Ask for help,False,False
False,12,flower_pot,29,0.4071219563484192,Ask for help,False,10,0.2655436396598816,False,False,29,0.3675527572631836,False,False,29.0,0.3873373568058014,Ask for help,False,True
False,13,glass_box,27,0.7902981638908386,Re-scan,False,27,0.38057491183280945,False,False,10,0.3340582251548767,False,False,27.0,0.585436537861824,Ask for help,False,True
False,23,range_hood,28,0.650621771812439,Ask for help,False,28,0.8237346410751343,False,False,34,0.42085838317871094,False,False,28.0,0.7371782064437866,Ask for help,False,True
False,8,curtain,8,0.7044520378112793,Ask for help,True,8,0.49057239294052124,True,False,21,0.42171087861061096,False,False,8.0,0.5975122153759003,Ask for help,True,True
False,24,sink,15,0.524968147277832,Ask for help,False,15,0.5152007341384888,False,False,27,0.262917160987854,False,False,15.0,0.5200844407081604,Ask for help,False,True
False,26,stairs,8,0.47045794129371643,Ask for help,False,8,0.5863197445869446,False,False,26,0.38574862480163574,True,False,8.0,0.5283888429403305,Ask for help,False,True
False,15,lamp,21,0.3676299452781677,Ask for help,False,22,0.39624515175819397,False,False,15,0.6307932734489441,True,False,,0.0,Ask for help,False,False
False,23,range_hood,19,0.7190101146697998,Ask for help,False,28,0.5408670902252197,False,False,28,0.3153122067451477,False,False,28.0,0.4280896484851837,Ask for help,False,True
False,30,toilet,29,0.6821960210800171,Ask for help,False,29,0.3948696553707123,False,False,29,0.6105597615242004,False,False,29.0,0.5625418126583099,Ask for help,False,True
False,30,toilet,30,0.837678074836731,Re-scan,True,26,0.5424647331237793,False,False,30,0.3510059118270874,True,False,30.0,0.5943419933319092,Ask for help,True,True
False,10,door,21,0.664406955242157,Ask for help,False,21,0.4826093316078186,False,False,21,0.354449987411499,False,False,21.0,0.5004887580871582,Ask for help,False,True
False,11,dresser,28,0.5398999452590942,Ask for help,False,29,0.5580977201461792,False,False,28,0.9004839658737183,False,False,28.0,0.7201919555664062,Ask for help,False,True
False,20,piano,30,0.17246749997138977,Ask for help,False,8,0.33404168486595154,False,False,19,0.7495707869529724,False,False,,0.0,Ask for help,False,False
False,14,guitar,22,0.5767899751663208,Ask for help,False,8,0.5411021113395691,False,False,14,0.34261155128479004,True,False,,0.0,Ask for help,False,False
False,28,table,15,0.41387325525283813,Ask for help,False,8,0.5183923244476318,False,False,28,0.7455275058746338,True,False,,0.0,Ask for help,False,False
False,10,door,8,0.7711176872253418,Ask for help,False,15,0.2991449534893036,False,False,8,0.5403798222541809,False,False,8.0,0.6557487547397614,Ask for help,False,True
False,5,car,29,0.6828070878982544,Ask for help,False,28,0.6417715549468994,False,False,29,0.5584380030632019,False,False,29.0,0.6206225454807281,Ask for help,False,True
False,6,chair,28,0.5446594953536987,Ask for help,False,28,0.4748331904411316,False,False,28,0.4850143790245056,False,False,28.0,0.5015023549397787,Ask for help,False,True
False,31,tv_stand,28,0.5416194796562195,Ask for help,False,27,0.4893895089626312,False,False,27,0.7692641019821167,False,False,27.0,0.629326805472374,Ask for help,False,True
False,21,plant,28,0.8229192495346069,Re-scan,False,28,0.6246432065963745,False,False,21,0.5460557341575623,True,False,28.0,0.7237812280654907,Ask for help,False,True
False,31,tv_stand,28,0.9906414151191711,Grasp,False,29,0.5384441018104553,False,False,29,0.4940113425254822,False,False,29.0,0.5162277221679688,Ask for help,False,True
False,17,monitor,28,0.8614903688430786,Re-scan,False,28,0.5922549962997437,False,False,14,0.6054429411888123,False,False,28.0,0.7268726825714111,Ask for help,False,True
False,17,monitor,28,0.5410860180854797,Ask for help,False,28,0.8923080563545227,False,False,28,0.9111518859863281,False,False,28.0,0.7815153201421102,Re-scan,False,True
False,1,bathtub,8,0.4092797338962555,Ask for help,False,29,0.5795132517814636,False,False,15,0.5697672367095947,False,False,,0.0,Ask for help,False,False
False,3,bench,28,0.6018041372299194,Ask for help,False,6,0.4075189530849457,False,False,28,0.4907400608062744,False,False,28.0,0.5462720990180969,Ask for help,False,True
False,11,dresser,28,0.7716628909111023,Ask for help,False,29,0.5237497091293335,False,False,29,0.7023330926895142,False,False,29.0,0.6130414009094238,Ask for help,False,True
False,16,mantel,28,0.49349817633628845,Ask for help,False,10,0.3894309103488922,False,False,28,0.8688864707946777,False,False,28.0,0.6811923235654831,Ask for help,False,True
False,16,mantel,21,0.5596318244934082,Ask for help,False,21,0.5949740409851074,False,False,27,0.25995391607284546,False,False,21.0,0.5773029327392578,Ask for help,False,True
False,2,bed,8,0.3827911615371704,Ask for help,False,28,0.8525540232658386,False,False,30,0.48096323013305664,False,False,,0.0,Ask for help,False,False
False,20,piano,9,0.3170664608478546,Ask for help,False,29,0.48217636346817017,False,False,8,0.3811975121498108,False,False,,0.0,Ask for help,False,False
False,21,plant,21,0.3642818331718445,Ask for help,True,28,0.7918345332145691,False,False,21,0.4096946120262146,True,False,21.0,0.38698822259902954,Ask for help,True,True
False,18,night_stand,22,0.5265954732894897,Ask for help,False,28,0.5831584930419922,False,False,28,0.9692264795303345,False,False,28.0,0.7761924862861633,Ask for help,False,True
False,30,toilet,29,0.21682314574718475,Ask for help,False,21,0.37996339797973633,False,False,6,0.2307707816362381,False,False,,0.0,Ask for help,False,False
False,12,flower_pot,21,0.49196261167526245,Ask for help,False,21,0.328430712223053,False,False,28,0.4575235843658447,False,False,21.0,0.4101966619491577,Ask for help,False,True
False,4,bookshelf,8,0.7330636382102966,Ask for help,False,8,0.4254688620567322,False,False,8,0.4658942222595215,False,False,8.0,0.5414755741755167,Ask for help,False,True
False,21,plant,19,0.3420409858226776,Ask for help,False,15,0.8076542019844055,False,False,8,0.5059080123901367,False,False,,0.0,Ask for help,False,False
False,28,table,6,0.36648958921432495,Ask for help,False,28,0.6140469312667847,True,False,8,0.4735727310180664,False,False,,0.0,Ask for help,False,False
False,2,bed,19,0.2428593635559082,Ask for help,False,28,0.5665038824081421,False,False,0,0.2542599141597748,False,False,,0.0,Ask for help,False,False
False,2,bed,0,0.6978330016136169,Ask for help,False,34,0.49936723709106445,False,False,28,0.2006121426820755,False,False,,0.0,Ask for help,False,False
False,29,tent,29,0.7824646234512329,Re-scan,True,29,0.46166253089904785,True,False,29,0.6950722932815552,True,False,29.0,0.6463998158772787,Ask for help,True,True
False,32,vase,22,0.4015253186225891,Ask for help,False,7,0.7696742415428162,False,False,7,0.6359086632728577,False,False,7.0,0.7027914524078369,Ask for help,False,True
False,20,piano,8,0.3569309115409851,Ask for help,False,28,0.49237483739852905,False,False,15,0.3497526943683624,False,False,,0.0,Ask for help,False,False
False,1,bathtub,15,0.6475583910942078,Ask for help,False,2,0.2639637589454651,False,False,8,0.35194194316864014,False,False,,0.0,Ask for help,False,False
False,14,guitar,14,0.4051414132118225,Ask for help,True,22,0.8171039819717407,False,False,8,0.28763705492019653,False,False,,0.0,Ask for help,False,False
False,23,range_hood,29,0.5566633343696594,Ask for help,False,28,0.9663718342781067,False,False,21,0.2249385416507721,False,False,,0.0,Ask for help,False,False
False,27,stool,22,0.3446745276451111,Ask for help,False,10,0.6962358951568604,False,False,7,0.27649614214897156,False,False,,0.0,Ask for help,False,False
False,11,dresser,21,0.3952692747116089,Ask for help,False,8,0.27926549315452576,False,False,28,0.7516738176345825,False,False,,0.0,Ask for help,False,False
False,11,dresser,28,0.4015490412712097,Ask for help,False,29,0.6490800976753235,False,False,28,0.69251948595047,False,False,28.0,0.5470342636108398,Ask for help,False,True
False,18,night_stand,27,0.41637974977493286,Ask for help,False,29,0.31582945585250854,False,False,8,0.4312871992588043,False,False,,0.0,Ask for help,False,False
False,20,piano,29,0.9584843516349792,Grasp,False,29,0.8283398747444153,False,False,28,0.8248850703239441,False,False,29.0,0.8934121131896973,Grasp,False,True
False,7,cone,29,0.4588804841041565,Ask for help,False,29,0.7448318004608154,False,False,29,0.43028926849365234,False,False,29.0,0.5446671843528748,Ask for help,False,True
False,20,piano,22,0.3383628726005554,Ask for help,False,19,0.48240190744400024,False,False,2,0.3975226581096649,False,False,,0.0,Ask for help,False,False
False,13,glass_box,29,0.5694883465766907,Ask for help,False,19,0.6030592322349548,False,False,28,0.544128954410553,False,False,,0.0,Ask for help,False,False
False,2,bed,19,0.3914913535118103,Ask for help,False,28,0.9506138563156128,False,False,28,0.9863494634628296,False,False,28.0,0.9684816598892212,Grasp,False,True
False,14,guitar,22,0.4005472660064697,Ask for help,False,26,0.41907185316085815,False,False,14,0.7314440011978149,True,False,,0.0,Ask for help,False,False
False,30,toilet,34,0.37528195977211,Ask for help,False,28,0.3641369342803955,False,False,28,0.5169997215270996,False,False,28.0,0.44056832790374756,Ask for help,False,True
False,18,night_stand,34,0.2778085768222809,Ask for help,False,28,0.6777905225753784,False,False,15,0.4388155937194824,False,False,,0.0,Ask for help,False,False
False,25,sofa,2,0.30162331461906433,Ask for help,False,14,0.45814910531044006,False,False,14,0.37611833214759827,False,False,14.0,0.41713371872901917,Ask for help,False,True
False,18,night_stand,8,0.2675045132637024,Ask for help,False,29,0.29406481981277466,False,False,28,0.6077004671096802,False,False,,0.0,Ask for help,False,False
False,29,tent,29,0.7013547420501709,Ask for help,True,28,0.19344356656074524,False,False,26,0.3787481188774109,False,False,,0.0,Ask for help,False,False
False,1,bathtub,2,0.20908991992473602,Ask for help,False,28,0.7141016721725464,False,False,8,0.253262460231781,False,False,,0.0,Ask for help,False,False
False,4,bookshelf,28,0.24595320224761963,Ask for help,False,3,0.41757407784461975,False,False,27,0.7292543649673462,False,False,,0.0,Ask for help,False,False
False,20,piano,29,0.6451482772827148,Ask for help,False,29,0.8778912425041199,False,False,29,0.4292448163032532,False,False,29.0,0.6507614453633627,Ask for help,False,True
False,28,table,15,0.42074355483055115,Ask for help,False,0,0.2766612470149994,False,False,28,0.8588816523551941,True,False,,0.0,Ask for help,False,False
False,32,vase,21,0.48231831192970276,Ask for help,False,22,0.26347431540489197,False,False,27,0.5604121685028076,False,False,,0.0,Ask for help,False,False
False,14,guitar,8,0.5223235487937927,Ask for help,False,8,0.5811976194381714,False,False,15,0.6010105013847351,False,False,8.0,0.5517605841159821,Ask for help,False,True
False,30,toilet,6,0.43670159578323364,Ask for help,False,29,0.28687170147895813,False,False,28,0.4862605631351471,False,False,,0.0,Ask for help,False,False
False,4,bookshelf,28,0.39986446499824524,Ask for help,False,28,0.2187895029783249,False,False,8,0.64762282371521,False,False,28.0,0.30932698398828506,Ask for help,False,True
False,5,car,28,0.48095211386680603,Ask for help,False,19,0.8501343727111816,False,False,9,0.38515999913215637,False,False,,0.0,Ask for help,False,False
False,2,bed,28,0.9051083326339722,Grasp,False,26,0.2581494152545929,False,False,29,0.5158013105392456,False,False,,0.0,Ask for help,False,False
False,0,airplane,0,0.4417678713798523,Ask for help,True,9,0.7430931329727173,False,False,8,0.5663352608680725,False,False,,0.0,Ask for help,False,False
False,30,toilet,30,0.3787321448326111,Ask for help,True,6,0.3967079222202301,False,False,30,0.7270375490188599,True,False,30.0,0.5528848469257355,Ask for help,True,True
False,30,toilet,30,0.5901457071304321,Ask for help,True,28,0.5447877645492554,False,False,30,0.29573923349380493,True,False,30.0,0.44294247031211853,Ask for help,True,True
False,18,night_stand,6,0.34551599621772766,Ask for help,False,8,0.5263643860816956,False,False,19,0.45886826515197754,False,False,,0.0,Ask for help,False,False
False,31,tv_stand,10,0.3785321116447449,Ask for help,False,28,0.560995876789093,False,False,9,0.2686963975429535,False,False,,0.0,Ask for help,False,False
False,6,chair,21,0.5140997171401978,Ask for help,False,10,0.2437821328639984,False,False,29,0.7203793525695801,False,False,,0.0,Ask for help,False,False
False,31,tv_stand,27,0.28140148520469666,Ask for help,False,15,0.27673929929733276,False,False,15,0.6056727766990662,False,False,15.0,0.44120603799819946,Ask for help,False,True
False,23,range_hood,28,0.8639787435531616,Re-scan,False,21,0.4020501673221588,False,False,21,0.7537640929222107,False,False,21.0,0.5779071301221848,Ask for help,False,True
False,11,dresser,30,0.47579312324523926,Ask for help,False,19,0.6299523115158081,False,False,28,0.8637800216674805,False,False,,0.0,Ask for help,False,False
False,14,guitar,8,0.7771177887916565,Re-scan,False,8,0.49765998125076294,False,False,8,0.5256292819976807,False,False,8.0,0.6001356840133667,Ask for help,False,True
False,11,dresser,28,0.8597774505615234,Re-scan,False,29,0.6951837539672852,False,False,21,0.33717936277389526,False,False,,0.0,Ask for help,False,False
False,8,curtain,8,0.5676911473274231,Ask for help,True,21,0.3441935181617737,False,False,8,0.2861939072608948,True,False,8.0,0.42694252729415894,Ask for help,True,True
False,9,desk,9,0.33662980794906616,Ask for help,True,19,0.47142213582992554,False,False,30,0.3276382088661194,False,False,,0.0,Ask for help,False,False
False,20,piano,2,0.23319199681282043,Ask for help,False,19,0.6567876935005188,False,False,28,0.3547344505786896,False,False,,0.0,Ask for help,False,False
False,32,vase,28,0.7889278531074524,Re-scan,False,8,0.36307549476623535,False,False,30,0.2570239305496216,False,False,,0.0,Ask for help,False,False
False,14,guitar,14,0.8587730526924133,Re-scan,True,8,0.8811686635017395,False,False,8,0.5059508085250854,False,False,8.0,0.6935597360134125,Ask for help,False,True
False,18,night_stand,26,0.29435449838638306,Ask for help,False,28,0.6565752029418945,False,False,19,0.3189522325992584,False,False,,0.0,Ask for help,False,False
False,5,car,8,0.2558196783065796,Ask for help,False,29,0.4349278509616852,False,False,22,0.4015384614467621,False,False,,0.0,Ask for help,False,False
False,17,monitor,28,0.8249276876449585,Re-scan,False,29,0.6050864458084106,False,False,8,0.36576059460639954,False,False,,0.0,Ask for help,False,False
False,25,sofa,9,0.3697068691253662,Ask for help,False,9,0.5212259292602539,False,False,29,0.22116264700889587,False,False,9.0,0.44546639919281006,Ask for help,False,True
False,30,toilet,6,0.3926633298397064,Ask for help,False,8,0.6782763004302979,False,False,8,0.3767833113670349,False,False,8.0,0.5275298058986664,Ask for help,False,True
False,10,door,21,0.43007034063339233,Ask for help,False,21,0.508674681186676,False,False,8,0.48008307814598083,False,False,21.0,0.4693725109100342,Ask for help,False,True
False,32,vase,7,0.5570133924484253,Ask for help,False,27,0.2237396240234375,False,False,29,0.5885539650917053,False,False,,0.0,Ask for help,False,False
False,32,vase,15,0.7895573377609253,Re-scan,False,21,0.3363470435142517,False,False,21,0.3750709593296051,False,False,21.0,0.3557090014219284,Ask for help,False,True
False,21,plant,28,0.5034814476966858,Ask for help,False,19,0.4321288466453552,False,False,21,0.5181897282600403,True,False,,0.0,Ask for help,False,False
False,0,airplane,19,0.6052769422531128,Ask for help,False,8,0.44051289558410645,False,False,19,0.43108510971069336,False,False,19.0,0.5181810259819031,Ask for help,False,True
False,0,airplane,8,0.5246244668960571,Ask for help,False,0,0.4772208333015442,True,False,0,0.6594973802566528,True,False,0.0,0.5683591067790985,Ask for help,True,True
False,17,monitor,28,0.7059518694877625,Ask for help,False,26,0.7146756052970886,False,False,26,0.6616870760917664,False,False,26.0,0.6881813406944275,Ask for help,False,True
False,5,car,29,0.713371992111206,Ask for help,False,9,0.532818078994751,False,False,29,0.8941138982772827,False,False,29.0,0.8037429451942444,Re-scan,False,True
False,20,piano,28,0.8561299443244934,Re-scan,False,8,0.3682667016983032,False,False,28,0.5121832489967346,False,False,28.0,0.684156596660614,Ask for help,False,True
False,25,sofa,8,0.551835834980011,Ask for help,False,25,0.27390405535697937,True,False,8,0.5571739077568054,False,False,8.0,0.5545048713684082,Ask for help,False,True
False,28,table,28,0.3273879885673523,Ask for help,True,8,0.3052986264228821,False,False,8,0.3936912417411804,False,False,8.0,0.34949493408203125,Ask for help,False,True
False,11,dresser,28,0.8981449007987976,Grasp,False,21,0.4284283518791199,False,False,15,0.4287177622318268,False,False,,0.0,Ask for help,False,False
False,5,car,2,0.31412357091903687,Ask for help,False,28,0.8375039100646973,False,False,19,0.8637577891349792,False,False,,0.0,Ask for help,False,False
False,0,airplane,8,0.38638240098953247,Ask for help,False,8,0.5728020668029785,False,False,8,0.44940513372421265,False,False,8.0,0.4695298671722412,Ask for help,False,True
False,11,dresser,28,0.6427479982376099,Ask for help,False,28,0.568625271320343,False,False,6,0.6997842192649841,False,False,28.0,0.6056866347789764,Ask for help,False,True
False,25,sofa,28,0.8674861192703247,Re-scan,False,8,0.248196080327034,False,False,30,0.37860748171806335,False,False,,0.0,Ask for help,False,False
False,12,flower_pot,30,0.3298117518424988,Ask for help,False,21,0.7029579281806946,False,False,30,0.34521618485450745,False,False,30.0,0.3375139683485031,Ask for help,False,True
False,12,flower_pot,21,0.33132514357566833,Ask for help,False,22,0.27569061517715454,False,False,29,0.5784106254577637,False,False,,0.0,Ask for help,False,False
False,28,table,8,0.6717858910560608,Ask for help,False,15,0.27309486269950867,False,False,8,0.4115080237388611,False,False,8.0,0.5416469573974609,Ask for help,False,True
False,32,vase,29,0.4470430016517639,Ask for help,False,27,0.4191809594631195,False,False,29,0.4266189932823181,False,False,29.0,0.436830997467041,Ask for help,False,True
False,31,tv_stand,16,0.4062219262123108,Ask for help,False,3,0.667923629283905,False,False,27,0.4725770950317383,False,False,,0.0,Ask for help,False,False
False,20,piano,8,0.38787710666656494,Ask for help,False,21,0.3136533796787262,False,False,21,0.5226184129714966,False,False,21.0,0.4181358963251114,Ask for help,False,True
False,5,car,10,0.76707524061203,Ask for help,False,15,0.3991585671901703,False,False,15,0.3817974627017975,False,False,15.0,0.3904780149459839,Ask for help,False,True
False,26,stairs,28,0.5629550814628601,Ask for help,False,22,0.33166852593421936,False,False,29,0.6730759143829346,False,False,,0.0,Ask for help,False,False
False,23,range_hood,28,0.6458680033683777,Ask for help,False,28,0.7234244346618652,False,False,28,0.3051747679710388,False,False,28.0,0.5581557353337606,Ask for help,False,True
False,15,lamp,29,0.4337385296821594,Ask for help,False,15,0.7351484298706055,True,False,15,0.9956163167953491,True,True,15.0,0.8653823733329773,Re-scan,True,True
False,28,table,28,0.4832039475440979,Ask for help,True,8,0.5558463931083679,False,False,22,0.3331455588340759,False,False,,0.0,Ask for help,False,False
False,16,mantel,8,0.611035168170929,Ask for help,False,28,0.3718019127845764,False,False,28,0.36604076623916626,False,False,28.0,0.36892133951187134,Ask for help,False,True
False,25,sofa,28,0.8086739778518677,Re-scan,False,28,0.7678343057632446,False,False,28,0.9791344404220581,False,False,28.0,0.8518809080123901,Re-scan,False,True
False,31,tv_stand,6,0.7184599041938782,Ask for help,False,28,0.9852002859115601,False,False,19,0.292641282081604,False,False,,0.0,Ask for help,False,False
False,20,piano,28,0.9145938754081726,Grasp,False,28,0.727945864200592,False,False,9,0.21562492847442627,False,False,28.0,0.8212698698043823,Re-scan,False,True
False,30,toilet,21,0.6419293284416199,Ask for help,False,19,0.6875802278518677,False,False,8,0.4149397015571594,False,False,,0.0,Ask for help,False,False
False,21,plant,21,0.37322840094566345,Ask for help,True,21,0.29831984639167786,True,False,26,0.35183602571487427,False,False,21.0,0.33577412366867065,Ask for help,True,True
False,14,guitar,29,0.4148015081882477,Ask for help,False,14,0.5310053825378418,True,False,22,0.36479824781417847,False,False,,0.0,Ask for help,False,False
False,6,chair,6,0.4035181403160095,Ask for help,True,6,0.42028337717056274,True,False,6,0.676829993724823,True,False,6.0,0.5002105037371317,Ask for help,True,True
False,21,plant,28,0.7095895409584045,Ask for help,False,22,0.39089685678482056,False,False,28,0.817827582359314,False,False,28.0,0.7637085616588593,Ask for help,False,True
False,14,guitar,22,0.43524235486984253,Ask for help,False,14,0.7780714631080627,True,False,14,0.6166716814041138,True,False,14.0,0.6973715722560883,Ask for help,True,True
False,31,tv_stand,28,0.8276685476303101,Re-scan,False,28,0.4406108260154724,False,False,28,0.9086184501647949,False,False,28.0,0.7256326079368591,Ask for help,False,True
False,5,car,28,0.8264940977096558,Re-scan,False,27,0.38038724660873413,False,False,30,0.37829703092575073,False,False,,0.0,Ask for help,False,False
False,13,glass_box,9,0.30223020911216736,Ask for help,False,28,0.34644949436187744,False,False,19,0.5109637975692749,False,False,,0.0,Ask for help,False,False
False,2,bed,29,0.7779513597488403,Re-scan,False,2,0.25015372037887573,True,False,19,0.33109375834465027,False,False,,0.0,Ask for help,False,False
False,14,guitar,14,0.36821144819259644,Ask for help,True,8,0.27486705780029297,False,False,15,0.513870358467102,False,False,,0.0,Ask for help,False,False
False,23,range_hood,16,0.29598453640937805,Ask for help,False,28,0.5569670796394348,False,False,28,0.809558093547821,False,False,28.0,0.6832625865936279,Ask for help,False,True
False,16,mantel,27,0.5606783628463745,Ask for help,False,29,0.3834306299686432,False,False,28,0.5378551483154297,False,False,,0.0,Ask for help,False,False
False,31,tv_stand,6,0.6014291644096375,Ask for help,False,27,0.6268022656440735,False,False,21,0.5139156579971313,False,False,,0.0,Ask for help,False,False
False,2,bed,2,0.43827730417251587,Ask for help,True,34,0.32923227548599243,False,False,19,0.4750295579433441,False,False,,0.0,Ask for help,False,False
False,1,bathtub,28,0.951006293296814,Grasp,False,30,0.6394857168197632,False,False,8,0.4144825339317322,False,False,,0.0,Ask for help,False,False
False,21,plant,21,0.3404017984867096,Ask for help,True,15,0.5388903021812439,False,False,21,0.6312942504882812,True,False,21.0,0.4858480244874954,Ask for help,True,True
False,24,sink,21,0.3797689974308014,Ask for help,False,15,0.6276360750198364,False,False,15,0.6726652383804321,False,False,15.0,0.6501506567001343,Ask for help,False,True
False,14,guitar,8,0.5416063070297241,Ask for help,False,8,0.5545375943183899,False,False,8,0.6397075057029724,False,False,8.0,0.5786171356836954,Ask for help,False,True
False,13,glass_box,22,0.2737227976322174,Ask for help,False,27,0.468153715133667,False,False,29,0.4495662748813629,False,False,,0.0,Ask for help,False,False
False,6,chair,15,0.673009991645813,Ask for help,False,6,0.6113185882568359,True,False,8,0.8072589635848999,False,False,,0.0,Ask for help,False,False
False,14,guitar,22,0.6010726690292358,Ask for help,False,15,0.5026849508285522,False,False,22,0.4919334948062897,False,False,22.0,0.5465030819177628,Ask for help,False,True
False,18,night_stand,28,0.9213587641716003,Grasp,False,29,0.30455997586250305,False,False,28,0.7255603075027466,False,False,28.0,0.8234595358371735,Re-scan,False,True
False,9,desk,28,0.7710139155387878,Ask for help,False,15,0.4226146340370178,False,False,8,0.40520015358924866,False,False,,0.0,Ask for help,False,False
False,14,guitar,8,0.4507113993167877,Ask for help,False,22,0.40359488129615784,False,False,22,0.39040014147758484,False,False,22.0,0.39699751138687134,Ask for help,False,True
False,9,desk,19,0.33966487646102905,Ask for help,False,29,0.3505069315433502,False,False,28,0.31938332319259644,False,False,,0.0,Ask for help,False,False
False,9,desk,9,0.5579102635383606,Ask for help,True,9,0.697554349899292,True,False,8,0.555603563785553,False,False,9.0,0.6277323067188263,Ask for help,True,True
False,16,mantel,6,0.37524086236953735,Ask for help,False,21,0.5333019495010376,False,False,8,0.4002094864845276,False,False,,0.0,Ask for help,False,False
False,32,vase,27,0.4518886208534241,Ask for help,False,29,0.6101000308990479,False,False,22,0.38976529240608215,False,False,,0.0,Ask for help,False,False
False,18,night_stand,6,0.2946450710296631,Ask for help,False,30,0.4528501629829407,False,False,19,0.41657987236976624,False,False,,0.0,Ask for help,False,False
False,0,airplane,0,0.802797794342041,Re-scan,True,8,0.4400365948677063,False,False,8,0.37795886397361755,False,False,8.0,0.4089977294206619,Ask for help,False,True
False,17,monitor,8,0.4413982927799225,Ask for help,False,8,0.4622822701931,False,False,8,0.3882151246070862,False,False,8.0,0.4306318958600362,Ask for help,False,True
False,23,range_hood,15,0.7000411748886108,Ask for help,False,8,0.6269372701644897,False,False,28,0.3670729994773865,False,False,,0.0,Ask for help,False,False
False,17,monitor,21,0.5418733954429626,Ask for help,False,28,0.7239433526992798,False,False,26,0.3010592758655548,False,False,,0.0,Ask for help,False,False
False,9,desk,28,0.8434543609619141,Re-scan,False,28,0.7378722429275513,False,False,28,0.6886515617370605,False,False,28.0,0.7566593885421753,Ask for help,False,True
False,2,bed,0,0.35063907504081726,Ask for help,False,8,0.629967212677002,False,False,19,0.5954395532608032,False,False,,0.0,Ask for help,False,False
False,29,tent,14,0.47788557410240173,Ask for help,False,29,0.20504243671894073,True,False,8,0.6297449469566345,False,False,,0.0,Ask for help,False,False
False,9,desk,21,0.2949555516242981,Ask for help,False,28,0.4208677411079407,False,False,29,0.5531989932060242,False,False,,0.0,Ask for help,False,False
False,14,guitar,14,0.4020237326622009,Ask for help,True,15,0.637829601764679,False,False,22,0.40915411710739136,False,False,,0.0,Ask for help,False,False
False,23,range_hood,28,0.5797649621963501,Ask for help,False,27,0.39052194356918335,False,False,27,0.5703637003898621,False,False,27.0,0.4804428219795227,Ask for help,False,True
False,28,table,8,0.5418471097946167,Ask for help,False,8,0.6002295613288879,False,False,22,0.3526463508605957,False,False,8.0,0.5710383355617523,Ask for help,False,True
False,17,monitor,8,0.6964002847671509,Ask for help,False,0,0.7853865027427673,False,False,8,0.6532050967216492,False,False,8.0,0.6748026907444,Ask for help,False,True
False,16,mantel,28,0.40389472246170044,Ask for help,False,15,0.22197966277599335,False,False,10,0.23421218991279602,False,False,,0.0,Ask for help,False,False
False,34,xbox,15,0.5310328602790833,Ask for help,False,28,0.8767976760864258,False,False,30,0.38580259680747986,False,False,,0.0,Ask for help,False,False
False,11,dresser,6,0.478170245885849,Ask for help,False,6,0.49564892053604126,False,False,28,0.8923079371452332,False,False,6.0,0.48690958321094513,Ask for help,False,True
False,16,mantel,28,0.5105506777763367,Ask for help,False,22,0.36744433641433716,False,False,28,0.571524441242218,False,False,28.0,0.5410375595092773,Ask for help,False,True
False,24,sink,21,0.3839268386363983,Ask for help,False,21,0.4725518226623535,False,False,21,0.7947491407394409,False,False,21.0,0.5504092673460642,Ask for help,False,True
False,13,glass_box,19,0.7828820943832397,Re-scan,False,29,0.29411429166793823,False,False,0,0.3561905026435852,False,False,,0.0,Ask for help,False,False
False,25,sofa,2,0.3169052004814148,Ask for help,False,28,0.5685026049613953,False,False,26,0.21814784407615662,False,False,,0.0,Ask for help,False,False
False,14,guitar,8,0.6599494218826294,Ask for help,False,19,0.3544014096260071,False,False,8,0.6942116022109985,False,False,8.0,0.677080512046814,Ask for help,False,True
False,28,table,8,0.6182327270507812,Ask for help,False,14,0.47175589203834534,False,False,22,0.2975020408630371,False,False,,0.0,Ask for help,False,False
False,9,desk,22,0.5362362265586853,Ask for help,False,22,0.30844974517822266,False,False,8,0.43821167945861816,False,False,22.0,0.422342985868454,Ask for help,False,True
False,4,bookshelf,15,0.4048416018486023,Ask for help,False,21,0.39085763692855835,False,False,21,0.38627275824546814,False,False,21.0,0.38856519758701324,Ask for help,False,True
False,13,glass_box,29,0.47594553232192993,Ask for help,False,26,0.28346359729766846,False,False,30,0.3047207295894623,False,False,,0.0,Ask for help,False,False
False,19,person,22,0.311484158039093,Ask for help,False,15,0.2122989147901535,False,False,15,0.4940611720085144,False,False,15.0,0.35318004339933395,Ask for help,False,True
False,22,radio,22,0.49511486291885376,Ask for help,True,8,0.2845844626426697,False,False,8,0.6020380258560181,False,False,8.0,0.44331124424934387,Ask for help,False,True
False,0,airplane,19,0.5154492259025574,Ask for help,False,19,0.5507902503013611,False,False,8,0.5371047854423523,False,False,19.0,0.5331197381019592,Ask for help,False,True
False,17,monitor,0,0.2699604034423828,Ask for help,False,19,0.9505366086959839,False,False,29,0.3232850730419159,False,False,,0.0,Ask for help,False,False
False,18,night_stand,28,0.42761245369911194,Ask for help,False,29,0.4074368476867676,False,False,22,0.41018661856651306,False,False,,0.0,Ask for help,False,False
False,2,bed,28,0.9243348836898804,Grasp,False,29,0.28542467951774597,False,False,34,0.3039552867412567,False,False,,0.0,Ask for help,False,False
False,17,monitor,15,0.31243255734443665,Ask for help,False,28,0.2425287663936615,False,False,29,0.5921613574028015,False,False,,0.0,Ask for help,False,False
False,17,monitor,29,0.7814441919326782,Re-scan,False,21,0.31977301836013794,False,False,28,0.9955883026123047,False,False,,0.0,Ask for help,False,False
False,12,flower_pot,15,0.2746705114841461,Ask for help,False,8,0.5200273394584656,False,False,27,0.7094036936759949,False,False,,0.0,Ask for help,False,False
False,21,plant,28,0.4669215679168701,Ask for help,False,28,0.4027610719203949,False,False,19,0.8217911720275879,False,False,28.0,0.4348413199186325,Ask for help,False,True
False,17,monitor,28,0.5985709428787231,Ask for help,False,26,0.5103729963302612,False,False,28,0.5045431852340698,False,False,28.0,0.5515570640563965,Ask for help,False,True
False,25,sofa,6,0.5177661180496216,Ask for help,False,29,0.26700276136398315,False,False,19,0.7202830910682678,False,False,,0.0,Ask for help,False,False
False,16,mantel,28,0.9293491244316101,Grasp,False,21,0.35779064893722534,False,False,15,0.4867224097251892,False,False,,0.0,Ask for help,False,False
False,20,piano,28,0.688860297203064,Ask for help,False,28,0.8387776613235474,False,False,28,0.3907546401023865,False,False,28.0,0.6394641995429993,Ask for help,False,True
False,2,bed,8,0.618180513381958,Ask for help,False,8,0.5254708528518677,False,False,28,0.8133557438850403,False,False,8.0,0.5718256831169128,Ask for help,False,True
False,5,car,34,0.28720611333847046,Ask for help,False,28,0.37012991309165955,False,False,15,0.4746705889701843,False,False,,0.0,Ask for help,False,False
False,2,bed,28,0.7029789090156555,Ask for help,False,19,0.7860580682754517,False,False,30,0.37236347794532776,False,False,,0.0,Ask for help,False,False
False,21,plant,10,0.27169427275657654,Ask for help,False,19,0.8151555061340332,False,False,28,0.9400101900100708,False,False,,0.0,Ask for help,False,False
False,4,bookshelf,28,0.39396655559539795,Ask for help,False,28,0.3716762661933899,False,False,28,0.422236829996109,False,False,28.0,0.39595988392829895,Ask for help,False,True
False,13,glass_box,29,0.7977501153945923,Re-scan,False,19,0.5262268781661987,False,False,28,0.4338822364807129,False,False,,0.0,Ask for help,False,False
False,26,stairs,21,0.4147511124610901,Ask for help,False,19,0.34252697229385376,False,False,26,0.44217434525489807,True,False,,0.0,Ask for help,False,False
False,14,guitar,21,0.38473737239837646,Ask for help,False,8,0.3480173349380493,False,False,15,0.38975587487220764,False,False,,0.0,Ask for help,False,False
False,0,airplane,19,0.632757306098938,Ask for help,False,0,0.5366435050964355,True,False,21,0.42862772941589355,False,False,,0.0,Ask for help,False,False
False,32,vase,29,0.45417386293411255,Ask for help,False,21,0.6901248693466187,False,False,22,0.2432679384946823,False,False,,0.0,Ask for help,False,False
False,10,door,21,0.23510658740997314,Ask for help,False,8,0.2786365747451782,False,False,8,0.5896730422973633,False,False,8.0,0.43415480852127075,Ask for help,False,True
False,28,table,19,0.5418519973754883,Ask for help,False,28,0.9375176429748535,True,True,0,0.33680447936058044,False,False,,0.0,Ask for help,False,False
False,6,chair,21,0.3892139494419098,Ask for help,False,26,0.5871307253837585,False,False,28,0.6173461675643921,False,False,,0.0,Ask for help,False,False
False,32,vase,15,0.36116763949394226,Ask for help,False,15,0.426046758890152,False,False,28,0.36065152287483215,False,False,15.0,0.3936071991920471,Ask for help,False,True
False,18,night_stand,19,0.6073414087295532,Ask for help,False,29,0.3830920159816742,False,False,15,0.33630672097206116,False,False,,0.0,Ask for help,False,False
False,18,night_stand,28,0.8711382746696472,Re-scan,False,28,0.448887437582016,False,False,6,0.974208652973175,False,False,28.0,0.6600128561258316,Ask for help,False,True
False,6,chair,6,0.4945755898952484,Ask for help,True,6,0.6480965614318848,True,False,6,0.7443089485168457,True,False,6.0,0.6289936999479929,Ask for help,True,True
False,11,dresser,26,0.6299498677253723,Ask for help,False,19,0.5062281489372253,False,False,21,0.30728989839553833,False,False,,0.0,Ask for help,False,False
False,20,piano,10,0.2607611417770386,Ask for help,False,8,0.4375700056552887,False,False,16,0.33740752935409546,False,False,,0.0,Ask for help,False,False
False,5,car,30,0.3527924120426178,Ask for help,False,21,0.5747185349464417,False,False,15,0.4399607181549072,False,False,,0.0,Ask for help,False,False
False,32,vase,29,0.33200234174728394,Ask for help,False,28,0.6309449672698975,False,False,28,0.543676495552063,False,False,28.0,0.5873107314109802,Ask for help,False,True
False,0,airplane,19,0.5658367276191711,Ask for help,False,2,0.34679317474365234,False,False,8,0.3838123679161072,False,False,,0.0,Ask for help,False,False
False,0,airplane,0,0.44204241037368774,Ask for help,True,8,0.8503127098083496,False,False,8,0.29442450404167175,False,False,8.0,0.5723686069250107,Ask for help,False,True
False,17,monitor,28,0.5559481382369995,Ask for help,False,29,0.3678828775882721,False,False,28,0.4426514208316803,False,False,28.0,0.4992997795343399,Ask for help,False,True
False,17,monitor,19,0.3535864055156708,Ask for help,False,0,0.5711860656738281,False,False,19,0.9018917083740234,False,False,19.0,0.6277390569448471,Ask for help,False,True
False,2,bed,19,0.40861186385154724,Ask for help,False,0,0.3583214282989502,False,False,19,0.5926545858383179,False,False,19.0,0.5006332248449326,Ask for help,False,True
False,11,dresser,22,0.4895733892917633,Ask for help,False,21,0.22821073234081268,False,False,29,0.5776473879814148,False,False,,0.0,Ask for help,False,False
False,28,table,28,0.8785040974617004,Grasp,True,28,0.6344717741012573,True,False,2,0.42226672172546387,False,False,28.0,0.7564879357814789,Ask for help,True,True
False,12,flower_pot,27,0.4392591118812561,Ask for help,False,28,0.24971358478069305,False,False,29,0.6288114786148071,False,False,,0.0,Ask for help,False,False
False,30,toilet,28,0.28202003240585327,Ask for help,False,6,0.5937272310256958,False,False,28,0.48177051544189453,False,False,28.0,0.3818952739238739,Ask for help,False,True
False,16,mantel,15,0.40611881017684937,Ask for help,False,8,0.26994410157203674,False,False,15,0.5757217407226562,False,False,15.0,0.4909202754497528,Ask for help,False,True
False,2,bed,30,0.27231937646865845,Ask for help,False,19,0.8766498565673828,False,False,30,0.46460771560668945,False,False,30.0,0.36846354603767395,Ask for help,False,True
False,6,chair,28,0.4851621687412262,Ask for help,False,8,0.7367036938667297,False,False,6,0.5743974447250366,True,False,,0.0,Ask for help,False,False
False,4,bookshelf,8,0.27764540910720825,Ask for help,False,27,0.5915514230728149,False,False,28,0.3683058023452759,False,False,,0.0,Ask for help,False,False
False,0,airplane,8,0.6108614206314087,Ask for help,False,0,0.410604864358902,True,False,8,0.6639617681503296,False,False,8.0,0.6374115943908691,Ask for help,False,True
False,32,vase,28,0.4450797438621521,Ask for help,False,8,0.30756762623786926,False,False,8,0.4891788363456726,False,False,8.0,0.39837323129177094,Ask for help,False,True
False,3,bench,28,0.538852334022522,Ask for help,False,28,0.5465273261070251,False,False,3,0.7441998720169067,True,False,28.0,0.5426898300647736,Ask for help,False,True
False,20,piano,28,0.4701682925224304,Ask for help,False,28,0.4613555371761322,False,False,15,0.27275776863098145,False,False,28.0,0.4657619148492813,Ask for help,False,True
False,23,range_hood,6,0.8358986973762512,Re-scan,False,27,0.5997413396835327,False,False,28,0.5571020245552063,False,False,,0.0,Ask for help,False,False
False,6,chair,26,0.4062012732028961,Ask for help,False,6,0.26827335357666016,True,False,8,0.37515318393707275,False,False,,0.0,Ask for help,False,False
False,13,glass_box,28,0.8606609106063843,Re-scan,False,28,0.5982118844985962,False,False,28,0.29158058762550354,False,False,28.0,0.5834844609101614,Ask for help,False,True
False,21,plant,28,0.9007858037948608,Grasp,False,28,0.9838963747024536,False,False,28,0.9878161549568176,False,False,28.0,0.9574994444847107,Grasp,False,True
False,0,airplane,19,0.5894092321395874,Ask for help,False,0,0.6251940727233887,True,False,0,0.9596444368362427,True,True,0.0,0.7924192547798157,Re-scan,True,True
False,30,toilet,28,0.9659844636917114,Grasp,False,28,0.8855970501899719,False,False,22,0.2999878525733948,False,False,28.0,0.9257907569408417,Grasp,False,True
False,13,glass_box,19,0.399564266204834,Ask for help,False,19,0.6920939683914185,False,False,2,0.3438466191291809,False,False,19.0,0.5458291172981262,Ask for help,False,True
False,2,bed,28,0.9040687680244446,Grasp,False,19,0.623876690864563,False,False,8,0.43548884987831116,False,False,,0.0,Ask for help,False,False
False,9,desk,21,0.46545252203941345,Ask for help,False,21,0.51771080493927,False,False,21,0.3470877707004547,False,False,21.0,0.4434170325597127,Ask for help,False,True
False,5,car,29,0.826524555683136,Re-scan,False,29,0.3071362376213074,False,False,19,0.7070272564888,False,False,29.0,0.5668303966522217,Ask for help,False,True
False,5,car,6,0.3992750942707062,Ask for help,False,21,0.45336073637008667,False,False,28,0.7614221572875977,False,False,,0.0,Ask for help,False,False
False,30,toilet,9,0.24819417297840118,Ask for help,False,26,0.9063060879707336,False,False,26,0.8175210952758789,False,False,26.0,0.8619135916233063,Re-scan,False,True
False,4,bookshelf,27,0.3008711636066437,Ask for help,False,3,0.30269452929496765,False,False,28,0.3491399884223938,False,False,,0.0,Ask for help,False,False
False,32,vase,21,0.5760241746902466,Ask for help,False,29,0.5001791715621948,False,False,27,0.6842168569564819,False,False,,0.0,Ask for help,False,False
False,9,desk,19,0.668690025806427,Ask for help,False,6,0.675491988658905,False,False,8,0.24816636741161346,False,False,,0.0,Ask for help,False,False
False,13,glass_box,6,0.20997044444084167,Ask for help,False,19,0.6644172072410583,False,False,21,0.3370649814605713,False,False,,0.0,Ask for help,False,False
False,1,bathtub,2,0.5347901582717896,Ask for help,False,19,0.6250905990600586,False,False,8,0.2153577357530594,False,False,,0.0,Ask for help,False,False
False,9,desk,29,0.5477723479270935,Ask for help,False,29,0.6752004027366638,False,False,21,0.3016877770423889,False,False,29.0,0.6114863753318787,Ask for help,False,True
False,31,tv_stand,28,0.8771416544914246,Grasp,False,28,0.9523995518684387,False,False,6,0.526833713054657,False,False,28.0,0.9147706031799316,Grasp,False,True
False,20,piano,0,0.42890968918800354,Ask for help,False,28,0.5744277238845825,False,False,19,0.5195115208625793,False,False,,0.0,Ask for help,False,False
False,14,guitar,8,0.325104683637619,Ask for help,False,15,0.6328895688056946,False,False,15,0.47652244567871094,False,False,15.0,0.5547060072422028,Ask for help,False,True
False,25,sofa,19,0.8858045339584351,Grasp,False,0,0.24390733242034912,False,False,29,0.48309555649757385,False,False,,0.0,Ask for help,False,False
False,31,tv_stand,19,0.23112753033638,Ask for help,False,28,0.709028959274292,False,False,26,0.4300847053527832,False,False,,0.0,Ask for help,False,False
False,21,plant,21,0.5017043352127075,Ask for help,True,21,0.6683416366577148,True,False,21,0.7481905817985535,True,False,21.0,0.6394121845563253,Ask for help,True,True
False,13,glass_box,28,0.9951372146606445,Grasp,False,6,0.594680666923523,False,False,28,0.7022090554237366,False,False,28.0,0.8486731350421906,Re-scan,False,True
False,20,piano,20,0.29824525117874146,Ask for help,True,19,0.681634247303009,False,False,20,0.3684360086917877,True,False,20.0,0.3333406299352646,Ask for help,True,True
False,4,bookshelf,16,0.5945658683776855,Ask for help,False,3,0.8948889970779419,False,False,16,0.3895276188850403,False,False,16.0,0.4920467436313629,Ask for help,False,True
False,9,desk,30,0.2784273028373718,Ask for help,False,21,0.34238576889038086,False,False,29,0.5459451079368591,False,False,,0.0,Ask for help,False,False
False,1,bathtub,28,0.9220272302627563,Grasp,False,8,0.35790181159973145,False,False,8,0.47920289635658264,False,False,8.0,0.41855235397815704,Ask for help,False,True
False,28,table,8,0.6658902764320374,Ask for help,False,2,0.42377176880836487,False,False,8,0.7113338708877563,False,False,8.0,0.6886120736598969,Ask for help,False,True
False,23,range_hood,6,0.43880733847618103,Ask for help,False,21,0.3364163041114807,False,False,22,0.32652804255485535,False,False,,0.0,Ask for help,False,False
False,1,bathtub,28,0.6467757225036621,Ask for help,False,8,0.5611293315887451,False,False,19,0.3271567225456238,False,False,,0.0,Ask for help,False,False
False,14,guitar,14,0.6155513525009155,Ask for help,True,14,0.889855682849884,True,True,14,0.674765408039093,True,False,14.0,0.7267241477966309,Ask for help,True,True
False,4,bookshelf,22,0.26918962597846985,Ask for help,False,22,0.298472136259079,False,False,22,0.26721280813217163,False,False,22.0,0.2782915234565735,Ask for help,False,True
False,19,person,8,0.6917905807495117,Ask for help,False,8,0.4999830722808838,False,False,8,0.5408256649971008,False,False,8.0,0.5775331060091654,Ask for help,False,True
False,2,bed,6,0.48764118552207947,Ask for help,False,28,0.20455634593963623,False,False,29,0.30822470784187317,False,False,,0.0,Ask for help,False,False
False,28,table,28,0.5866031050682068,Ask for help,True,8,0.4977993071079254,False,False,15,0.4365285336971283,False,False,,0.0,Ask for help,False,False
False,31,tv_stand,28,0.9941765666007996,Grasp,False,8,0.42572957277297974,False,False,28,0.5358906984329224,False,False,28.0,0.765033632516861,Ask for help,False,True
False,31,tv_stand,15,0.4623589515686035,Ask for help,False,15,0.3820447325706482,False,False,3,0.6287422180175781,False,False,15.0,0.42220184206962585,Ask for help,False,True
False,11,dresser,29,0.5180138349533081,Ask for help,False,15,0.362699031829834,False,False,15,0.7004709839820862,False,False,15.0,0.5315850079059601,Ask for help,False,True
False,25,sofa,19,0.7845028638839722,Re-scan,False,19,0.8370357751846313,False,False,19,0.8880934715270996,False,False,19.0,0.8365440368652344,Re-scan,False,True
False,5,car,28,0.6427918672561646,Ask for help,False,29,0.5792977809906006,False,False,22,0.17898382246494293,False,False,,0.0,Ask for help,False,False
False,13,glass_box,28,0.8319910168647766,Re-scan,False,8,0.3896707594394684,False,False,30,0.3682731091976166,False,False,,0.0,Ask for help,False,False
False,17,monitor,0,0.3427320420742035,Ask for help,False,29,0.5077160596847534,False,False,28,0.837451159954071,False,False,,0.0,Ask for help,False,False
False,30,toilet,26,0.8401260375976562,Re-scan,False,26,0.5870709419250488,False,False,30,0.3612620532512665,True,False,26.0,0.7135984897613525,Ask for help,False,True
False,4,bookshelf,27,0.4119109511375427,Ask for help,False,28,0.279269814491272,False,False,28,0.3873220384120941,False,False,28.0,0.33329592645168304,Ask for help,False,True
False,25,sofa,6,0.34017980098724365,Ask for help,False,34,0.3551245629787445,False,False,2,0.34206241369247437,False,False,,0.0,Ask for help,False,False
False,32,vase,21,0.45499902963638306,Ask for help,False,21,0.4553118646144867,False,False,21,0.5061435699462891,False,False,21.0,0.4721514880657196,Ask for help,False,True
False,20,piano,19,0.914143443107605,Grasp,False,21,0.5207883715629578,False,False,28,0.7702894806861877,False,False,,0.0,Ask for help,False,False
False,27,stool,22,0.33257290720939636,Ask for help,False,29,0.44788819551467896,False,False,29,0.3078591525554657,False,False,29.0,0.3778736740350723,Ask for help,False,True
False,6,chair,6,0.8689581751823425,Re-scan,True,6,0.5680745840072632,True,False,6,0.3803676962852478,True,False,6.0,0.6058001518249512,Ask for help,True,True
False,11,dresser,21,0.2733873724937439,Ask for help,False,6,0.6125818490982056,False,False,27,0.6557654738426208,False,False,,0.0,Ask for help,False,False
False,25,sofa,0,0.29656586050987244,Ask for help,False,2,0.3919486701488495,False,False,9,0.8604161143302917,False,False,,0.0,Ask for help,False,False
False,31,tv_stand,29,0.8232380151748657,Re-scan,False,26,0.3824012577533722,False,False,29,0.5539568066596985,False,False,29.0,0.6885974109172821,Ask for help,False,True
False,30,toilet,6,0.31875425577163696,Ask for help,False,30,0.8356552124023438,True,False,29,0.38214319944381714,False,False,,0.0,Ask for help,False,False
False,17,monitor,28,0.4322887361049652,Ask for help,False,28,0.31669923663139343,False,False,8,0.577569842338562,False,False,28.0,0.3744939863681793,Ask for help,False,True
False,0,airplane,0,0.5237875580787659,Ask for help,True,21,0.4839898943901062,False,False,0,0.5947049856185913,True,False,0.0,0.5592462718486786,Ask for help,True,True
False,31,tv_stand,28,0.34502628445625305,Ask for help,False,26,0.4559398591518402,False,False,21,0.4696837365627289,False,False,,0.0,Ask for help,False,False
False,11,dresser,21,0.3554641902446747,Ask for help,False,22,0.5977435111999512,False,False,15,0.5510948896408081,False,False,,0.0,Ask for help,False,False
False,21,plant,26,0.7030054926872253,Ask for help,False,21,0.8857881426811218,True,True,28,0.38355734944343567,False,False,,0.0,Ask for help,False,False
False,2,bed,6,0.3877123296260834,Ask for help,False,19,0.5219240784645081,False,False,6,0.48599672317504883,False,False,6.0,0.4368545264005661,Ask for help,False,True
False,21,plant,22,0.6615011692047119,Ask for help,False,22,0.4726417660713196,False,False,21,0.4168887138366699,True,False,22.0,0.5670714676380157,Ask for help,False,True
False,32,vase,28,0.708153247833252,Ask for help,False,20,0.3814299702644348,False,False,19,0.3109560012817383,False,False,,0.0,Ask for help,False,False
False,20,piano,2,0.3137376308441162,Ask for help,False,21,0.18860861659049988,False,False,30,0.5571343898773193,False,False,,0.0,Ask for help,False,False
False,3,bench,15,0.8167129755020142,Re-scan,False,15,0.7220712304115295,False,False,22,0.2541792094707489,False,False,15.0,0.7693921029567719,Ask for help,False,True
False,25,sofa,28,0.38012009859085083,Ask for help,False,2,0.6031280755996704,False,False,29,0.30702027678489685,False,False,,0.0,Ask for help,False,False
False,13,glass_box,30,0.4266541004180908,Ask for help,False,6,0.504449725151062,False,False,30,0.3495405316352844,False,False,30.0,0.3880973160266876,Ask for help,False,True
False,13,glass_box,6,0.361866295337677,Ask for help,False,28,0.8575512766838074,False,False,30,0.7464957237243652,False,False,,0.0,Ask for help,False,False
False,28,table,8,0.4748477339744568,Ask for help,False,8,0.40340232849121094,False,False,28,0.9391957521438599,True,True,8.0,0.43912503123283386,Ask for help,False,True
False,9,desk,29,0.3166135251522064,Ask for help,False,26,0.1946413218975067,False,False,30,0.2859586775302887,False,False,,0.0,Ask for help,False,False
False,28,table,19,0.3998766839504242,Ask for help,False,28,0.9840547442436218,True,True,8,0.5411650538444519,False,False,,0.0,Ask for help,False,False
False,20,piano,26,0.3570079505443573,Ask for help,False,19,0.7516633868217468,False,False,21,0.3342686891555786,False,False,,0.0,Ask for help,False,False
False,28,table,8,0.5076000690460205,Ask for help,False,8,0.49747806787490845,False,False,8,0.7834898233413696,False,False,8.0,0.5961893200874329,Ask for help,False,True
False,9,desk,29,0.706473171710968,Ask for help,False,28,0.8365647196769714,False,False,9,0.6906015872955322,True,False,,0.0,Ask for help,False,False
False,5,car,29,0.586685836315155,Ask for help,False,9,0.3273979425430298,False,False,9,0.35572096705436707,False,False,9.0,0.3415594547986984,Ask for help,False,True
False,6,chair,8,0.5682321786880493,Ask for help,False,6,0.4153915345668793,True,False,6,0.43575984239578247,True,False,6.0,0.42557568848133087,Ask for help,True,True
False,2,bed,28,0.7531789541244507,Ask for help,False,28,0.4830489754676819,False,False,19,0.8557010889053345,False,False,28.0,0.6181139647960663,Ask for help,False,True
False,14,guitar,14,0.9820421934127808,Grasp,True,8,0.766410231590271,False,False,8,0.8533319234848022,False,False,8.0,0.8098710775375366,Re-scan,False,True
False,25,sofa,19,0.8784019351005554,Grasp,False,2,0.3316022753715515,False,False,28,0.35703200101852417,False,False,,0.0,Ask for help,False,False
False,6,chair,8,0.6207814812660217,Ask for help,False,8,0.4198452830314636,False,False,28,0.7838208675384521,False,False,8.0,0.5203133821487427,Ask for help,False,True
False,23,range_hood,28,0.3823779225349426,Ask for help,False,15,0.3241443634033203,False,False,6,0.29291030764579773,False,False,,0.0,Ask for help,False,False
False,7,cone,22,0.29430821537971497,Ask for help,False,7,0.4897335171699524,True,False,7,0.7225251197814941,True,False,7.0,0.6061293184757233,Ask for help,True,True
False,32,vase,29,0.8269346356391907,Re-scan,False,29,0.7802479863166809,False,False,21,0.2917832136154175,False,False,29.0,0.8035913109779358,Re-scan,False,True
False,34,xbox,15,0.6244792342185974,Ask for help,False,15,0.6990896463394165,False,False,29,0.614602267742157,False,False,15.0,0.661784440279007,Ask for help,False,True
False,18,night_stand,28,0.7186213731765747,Ask for help,False,29,0.44212621450424194,False,False,28,0.4598204493522644,False,False,28.0,0.5892209112644196,Ask for help,False,True
False,31,tv_stand,28,0.44187331199645996,Ask for help,False,26,0.5243702530860901,False,False,6,0.36328285932540894,False,False,,0.0,Ask for help,False,False
False,10,door,8,0.48095226287841797,Ask for help,False,8,0.34763216972351074,False,False,8,0.4904465079307556,False,False,8.0,0.43967698017756146,Ask for help,False,True
False,6,chair,8,0.45794931054115295,Ask for help,False,28,0.9160571098327637,False,False,21,0.4951454699039459,False,False,,0.0,Ask for help,False,False
False,30,toilet,29,0.4387432038784027,Ask for help,False,21,0.5341318249702454,False,False,29,0.2633945643901825,False,False,29.0,0.3510688841342926,Ask for help,False,True
False,4,bookshelf,28,0.6230059862136841,Ask for help,False,28,0.241938516497612,False,False,28,0.30291059613227844,False,False,28.0,0.38928503294785816,Ask for help,False,True
False,28,table,28,0.6286720037460327,Ask for help,True,19,0.3932704031467438,False,False,28,0.4113488793373108,True,False,28.0,0.5200104415416718,Ask for help,True,True
False,31,tv_stand,15,0.36255598068237305,Ask for help,False,21,0.6838693022727966,False,False,28,0.7500861883163452,False,False,,0.0,Ask for help,False,False
False,13,glass_box,19,0.678634524345398,Ask for help,False,29,0.5024031400680542,False,False,2,0.3159502446651459,False,False,,0.0,Ask for help,False,False
False,17,monitor,19,0.6725642085075378,Ask for help,False,28,0.9244260787963867,False,False,21,0.3324314057826996,False,False,,0.0,Ask for help,False,False
False,31,tv_stand,3,0.5825601816177368,Ask for help,False,3,0.49278688430786133,False,False,21,0.3344821631908417,False,False,3.0,0.5376735329627991,Ask for help,False,True
False,31,tv_stand,34,0.21240317821502686,Ask for help,False,28,0.27416032552719116,False,False,28,0.5970243215560913,False,False,28.0,0.43559232354164124,Ask for help,False,True
False,17,monitor,28,0.4405945837497711,Ask for help,False,29,0.8650521039962769,False,False,21,0.3844336271286011,False,False,,0.0,Ask for help,False,False
False,2,bed,6,0.43731778860092163,Ask for help,False,29,0.6319481730461121,False,False,28,0.49847206473350525,False,False,,0.0,Ask for help,False,False
False,28,table,15,0.8055456876754761,Re-scan,False,21,0.5183531045913696,False,False,15,0.7890201807022095,False,False,15.0,0.7972829341888428,Re-scan,False,True
False,11,dresser,21,0.2598263919353485,Ask for help,False,22,0.4475939869880676,False,False,29,0.7016985416412354,False,False,,0.0,Ask for help,False,False
False,23,range_hood,27,0.4033604562282562,Ask for help,False,29,0.29669225215911865,False,False,28,0.921083927154541,False,False,,0.0,Ask for help,False,False
False,28,table,6,0.42364567518234253,Ask for help,False,8,0.6338675022125244,False,False,28,0.9794625043869019,True,True,,0.0,Ask for help,False,False
False,13,glass_box,28,0.6260843276977539,Ask for help,False,29,0.43061089515686035,False,False,29,0.47623705863952637,False,False,29.0,0.45342397689819336,Ask for help,False,True
False,22,radio,29,0.470876544713974,Ask for help,False,28,0.4620906710624695,False,False,8,0.2760586142539978,False,False,,0.0,Ask for help,False,False
False,0,airplane,8,0.37299880385398865,Ask for help,False,8,0.774542510509491,False,False,8,0.5458138585090637,False,False,8.0,0.5644517242908478,Ask for help,False,True
False,11,dresser,19,0.8008580207824707,Re-scan,False,19,0.8347873687744141,False,False,30,0.6277426481246948,False,False,19.0,0.8178226947784424,Re-scan,False,True
False,0,airplane,8,0.6875129342079163,Ask for help,False,8,0.7306305170059204,False,False,8,0.7150726914405823,False,False,8.0,0.711072047551473,Ask for help,False,True
False,25,sofa,8,0.2835153043270111,Ask for help,False,29,0.5375640988349915,False,False,8,0.2895371615886688,False,False,8.0,0.28652623295783997,Ask for help,False,True
False,30,toilet,22,0.22928619384765625,Ask for help,False,22,0.3682287037372589,False,False,29,0.2768820524215698,False,False,22.0,0.2987574487924576,Ask for help,False,True
False,2,bed,28,0.7345296740531921,Ask for help,False,19,0.9229058027267456,False,False,30,0.7364858388900757,False,False,,0.0,Ask for help,False,False
False,14,guitar,15,0.597708523273468,Ask for help,False,14,0.4776483178138733,True,False,22,0.4196571707725525,False,False,,0.0,Ask for help,False,False
False,13,glass_box,22,0.3618953227996826,Ask for help,False,22,0.5053387880325317,False,False,28,0.7104595899581909,False,False,22.0,0.4336170554161072,Ask for help,False,True
False,26,stairs,26,0.49337416887283325,Ask for help,True,15,0.5510837435722351,False,False,26,0.5146735310554504,True,False,26.0,0.5040238499641418,Ask for help,True,True
False,0,airplane,8,0.6540173292160034,Ask for help,False,8,0.6946181654930115,False,False,8,0.6305931806564331,False,False,8.0,0.6597428917884827,Ask for help,False,True
False,16,mantel,8,0.6573243737220764,Ask for help,False,29,0.35697633028030396,False,False,29,0.2961132228374481,False,False,29.0,0.32654477655887604,Ask for help,False,True
False,27,stool,21,0.4314042627811432,Ask for help,False,21,0.5829326510429382,False,False,21,0.540300726890564,False,False,21.0,0.5182125469048818,Ask for help,False,True
False,16,mantel,28,0.387312650680542,Ask for help,False,27,0.3160476088523865,False,False,22,0.4038159251213074,False,False,,0.0,Ask for help,False,False
False,11,dresser,8,0.3476872444152832,Ask for help,False,28,0.994885265827179,False,False,8,0.37926432490348816,False,False,8.0,0.3634757846593857,Ask for help,False,True
False,0,airplane,15,0.3012179732322693,Ask for help,False,28,0.36695677042007446,False,False,8,0.7726243138313293,False,False,,0.0,Ask for help,False,False
False,23,range_hood,6,0.8819478750228882,Grasp,False,21,0.4296545386314392,False,False,6,0.6365667581558228,False,False,6.0,0.7592573165893555,Ask for help,False,True
False,31,tv_stand,30,0.3529227375984192,Ask for help,False,30,0.5320988893508911,False,False,9,0.29111427068710327,False,False,30.0,0.44251081347465515,Ask for help,False,True
False,21,plant,21,0.41973862051963806,Ask for help,True,21,0.5128598213195801,True,False,21,0.3133513927459717,True,False,21.0,0.4153166115283966,Ask for help,True,True
False,30,toilet,26,0.3767949938774109,Ask for help,False,8,0.6115900874137878,False,False,19,0.3171793520450592,False,False,,0.0,Ask for help,False,False
False,10,door,28,0.2765754163265228,Ask for help,False,8,0.6230165958404541,False,False,26,0.2610839605331421,False,False,,0.0,Ask for help,False,False
False,9,desk,22,0.5352872610092163,Ask for help,False,28,0.7369308471679688,False,False,28,0.6693757176399231,False,False,28.0,0.7031532824039459,Ask for help,False,True
False,4,bookshelf,15,0.39243194460868835,Ask for help,False,8,0.38515186309814453,False,False,8,0.4739525318145752,False,False,8.0,0.42955219745635986,Ask for help,False,True
False,5,car,29,0.6026092171669006,Ask for help,False,19,0.8921177983283997,False,False,2,0.5800521373748779,False,False,,0.0,Ask for help,False,False
False,23,range_hood,28,0.5930293798446655,Ask for help,False,8,0.2085021287202835,False,False,29,0.4738025665283203,False,False,,0.0,Ask for help,False,False
False,23,range_hood,28,0.897708535194397,Grasp,False,29,0.45370349287986755,False,False,28,0.36570829153060913,False,False,28.0,0.631708413362503,Ask for help,False,True
False,0,airplane,0,0.5142147541046143,Ask for help,True,0,0.5370060205459595,True,False,28,0.27668094635009766,False,False,0.0,0.5256103873252869,Ask for help,True,True
False,28,table,29,0.33704525232315063,Ask for help,False,8,0.4405454099178314,False,False,0,0.3416740298271179,False,False,,0.0,Ask for help,False,False
False,4,bookshelf,28,0.33900731801986694,Ask for help,False,8,0.4239431321620941,False,False,21,0.3180254101753235,False,False,,0.0,Ask for help,False,False
False,1,bathtub,8,0.5330820083618164,Ask for help,False,29,0.8040188550949097,False,False,22,0.39387115836143494,False,False,,0.0,Ask for help,False,False
False,25,sofa,30,0.6400548219680786,Ask for help,False,28,0.8956269025802612,False,False,30,0.8116533160209656,False,False,30.0,0.7258540689945221,Ask for help,False,True
False,31,tv_stand,28,0.887908935546875,Grasp,False,15,0.3285619914531708,False,False,28,0.579278290271759,False,False,28.0,0.733593612909317,Ask for help,False,True
False,5,car,28,0.34929677844047546,Ask for help,False,29,0.6890794038772583,False,False,27,0.3108370900154114,False,False,,0.0,Ask for help,False,False
False,13,glass_box,27,0.32355114817619324,Ask for help,False,27,0.284262090921402,False,False,28,0.8127104043960571,False,False,27.0,0.3039066195487976,Ask for help,False,True
False,11,dresser,28,0.9835469126701355,Grasp,False,8,0.33525756001472473,False,False,29,0.5114553570747375,False,False,,0.0,Ask for help,False,False
False,20,piano,27,0.44464606046676636,Ask for help,False,27,0.6130823493003845,False,False,28,0.57062828540802,False,False,27.0,0.5288642048835754,Ask for help,False,True
False,17,monitor,29,0.4037413001060486,Ask for help,False,28,0.7158205509185791,False,False,6,0.7164096236228943,False,False,,0.0,Ask for help,False,False
False,20,piano,8,0.254081666469574,Ask for help,False,29,0.40800338983535767,False,False,29,0.42244863510131836,False,False,29.0,0.415226012468338,Ask for help,False,True
False,4,bookshelf,27,0.6586443185806274,Ask for help,False,21,0.4466056227684021,False,False,3,0.30314740538597107,False,False,,0.0,Ask for help,False,False
False,26,stairs,28,0.33917176723480225,Ask for help,False,21,0.35010331869125366,False,False,29,0.4751468598842621,False,False,,0.0,Ask for help,False,False
False,23,range_hood,19,0.7423434257507324,Ask for help,False,19,0.34264129400253296,False,False,27,0.5762403607368469,False,False,19.0,0.5424923598766327,Ask for help,False,True
False,13,glass_box,30,0.42191797494888306,Ask for help,False,19,0.7890052199363708,False,False,19,0.6575397253036499,False,False,19.0,0.7232724726200104,Ask for help,False,True
False,5,car,2,0.325737327337265,Ask for help,False,19,0.9361321330070496,False,False,29,0.9485424160957336,False,False,,0.0,Ask for help,False,False
False,16,mantel,28,0.21118927001953125,Ask for help,False,22,0.2901996374130249,False,False,28,0.7774826288223267,False,False,28.0,0.49433594942092896,Ask for help,False,True
False,2,bed,28,0.8616111874580383,Re-scan,False,30,0.36697661876678467,False,False,28,0.517956554889679,False,False,28.0,0.6897838711738586,Ask for help,False,True
False,13,glass_box,28,0.8276810646057129,Re-scan,False,28,0.5789162516593933,False,False,28,0.4550679624080658,False,False,28.0,0.6205550928910574,Ask for help,False,True
False,30,toilet,0,0.2978595197200775,Ask for help,False,30,0.6384280920028687,True,False,21,0.3624669909477234,False,False,,0.0,Ask for help,False,False
False,14,guitar,22,0.5364598035812378,Ask for help,False,14,0.30784812569618225,True,False,14,0.5007960796356201,True,False,14.0,0.4043221026659012,Ask for help,True,True
False,12,flower_pot,22,0.2004723846912384,Ask for help,False,28,0.4437743127346039,False,False,21,0.5409544110298157,False,False,,0.0,Ask for help,False,False
False,8,curtain,34,0.3068126440048218,Ask for help,False,28,0.37015727162361145,False,False,29,0.27256956696510315,False,False,,0.0,Ask for help,False,False
False,23,range_hood,28,0.7112245559692383,Ask for help,False,28,0.3360353112220764,False,False,28,0.8897305727005005,False,False,28.0,0.6456634799639384,Ask for help,False,True
False,25,sofa,21,0.7502368688583374,Ask for help,False,34,0.3022523522377014,False,False,9,0.3371622860431671,False,False,,0.0,Ask for help,False,False
False,15,lamp,21,0.8437080383300781,Re-scan,False,28,0.6496683359146118,False,False,21,0.5716785192489624,False,False,21.0,0.7076932787895203,Ask for help,False,True
False,13,glass_box,27,0.2325834035873413,Ask for help,False,15,0.21173575520515442,False,False,22,0.376863569021225,False,False,,0.0,Ask for help,False,False
False,11,dresser,15,0.7676013708114624,Ask for help,False,22,0.4148653447628021,False,False,29,0.42217379808425903,False,False,,0.0,Ask for help,False,False
False,21,plant,26,0.3619322180747986,Ask for help,False,21,0.39669376611709595,True,False,29,0.33742326498031616,False,False,,0.0,Ask for help,False,False
False,1,bathtub,19,0.7611335515975952,Ask for help,False,28,0.9666405916213989,False,False,2,0.348527729511261,False,False,,0.0,Ask for help,False,False
False,30,toilet,21,0.38270244002342224,Ask for help,False,0,0.37852951884269714,False,False,8,0.3088397979736328,False,False,,0.0,Ask for help,False,False
False,15,lamp,21,0.27821585536003113,Ask for help,False,8,0.44791287183761597,False,False,21,0.4233940541744232,False,False,21.0,0.3508049547672272,Ask for help,False,True
False,20,piano,19,0.7968870401382446,Re-scan,False,6,0.22854208946228027,False,False,19,0.37936511635780334,False,False,19.0,0.588126078248024,Ask for help,False,True
False,9,desk,0,0.277852863073349,Ask for help,False,9,0.34307217597961426,True,False,29,0.3432531952857971,False,False,,0.0,Ask for help,False,False
False,4,bookshelf,27,0.22371256351470947,Ask for help,False,34,0.1997671127319336,False,False,21,0.2059200257062912,False,False,,0.0,Ask for help,False,False
False,30,toilet,28,0.7693268060684204,Ask for help,False,28,0.5168617367744446,False,False,15,0.6565580368041992,False,False,28.0,0.6430942714214325,Ask for help,False,True
False,25,sofa,2,0.5165507793426514,Ask for help,False,29,0.5808865427970886,False,False,0,0.3238179087638855,False,False,,0.0,Ask for help,False,False
False,4,bookshelf,8,0.38142845034599304,Ask for help,False,21,0.2567911744117737,False,False,21,0.32498472929000854,False,False,21.0,0.2908879518508911,Ask for help,False,True
False,7,cone,19,0.547679603099823,Ask for help,False,28,0.6084259748458862,False,False,29,0.22605371475219727,False,False,,0.0,Ask for help,False,False
False,32,vase,21,0.4240901470184326,Ask for help,False,29,0.31432849168777466,False,False,15,0.3391026258468628,False,False,,0.0,Ask for help,False,False
False,14,guitar,8,0.5583650469779968,Ask for help,False,8,0.40882807970046997,False,False,14,0.8591216206550598,True,False,8.0,0.4835965633392334,Ask for help,False,True
False,16,mantel,16,0.4975740909576416,Ask for help,True,28,0.48054933547973633,False,False,10,0.2824518084526062,False,False,,0.0,Ask for help,False,False
False,1,bathtub,30,0.5135602951049805,Ask for help,False,8,0.2621159553527832,False,False,29,0.5962785482406616,False,False,,0.0,Ask for help,False,False
False,26,stairs,21,0.7417539954185486,Ask for help,False,21,0.5675929188728333,False,False,29,0.5114328861236572,False,False,21.0,0.6546734571456909,Ask for help,False,True
False,13,glass_box,28,0.9784687757492065,Grasp,False,28,0.7859584093093872,False,False,6,0.7963483333587646,False,False,28.0,0.8822135925292969,Grasp,False,True
False,25,sofa,28,0.9949949979782104,Grasp,False,19,0.678656280040741,False,False,28,0.9287075996398926,False,False,28.0,0.9618512988090515,Grasp,False,True
False,0,airplane,2,0.29315242171287537,Ask for help,False,8,0.7957493662834167,False,False,15,0.4119803309440613,False,False,,0.0,Ask for help,False,False
False,30,toilet,30,0.6893705129623413,Ask for help,True,26,0.4240519404411316,False,False,19,0.45987996459007263,False,False,,0.0,Ask for help,False,False
False,25,sofa,2,0.3761869966983795,Ask for help,False,19,0.626348614692688,False,False,19,0.5402283668518066,False,False,19.0,0.5832884907722473,Ask for help,False,True
False,6,chair,21,0.4732101857662201,Ask for help,False,6,0.8602222204208374,True,False,6,0.33803898096084595,True,False,6.0,0.5991306006908417,Ask for help,True,True
False,21,plant,21,0.6694526672363281,Ask for help,True,34,0.25688791275024414,False,False,21,0.4189482629299164,True,False,21.0,0.5442004650831223,Ask for help,True,True
False,11,dresser,22,0.2969273328781128,Ask for help,False,8,0.20781615376472473,False,False,21,0.23733088374137878,False,False,,0.0,Ask for help,False,False
False,18,night_stand,6,0.7164575457572937,Ask for help,False,28,0.666088342666626,False,False,28,0.3566918969154358,False,False,28.0,0.5113901197910309,Ask for help,False,True
False,22,radio,15,0.3844839036464691,Ask for help,False,8,0.3718845248222351,False,False,28,0.2992880344390869,False,False,,0.0,Ask for help,False,False
False,23,range_hood,6,0.30899953842163086,Ask for help,False,15,0.20589235424995422,False,False,15,0.4982110559940338,False,False,15.0,0.352051705121994,Ask for help,False,True
False,28,table,28,0.8491466641426086,Re-scan,True,8,0.690532922744751,False,False,8,0.708433985710144,False,False,8.0,0.6994834542274475,Ask for help,False,True
False,34,xbox,22,0.3125842213630676,Ask for help,False,29,0.7757800221443176,False,False,29,0.8467476963996887,False,False,29.0,0.8112638592720032,Re-scan,False,True
False,31,tv_stand,0,0.5494581460952759,Ask for help,False,29,0.5231252908706665,False,False,26,0.7748627662658691,False,False,,0.0,Ask for help,False,False
False,2,bed,28,0.6288492679595947,Ask for help,False,28,0.47179803252220154,False,False,8,0.5598057508468628,False,False,28.0,0.5503236502408981,Ask for help,False,True
False,11,dresser,29,0.47059550881385803,Ask for help,False,29,0.45064982771873474,False,False,29,0.7292642593383789,False,False,29.0,0.5501698652903239,Ask for help,False,True
False,2,bed,28,0.6410192251205444,Ask for help,False,28,0.8198204040527344,False,False,26,0.42112311720848083,False,False,28.0,0.7304198145866394,Ask for help,False,True
False,28,table,28,0.5250961184501648,Ask for help,True,28,0.9302381277084351,True,True,8,0.30943799018859863,False,False,28.0,0.7276671230792999,Ask for help,True,True
False,13,glass_box,28,0.9216811060905457,Grasp,False,26,0.28562742471694946,False,False,28,0.7154438495635986,False,False,28.0,0.8185624778270721,Re-scan,False,True
False,25,sofa,2,0.4034143090248108,Ask for help,False,9,0.34084421396255493,False,False,9,0.38234999775886536,False,False,9.0,0.36159710586071014,Ask for help,False,True
False,31,tv_stand,22,0.31753331422805786,Ask for help,False,27,0.25598543882369995,False,False,22,0.37142235040664673,False,False,22.0,0.3444778323173523,Ask for help,False,True
False,21,plant,21,0.4449639320373535,Ask for help,True,26,0.39392125606536865,False,False,28,0.36849445104599,False,False,,0.0,Ask for help,False,False
False,23,range_hood,8,0.4484078884124756,Ask for help,False,28,0.5973891019821167,False,False,16,0.341041624546051,False,False,,0.0,Ask for help,False,False
False,31,tv_stand,15,0.2917761206626892,Ask for help,False,26,0.37998974323272705,False,False,28,0.47535985708236694,False,False,,0.0,Ask for help,False,False
False,16,mantel,15,0.7300469279289246,Ask for help,False,16,0.4195763170719147,True,False,15,0.6096528768539429,False,False,15.0,0.6698499023914337,Ask for help,False,True
False,17,monitor,0,0.515937328338623,Ask for help,False,0,0.4646190106868744,False,False,0,0.7066627740859985,False,False,0.0,0.5624063710371653,Ask for help,False,True
False,31,tv_stand,21,0.5182335376739502,Ask for help,False,28,0.270402729511261,False,False,27,0.5017310976982117,False,False,,0.0,Ask for help,False,False
False,16,mantel,8,0.563162088394165,Ask for help,False,28,0.3558005690574646,False,False,34,0.2839713990688324,False,False,,0.0,Ask for help,False,False
False,17,monitor,34,0.22236724197864532,Ask for help,False,15,0.6229223012924194,False,False,28,0.6323083639144897,False,False,,0.0,Ask for help,False,False
False,32,vase,21,0.43265199661254883,Ask for help,False,8,0.35351306200027466,False,False,8,0.4516063630580902,False,False,8.0,0.40255971252918243,Ask for help,False,True
False,20,piano,28,0.9953058362007141,Grasp,False,28,0.2902587056159973,False,False,28,0.30989959836006165,False,False,28.0,0.5318213800589243,Ask for help,False,True
False,8,curtain,8,0.6468160152435303,Ask for help,True,21,0.5349120497703552,False,False,21,0.6557367444038391,False,False,21.0,0.5953243970870972,Ask for help,False,True
False,5,car,28,0.5584684610366821,Ask for help,False,28,0.5004826784133911,False,False,30,0.40554124116897583,False,False,28.0,0.5294755697250366,Ask for help,False,True
False,25,sofa,30,0.4760475158691406,Ask for help,False,28,0.825799286365509,False,False,28,0.9686509966850281,False,False,28.0,0.8972251415252686,Grasp,False,True
False,20,piano,29,0.35249224305152893,Ask for help,False,8,0.3169475197792053,False,False,28,0.7368422746658325,False,False,,0.0,Ask for help,False,False
False,20,piano,29,0.3847467005252838,Ask for help,False,21,0.39102739095687866,False,False,22,0.5218853950500488,False,False,,0.0,Ask for help,False,False
False,19,person,21,0.4068312644958496,Ask for help,False,7,0.6271535754203796,False,False,8,0.36542725563049316,False,False,,0.0,Ask for help,False,False
False,1,bathtub,28,0.5559998750686646,Ask for help,False,28,0.8415605425834656,False,False,19,0.5870757699012756,False,False,28.0,0.6987802088260651,Ask for help,False,True
False,19,person,21,0.762048602104187,Ask for help,False,29,0.4975087642669678,False,False,21,0.9479902982711792,False,False,21.0,0.8550194501876831,Re-scan,False,True
False,24,sink,28,0.25866276025772095,Ask for help,False,15,0.44513121247291565,False,False,15,0.3469703793525696,False,False,15.0,0.3960507959127426,Ask for help,False,True
False,32,vase,15,0.6619543433189392,Ask for help,False,28,0.3496890664100647,False,False,21,0.4089675843715668,False,False,,0.0,Ask for help,False,False
False,7,cone,21,0.7428733110427856,Ask for help,False,28,0.4056987166404724,False,False,28,0.9264480471611023,False,False,28.0,0.6660733819007874,Ask for help,False,True
False,29,tent,29,0.3053305149078369,Ask for help,True,29,0.5454733967781067,True,False,29,0.7867861986160278,True,False,29.0,0.5458633701006571,Ask for help,True,True
False,32,vase,27,0.41371288895606995,Ask for help,False,15,0.35152411460876465,False,False,29,0.4153035581111908,False,False,,0.0,Ask for help,False,False
False,9,desk,8,0.41359907388687134,Ask for help,False,29,0.6749064326286316,False,False,26,0.3668855130672455,False,False,,0.0,Ask for help,False,False
False,10,door,21,0.5034347772598267,Ask for help,False,8,0.4295017719268799,False,False,8,0.5379000306129456,False,False,8.0,0.4837009012699127,Ask for help,False,True
False,2,bed,8,0.6345836520195007,Ask for help,False,8,0.6410840749740601,False,False,8,0.4263024926185608,False,False,8.0,0.5673234065373739,Ask for help,False,True
False,25,sofa,30,0.6221877336502075,Ask for help,False,28,0.8053513765335083,False,False,2,0.468104749917984,False,False,,0.0,Ask for help,False,False
False,25,sofa,19,0.272411048412323,Ask for help,False,19,0.7806810140609741,False,False,19,0.7876957058906555,False,False,19.0,0.6135959227879842,Ask for help,False,True
False,18,night_stand,15,0.5809262990951538,Ask for help,False,8,0.4572715163230896,False,False,8,0.32069674134254456,False,False,8.0,0.3889841288328171,Ask for help,False,True
False,17,monitor,29,0.3680441677570343,Ask for help,False,28,0.49636584520339966,False,False,0,0.5623989701271057,False,False,,0.0,Ask for help,False,False
False,20,piano,28,0.3592960834503174,Ask for help,False,22,0.18521402776241302,False,False,19,0.7146003246307373,False,False,,0.0,Ask for help,False,False
False,14,guitar,8,0.6221998929977417,Ask for help,False,8,0.8983280062675476,False,False,8,0.37835898995399475,False,False,8.0,0.632962296406428,Ask for help,False,True
False,23,range_hood,26,0.24429091811180115,Ask for help,False,28,0.3353500962257385,False,False,28,0.21423396468162537,False,False,28.0,0.27479203045368195,Ask for help,False,True
False,17,monitor,29,0.4530511498451233,Ask for help,False,28,0.9334383010864258,False,False,8,0.3612329065799713,False,False,,0.0,Ask for help,False,False
False,14,guitar,29,0.3226740062236786,Ask for help,False,14,0.40542635321617126,True,False,22,0.28959712386131287,False,False,,0.0,Ask for help,False,False
False,18,night_stand,8,0.31182241439819336,Ask for help,False,6,0.5666552186012268,False,False,15,0.4762280583381653,False,False,,0.0,Ask for help,False,False
False,6,chair,15,0.5173872709274292,Ask for help,False,28,0.9695064425468445,False,False,15,0.5875799655914307,False,False,15.0,0.5524836182594299,Ask for help,False,True
False,33,wardrobe,3,0.8136634826660156,Re-scan,False,27,0.5985533595085144,False,False,3,0.39689552783966064,False,False,3.0,0.6052795052528381,Ask for help,False,True
False,34,xbox,29,0.6696053147315979,Ask for help,False,21,0.3217396140098572,False,False,29,0.3118072748184204,False,False,29.0,0.49070629477500916,Ask for help,False,True
False,4,bookshelf,3,0.3809269964694977,Ask for help,False,16,0.788144588470459,False,False,3,0.6657285690307617,False,False,3.0,0.5233277827501297,Ask for help,False,True
False,28,table,28,0.5241459608078003,Ask for help,True,28,0.34352603554725647,True,False,8,0.6814418435096741,False,False,28.0,0.4338359981775284,Ask for help,True,True
False,5,car,29,0.6544116139411926,Ask for help,False,29,0.7070785164833069,False,False,28,0.5051332116127014,False,False,29.0,0.6807450652122498,Ask for help,False,True
False,14,guitar,8,0.719574511051178,Ask for help,False,8,0.6971099376678467,False,False,8,0.8843063116073608,False,False,8.0,0.7669969201087952,Ask for help,False,True
False,21,plant,21,0.34471529722213745,Ask for help,True,21,0.7878313660621643,True,False,21,0.44270411133766174,True,False,21.0,0.5250835915406545,Ask for help,True,True
False,32,vase,7,0.6062813997268677,Ask for help,False,22,0.3984149098396301,False,False,7,0.3571498394012451,False,False,7.0,0.4817156195640564,Ask for help,False,True
False,23,range_hood,6,0.5103592872619629,Ask for help,False,6,0.6763299703598022,False,False,27,0.3157939612865448,False,False,6.0,0.5933446288108826,Ask for help,False,True
False,23,range_hood,8,0.4979899823665619,Ask for help,False,28,0.7122130393981934,False,False,28,0.25612249970436096,False,False,28.0,0.48416776955127716,Ask for help,False,True
False,16,mantel,28,0.431490957736969,Ask for help,False,27,0.4465494751930237,False,False,10,0.24140186607837677,False,False,,0.0,Ask for help,False,False
False,0,airplane,19,0.8627822995185852,Re-scan,False,8,0.5753501653671265,False,False,15,0.8143165707588196,False,False,,0.0,Ask for help,False,False
False,19,person,21,0.3921092748641968,Ask for help,False,21,0.6200389862060547,False,False,21,0.5312680006027222,False,False,21.0,0.5144720872243246,Ask for help,False,True
False,25,sofa,9,0.4075595438480377,Ask for help,False,28,0.8006588220596313,False,False,8,0.7039800882339478,False,False,,0.0,Ask for help,False,False
False,32,vase,21,0.7095403075218201,Ask for help,False,29,0.4232569634914398,False,False,15,0.22930559515953064,False,False,,0.0,Ask for help,False,False
False,1,bathtub,21,0.2689701318740845,Ask for help,False,28,0.9017120599746704,False,False,19,0.540352463722229,False,False,,0.0,Ask for help,False,False
False,9,desk,8,0.3960830569267273,Ask for help,False,19,0.3395407497882843,False,False,28,0.5974562168121338,False,False,,0.0,Ask for help,False,False
False,21,plant,21,0.7330236434936523,Ask for help,True,28,0.7187293767929077,False,False,10,0.35959675908088684,False,False,,0.0,Ask for help,False,False
False,5,car,19,0.6454063057899475,Ask for help,False,21,0.4176364839076996,False,False,19,0.8920937776565552,False,False,19.0,0.7687500417232513,Ask for help,False,True
False,25,sofa,6,0.5033586621284485,Ask for help,False,28,0.9850420951843262,False,False,28,0.9814733266830444,False,False,28.0,0.9832577109336853,Grasp,False,True
False,5,car,28,0.8988614082336426,Grasp,False,19,0.9640703201293945,False,False,19,0.8747516870498657,False,False,19.0,0.9194110035896301,Grasp,False,True
False,1,bathtub,0,0.5499218702316284,Ask for help,False,0,0.7489486336708069,False,False,28,0.5903723239898682,False,False,0.0,0.6494352519512177,Ask for help,False,True
False,18,night_stand,19,0.7340652942657471,Ask for help,False,28,0.7790801525115967,False,False,6,0.3552272915840149,False,False,,0.0,Ask for help,False,False
False,23,range_hood,15,0.6356267929077148,Ask for help,False,22,0.43919190764427185,False,False,29,0.3775137960910797,False,False,,0.0,Ask for help,False,False
False,27,stool,28,0.5709530115127563,Ask for help,False,28,0.4482569098472595,False,False,28,0.9078050851821899,False,False,28.0,0.6423383355140686,Ask for help,False,True
False,4,bookshelf,21,0.24216201901435852,Ask for help,False,28,0.7604356408119202,False,False,27,0.47743552923202515,False,False,,0.0,Ask for help,False,False
False,26,stairs,8,0.3649590313434601,Ask for help,False,15,0.32881462574005127,False,False,15,0.4273894429206848,False,False,15.0,0.37810203433036804,Ask for help,False,True
False,17,monitor,19,0.8826457262039185,Grasp,False,29,0.406909704208374,False,False,28,0.25333085656166077,False,False,,0.0,Ask for help,False,False
False,0,airplane,8,0.47986239194869995,Ask for help,False,8,0.5923215746879578,False,False,8,0.5252841114997864,False,False,8.0,0.5324893593788147,Ask for help,False,True
False,5,car,28,0.46882057189941406,Ask for help,False,28,0.699241578578949,False,False,28,0.42923253774642944,False,False,28.0,0.5324315627415975,Ask for help,False,True
False,4,bookshelf,27,0.1847430169582367,Ask for help,False,16,0.352790892124176,False,False,21,0.5081462264060974,False,False,,0.0,Ask for help,False,False
False,32,vase,16,0.42260828614234924,Ask for help,False,27,0.32364892959594727,False,False,8,0.23762091994285583,False,False,,0.0,Ask for help,False,False
False,29,tent,28,0.5321358442306519,Ask for help,False,29,0.5456307530403137,True,False,29,0.5006929039955139,True,False,29.0,0.5231618285179138,Ask for help,True,True
False,28,table,8,0.4348105788230896,Ask for help,False,8,0.7405937314033508,False,False,28,0.7251289486885071,True,False,8.0,0.5877021551132202,Ask for help,False,True
False,33,wardrobe,28,0.39917823672294617,Ask for help,False,28,0.4673667848110199,False,False,27,0.5202237963676453,False,False,28.0,0.43327251076698303,Ask for help,False,True
False,32,vase,15,0.5698633790016174,Ask for help,False,22,0.3768343925476074,False,False,6,0.32014700770378113,False,False,,0.0,Ask for help,False,False
False,22,radio,27,0.4782634675502777,Ask for help,False,29,0.43887320160865784,False,False,29,0.47112005949020386,False,False,29.0,0.45499663054943085,Ask for help,False,True
False,34,xbox,30,0.2098757028579712,Ask for help,False,21,0.3246403932571411,False,False,19,0.9458271265029907,False,False,,0.0,Ask for help,False,False
False,18,night_stand,8,0.5419325828552246,Ask for help,False,28,0.6784771680831909,False,False,8,0.6276219487190247,False,False,8.0,0.5847772657871246,Ask for help,False,True
False,21,plant,15,0.44454947113990784,Ask for help,False,27,0.5149022340774536,False,False,26,0.6809850931167603,False,False,,0.0,Ask for help,False,False
False,6,chair,21,0.6490569114685059,Ask for help,False,6,0.8637737035751343,True,False,30,0.5506640672683716,False,False,,0.0,Ask for help,False,False
False,20,piano,8,0.47856029868125916,Ask for help,False,0,0.5187801122665405,False,False,8,0.5737510919570923,False,False,8.0,0.5261556953191757,Ask for help,False,True
False,23,range_hood,28,0.755677342414856,Ask for help,False,28,0.4373752176761627,False,False,29,0.3372379541397095,False,False,28.0,0.5965262800455093,Ask for help,False,True
False,4,bookshelf,8,0.2790110409259796,Ask for help,False,27,0.5136605501174927,False,False,8,0.43587493896484375,False,False,8.0,0.3574429899454117,Ask for help,False,True
False,34,xbox,30,0.6433284878730774,Ask for help,False,29,0.8359097242355347,False,False,29,0.43797746300697327,False,False,29.0,0.636943593621254,Ask for help,False,True
False,1,bathtub,19,0.5424121022224426,Ask for help,False,28,0.960472583770752,False,False,21,0.4994572103023529,False,False,,0.0,Ask for help,False,False
False,1,bathtub,29,0.6683549284934998,Ask for help,False,28,0.21353550255298615,False,False,8,0.4376724362373352,False,False,,0.0,Ask for help,False,False
False,30,toilet,29,0.41633662581443787,Ask for help,False,30,0.5719336271286011,True,False,22,0.41447749733924866,False,False,,0.0,Ask for help,False,False
False,18,night_stand,15,0.4776739478111267,Ask for help,False,28,0.6546979546546936,False,False,29,0.5966492891311646,False,False,,0.0,Ask for help,False,False
False,5,car,9,0.2894240617752075,Ask for help,False,19,0.41445642709732056,False,False,10,0.6476220488548279,False,False,,0.0,Ask for help,False,False
False,25,sofa,19,0.8476726412773132,Re-scan,False,2,0.42489194869995117,False,False,28,0.8448821306228638,False,False,,0.0,Ask for help,False,False
False,4,bookshelf,21,0.31551870703697205,Ask for help,False,16,0.4686371684074402,False,False,27,0.5042627453804016,False,False,,0.0,Ask for help,False,False
False,17,monitor,19,0.6883841156959534,Ask for help,False,29,0.6654497385025024,False,False,29,0.8039547801017761,False,False,29.0,0.7347022593021393,Ask for help,False,True
False,25,sofa,28,0.8868557810783386,Grasp,False,29,0.5142120122909546,False,False,19,0.8835431933403015,False,False,,0.0,Ask for help,False,False
False,2,bed,2,0.5522676706314087,Ask for help,True,28,0.9063423275947571,False,False,28,0.9312114715576172,False,False,28.0,0.9187768995761871,Grasp,False,True
False,30,toilet,8,0.3206964135169983,Ask for help,False,0,0.4736897349357605,False,False,8,0.6196108460426331,False,False,8.0,0.4701536297798157,Ask for help,False,True
False,14,guitar,8,0.416370153427124,Ask for help,False,8,0.5320807695388794,False,False,14,0.2621137797832489,True,False,8.0,0.4742254614830017,Ask for help,False,True
False,1,bathtub,29,0.7737926244735718,Ask for help,False,29,0.8388239741325378,False,False,2,0.34483376145362854,False,False,29.0,0.8063082993030548,Re-scan,False,True
False,13,glass_box,28,0.41023510694503784,Ask for help,False,27,0.49203628301620483,False,False,27,0.5996415615081787,False,False,27.0,0.5458389222621918,Ask for help,False,True
False,5,car,28,0.4851442277431488,Ask for help,False,2,0.3420577943325043,False,False,19,0.7146271467208862,False,False,,0.0,Ask for help,False,False
False,33,wardrobe,3,0.3131905496120453,Ask for help,False,8,0.3508618474006653,False,False,28,0.6171895861625671,False,False,,0.0,Ask for help,False,False
False,24,sink,15,0.4070160984992981,Ask for help,False,28,0.39462774991989136,False,False,29,0.4270947575569153,False,False,,0.0,Ask for help,False,False
False,13,glass_box,30,0.41910094022750854,Ask for help,False,6,0.5515338182449341,False,False,28,0.8030253648757935,False,False,,0.0,Ask for help,False,False
False,10,door,8,0.3991761803627014,Ask for help,False,28,0.4429638385772705,False,False,10,0.21647047996520996,True,False,,0.0,Ask for help,False,False
False,11,dresser,21,0.19099125266075134,Ask for help,False,29,0.5756585001945496,False,False,2,0.4449521601200104,False,False,,0.0,Ask for help,False,False
False,31,tv_stand,21,0.3718060851097107,Ask for help,False,28,0.5884032249450684,False,False,19,0.24553358554840088,False,False,,0.0,Ask for help,False,False
False,6,chair,6,0.9155400991439819,Grasp,True,6,0.7324179410934448,True,False,6,0.9294232130050659,True,True,6.0,0.8591270844141642,Re-scan,True,True
False,5,car,30,0.24402227997779846,Ask for help,False,22,0.2969692349433899,False,False,29,0.7192875146865845,False,False,,0.0,Ask for help,False,False
False,21,plant,21,0.7546910047531128,Ask for help,True,28,0.7584100961685181,False,False,28,0.8975828289985657,False,False,28.0,0.8279964625835419,Re-scan,False,True
False,21,plant,30,0.2980113625526428,Ask for help,False,21,0.4178164005279541,True,False,26,0.3832096755504608,False,False,,0.0,Ask for help,False,False
False,13,glass_box,28,0.9559901356697083,Grasp,False,28,0.8037642240524292,False,False,28,0.8318468332290649,False,False,28.0,0.8638670643170675,Re-scan,False,True
False,11,dresser,28,0.8819414973258972,Grasp,False,6,0.9455171823501587,False,False,26,0.40598368644714355,False,False,,0.0,Ask for help,False,False
False,15,lamp,15,0.6657668948173523,Ask for help,True,15,0.42956939339637756,True,False,15,0.2763477563858032,True,False,15.0,0.45722801486651105,Ask for help,True,True
False,28,table,19,0.5171379446983337,Ask for help,False,8,0.6207793951034546,False,False,28,0.6298167109489441,True,False,,0.0,Ask for help,False,False
False,30,toilet,29,0.33532923460006714,Ask for help,False,28,0.4106499254703522,False,False,29,0.3932473361492157,False,False,29.0,0.3642882853746414,Ask for help,False,True
False,21,plant,30,0.49386295676231384,Ask for help,False,19,0.7505624890327454,False,False,21,0.511064887046814,True,False,,0.0,Ask for help,False,False
False,21,plant,20,0.37777596712112427,Ask for help,False,21,0.735496461391449,True,False,21,0.5495253801345825,True,False,21.0,0.6425109207630157,Ask for help,True,True
False,16,mantel,28,0.45893001556396484,Ask for help,False,22,0.33298298716545105,False,False,28,0.5184352993965149,False,False,28.0,0.48868265748023987,Ask for help,False,True
False,0,airplane,8,0.4053810238838196,Ask for help,False,19,0.3666309714317322,False,False,0,0.9044413566589355,True,True,,0.0,Ask for help,False,False
False,23,range_hood,27,0.2527320683002472,Ask for help,False,6,0.21539998054504395,False,False,28,0.797454297542572,False,False,,0.0,Ask for help,False,False
False,2,bed,30,0.2754286229610443,Ask for help,False,8,0.5080718994140625,False,False,28,0.8923627734184265,False,False,,0.0,Ask for help,False,False
False,17,monitor,8,0.4660586714744568,Ask for help,False,28,0.9712336659431458,False,False,0,0.49078884720802307,False,False,,0.0,Ask for help,False,False
False,14,guitar,14,0.7768041491508484,Ask for help,True,22,0.5366610288619995,False,False,14,0.7367554306983948,True,False,14.0,0.7567797899246216,Ask for help,True,True
False,2,bed,19,0.7272812724113464,Ask for help,False,28,0.46753567457199097,False,False,26,0.5569783449172974,False,False,,0.0,Ask for help,False,False
False,28,table,8,0.3961755335330963,Ask for help,False,34,0.3273758888244629,False,False,8,0.4862583577632904,False,False,8.0,0.44121694564819336,Ask for help,False,True
False,11,dresser,21,0.36905670166015625,Ask for help,False,28,0.7460304498672485,False,False,28,0.9222429990768433,False,False,28.0,0.8341367244720459,Re-scan,False,True
False,21,plant,16,0.3310987055301666,Ask for help,False,28,0.7564898729324341,False,False,28,0.9788693189620972,False,False,28.0,0.8676795959472656,Re-scan,False,True
False,14,guitar,8,0.6691745519638062,Ask for help,False,15,0.36344343423843384,False,False,8,0.6123892664909363,False,False,8.0,0.6407819092273712,Ask for help,False,True
False,13,glass_box,6,0.33807554841041565,Ask for help,False,29,0.8115865588188171,False,False,22,0.33920982480049133,False,False,,0.0,Ask for help,False,False
False,13,glass_box,28,0.43589943647384644,Ask for help,False,28,0.9895296096801758,False,False,30,0.25807279348373413,False,False,28.0,0.7127145230770111,Ask for help,False,True
False,11,dresser,34,0.35134434700012207,Ask for help,False,21,0.3008642792701721,False,False,6,0.5341798663139343,False,False,,0.0,Ask for help,False,False
False,31,tv_stand,19,0.4083816111087799,Ask for help,False,19,0.4077211022377014,False,False,21,0.32690998911857605,False,False,19.0,0.40805135667324066,Ask for help,False,True
False,28,table,28,0.9201265573501587,Grasp,True,21,0.27160996198654175,False,False,28,0.4453754425048828,True,False,28.0,0.6827509999275208,Ask for help,True,True
False,15,lamp,29,0.5471121072769165,Ask for help,False,8,0.3294842839241028,False,False,19,0.5246639251708984,False,False,,0.0,Ask for help,False,False
False,32,vase,7,0.39023709297180176,Ask for help,False,22,0.4520048499107361,False,False,7,0.8915966153144836,False,False,7.0,0.6409168541431427,Ask for help,False,True
False,6,chair,6,0.38300126791000366,Ask for help,True,10,0.44095104932785034,False,False,19,0.9178072810173035,False,False,,0.0,Ask for help,False,False
False,23,range_hood,6,0.6926891207695007,Ask for help,False,19,0.6277056932449341,False,False,21,0.24317269027233124,False,False,,0.0,Ask for help,False,False
False,0,airplane,8,0.556635856628418,Ask for help,False,15,0.3023231625556946,False,False,34,0.4973584711551666,False,False,,0.0,Ask for help,False,False
False,25,sofa,26,0.20477080345153809,Ask for help,False,28,0.5908597111701965,False,False,9,0.30347612500190735,False,False,,0.0,Ask for help,False,False
False,18,night_stand,28,0.9927342534065247,Grasp,False,8,0.27989909052848816,False,False,29,0.32521113753318787,False,False,,0.0,Ask for help,False,False
False,13,glass_box,28,0.3229864239692688,Ask for help,False,28,0.8478132486343384,False,False,2,0.4560195803642273,False,False,28.0,0.5853998363018036,Ask for help,False,True
False,4,bookshelf,15,0.23193617165088654,Ask for help,False,21,0.4751442074775696,False,False,21,0.22197139263153076,False,False,21.0,0.34855780005455017,Ask for help,False,True
False,17,monitor,29,0.253047913312912,Ask for help,False,28,0.2640173137187958,False,False,9,0.2703259289264679,False,False,,0.0,Ask for help,False,False
False,21,plant,21,0.3513637185096741,Ask for help,True,21,0.4226261079311371,True,False,21,0.8322457075119019,True,False,21.0,0.5354118446509043,Ask for help,True,True
False,20,piano,21,0.4453337788581848,Ask for help,False,6,0.46260350942611694,False,False,2,0.23182401061058044,False,False,,0.0,Ask for help,False,False
False,16,mantel,15,0.490531861782074,Ask for help,False,15,0.6968324184417725,False,False,3,0.456270307302475,False,False,15.0,0.5936821401119232,Ask for help,False,True
False,14,guitar,14,0.7209612727165222,Ask for help,True,8,0.7841952443122864,False,False,8,0.7504965662956238,False,False,8.0,0.7673459053039551,Ask for help,False,True
False,13,glass_box,10,0.4771977365016937,Ask for help,False,22,0.3248956799507141,False,False,7,0.30628809332847595,False,False,,0.0,Ask for help,False,False
False,23,range_hood,22,0.3397652804851532,Ask for help,False,15,0.30913177132606506,False,False,22,0.2782056927680969,False,False,22.0,0.30898548662662506,Ask for help,False,True
False,23,range_hood,29,0.36759260296821594,Ask for help,False,28,0.3920849561691284,False,False,28,0.5891549587249756,False,False,28.0,0.490619957447052,Ask for help,False,True
False,31,tv_stand,3,0.3867094814777374,Ask for help,False,29,0.34832116961479187,False,False,27,0.531980037689209,False,False,,0.0,Ask for help,False,False
False,18,night_stand,28,0.7985095977783203,Re-scan,False,28,0.9006794095039368,False,False,28,0.3547888696193695,False,False,28.0,0.6846592923005422,Ask for help,False,True
False,23,range_hood,6,0.8287493586540222,Re-scan,False,27,0.4266044497489929,False,False,30,0.30731382966041565,False,False,,0.0,Ask for help,False,False
False,26,stairs,29,0.34521669149398804,Ask for help,False,19,0.3993263244628906,False,False,29,0.7440648078918457,False,False,29.0,0.5446407496929169,Ask for help,False,True
False,23,range_hood,3,0.18893766403198242,Ask for help,False,28,0.43159499764442444,False,False,28,0.4466326832771301,False,False,28.0,0.4391138404607773,Ask for help,False,True
False,18,night_stand,28,0.49793267250061035,Ask for help,False,28,0.5143340826034546,False,False,29,0.42748159170150757,False,False,28.0,0.5061333775520325,Ask for help,False,True
False,11,dresser,34,0.40841150283813477,Ask for help,False,28,0.5165268778800964,False,False,26,0.3465699553489685,False,False,,0.0,Ask for help,False,False
False,6,chair,6,0.45529264211654663,Ask for help,True,26,0.3364354968070984,False,False,6,0.9891157150268555,True,True,6.0,0.722204178571701,Ask for help,True,True
False,23,range_hood,6,0.6985511183738708,Ask for help,False,29,0.2929112911224365,False,False,28,0.7507932782173157,False,False,,0.0,Ask for help,False,False
False,17,monitor,19,0.7582768797874451,Ask for help,False,0,0.5025833249092102,False,False,19,0.8630471229553223,False,False,19.0,0.8106620013713837,Re-scan,False,True
False,16,mantel,27,0.4154444634914398,Ask for help,False,15,0.5247393846511841,False,False,28,0.8011288642883301,False,False,,0.0,Ask for help,False,False
False,16,mantel,6,0.5509548783302307,Ask for help,False,8,0.38279157876968384,False,False,28,0.5331131815910339,False,False,,0.0,Ask for help,False,False
False,4,bookshelf,8,0.419838011264801,Ask for help,False,8,0.49943238496780396,False,False,3,0.2402019202709198,False,False,8.0,0.4596351981163025,Ask for help,False,True
False,9,desk,29,0.19056758284568787,Ask for help,False,10,0.2904868721961975,False,False,19,0.6546170711517334,False,False,,0.0,Ask for help,False,False
False,16,mantel,21,0.5709656476974487,Ask for help,False,28,0.2774648666381836,False,False,28,0.5108510255813599,False,False,28.0,0.39415794610977173,Ask for help,False,True
False,9,desk,21,0.27857568860054016,Ask for help,False,19,0.4005827307701111,False,False,21,0.3354249596595764,False,False,21.0,0.3070003241300583,Ask for help,False,True
False,6,chair,8,0.8515926599502563,Re-scan,False,8,0.49009808897972107,False,False,29,0.2983652353286743,False,False,8.0,0.6708453744649887,Ask for help,False,True
False,0,airplane,15,0.35102757811546326,Ask for help,False,19,0.3466123044490814,False,False,19,0.4898383617401123,False,False,19.0,0.41822533309459686,Ask for help,False,True
False,12,flower_pot,21,0.6208028197288513,Ask for help,False,15,0.5423086881637573,False,False,10,0.4213828444480896,False,False,,0.0,Ask for help,False,False
False,16,mantel,8,0.35660916566848755,Ask for help,False,19,0.7679967880249023,False,False,29,0.5090936422348022,False,False,,0.0,Ask for help,False,False
False,14,guitar,8,0.5460526943206787,Ask for help,False,14,0.4799880087375641,True,False,14,0.6046386957168579,True,False,14.0,0.542313352227211,Ask for help,True,True
False,21,plant,21,0.515346348285675,Ask for help,True,28,0.6677802205085754,False,False,28,0.9092376828193665,False,False,28.0,0.788508951663971,Re-scan,False,True
False,20,piano,21,0.5658990144729614,Ask for help,False,21,0.6380742788314819,False,False,28,0.6258376240730286,False,False,21.0,0.6019866466522217,Ask for help,False,True
False,2,bed,30,0.4428173899650574,Ask for help,False,8,0.4477314054965973,False,False,2,0.4071780741214752,True,False,,0.0,Ask for help,False,False
False,29,tent,29,0.7064361572265625,Ask for help,True,29,0.6500393748283386,True,False,21,0.39616990089416504,False,False,29.0,0.6782377660274506,Ask for help,True,True
False,2,bed,6,0.6371056437492371,Ask for help,False,19,0.7838666439056396,False,False,28,0.4211842119693756,False,False,,0.0,Ask for help,False,False
False,32,vase,29,0.6759710311889648,Ask for help,False,22,0.4042864739894867,False,False,22,0.3778361678123474,False,False,22.0,0.39106132090091705,Ask for help,False,True
False,32,vase,7,0.3825388550758362,Ask for help,False,7,0.35149505734443665,False,False,29,0.77052903175354,False,False,7.0,0.3670169562101364,Ask for help,False,True
False,23,range_hood,27,0.3349218964576721,Ask for help,False,16,0.33218488097190857,False,False,28,0.7948333621025085,False,False,,0.0,Ask for help,False,False
False,19,person,21,0.6259585022926331,Ask for help,False,21,0.42734843492507935,False,False,21,0.47903260588645935,False,False,21.0,0.5107798477013906,Ask for help,False,True
False,7,cone,28,0.8541886210441589,Re-scan,False,28,0.9328826665878296,False,False,29,0.7867966890335083,False,False,28.0,0.8935356438159943,Grasp,False,True
False,17,monitor,19,0.44415798783302307,Ask for help,False,0,0.2066226452589035,False,False,0,0.6082571744918823,False,False,0.0,0.4074399098753929,Ask for help,False,True
False,25,sofa,19,0.8785901069641113,Grasp,False,28,0.6858543753623962,False,False,28,0.9104161262512207,False,False,28.0,0.7981352508068085,Re-scan,False,True
False,31,tv_stand,19,0.7139127850532532,Ask for help,False,10,0.5025298595428467,False,False,26,0.4536847472190857,False,False,,0.0,Ask for help,False,False
False,23,range_hood,21,0.3914889693260193,Ask for help,False,15,0.3040476143360138,False,False,28,0.6328103542327881,False,False,,0.0,Ask for help,False,False
False,31,tv_stand,26,0.5314300656318665,Ask for help,False,8,0.7003172039985657,False,False,21,0.7233141660690308,False,False,,0.0,Ask for help,False,False
False,32,vase,27,0.6948345899581909,Ask for help,False,27,0.37440961599349976,False,False,29,0.5051587820053101,False,False,27.0,0.5346221029758453,Ask for help,False,True
False,31,tv_stand,26,0.4073243737220764,Ask for help,False,6,0.2924433648586273,False,False,28,0.5124234557151794,False,False,,0.0,Ask for help,False,False
False,13,glass_box,28,0.36779049038887024,Ask for help,False,29,0.5386972427368164,False,False,19,0.4584868550300598,False,False,,0.0,Ask for help,False,False
False,18,night_stand,28,0.3122304081916809,Ask for help,False,19,0.5977339148521423,False,False,19,0.7501481175422668,False,False,19.0,0.6739410161972046,Ask for help,False,True
False,9,desk,28,0.990850567817688,Grasp,False,19,0.9053758382797241,False,False,2,0.4402698576450348,False,False,,0.0,Ask for help,False,False
False,11,dresser,21,0.3581443428993225,Ask for help,False,29,0.4974576532840729,False,False,28,0.9255847930908203,False,False,,0.0,Ask for help,False,False
False,0,airplane,14,0.2346390187740326,Ask for help,False,8,0.46134430170059204,False,False,8,0.5022869110107422,False,False,8.0,0.4818156063556671,Ask for help,False,True
False,2,bed,16,0.43285664916038513,Ask for help,False,28,0.8786476254463196,False,False,21,0.3051248788833618,False,False,,0.0,Ask for help,False,False
False,0,airplane,8,0.5919179320335388,Ask for help,False,8,0.7635929584503174,False,False,0,0.4894661009311676,True,False,8.0,0.6777554452419281,Ask for help,False,True
False,13,glass_box,22,0.40519508719444275,Ask for help,False,28,0.4098151624202728,False,False,27,0.7062175869941711,False,False,,0.0,Ask for help,False,False
False,3,bench,8,0.2957804799079895,Ask for help,False,27,0.3180297315120697,False,False,15,0.6487223505973816,False,False,,0.0,Ask for help,False,False
False,5,car,19,0.865138053894043,Re-scan,False,2,0.37492427229881287,False,False,2,0.30408069491386414,False,False,2.0,0.3395024836063385,Ask for help,False,True
False,5,car,22,0.3213510513305664,Ask for help,False,10,0.31043875217437744,False,False,27,0.4947819113731384,False,False,,0.0,Ask for help,False,False
False,5,car,15,0.5162229537963867,Ask for help,False,29,0.6823476552963257,False,False,15,0.576882004737854,False,False,15.0,0.5465524792671204,Ask for help,False,True
False,6,chair,6,0.2726990580558777,Ask for help,True,28,0.29987838864326477,False,False,21,0.46876272559165955,False,False,,0.0,Ask for help,False,False
False,32,vase,22,0.23645047843456268,Ask for help,False,10,0.44041261076927185,False,False,22,0.4083379805088043,False,False,22.0,0.3223942294716835,Ask for help,False,True
False,20,piano,28,0.7188619375228882,Ask for help,False,28,0.8247165679931641,False,False,21,0.3547813296318054,False,False,28.0,0.7717892527580261,Ask for help,False,True
False,32,vase,29,0.7560809850692749,Ask for help,False,21,0.3024759888648987,False,False,7,0.47584661841392517,False,False,,0.0,Ask for help,False,False
False,31,tv_stand,10,0.37467414140701294,Ask for help,False,27,0.3298317492008209,False,False,27,0.7223019599914551,False,False,27.0,0.526066854596138,Ask for help,False,True
False,11,dresser,29,0.6651583909988403,Ask for help,False,29,0.2741374373435974,False,False,8,0.38041192293167114,False,False,29.0,0.46964791417121887,Ask for help,False,True
False,9,desk,29,0.8129671812057495,Re-scan,False,6,0.20813512802124023,False,False,26,0.7296148538589478,False,False,,0.0,Ask for help,False,False
False,21,plant,26,0.37072187662124634,Ask for help,False,8,0.4672228693962097,False,False,28,0.7814504504203796,False,False,,0.0,Ask for help,False,False
False,8,curtain,8,0.7423301935195923,Ask for help,True,21,0.48692330718040466,False,False,8,0.9549123048782349,True,True,8.0,0.8486212491989136,Re-scan,True,True
False,11,dresser,6,0.24832932651042938,Ask for help,False,8,0.39737701416015625,False,False,29,0.9222121238708496,False,False,,0.0,Ask for help,False,False
False,25,sofa,28,0.42570823431015015,Ask for help,False,8,0.3504928648471832,False,False,2,0.3314668536186218,False,False,,0.0,Ask for help,False,False
False,19,person,21,0.31842371821403503,Ask for help,False,21,0.16687655448913574,False,False,19,0.33639758825302124,True,False,21.0,0.2426501363515854,Ask for help,False,True
False,20,piano,8,0.35458987951278687,Ask for help,False,28,0.5444524884223938,False,False,8,0.3798542022705078,False,False,8.0,0.36722204089164734,Ask for help,False,True
False,31,tv_stand,19,0.5035637617111206,Ask for help,False,2,0.30318987369537354,False,False,2,0.1801128089427948,False,False,2.0,0.24165134131908417,Ask for help,False,True
False,31,tv_stand,6,0.33990126848220825,Ask for help,False,29,0.400254487991333,False,False,28,0.8842521905899048,False,False,,0.0,Ask for help,False,False
False,30,toilet,30,0.4318362772464752,Ask for help,True,28,0.7884799838066101,False,False,19,0.5323759317398071,False,False,,0.0,Ask for help,False,False
False,14,guitar,8,0.9351441264152527,Grasp,False,14,0.5654975175857544,True,False,8,0.6732164621353149,False,False,8.0,0.8041802942752838,Re-scan,False,True
False,28,table,22,0.3262953460216522,Ask for help,False,15,0.4742550253868103,False,False,8,0.653671145439148,False,False,,0.0,Ask for help,False,False
False,5,car,28,0.4689360558986664,Ask for help,False,28,0.891485333442688,False,False,29,0.742254376411438,False,False,28.0,0.6802106946706772,Ask for help,False,True
False,4,bookshelf,28,0.32501912117004395,Ask for help,False,21,0.30521494150161743,False,False,28,0.34348398447036743,False,False,28.0,0.3342515528202057,Ask for help,False,True
False,18,night_stand,6,0.7853572368621826,Re-scan,False,28,0.7805954217910767,False,False,28,0.37888064980506897,False,False,28.0,0.5797380357980728,Ask for help,False,True
False,28,table,8,0.7269492149353027,Ask for help,False,8,0.3901738226413727,False,False,8,0.7636512517929077,False,False,8.0,0.6269247631231943,Ask for help,False,True
False,14,guitar,22,0.4532839357852936,Ask for help,False,22,0.40426498651504517,False,False,8,0.39939579367637634,False,False,22.0,0.4287744611501694,Ask for help,False,True
False,11,dresser,22,0.18537500500679016,Ask for help,False,27,0.3302314281463623,False,False,28,0.48991337418556213,False,False,,0.0,Ask for help,False,False
False,4,bookshelf,28,0.6458600759506226,Ask for help,False,3,0.8918396234512329,False,False,27,0.55720055103302,False,False,,0.0,Ask for help,False,False
False,20,piano,28,0.23910143971443176,Ask for help,False,29,0.47095394134521484,False,False,29,0.35030820965766907,False,False,29.0,0.41063107550144196,Ask for help,False,True
False,17,monitor,29,0.4325161576271057,Ask for help,False,19,0.8283548355102539,False,False,8,0.6294161081314087,False,False,,0.0,Ask for help,False,False
False,6,chair,30,0.3866613507270813,Ask for help,False,29,0.2918851375579834,False,False,8,0.7203384041786194,False,False,,0.0,Ask for help,False,False
False,13,glass_box,19,0.5513671040534973,Ask for help,False,19,0.7526627779006958,False,False,2,0.38177287578582764,False,False,19.0,0.6520149409770966,Ask for help,False,True
False,4,bookshelf,21,0.3913460373878479,Ask for help,False,8,0.4912976324558258,False,False,28,0.33907487988471985,False,False,,0.0,Ask for help,False,False
False,28,table,28,0.34460020065307617,Ask for help,True,8,0.40294981002807617,False,False,8,0.5735296607017517,False,False,8.0,0.48823973536491394,Ask for help,False,True
False,4,bookshelf,16,0.3418036103248596,Ask for help,False,21,0.4820798933506012,False,False,21,0.30157363414764404,False,False,21.0,0.3918267637491226,Ask for help,False,True
False,20,piano,21,0.29048582911491394,Ask for help,False,29,0.5230717062950134,False,False,8,0.26553869247436523,False,False,,0.0,Ask for help,False,False
False,28,table,22,0.45864957571029663,Ask for help,False,28,0.9870208501815796,True,True,29,0.30414313077926636,False,False,,0.0,Ask for help,False,False
False,16,mantel,26,0.595641553401947,Ask for help,False,21,0.38327473402023315,False,False,8,0.40612977743148804,False,False,,0.0,Ask for help,False,False
False,13,glass_box,19,0.5361799597740173,Ask for help,False,19,0.34433072805404663,False,False,28,0.8327761888504028,False,False,19.0,0.440255343914032,Ask for help,False,True
False,21,plant,34,0.21768653392791748,Ask for help,False,28,0.5038601756095886,False,False,28,0.8443489074707031,False,False,28.0,0.6741045415401459,Ask for help,False,True
False,23,range_hood,28,0.7915462255477905,Re-scan,False,28,0.7069085836410522,False,False,30,0.478648841381073,False,False,28.0,0.7492274045944214,Ask for help,False,True
False,6,chair,19,0.550801157951355,Ask for help,False,6,0.38562625646591187,True,False,6,0.9899848103523254,True,True,6.0,0.6878055334091187,Ask for help,True,True
False,21,plant,21,0.2911592423915863,Ask for help,True,28,0.618238627910614,False,False,28,0.4332100450992584,False,False,28.0,0.5257243365049362,Ask for help,False,True
False,2,bed,8,0.4063681960105896,Ask for help,False,2,0.34852564334869385,True,False,19,0.6306162476539612,False,False,,0.0,Ask for help,False,False
False,28,table,28,0.5965393781661987,Ask for help,True,8,0.7852150201797485,False,False,28,0.6960967183113098,True,False,28.0,0.6463180482387543,Ask for help,True,True
False,10,door,15,0.25399917364120483,Ask for help,False,10,0.429644912481308,True,False,22,0.6056953072547913,False,False,,0.0,Ask for help,False,False
False,26,stairs,21,0.36945676803588867,Ask for help,False,26,0.8464075922966003,True,False,21,0.30965158343315125,False,False,21.0,0.33955417573451996,Ask for help,False,True
False,0,airplane,9,0.37897223234176636,Ask for help,False,8,0.6809726357460022,False,False,8,0.6234771013259888,False,False,8.0,0.6522248685359955,Ask for help,False,True
False,6,chair,6,0.6671832203865051,Ask for help,True,21,0.3426835834980011,False,False,19,0.8449679613113403,False,False,,0.0,Ask for help,False,False
False,2,bed,29,0.5213316082954407,Ask for help,False,28,0.7320326566696167,False,False,29,0.22036167979240417,False,False,29.0,0.3708466440439224,Ask for help,False,True
False,26,stairs,8,0.32346075773239136,Ask for help,False,21,0.3468111753463745,False,False,26,0.6929531693458557,True,False,,0.0,Ask for help,False,False
False,16,mantel,28,0.400343656539917,Ask for help,False,27,0.6604529619216919,False,False,10,0.21673376858234406,False,False,,0.0,Ask for help,False,False
False,5,car,29,0.3566950261592865,Ask for help,False,28,0.8438924551010132,False,False,22,0.5583276152610779,False,False,,0.0,Ask for help,False,False
False,30,toilet,30,0.2875184416770935,Ask for help,True,26,0.4996500015258789,False,False,28,0.5688018798828125,False,False,,0.0,Ask for help,False,False
False,4,bookshelf,21,0.24410919845104218,Ask for help,False,22,0.46353721618652344,False,False,27,0.8060351610183716,False,False,,0.0,Ask for help,False,False
False,0,airplane,19,0.7022493481636047,Ask for help,False,8,0.5214136242866516,False,False,0,0.4947998523712158,True,False,,0.0,Ask for help,False,False
False,18,night_stand,28,0.6318881511688232,Ask for help,False,28,0.6865372657775879,False,False,34,0.3004322350025177,False,False,28.0,0.6592127084732056,Ask for help,False,True
False,16,mantel,28,0.36120620369911194,Ask for help,False,3,0.27550920844078064,False,False,8,0.22963443398475647,False,False,,0.0,Ask for help,False,False
False,4,bookshelf,27,0.626548707485199,Ask for help,False,27,0.43007922172546387,False,False,27,0.40079355239868164,False,False,27.0,0.4858071605364482,Ask for help,False,True
False,16,mantel,21,0.36197710037231445,Ask for help,False,10,0.3065521717071533,False,False,28,0.427619069814682,False,False,,0.0,Ask for help,False,False
False,18,night_stand,6,0.9073517918586731,Grasp,False,28,0.8556386232376099,False,False,28,0.8491541743278503,False,False,28.0,0.8523963987827301,Re-scan,False,True
False,7,cone,29,0.40845996141433716,Ask for help,False,29,0.4280938506126404,False,False,21,0.6254709959030151,False,False,29.0,0.41827690601348877,Ask for help,False,True
False,31,tv_stand,3,0.523184597492218,Ask for help,False,27,0.42841148376464844,False,False,3,0.46689853072166443,False,False,3.0,0.4950415641069412,Ask for help,False,True
False,2,bed,22,0.2808331847190857,Ask for help,False,28,0.39309191703796387,False,False,8,0.38277363777160645,False,False,,0.0,Ask for help,False,False
False,23,range_hood,21,0.6021909713745117,Ask for help,False,16,0.5049974322319031,False,False,8,0.3942320942878723,False,False,,0.0,Ask for help,False,False
False,13,glass_box,28,0.8060809969902039,Re-scan,False,28,0.594096302986145,False,False,8,0.6831154823303223,False,False,28.0,0.7000886499881744,Ask for help,False,True
False,23,range_hood,8,0.5966448783874512,Ask for help,False,27,0.6381487846374512,False,False,21,0.18628624081611633,False,False,,0.0,Ask for help,False,False
False,13,glass_box,28,0.59214848279953,Ask for help,False,21,0.27852046489715576,False,False,19,0.3756840229034424,False,False,,0.0,Ask for help,False,False
False,25,sofa,8,0.49526795744895935,Ask for help,False,0,0.7905762791633606,False,False,3,0.39457082748413086,False,False,,0.0,Ask for help,False,False
False,2,bed,30,0.3258140981197357,Ask for help,False,0,0.5753298997879028,False,False,8,0.4376726746559143,False,False,,0.0,Ask for help,False,False
False,2,bed,2,0.3809454143047333,Ask for help,True,28,0.744803786277771,False,False,28,0.6454361081123352,False,False,28.0,0.6951199471950531,Ask for help,False,True
False,11,dresser,28,0.48419737815856934,Ask for help,False,22,0.35582298040390015,False,False,29,0.30762237310409546,False,False,,0.0,Ask for help,False,False
False,17,monitor,29,0.3984285891056061,Ask for help,False,21,0.5709750056266785,False,False,28,0.4546222686767578,False,False,,0.0,Ask for help,False,False
False,23,range_hood,28,0.4289335608482361,Ask for help,False,28,0.7502856254577637,False,False,6,0.32597026228904724,False,False,28.0,0.5896095931529999,Ask for help,False,True
False,0,airplane,0,0.46062350273132324,Ask for help,True,0,0.9846502542495728,True,True,28,0.5756036043167114,False,False,0.0,0.722636878490448,Ask for help,True,True
False,4,bookshelf,21,0.3514922559261322,Ask for help,False,8,0.41775888204574585,False,False,8,0.47753801941871643,False,False,8.0,0.44764845073223114,Ask for help,False,True
False,29,tent,15,0.32241183519363403,Ask for help,False,28,0.367737352848053,False,False,29,0.47973889112472534,True,False,,0.0,Ask for help,False,False
False,6,chair,15,0.5285935401916504,Ask for help,False,28,0.6575359106063843,False,False,21,0.5457602739334106,False,False,,0.0,Ask for help,False,False
False,4,bookshelf,8,0.25406450033187866,Ask for help,False,19,0.41827255487442017,False,False,28,0.2698318064212799,False,False,,0.0,Ask for help,False,False
False,2,bed,26,0.27181515097618103,Ask for help,False,26,0.4300013482570648,False,False,28,0.3903217017650604,False,False,26.0,0.3509082496166229,Ask for help,False,True
False,14,guitar,14,0.6588879227638245,Ask for help,True,8,0.7712326049804688,False,False,14,0.6938138604164124,True,False,14.0,0.6763508915901184,Ask for help,True,True
False,0,airplane,0,0.5576541423797607,Ask for help,True,8,0.6180084943771362,False,False,0,0.3142474293708801,True,False,0.0,0.43595078587532043,Ask for help,True,True
False,32,vase,27,0.6765274405479431,Ask for help,False,27,0.6045430898666382,False,False,29,0.32247889041900635,False,False,27.0,0.6405352652072906,Ask for help,False,True
False,2,bed,28,0.4610506594181061,Ask for help,False,21,0.3489252030849457,False,False,21,0.5807391405105591,False,False,21.0,0.4648321717977524,Ask for help,False,True
False,6,chair,8,0.41910019516944885,Ask for help,False,26,0.4139232635498047,False,False,28,0.6192638278007507,False,False,,0.0,Ask for help,False,False
False,4,bookshelf,19,0.4154112935066223,Ask for help,False,16,0.6874469518661499,False,False,8,0.30806925892829895,False,False,,0.0,Ask for help,False,False
False,2,bed,26,0.41584426164627075,Ask for help,False,30,0.4011344015598297,False,False,28,0.2607269883155823,False,False,,0.0,Ask for help,False,False
False,0,airplane,19,0.6780964732170105,Ask for help,False,8,0.5415742993354797,False,False,8,0.6750970482826233,False,False,8.0,0.6083356738090515,Ask for help,False,True
False,30,toilet,20,0.2184794396162033,Ask for help,False,6,0.7952625751495361,False,False,9,0.5848952531814575,False,False,,0.0,Ask for help,False,False
False,30,toilet,6,0.46768778562545776,Ask for help,False,22,0.2688322067260742,False,False,15,0.22530993819236755,False,False,,0.0,Ask for help,False,False
False,6,chair,29,0.5081747770309448,Ask for help,False,6,0.5495731234550476,True,False,6,0.9723324775695801,True,True,6.0,0.7609528005123138,Ask for help,True,True
False,7,cone,8,0.3862176537513733,Ask for help,False,29,0.5076073408126831,False,False,29,0.6076196432113647,False,False,29.0,0.5576134920120239,Ask for help,False,True
False,33,wardrobe,29,0.4553915858268738,Ask for help,False,21,0.20372574031352997,False,False,10,0.3021233379840851,False,False,,0.0,Ask for help,False,False
False,20,piano,8,0.4370850622653961,Ask for help,False,8,0.7479228377342224,False,False,22,0.27882540225982666,False,False,8.0,0.5925039499998093,Ask for help,False,True
False,30,toilet,6,0.3266373574733734,Ask for help,False,28,0.5859376788139343,False,False,29,0.46997255086898804,False,False,,0.0,Ask for help,False,False
False,28,table,28,0.9291434288024902,Grasp,True,8,0.6264864802360535,False,False,8,0.4398268163204193,False,False,8.0,0.5331566482782364,Ask for help,False,True
False,17,monitor,8,0.3737613260746002,Ask for help,False,8,0.5353215932846069,False,False,19,0.8386498689651489,False,False,8.0,0.4545414596796036,Ask for help,False,True
False,1,bathtub,2,0.40459877252578735,Ask for help,False,29,0.5145399570465088,False,False,24,0.3239361345767975,False,False,,0.0,Ask for help,False,False
False,18,night_stand,26,0.23363885283470154,Ask for help,False,8,0.3879033923149109,False,False,28,0.6551347970962524,False,False,,0.0,Ask for help,False,False
False,16,mantel,10,0.4071710705757141,Ask for help,False,28,0.20811884105205536,False,False,27,0.25869449973106384,False,False,,0.0,Ask for help,False,False
False,32,vase,10,0.3155268132686615,Ask for help,False,27,0.6539734601974487,False,False,21,0.39195045828819275,False,False,,0.0,Ask for help,False,False
False,5,car,28,0.6343031525611877,Ask for help,False,29,0.46802082657814026,False,False,27,0.2716151177883148,False,False,,0.0,Ask for help,False,False
False,9,desk,19,0.630046010017395,Ask for help,False,29,0.27234816551208496,False,False,6,0.5542116165161133,False,False,,0.0,Ask for help,False,False
False,12,flower_pot,28,0.4702158570289612,Ask for help,False,21,0.7042276263237,False,False,28,0.3891041874885559,False,False,28.0,0.42966002225875854,Ask for help,False,True
False,2,bed,19,0.7219623327255249,Ask for help,False,29,0.45518922805786133,False,False,2,0.33342814445495605,True,False,,0.0,Ask for help,False,False
False,24,sink,28,0.9274905920028687,Grasp,False,28,0.5907285809516907,False,False,28,0.44197744131088257,False,False,28.0,0.653398871421814,Ask for help,False,True
False,18,night_stand,6,0.9189003109931946,Grasp,False,28,0.3877345025539398,False,False,28,0.8273102045059204,False,False,28.0,0.6075223535299301,Ask for help,False,True
False,30,toilet,29,0.8553560376167297,Re-scan,False,29,0.6740113496780396,False,False,28,0.5758451819419861,False,False,29.0,0.7646836936473846,Ask for help,False,True
False,17,monitor,0,0.5197869539260864,Ask for help,False,19,0.8665584325790405,False,False,17,0.2731553912162781,True,False,,0.0,Ask for help,False,False
False,18,night_stand,28,0.4606173634529114,Ask for help,False,6,0.251482754945755,False,False,28,0.7815333604812622,False,False,28.0,0.6210753619670868,Ask for help,False,True
False,11,dresser,29,0.6503336429595947,Ask for help,False,29,0.7720867991447449,False,False,8,0.39311712980270386,False,False,29.0,0.7112102210521698,Ask for help,False,True
False,6,chair,6,0.9739335775375366,Grasp,True,6,0.6522219777107239,True,False,6,0.42467784881591797,True,False,6.0,0.6836111346880595,Ask for help,True,True
False,6,chair,21,0.4474266469478607,Ask for help,False,29,0.43695202469825745,False,False,26,0.26776278018951416,False,False,,0.0,Ask for help,False,False
False,10,door,21,0.5705416202545166,Ask for help,False,21,0.6472193002700806,False,False,21,0.4942020773887634,False,False,21.0,0.5706543326377869,Ask for help,False,True
False,2,bed,28,0.6215500831604004,Ask for help,False,8,0.46406999230384827,False,False,28,0.8248792886734009,False,False,28.0,0.7232146859169006,Ask for help,False,True
False,11,dresser,22,0.24921861290931702,Ask for help,False,26,0.6628232002258301,False,False,26,0.27794232964515686,False,False,26.0,0.47038276493549347,Ask for help,False,True
False,19,person,21,0.45050016045570374,Ask for help,False,21,0.49116450548171997,False,False,15,0.5619163513183594,False,False,21.0,0.47083233296871185,Ask for help,False,True
False,17,monitor,29,0.43932652473449707,Ask for help,False,19,0.5163399577140808,False,False,8,0.5589653253555298,False,False,,0.0,Ask for help,False,False
False,7,cone,21,0.27376192808151245,Ask for help,False,30,0.7716895937919617,False,False,29,0.3372255861759186,False,False,,0.0,Ask for help,False,False
False,11,dresser,6,0.39045625925064087,Ask for help,False,34,0.557272732257843,False,False,22,0.21598532795906067,False,False,,0.0,Ask for help,False,False
False,31,tv_stand,15,0.5104581713676453,Ask for help,False,15,0.5151315927505493,False,False,27,0.24928131699562073,False,False,15.0,0.5127948820590973,Ask for help,False,True
False,18,night_stand,19,0.4797805845737457,Ask for help,False,21,0.29518380761146545,False,False,29,0.42459043860435486,False,False,,0.0,Ask for help,False,False
False,5,car,9,0.28402942419052124,Ask for help,False,19,0.7338477373123169,False,False,8,0.41236066818237305,False,False,,0.0,Ask for help,False,False
False,16,mantel,8,0.528033971786499,Ask for help,False,21,0.4687586724758148,False,False,26,0.44221845269203186,False,False,,0.0,Ask for help,False,False
False,32,vase,8,0.7169650793075562,Ask for help,False,29,0.5018006563186646,False,False,15,0.6657345294952393,False,False,,0.0,Ask for help,False,False
False,2,bed,2,0.2845165431499481,Ask for help,True,30,0.6424297094345093,False,False,28,0.7655097842216492,False,False,,0.0,Ask for help,False,False
False,16,mantel,26,0.49657854437828064,Ask for help,False,26,0.3948669731616974,False,False,26,0.9040163159370422,False,False,26.0,0.5984872778256735,Ask for help,False,True
False,11,dresser,21,0.32492610812187195,Ask for help,False,2,0.3185754120349884,False,False,28,0.9628879427909851,False,False,,0.0,Ask for help,False,False
False,9,desk,8,0.5956608653068542,Ask for help,False,20,0.31248167157173157,False,False,29,0.5882666110992432,False,False,,0.0,Ask for help,False,False
False,6,chair,21,0.7349600195884705,Ask for help,False,21,0.4044821858406067,False,False,8,0.37280189990997314,False,False,21.0,0.5697211027145386,Ask for help,False,True
False,33,wardrobe,28,0.6188061237335205,Ask for help,False,34,0.27371788024902344,False,False,3,0.7354360818862915,False,False,,0.0,Ask for help,False,False
False,2,bed,30,0.505405068397522,Ask for help,False,29,0.6171683073043823,False,False,26,0.23537425696849823,False,False,,0.0,Ask for help,False,False
False,25,sofa,6,0.20311729609966278,Ask for help,False,19,0.6947281360626221,False,False,29,0.5902137160301208,False,False,,0.0,Ask for help,False,False
False,5,car,29,0.5762885808944702,Ask for help,False,28,0.8787283897399902,False,False,8,0.4521428942680359,False,False,,0.0,Ask for help,False,False
False,14,guitar,8,0.6906462907791138,Ask for help,False,8,0.5236601829528809,False,False,8,0.7615030407905579,False,False,8.0,0.6586031715075175,Ask for help,False,True
False,17,monitor,8,0.7880945205688477,Re-scan,False,14,0.2928119897842407,False,False,14,0.5055301785469055,False,False,14.0,0.3991710841655731,Ask for help,False,True
False,30,toilet,30,0.547093391418457,Ask for help,True,8,0.4915544092655182,False,False,21,0.6279488801956177,False,False,,0.0,Ask for help,False,False
False,11,dresser,19,0.6594568490982056,Ask for help,False,28,0.9741249084472656,False,False,6,0.487774133682251,False,False,,0.0,Ask for help,False,False
False,25,sofa,29,0.36353376507759094,Ask for help,False,28,0.6321374177932739,False,False,19,0.3445850610733032,False,False,,0.0,Ask for help,False,False
False,17,monitor,28,0.9884387850761414,Grasp,False,28,0.41146335005760193,False,False,0,0.4870383143424988,False,False,28.0,0.6999510675668716,Ask for help,False,True
False,30,toilet,30,0.5342646837234497,Ask for help,True,6,0.45859915018081665,False,False,30,0.35119104385375977,True,False,30.0,0.44272786378860474,Ask for help,True,True
False,8,curtain,22,0.47369927167892456,Ask for help,False,28,0.5302289724349976,False,False,19,0.4879501760005951,False,False,,0.0,Ask for help,False,False
False,20,piano,22,0.39090484380722046,Ask for help,False,6,0.437648206949234,False,False,29,0.34702569246292114,False,False,,0.0,Ask for help,False,False
False,9,desk,28,0.9680975675582886,Grasp,False,19,0.28219956159591675,False,False,28,0.33108535408973694,False,False,28.0,0.6495914608240128,Ask for help,False,True
False,28,table,8,0.6488900780677795,Ask for help,False,0,0.2027268409729004,False,False,8,0.724244236946106,False,False,8.0,0.6865671575069427,Ask for help,False,True
False,31,tv_stand,9,0.3523346483707428,Ask for help,False,19,0.6032035946846008,False,False,19,0.3587958812713623,False,False,19.0,0.48099973797798157,Ask for help,False,True
False,25,sofa,28,0.973307728767395,Grasp,False,19,0.45911675691604614,False,False,28,0.8327808380126953,False,False,28.0,0.9030442833900452,Grasp,False,True
False,16,mantel,28,0.5081695318222046,Ask for help,False,29,0.5988926887512207,False,False,28,0.8988890647888184,False,False,28.0,0.7035292983055115,Ask for help,False,True
False,11,dresser,29,0.7859708070755005,Re-scan,False,29,0.5847387313842773,False,False,28,0.5925936698913574,False,False,29.0,0.6853547692298889,Ask for help,False,True
False,32,vase,28,0.5003204941749573,Ask for help,False,28,0.6279507875442505,False,False,8,0.2143438309431076,False,False,28.0,0.5641356408596039,Ask for help,False,True
False,6,chair,28,0.29982954263687134,Ask for help,False,28,0.714434027671814,False,False,6,0.7283679246902466,True,False,28.0,0.5071317851543427,Ask for help,False,True
False,4,bookshelf,21,0.29992836713790894,Ask for help,False,15,0.23508720099925995,False,False,28,0.3564492464065552,False,False,,0.0,Ask for help,False,False
False,21,plant,19,0.9454209208488464,Grasp,False,21,0.572142481803894,True,False,21,0.3436795175075531,True,False,21.0,0.45791099965572357,Ask for help,True,True
False,23,range_hood,15,0.308724582195282,Ask for help,False,10,0.5350250005722046,False,False,28,0.806989848613739,False,False,,0.0,Ask for help,False,False
False,20,piano,29,0.8403006792068481,Re-scan,False,29,0.5079622268676758,False,False,29,0.527767539024353,False,False,29.0,0.6253434816996256,Ask for help,False,True
False,18,night_stand,9,0.30090853571891785,Ask for help,False,34,0.34827786684036255,False,False,28,0.9373523592948914,False,False,,0.0,Ask for help,False,False
False,32,vase,15,0.5372858047485352,Ask for help,False,22,0.260250985622406,False,False,29,0.35501131415367126,False,False,,0.0,Ask for help,False,False
False,25,sofa,2,0.4537889063358307,Ask for help,False,30,0.569179356098175,False,False,2,0.7864456176757812,False,False,2.0,0.620117262005806,Ask for help,False,True
False,4,bookshelf,8,0.24022114276885986,Ask for help,False,8,0.6089912056922913,False,False,16,0.6359143853187561,False,False,8.0,0.42460617423057556,Ask for help,False,True
False,14,guitar,8,0.2212749719619751,Ask for help,False,22,0.40579575300216675,False,False,22,0.3297838568687439,False,False,22.0,0.3677898049354553,Ask for help,False,True
False,28,table,0,0.4115888476371765,Ask for help,False,21,0.429176390171051,False,False,8,0.37403255701065063,False,False,,0.0,Ask for help,False,False
False,32,vase,7,0.5346487760543823,Ask for help,False,27,0.2849532961845398,False,False,34,0.3555593490600586,False,False,,0.0,Ask for help,False,False
False,31,tv_stand,28,0.7459330558776855,Ask for help,False,28,0.8871952891349792,False,False,28,0.35297566652297974,False,False,28.0,0.6620346705118815,Ask for help,False,True
False,25,sofa,21,0.42208999395370483,Ask for help,False,8,0.4215727746486664,False,False,0,0.4574447572231293,False,False,,0.0,Ask for help,False,False
False,20,piano,29,0.6412783265113831,Ask for help,False,22,0.3089873790740967,False,False,22,0.2698060870170593,False,False,22.0,0.289396733045578,Ask for help,False,True
False,4,bookshelf,8,0.6434884667396545,Ask for help,False,8,0.4313223958015442,False,False,28,0.2958180010318756,False,False,8.0,0.5374054312705994,Ask for help,False,True
False,17,monitor,30,0.3239726424217224,Ask for help,False,28,0.8953420519828796,False,False,19,0.8597109913825989,False,False,,0.0,Ask for help,False,False
False,13,glass_box,22,0.3560048043727875,Ask for help,False,22,0.26648348569869995,False,False,28,0.7711732387542725,False,False,22.0,0.3112441450357437,Ask for help,False,True
False,21,plant,28,0.6946629285812378,Ask for help,False,15,0.358428418636322,False,False,21,0.6380601525306702,True,False,,0.0,Ask for help,False,False
False,5,car,29,0.8578022718429565,Re-scan,False,8,0.3395106792449951,False,False,15,0.47143322229385376,False,False,,0.0,Ask for help,False,False
False,5,car,20,0.2038462907075882,Ask for help,False,2,0.23654501140117645,False,False,19,0.887749969959259,False,False,,0.0,Ask for help,False,False
False,19,person,21,0.6249778866767883,Ask for help,False,19,0.5944876074790955,True,False,29,0.488900750875473,False,False,,0.0,Ask for help,False,False
False,9,desk,9,0.384651243686676,Ask for help,True,29,0.3021623194217682,False,False,21,0.2632433772087097,False,False,,0.0,Ask for help,False,False
False,16,mantel,27,0.5285835862159729,Ask for help,False,6,0.6240167021751404,False,False,21,0.5339453816413879,False,False,,0.0,Ask for help,False,False
False,3,bench,15,0.41998451948165894,Ask for help,False,21,0.28302711248397827,False,False,15,0.9661081433296204,False,False,15.0,0.6930463314056396,Ask for help,False,True
False,9,desk,8,0.4100986421108246,Ask for help,False,29,0.6065124273300171,False,False,29,0.46836933493614197,False,False,29.0,0.5374408811330795,Ask for help,False,True
False,11,dresser,26,0.5417022109031677,Ask for help,False,6,0.5475075244903564,False,False,21,0.3932574391365051,False,False,,0.0,Ask for help,False,False
False,4,bookshelf,6,0.4939635694026947,Ask for help,False,28,0.26701468229293823,False,False,4,0.5053195953369141,True,False,,0.0,Ask for help,False,False
False,23,range_hood,27,0.386493980884552,Ask for help,False,26,0.3331959545612335,False,False,8,0.4360343813896179,False,False,,0.0,Ask for help,False,False
False,1,bathtub,28,0.5135856866836548,Ask for help,False,28,0.5242677927017212,False,False,28,0.5813595056533813,False,False,28.0,0.5397376616795858,Ask for help,False,True
False,1,bathtub,8,0.5093801617622375,Ask for help,False,28,0.6177837252616882,False,False,21,0.4378891885280609,False,False,,0.0,Ask for help,False,False
False,0,airplane,0,0.630823016166687,Ask for help,True,8,0.5427506566047668,False,False,21,0.5874415636062622,False,False,,0.0,Ask for help,False,False
False,6,chair,6,0.5798436999320984,Ask for help,True,28,0.9915969967842102,False,False,6,0.8833174705505371,True,True,6.0,0.7315805852413177,Ask for help,True,True
False,15,lamp,10,0.3935731053352356,Ask for help,False,21,0.42122894525527954,False,False,29,0.3883821368217468,False,False,,0.0,Ask for help,False,False
False,9,desk,28,0.7536866664886475,Ask for help,False,8,0.5415023565292358,False,False,29,0.3249586522579193,False,False,,0.0,Ask for help,False,False
False,30,toilet,0,0.27752789855003357,Ask for help,False,8,0.7786921858787537,False,False,30,0.22002868354320526,True,False,,0.0,Ask for help,False,False
False,4,bookshelf,27,0.2525196671485901,Ask for help,False,21,0.3886590898036957,False,False,8,0.31636351346969604,False,False,,0.0,Ask for help,False,False
False,4,bookshelf,8,0.3337252140045166,Ask for help,False,19,0.2628738284111023,False,False,15,0.21503642201423645,False,False,,0.0,Ask for help,False,False
False,11,dresser,28,0.8735044598579407,Re-scan,False,28,0.7799338698387146,False,False,21,0.3763793110847473,False,False,28.0,0.8267191648483276,Re-scan,False,True
False,32,vase,27,0.4357171952724457,Ask for help,False,29,0.5513396263122559,False,False,27,0.43537411093711853,False,False,27.0,0.4355456531047821,Ask for help,False,True
False,28,table,8,0.3221662938594818,Ask for help,False,8,0.3381584584712982,False,False,28,0.8162344694137573,True,False,8.0,0.33016237616539,Ask for help,False,True
False,18,night_stand,29,0.4500267505645752,Ask for help,False,6,0.29981905221939087,False,False,28,0.9983166456222534,False,False,,0.0,Ask for help,False,False
False,18,night_stand,27,0.47778448462486267,Ask for help,False,28,0.5608873963356018,False,False,28,0.7874252200126648,False,False,28.0,0.6741563081741333,Ask for help,False,True
False,31,tv_stand,3,0.18862587213516235,Ask for help,False,16,0.3522375822067261,False,False,28,0.37699246406555176,False,False,,0.0,Ask for help,False,False
False,30,toilet,15,0.31305497884750366,Ask for help,False,26,0.8931577801704407,False,False,19,0.3376200199127197,False,False,,0.0,Ask for help,False,False
False,5,car,29,0.8526620864868164,Re-scan,False,28,0.7594069242477417,False,False,2,0.30997174978256226,False,False,,0.0,Ask for help,False,False
False,20,piano,16,0.5694031715393066,Ask for help,False,28,0.8334233164787292,False,False,16,0.2812992036342621,False,False,16.0,0.42535118758678436,Ask for help,False,True
False,3,bench,6,0.41177573800086975,Ask for help,False,8,0.24665527045726776,False,False,8,0.2980039715766907,False,False,8.0,0.2723296210169792,Ask for help,False,True
False,21,plant,8,0.5375062227249146,Ask for help,False,8,0.7330071330070496,False,False,8,0.6533911228179932,False,False,8.0,0.6413014928499857,Ask for help,False,True
False,5,car,29,0.7919723391532898,Re-scan,False,28,0.23921222984790802,False,False,28,0.26093590259552,False,False,28.0,0.250074066221714,Ask for help,False,True
False,34,xbox,28,0.3404232859611511,Ask for help,False,22,0.3219408392906189,False,False,21,0.35586172342300415,False,False,,0.0,Ask for help,False,False
False,13,glass_box,2,0.7328542470932007,Ask for help,False,29,0.7141842246055603,False,False,29,0.46590566635131836,False,False,29.0,0.5900449454784393,Ask for help,False,True
False,25,sofa,8,0.8193950653076172,Re-scan,False,8,0.7218268513679504,False,False,9,0.40807074308395386,False,False,8.0,0.7706109583377838,Ask for help,False,True
False,25,sofa,28,0.9885855913162231,Grasp,False,28,0.9637848138809204,False,False,19,0.37214964628219604,False,False,28.0,0.9761852025985718,Grasp,False,True
False,6,chair,28,0.33971866965293884,Ask for help,False,6,0.6001846790313721,True,False,6,0.9532661437988281,True,True,6.0,0.7767254114151001,Ask for help,True,True
False,14,guitar,14,0.5999537706375122,Ask for help,True,14,0.36783522367477417,True,False,8,0.7523205280303955,False,False,14.0,0.4838944971561432,Ask for help,True,True
False,19,person,8,0.3751581013202667,Ask for help,False,8,0.45839303731918335,False,False,29,0.45388364791870117,False,False,8.0,0.41677556931972504,Ask for help,False,True
False,13,glass_box,27,0.29082396626472473,Ask for help,False,28,0.5792685151100159,False,False,8,0.5107618570327759,False,False,,0.0,Ask for help,False,False
False,21,plant,19,0.7281072735786438,Ask for help,False,21,0.4584609568119049,True,False,21,0.5605531930923462,True,False,21.0,0.5095070749521255,Ask for help,True,True
False,21,plant,21,0.2885454595088959,Ask for help,True,21,0.5056065917015076,True,False,21,0.4347199499607086,True,False,21.0,0.40962400039037067,Ask for help,True,True
False,0,airplane,9,0.533724308013916,Ask for help,False,8,0.5569702982902527,False,False,8,0.5739967226982117,False,False,8.0,0.5654835104942322,Ask for help,False,True
False,16,mantel,8,0.5708068609237671,Ask for help,False,16,0.8790668249130249,True,True,27,0.4649991989135742,False,False,,0.0,Ask for help,False,False
False,16,mantel,28,0.9841826558113098,Grasp,False,28,0.8774865865707397,False,False,28,0.9813090562820435,False,False,28.0,0.947659432888031,Grasp,False,True
False,21,plant,6,0.3716391324996948,Ask for help,False,28,0.6932485699653625,False,False,28,0.8973389863967896,False,False,28.0,0.795293778181076,Re-scan,False,True
False,0,airplane,8,0.39275890588760376,Ask for help,False,19,0.49907341599464417,False,False,0,0.8444480895996094,True,False,,0.0,Ask for help,False,False
False,21,plant,21,0.4468785226345062,Ask for help,True,21,0.5919631719589233,True,False,21,0.4913398325443268,True,False,21.0,0.5100605090459188,Ask for help,True,True
False,31,tv_stand,26,0.6392906904220581,Ask for help,False,10,0.5092185735702515,False,False,10,0.48106709122657776,False,False,10.0,0.4951428323984146,Ask for help,False,True
False,18,night_stand,6,0.3968181014060974,Ask for help,False,28,0.5043976306915283,False,False,6,0.7052575349807739,False,False,6.0,0.5510378181934357,Ask for help,False,True
False,25,sofa,2,0.3924526870250702,Ask for help,False,28,0.9540067911148071,False,False,28,0.5802866220474243,False,False,28.0,0.7671467065811157,Ask for help,False,True
False,9,desk,9,0.8208104372024536,Re-scan,True,9,0.4899813234806061,True,False,8,0.629909873008728,False,False,9.0,0.6553958803415298,Ask for help,True,True
False,13,glass_box,20,0.2971782088279724,Ask for help,False,28,0.4270341396331787,False,False,8,0.4177260994911194,False,False,,0.0,Ask for help,False,False
False,28,table,8,0.4370315670967102,Ask for help,False,8,0.6187483072280884,False,False,8,0.3329898715019226,False,False,8.0,0.46292324860890705,Ask for help,False,True
False,15,lamp,19,0.29539480805397034,Ask for help,False,29,0.8405429720878601,False,False,22,0.48399925231933594,False,False,,0.0,Ask for help,False,False
False,4,bookshelf,16,0.3888922929763794,Ask for help,False,27,0.541214644908905,False,False,27,0.7600452303886414,False,False,27.0,0.6506299376487732,Ask for help,False,True
False,11,dresser,26,0.5314666032791138,Ask for help,False,28,0.5784600377082825,False,False,19,0.4096130430698395,False,False,,0.0,Ask for help,False,False
False,13,glass_box,28,0.7294816970825195,Ask for help,False,26,0.33787691593170166,False,False,26,0.30514582991600037,False,False,26.0,0.321511372923851,Ask for help,False,True
False,11,dresser,29,0.3385869860649109,Ask for help,False,29,0.6171110272407532,False,False,34,0.35364678502082825,False,False,29.0,0.47784900665283203,Ask for help,False,True
False,6,chair,29,0.29554829001426697,Ask for help,False,15,0.37409764528274536,False,False,6,0.5828684568405151,True,False,,0.0,Ask for help,False,False
False,22,radio,8,0.43851765990257263,Ask for help,False,21,0.5977400541305542,False,False,21,0.46179333329200745,False,False,21.0,0.5297666937112808,Ask for help,False,True
False,32,vase,19,0.4288841187953949,Ask for help,False,7,0.43239545822143555,False,False,8,0.5342960357666016,False,False,,0.0,Ask for help,False,False
False,25,sofa,19,0.46658188104629517,Ask for help,False,19,0.23183946311473846,False,False,28,0.9905762672424316,False,False,19.0,0.3492106720805168,Ask for help,False,True
False,6,chair,15,0.2538115382194519,Ask for help,False,8,0.8099581003189087,False,False,22,0.3511926829814911,False,False,,0.0,Ask for help,False,False
False,0,airplane,8,0.5351788997650146,Ask for help,False,19,0.7579030990600586,False,False,0,0.3386126160621643,True,False,,0.0,Ask for help,False,False
False,18,night_stand,29,0.7791575789451599,Re-scan,False,28,0.5452801585197449,False,False,29,0.5086590051651001,False,False,29.0,0.64390829205513,Ask for help,False,True
False,21,plant,30,0.44712454080581665,Ask for help,False,21,0.2543676793575287,True,False,6,0.27994269132614136,False,False,,0.0,Ask for help,False,False
False,11,dresser,22,0.2637137770652771,Ask for help,False,29,0.4449000358581543,False,False,15,0.7081591486930847,False,False,,0.0,Ask for help,False,False
False,28,table,8,0.4031151235103607,Ask for help,False,29,0.3014475107192993,False,False,28,0.5365018248558044,True,False,,0.0,Ask for help,False,False
False,24,sink,8,0.40624016523361206,Ask for help,False,28,0.9710604548454285,False,False,28,0.9521220326423645,False,False,28.0,0.9615912437438965,Grasp,False,True
False,16,mantel,15,0.8632375597953796,Re-scan,False,10,0.7105549573898315,False,False,8,0.7544616460800171,False,False,,0.0,Ask for help,False,False
False,28,table,8,0.691445529460907,Ask for help,False,28,0.6779469847679138,True,False,28,0.3508211076259613,True,False,28.0,0.5143840461969376,Ask for help,True,True
False,9,desk,22,0.4492855966091156,Ask for help,False,29,0.4375143051147461,False,False,8,0.48459282517433167,False,False,,0.0,Ask for help,False,False
False,16,mantel,28,0.7663227319717407,Ask for help,False,34,0.29383015632629395,False,False,15,0.497058242559433,False,False,,0.0,Ask for help,False,False
False,13,glass_box,6,0.3254739046096802,Ask for help,False,8,0.2408800572156906,False,False,29,0.6764206886291504,False,False,,0.0,Ask for help,False,False
False,23,range_hood,28,0.651029109954834,Ask for help,False,28,0.8944970965385437,False,False,8,0.21934013068675995,False,False,28.0,0.7727631032466888,Ask for help,False,True
False,4,bookshelf,3,0.3889228403568268,Ask for help,False,8,0.4693296551704407,False,False,8,0.32880282402038574,False,False,8.0,0.3990662395954132,Ask for help,False,True
False,28,table,28,0.9736759066581726,Grasp,True,19,0.3259958028793335,False,False,0,0.30625084042549133,False,False,,0.0,Ask for help,False,False
False,30,toilet,21,0.3323506712913513,Ask for help,False,26,0.7366436719894409,False,False,21,0.3450464606285095,False,False,21.0,0.3386985659599304,Ask for help,False,True
False,23,range_hood,26,0.2611551880836487,Ask for help,False,8,0.31408849358558655,False,False,21,0.32190728187561035,False,False,,0.0,Ask for help,False,False
False,34,xbox,28,0.6449528932571411,Ask for help,False,29,0.7529146671295166,False,False,29,0.6321402192115784,False,False,29.0,0.6925274431705475,Ask for help,False,True
False,6,chair,8,0.5770962834358215,Ask for help,False,8,0.48723894357681274,False,False,8,0.4729655385017395,False,False,8.0,0.5124335885047913,Ask for help,False,True
False,8,curtain,14,0.3555953800678253,Ask for help,False,14,0.7598657011985779,False,False,19,0.4997267723083496,False,False,14.0,0.5577305406332016,Ask for help,False,True
False,3,bench,0,0.40681758522987366,Ask for help,False,19,0.5695676803588867,False,False,8,0.418931245803833,False,False,,0.0,Ask for help,False,False
False,30,toilet,26,0.8163191676139832,Re-scan,False,26,0.5177016854286194,False,False,8,0.6878258585929871,False,False,26.0,0.6670104265213013,Ask for help,False,True
False,6,chair,8,0.8518169522285461,Re-scan,False,15,0.38572385907173157,False,False,6,0.49326372146606445,True,False,,0.0,Ask for help,False,False
False,28,table,29,0.40303340554237366,Ask for help,False,8,0.40803998708724976,False,False,22,0.15489956736564636,False,False,,0.0,Ask for help,False,False
False,2,bed,19,0.5343787670135498,Ask for help,False,8,0.27692481875419617,False,False,2,0.41338181495666504,True,False,,0.0,Ask for help,False,False
False,9,desk,21,0.5280255079269409,Ask for help,False,28,0.8949612379074097,False,False,19,0.4154662489891052,False,False,,0.0,Ask for help,False,False
False,0,airplane,8,0.5432382822036743,Ask for help,False,19,0.5384870171546936,False,False,19,0.6422582864761353,False,False,19.0,0.5903726518154144,Ask for help,False,True
False,2,bed,29,0.29841727018356323,Ask for help,False,2,0.6309447288513184,True,False,8,0.35326242446899414,False,False,,0.0,Ask for help,False,False
False,25,sofa,2,0.6912572383880615,Ask for help,False,2,0.5186130404472351,False,False,28,0.8984058499336243,False,False,2.0,0.6049351394176483,Ask for help,False,True
False,1,bathtub,29,0.3133136034011841,Ask for help,False,19,0.9170047640800476,False,False,28,0.4253847002983093,False,False,,0.0,Ask for help,False,False
False,30,toilet,29,0.7822450399398804,Re-scan,False,22,0.42674392461776733,False,False,30,0.26525476574897766,True,False,,0.0,Ask for help,False,False
False,27,stool,15,0.8861338496208191,Grasp,False,28,0.9938654899597168,False,False,15,0.5122895836830139,False,False,15.0,0.6992117166519165,Ask for help,False,True
False,5,car,28,0.3945693373680115,Ask for help,False,29,0.316913902759552,False,False,29,0.4084075391292572,False,False,29.0,0.3626607209444046,Ask for help,False,True
False,14,guitar,15,0.35579314827919006,Ask for help,False,22,0.28112682700157166,False,False,14,0.6830524802207947,True,False,,0.0,Ask for help,False,False
False,9,desk,21,0.31174570322036743,Ask for help,False,28,0.9804360270500183,False,False,19,0.3867451250553131,False,False,,0.0,Ask for help,False,False
False,20,piano,21,0.6501556038856506,Ask for help,False,29,0.2930925786495209,False,False,28,0.7468550801277161,False,False,,0.0,Ask for help,False,False
False,28,table,28,0.8018026351928711,Re-scan,True,28,0.9662760496139526,True,True,8,0.4337430000305176,False,False,28.0,0.8840393424034119,Grasp,True,True
False,18,night_stand,21,0.4026474356651306,Ask for help,False,21,0.27866965532302856,False,False,15,0.8291622400283813,False,False,21.0,0.3406585454940796,Ask for help,False,True
False,0,airplane,15,0.32745009660720825,Ask for help,False,28,0.5985439419746399,False,False,8,0.6013835072517395,False,False,,0.0,Ask for help,False,False
False,0,airplane,19,0.5149998068809509,Ask for help,False,8,0.5590721964836121,False,False,9,0.4230276644229889,False,False,,0.0,Ask for help,False,False
False,11,dresser,21,0.47101569175720215,Ask for help,False,29,0.6348403096199036,False,False,34,0.37559109926223755,False,False,,0.0,Ask for help,False,False
False,2,bed,2,0.37755435705184937,Ask for help,True,28,0.9570139646530151,False,False,19,0.7587851285934448,False,False,,0.0,Ask for help,False,False
False,13,glass_box,2,0.4280470311641693,Ask for help,False,28,0.6356009840965271,False,False,19,0.6202828288078308,False,False,,0.0,Ask for help,False,False
False,21,plant,28,0.7987476587295532,Re-scan,False,8,0.4930594563484192,False,False,28,0.8143221139907837,False,False,28.0,0.8065348863601685,Re-scan,False,True
False,0,airplane,0,0.865218460559845,Re-scan,True,0,0.7239364385604858,True,False,8,0.5802675485610962,False,False,0.0,0.7945774495601654,Re-scan,True,True
False,14,guitar,8,0.4161539077758789,Ask for help,False,8,0.5697119832038879,False,False,0,0.4702984690666199,False,False,8.0,0.4929329454898834,Ask for help,False,True
False,23,range_hood,19,0.3067381978034973,Ask for help,False,21,0.3920963704586029,False,False,28,0.7136582136154175,False,False,,0.0,Ask for help,False,False
False,5,car,19,0.9228199124336243,Grasp,False,29,0.7205056548118591,False,False,2,0.21766094863414764,False,False,,0.0,Ask for help,False,False
False,31,tv_stand,28,0.7474954128265381,Ask for help,False,8,0.2495936155319214,False,False,30,0.747671902179718,False,False,,0.0,Ask for help,False,False
False,23,range_hood,28,0.37790268659591675,Ask for help,False,19,0.2595302164554596,False,False,8,0.314880907535553,False,False,,0.0,Ask for help,False,False
False,2,bed,28,0.7277501821517944,Ask for help,False,28,0.954554557800293,False,False,8,0.43727102875709534,False,False,28.0,0.8411523699760437,Re-scan,False,True
False,18,night_stand,28,0.9463907480239868,Grasp,False,29,0.6188996434211731,False,False,27,0.33564677834510803,False,False,,0.0,Ask for help,False,False
False,27,stool,21,0.7052589058876038,Ask for help,False,15,0.6874367594718933,False,False,15,0.5089516639709473,False,False,15.0,0.5981942117214203,Ask for help,False,True
False,2,bed,26,0.4602506756782532,Ask for help,False,8,0.4985729157924652,False,False,28,0.6339417695999146,False,False,,0.0,Ask for help,False,False
False,30,toilet,28,0.511400580406189,Ask for help,False,19,0.562175452709198,False,False,8,0.3742213249206543,False,False,,0.0,Ask for help,False,False
False,25,sofa,28,0.5933769345283508,Ask for help,False,30,0.285335898399353,False,False,0,0.38974136114120483,False,False,,0.0,Ask for help,False,False
False,18,night_stand,6,0.33345088362693787,Ask for help,False,30,0.46752747893333435,False,False,29,0.25507599115371704,False,False,,0.0,Ask for help,False,False
False,16,mantel,16,0.3944842219352722,Ask for help,True,10,0.432699978351593,False,False,28,0.5981447100639343,False,False,,0.0,Ask for help,False,False
False,25,sofa,9,0.497955858707428,Ask for help,False,30,0.6084559559822083,False,False,29,0.5372470617294312,False,False,,0.0,Ask for help,False,False
False,5,car,19,0.8642618060112,Re-scan,False,9,0.29474395513534546,False,False,28,0.6076189279556274,False,False,,0.0,Ask for help,False,False
False,6,chair,6,0.6634542346000671,Ask for help,True,34,0.5450078248977661,False,False,8,0.3670809864997864,False,False,,0.0,Ask for help,False,False
False,17,monitor,28,0.967063307762146,Grasp,False,28,0.70866858959198,False,False,19,0.8356426358222961,False,False,28.0,0.837865948677063,Re-scan,False,True
False,16,mantel,27,0.5560909509658813,Ask for help,False,21,0.5394057035446167,False,False,28,0.2925947308540344,False,False,,0.0,Ask for help,False,False
False,0,airplane,19,0.6535622477531433,Ask for help,False,0,0.5784521698951721,True,False,8,0.6118369698524475,False,False,,0.0,Ask for help,False,False
False,30,toilet,8,0.43393269181251526,Ask for help,False,6,0.5347743630409241,False,False,6,0.38362258672714233,False,False,6.0,0.4591984748840332,Ask for help,False,True
False,31,tv_stand,28,0.7872785329818726,Re-scan,False,19,0.874180793762207,False,False,19,0.6917435526847839,False,False,19.0,0.7829621732234955,Re-scan,False,True
False,21,plant,28,0.6846218109130859,Ask for help,False,28,0.6275286078453064,False,False,28,0.8190792202949524,False,False,28.0,0.7104098796844482,Ask for help,False,True
False,27,stool,8,0.319435179233551,Ask for help,False,15,0.7711778283119202,False,False,15,0.8769587278366089,False,False,15.0,0.8240682780742645,Re-scan,False,True
False,30,toilet,19,0.5390780568122864,Ask for help,False,30,0.2451746165752411,True,False,34,0.27011993527412415,False,False,,0.0,Ask for help,False,False
False,17,monitor,8,0.36533886194229126,Ask for help,False,0,0.5389879941940308,False,False,28,0.5976161360740662,False,False,,0.0,Ask for help,False,False
False,31,tv_stand,28,0.5534529089927673,Ask for help,False,22,0.5406843423843384,False,False,2,0.3901364207267761,False,False,,0.0,Ask for help,False,False
False,6,chair,8,0.39062875509262085,Ask for help,False,8,0.41358885169029236,False,False,6,0.5495377779006958,True,False,8.0,0.4021088033914566,Ask for help,False,True
False,29,tent,22,0.4567258954048157,Ask for help,False,15,0.6579259037971497,False,False,29,0.4274194836616516,True,False,,0.0,Ask for help,False,False
False,29,tent,29,0.6888469457626343,Ask for help,True,8,0.373507559299469,False,False,29,0.46088868379592896,True,False,29.0,0.5748678147792816,Ask for help,True,True
False,28,table,8,0.4311920702457428,Ask for help,False,22,0.43869680166244507,False,False,8,0.41986680030822754,False,False,8.0,0.42552943527698517,Ask for help,False,True
False,25,sofa,19,0.6503488421440125,Ask for help,False,8,0.7266289591789246,False,False,25,0.3261229395866394,True,False,,0.0,Ask for help,False,False
False,9,desk,15,0.2886599600315094,Ask for help,False,28,0.19956143200397491,False,False,29,0.7876641750335693,False,False,,0.0,Ask for help,False,False
False,3,bench,29,0.3989211916923523,Ask for help,False,8,0.30235451459884644,False,False,8,0.47431713342666626,False,False,8.0,0.38833582401275635,Ask for help,False,True
False,33,wardrobe,21,0.23943869769573212,Ask for help,False,28,0.4129273295402527,False,False,16,0.4255620837211609,False,False,,0.0,Ask for help,False,False
False,24,sink,28,0.600434422492981,Ask for help,False,28,0.7005147337913513,False,False,28,0.8148040771484375,False,False,28.0,0.7052510778109232,Ask for help,False,True
False,21,plant,21,0.7347099184989929,Ask for help,True,26,0.45297670364379883,False,False,26,0.2832699120044708,False,False,26.0,0.3681233078241348,Ask for help,False,True
False,24,sink,15,0.31979480385780334,Ask for help,False,28,0.3631424307823181,False,False,15,0.5991119742393494,False,False,15.0,0.45945338904857635,Ask for help,False,True
False,4,bookshelf,28,0.5134905576705933,Ask for help,False,27,0.5362292528152466,False,False,8,0.4142044484615326,False,False,,0.0,Ask for help,False,False
False,28,table,28,0.9282346963882446,Grasp,True,29,0.40214163064956665,False,False,15,0.28990715742111206,False,False,,0.0,Ask for help,False,False
False,32,vase,22,0.34877580404281616,Ask for help,False,21,0.591942310333252,False,False,15,0.4535919725894928,False,False,,0.0,Ask for help,False,False
False,14,guitar,14,0.715241014957428,Ask for help,True,14,0.4729476571083069,True,False,21,0.23712334036827087,False,False,14.0,0.5940943360328674,Ask for help,True,True
False,4,bookshelf,16,0.2598016858100891,Ask for help,False,27,0.39431995153427124,False,False,21,0.24915960431098938,False,False,,0.0,Ask for help,False,False
False,24,sink,8,0.5382891297340393,Ask for help,False,8,0.37443438172340393,False,False,21,0.27513763308525085,False,False,8.0,0.4563617557287216,Ask for help,False,True
False,4,bookshelf,19,0.3176170587539673,Ask for help,False,8,0.4618071913719177,False,False,6,0.26871949434280396,False,False,,0.0,Ask for help,False,False
False,0,airplane,8,0.36725085973739624,Ask for help,False,0,0.6472362279891968,True,False,28,0.5436152219772339,False,False,,0.0,Ask for help,False,False
False,20,piano,28,0.9028182029724121,Grasp,False,28,0.7095717191696167,False,False,27,0.5667108297348022,False,False,28.0,0.8061949610710144,Re-scan,False,True
False,25,sofa,28,0.5017213821411133,Ask for help,False,29,0.2789961099624634,False,False,19,0.7347404360771179,False,False,,0.0,Ask for help,False,False
False,2,bed,28,0.39955368638038635,Ask for help,False,8,0.411379873752594,False,False,30,0.656682014465332,False,False,,0.0,Ask for help,False,False
False,4,bookshelf,10,0.4420556128025055,Ask for help,False,27,0.3407657742500305,False,False,28,0.31571581959724426,False,False,,0.0,Ask for help,False,False
False,8,curtain,8,0.640679657459259,Ask for help,True,8,0.3734782040119171,True,False,8,0.38195285201072693,True,False,8.0,0.465370237827301,Ask for help,True,True
False,30,toilet,15,0.3404805362224579,Ask for help,False,26,0.772941529750824,False,False,8,0.4152282774448395,False,False,,0.0,Ask for help,False,False
False,14,guitar,22,0.5431799292564392,Ask for help,False,14,0.5820210576057434,True,False,14,0.6637487411499023,True,False,14.0,0.6228848993778229,Ask for help,True,True
False,1,bathtub,8,0.432229220867157,Ask for help,False,8,0.3228605389595032,False,False,29,0.3401030898094177,False,False,8.0,0.3775448799133301,Ask for help,False,True
False,30,toilet,15,0.675441563129425,Ask for help,False,26,0.530685305595398,False,False,26,0.35928699374198914,False,False,26.0,0.44498614966869354,Ask for help,False,True
False,31,tv_stand,10,0.2644866108894348,Ask for help,False,28,0.4870818257331848,False,False,28,0.78267502784729,False,False,28.0,0.6348784267902374,Ask for help,False,True
False,25,sofa,19,0.5218240022659302,Ask for help,False,26,0.24546727538108826,False,False,19,0.6729027032852173,False,False,19.0,0.5973633527755737,Ask for help,False,True
False,15,lamp,21,0.48676639795303345,Ask for help,False,21,0.46811366081237793,False,False,19,0.6426615118980408,False,False,21.0,0.4774400293827057,Ask for help,False,True
False,2,bed,28,0.5133102536201477,Ask for help,False,29,0.236093670129776,False,False,30,0.48751240968704224,False,False,,0.0,Ask for help,False,False
False,30,toilet,28,0.5697011351585388,Ask for help,False,28,0.47961077094078064,False,False,0,0.3850163221359253,False,False,28.0,0.5246559530496597,Ask for help,False,True
False,24,sink,21,0.36610594391822815,Ask for help,False,8,0.8510982394218445,False,False,21,0.40963879227638245,False,False,21.0,0.3878723680973053,Ask for help,False,True
False,9,desk,29,0.7132391333580017,Ask for help,False,8,0.8254687190055847,False,False,9,0.7628875374794006,True,False,,0.0,Ask for help,False,False
False,32,vase,10,0.7872795462608337,Re-scan,False,22,0.3747482895851135,False,False,29,0.2987380623817444,False,False,,0.0,Ask for help,False,False
False,9,desk,9,0.813370406627655,Re-scan,True,8,0.3601990342140198,False,False,9,0.562938392162323,True,False,9.0,0.688154399394989,Ask for help,True,True
False,18,night_stand,28,0.6524013876914978,Ask for help,False,28,0.4123993515968323,False,False,28,0.7807730436325073,False,False,28.0,0.6151912609736124,Ask for help,False,True
False,20,piano,8,0.348643958568573,Ask for help,False,28,0.32061609625816345,False,False,6,0.41675323247909546,False,False,,0.0,Ask for help,False,False
False,4,bookshelf,21,0.3148706257343292,Ask for help,False,15,0.2861185073852539,False,False,21,0.43373823165893555,False,False,21.0,0.3743044286966324,Ask for help,False,True
False,21,plant,21,0.6919698119163513,Ask for help,True,21,0.3301125168800354,True,False,19,0.5482999086380005,False,False,21.0,0.5110411643981934,Ask for help,True,True
False,31,tv_stand,26,0.5416663885116577,Ask for help,False,27,0.3977636396884918,False,False,28,0.8352615237236023,False,False,,0.0,Ask for help,False,False
False,34,xbox,22,0.2694627642631531,Ask for help,False,22,0.36458781361579895,False,False,27,0.32956522703170776,False,False,22.0,0.317025288939476,Ask for help,False,True
False,18,night_stand,28,0.9923474192619324,Grasp,False,28,0.7672659754753113,False,False,19,0.5310079455375671,False,False,28.0,0.8798066973686218,Grasp,False,True
False,13,glass_box,9,0.16043506562709808,Ask for help,False,28,0.6361529231071472,False,False,29,0.5135833024978638,False,False,,0.0,Ask for help,False,False
False,2,bed,2,0.2501795291900635,Ask for help,True,29,0.3197489380836487,False,False,2,0.32141509652137756,True,False,2.0,0.2857973128557205,Ask for help,True,True
False,6,chair,6,0.5188190937042236,Ask for help,True,6,0.29386240243911743,True,False,6,0.32352957129478455,True,False,6.0,0.3787370224793752,Ask for help,True,True
False,4,bookshelf,8,0.34642651677131653,Ask for help,False,8,0.3895440995693207,False,False,21,0.4070328176021576,False,False,8.0,0.3679853081703186,Ask for help,False,True
False,17,monitor,26,0.32111504673957825,Ask for help,False,8,0.29731592535972595,False,False,28,0.8934153318405151,False,False,,0.0,Ask for help,False,False
False,5,car,2,0.3259546160697937,Ask for help,False,28,0.8126767873764038,False,False,29,0.7054847478866577,False,False,,0.0,Ask for help,False,False
False,30,toilet,30,0.3955439031124115,Ask for help,True,6,0.6621378660202026,False,False,19,0.4963497519493103,False,False,,0.0,Ask for help,False,False
False,9,desk,19,0.4547936022281647,Ask for help,False,6,0.3462556004524231,False,False,29,0.3433460295200348,False,False,,0.0,Ask for help,False,False
False,19,person,22,0.2916070520877838,Ask for help,False,8,0.41024431586265564,False,False,21,0.4262637197971344,False,False,,0.0,Ask for help,False,False
False,11,dresser,28,0.9877225160598755,Grasp,False,29,0.34383726119995117,False,False,29,0.6017190217971802,False,False,29.0,0.4727781414985657,Ask for help,False,True
False,25,sofa,28,0.9895919561386108,Grasp,False,28,0.7414588332176208,False,False,28,0.774999737739563,False,False,28.0,0.8353501756985983,Re-scan,False,True
False,22,radio,28,0.5649134516716003,Ask for help,False,22,0.26627981662750244,True,False,6,0.26231613755226135,False,False,,0.0,Ask for help,False,False
False,21,plant,21,0.9200986623764038,Grasp,True,21,0.5954309701919556,True,False,21,0.4365645945072174,True,False,21.0,0.6506980756918589,Ask for help,True,True
False,9,desk,9,0.6686823964118958,Ask for help,True,9,0.29814285039901733,True,False,29,0.7020691633224487,False,False,9.0,0.48341262340545654,Ask for help,True,True
False,11,dresser,29,0.800068736076355,Re-scan,False,22,0.30681103467941284,False,False,29,0.8176039457321167,False,False,29.0,0.8088363409042358,Re-scan,False,True
False,17,monitor,29,0.675822377204895,Ask for help,False,28,0.8581277132034302,False,False,28,0.9209299087524414,False,False,28.0,0.8895288109779358,Grasp,False,True
False,2,bed,28,0.8770138621330261,Grasp,False,2,0.5561708807945251,True,False,2,0.488241583108902,True,False,2.0,0.5222062319517136,Ask for help,True,True
False,25,sofa,30,0.7764702439308167,Ask for help,False,28,0.9376430511474609,False,False,2,0.32206085324287415,False,False,,0.0,Ask for help,False,False
False,27,stool,29,0.48218250274658203,Ask for help,False,15,0.34213706851005554,False,False,21,0.3033081889152527,False,False,,0.0,Ask for help,False,False
False,17,monitor,17,0.47423410415649414,Ask for help,True,30,0.19541357457637787,False,False,29,0.44841963052749634,False,False,,0.0,Ask for help,False,False
False,29,tent,29,0.6507002115249634,Ask for help,True,15,0.3542277216911316,False,False,22,0.43077778816223145,False,False,,0.0,Ask for help,False,False
False,20,piano,29,0.41337084770202637,Ask for help,False,29,0.5962399244308472,False,False,19,0.516524612903595,False,False,29.0,0.5048053860664368,Ask for help,False,True
False,3,bench,22,0.41911792755126953,Ask for help,False,27,0.5286328792572021,False,False,15,0.398102343082428,False,False,,0.0,Ask for help,False,False
False,23,range_hood,6,0.4758288860321045,Ask for help,False,28,0.5978608131408691,False,False,28,0.2898556590080261,False,False,28.0,0.44385823607444763,Ask for help,False,True
False,33,wardrobe,8,0.39974308013916016,Ask for help,False,27,0.5653968453407288,False,False,27,0.35776287317276,False,False,27.0,0.4615798592567444,Ask for help,False,True
False,4,bookshelf,19,0.5069195032119751,Ask for help,False,27,0.49178963899612427,False,False,16,0.31805017590522766,False,False,,0.0,Ask for help,False,False
False,2,bed,30,0.4816182553768158,Ask for help,False,6,0.4322904646396637,False,False,6,0.37756842374801636,False,False,6.0,0.40492944419384,Ask for help,False,True
False,4,bookshelf,8,0.6011919379234314,Ask for help,False,27,0.20818307995796204,False,False,19,0.3444143533706665,False,False,,0.0,Ask for help,False,False
False,5,car,29,0.22467830777168274,Ask for help,False,28,0.4400768280029297,False,False,21,0.4192313253879547,False,False,,0.0,Ask for help,False,False
False,4,bookshelf,3,0.44760504364967346,Ask for help,False,27,0.25627341866493225,False,False,16,0.7424318194389343,False,False,,0.0,Ask for help,False,False
False,2,bed,2,0.3596782088279724,Ask for help,True,28,0.913516640663147,False,False,28,0.2674466669559479,False,False,28.0,0.5904816538095474,Ask for help,False,True
False,32,vase,29,0.5338419675827026,Ask for help,False,27,0.38824892044067383,False,False,27,0.29563719034194946,False,False,27.0,0.34194305539131165,Ask for help,False,True
False,31,tv_stand,3,0.32117122411727905,Ask for help,False,21,0.43526601791381836,False,False,28,0.5158501863479614,False,False,,0.0,Ask for help,False,False
False,13,glass_box,28,0.7402580976486206,Ask for help,False,19,0.4863755702972412,False,False,29,0.3897480368614197,False,False,,0.0,Ask for help,False,False
False,14,guitar,21,0.3715510964393616,Ask for help,False,29,0.5152572393417358,False,False,8,0.2160939872264862,False,False,,0.0,Ask for help,False,False
False,15,lamp,15,0.3851361572742462,Ask for help,True,15,0.32935160398483276,True,False,15,0.35513707995414734,True,False,15.0,0.3565416137377421,Ask for help,True,True
False,31,tv_stand,10,0.286223828792572,Ask for help,False,21,0.42649054527282715,False,False,10,0.3591616749763489,False,False,10.0,0.32269275188446045,Ask for help,False,True
False,30,toilet,26,0.42692574858665466,Ask for help,False,29,0.23813728988170624,False,False,30,0.31567907333374023,True,False,,0.0,Ask for help,False,False
False,8,curtain,21,0.39594942331314087,Ask for help,False,8,0.5457478761672974,True,False,21,0.426135778427124,False,False,21.0,0.41104260087013245,Ask for help,False,True
False,11,dresser,28,0.8313764333724976,Re-scan,False,22,0.5356821417808533,False,False,28,0.6072066426277161,False,False,28.0,0.7192915380001068,Ask for help,False,True
False,6,chair,28,0.41868820786476135,Ask for help,False,28,0.8213862180709839,False,False,21,0.5167907476425171,False,False,28.0,0.6200372129678726,Ask for help,False,True
False,20,piano,8,0.38123995065689087,Ask for help,False,8,0.33469218015670776,False,False,28,0.659967303276062,False,False,8.0,0.3579660654067993,Ask for help,False,True
False,20,piano,28,0.7529491186141968,Ask for help,False,29,0.3432302474975586,False,False,30,0.4440646171569824,False,False,,0.0,Ask for help,False,False
False,14,guitar,14,0.5061066150665283,Ask for help,True,14,0.4455931782722473,True,False,22,0.3979077935218811,False,False,14.0,0.4758498966693878,Ask for help,True,True
False,23,range_hood,10,0.37749141454696655,Ask for help,False,15,0.403078556060791,False,False,15,0.36945581436157227,False,False,15.0,0.38626718521118164,Ask for help,False,True
False,0,airplane,8,0.2475898563861847,Ask for help,False,8,0.4428834319114685,False,False,14,0.539334237575531,False,False,8.0,0.3452366441488266,Ask for help,False,True
False,25,sofa,8,0.4227329194545746,Ask for help,False,15,0.46784210205078125,False,False,30,0.3645066022872925,False,False,,0.0,Ask for help,False,False
False,2,bed,6,0.3446618914604187,Ask for help,False,8,0.3713690936565399,False,False,28,0.9643664360046387,False,False,,0.0,Ask for help,False,False
False,20,piano,29,0.2507241368293762,Ask for help,False,28,0.937283992767334,False,False,28,0.8038045167922974,False,False,28.0,0.8705442547798157,Re-scan,False,True
False,7,cone,29,0.5489491820335388,Ask for help,False,29,0.4714691638946533,False,False,21,0.6149762868881226,False,False,29.0,0.5102091729640961,Ask for help,False,True
False,14,guitar,22,0.5735815763473511,Ask for help,False,14,0.3423568904399872,True,False,14,0.7633102536201477,True,False,14.0,0.5528335720300674,Ask for help,True,True
False,11,dresser,28,0.9064728617668152,Grasp,False,19,0.43508926033973694,False,False,8,0.28396305441856384,False,False,,0.0,Ask for help,False,False
False,11,dresser,10,0.613034188747406,Ask for help,False,28,0.7756757140159607,False,False,19,0.449687659740448,False,False,,0.0,Ask for help,False,False
False,11,dresser,19,0.8354161381721497,Re-scan,False,6,0.4170829653739929,False,False,26,0.45518773794174194,False,False,,0.0,Ask for help,False,False
False,4,bookshelf,27,0.26095154881477356,Ask for help,False,19,0.4890217185020447,False,False,28,0.27548474073410034,False,False,,0.0,Ask for help,False,False
False,14,guitar,8,0.5081941485404968,Ask for help,False,8,0.6087721586227417,False,False,14,0.5105112791061401,True,False,8.0,0.5584831535816193,Ask for help,False,True
False,31,tv_stand,19,0.532523512840271,Ask for help,False,27,0.8013283014297485,False,False,10,0.33740121126174927,False,False,,0.0,Ask for help,False,False
False,5,car,19,0.5520006418228149,Ask for help,False,19,0.5765644907951355,False,False,30,0.47911104559898376,False,False,19.0,0.5642825663089752,Ask for help,False,True
False,31,tv_stand,28,0.976252555847168,Grasp,False,28,0.9892474412918091,False,False,30,0.389278769493103,False,False,28.0,0.9827499985694885,Grasp,False,True
False,25,sofa,2,0.4568629860877991,Ask for help,False,9,0.3228943347930908,False,False,28,0.7632388472557068,False,False,,0.0,Ask for help,False,False
False,1,bathtub,21,0.28536030650138855,Ask for help,False,29,0.4906579852104187,False,False,28,0.8080527186393738,False,False,,0.0,Ask for help,False,False
False,23,range_hood,15,0.5227640867233276,Ask for help,False,15,0.2470095157623291,False,False,8,0.2538445293903351,False,False,15.0,0.38488680124282837,Ask for help,False,True
False,2,bed,28,0.4232405126094818,Ask for help,False,6,0.23641295731067657,False,False,6,0.46737703680992126,False,False,6.0,0.3518949970602989,Ask for help,False,True
False,32,vase,29,0.32491907477378845,Ask for help,False,21,0.4287039637565613,False,False,6,0.4505823254585266,False,False,,0.0,Ask for help,False,False
False,2,bed,2,0.35769692063331604,Ask for help,True,29,0.3280356526374817,False,False,19,0.4389990270137787,False,False,,0.0,Ask for help,False,False
False,0,airplane,19,0.7144630551338196,Ask for help,False,8,0.46638789772987366,False,False,21,0.5934110879898071,False,False,,0.0,Ask for help,False,False
False,20,piano,15,0.36105793714523315,Ask for help,False,28,0.7576092481613159,False,False,15,0.192167729139328,False,False,15.0,0.2766128331422806,Ask for help,False,True
False,30,toilet,8,0.5718088746070862,Ask for help,False,30,0.6727245450019836,True,False,30,0.2953694462776184,True,False,30.0,0.484046995639801,Ask for help,True,True
False,0,airplane,0,0.8291098475456238,Re-scan,True,0,0.5443305373191833,True,False,8,0.7507939338684082,False,False,0.0,0.6867201924324036,Ask for help,True,True
False,5,car,28,0.7527249455451965,Ask for help,False,29,0.22793355584144592,False,False,28,0.8207858204841614,False,False,28.0,0.786755383014679,Re-scan,False,True
False,11,dresser,28,0.578610897064209,Ask for help,False,29,0.4333123564720154,False,False,8,0.3576045632362366,False,False,,0.0,Ask for help,False,False
False,20,piano,28,0.5033677220344543,Ask for help,False,0,0.2822560667991638,False,False,28,0.5176160335540771,False,False,28.0,0.5104918777942657,Ask for help,False,True
False,16,mantel,15,0.3314680755138397,Ask for help,False,28,0.9119864702224731,False,False,10,0.7934631109237671,False,False,,0.0,Ask for help,False,False
False,4,bookshelf,27,0.5624004602432251,Ask for help,False,27,0.6236521601676941,False,False,21,0.49584245681762695,False,False,27.0,0.5930263102054596,Ask for help,False,True
False,6,chair,19,0.5278801918029785,Ask for help,False,19,0.6448389291763306,False,False,6,0.4510916769504547,True,False,19.0,0.5863595604896545,Ask for help,False,True
False,11,dresser,28,0.7483181357383728,Ask for help,False,22,0.6369398236274719,False,False,29,0.8791259527206421,False,False,,0.0,Ask for help,False,False
False,0,airplane,0,0.9301856756210327,Grasp,True,19,0.6266698241233826,False,False,28,0.4501558244228363,False,False,,0.0,Ask for help,False,False
False,17,monitor,29,0.374455988407135,Ask for help,False,28,0.7288898229598999,False,False,28,0.5004435777664185,False,False,28.0,0.6146667003631592,Ask for help,False,True
False,13,glass_box,28,0.9781090617179871,Grasp,False,15,0.6800053119659424,False,False,28,0.7453285455703735,False,False,28.0,0.8617188036441803,Re-scan,False,True
False,22,radio,29,0.6272844076156616,Ask for help,False,28,0.30257362127304077,False,False,28,0.71428382396698,False,False,28.0,0.5084287226200104,Ask for help,False,True
False,17,monitor,29,0.4013577997684479,Ask for help,False,29,0.332794189453125,False,False,19,0.5604764819145203,False,False,29.0,0.36707599461078644,Ask for help,False,True
False,31,tv_stand,19,0.6939533948898315,Ask for help,False,19,0.9268935918807983,False,False,28,0.376989483833313,False,False,19.0,0.8104234933853149,Re-scan,False,True
False,0,airplane,0,0.33613380789756775,Ask for help,True,19,0.6344104409217834,False,False,19,0.3742408752441406,False,False,19.0,0.504325658082962,Ask for help,False,True
False,20,piano,21,0.4751882553100586,Ask for help,False,21,0.38749104738235474,False,False,21,0.40345048904418945,False,False,21.0,0.4220432639122009,Ask for help,False,True
False,13,glass_box,8,0.21574434638023376,Ask for help,False,28,0.955718994140625,False,False,29,0.39835745096206665,False,False,,0.0,Ask for help,False,False
False,16,mantel,21,0.5308579802513123,Ask for help,False,15,0.5330470204353333,False,False,8,0.42705321311950684,False,False,,0.0,Ask for help,False,False
False,16,mantel,3,0.5985047817230225,Ask for help,False,10,0.6011307835578918,False,False,28,0.730803370475769,False,False,,0.0,Ask for help,False,False
False,21,plant,27,0.36798155307769775,Ask for help,False,27,0.5795899629592896,False,False,27,0.8456937670707703,False,False,27.0,0.5977550943692526,Ask for help,False,True
False,1,bathtub,21,0.652552604675293,Ask for help,False,21,0.4249940514564514,False,False,8,0.3690321445465088,False,False,21.0,0.5387733280658722,Ask for help,False,True
False,6,chair,8,0.2937869131565094,Ask for help,False,6,0.4326695501804352,True,False,6,0.4916357398033142,True,False,6.0,0.4621526449918747,Ask for help,True,True
False,6,chair,6,0.621932864189148,Ask for help,True,19,0.32583218812942505,False,False,6,0.5076342821121216,True,False,6.0,0.5647835731506348,Ask for help,True,True
False,32,vase,7,0.857193648815155,Re-scan,False,21,0.25206759572029114,False,False,28,0.1997036635875702,False,False,,0.0,Ask for help,False,False
False,31,tv_stand,28,0.5805919766426086,Ask for help,False,2,0.19317315518856049,False,False,29,0.38993895053863525,False,False,,0.0,Ask for help,False,False
False,4,bookshelf,26,0.5751691460609436,Ask for help,False,21,0.33808502554893494,False,False,21,0.4410627782344818,False,False,21.0,0.3895739018917084,Ask for help,False,True
False,22,radio,22,0.5893440842628479,Ask for help,True,15,0.3526919186115265,False,False,22,0.6041382551193237,True,False,22.0,0.5967411696910858,Ask for help,True,True
False,16,mantel,28,0.42867153882980347,Ask for help,False,26,0.45197176933288574,False,False,22,0.4855744242668152,False,False,,0.0,Ask for help,False,False
False,25,sofa,2,0.48580607771873474,Ask for help,False,19,0.85455322265625,False,False,6,0.4112510085105896,False,False,,0.0,Ask for help,False,False
False,3,bench,8,0.35664352774620056,Ask for help,False,2,0.5946767926216125,False,False,28,0.41192883253097534,False,False,,0.0,Ask for help,False,False
False,5,car,28,0.5030883550643921,Ask for help,False,22,0.3362087607383728,False,False,28,0.26827073097229004,False,False,28.0,0.38567954301834106,Ask for help,False,True
False,15,lamp,21,0.38067033886909485,Ask for help,False,28,0.5281739234924316,False,False,21,0.517575740814209,False,False,21.0,0.4491230398416519,Ask for help,False,True
False,14,guitar,8,0.5488800406455994,Ask for help,False,14,0.5209068059921265,True,False,8,0.47052353620529175,False,False,8.0,0.5097017884254456,Ask for help,False,True
False,20,piano,21,0.5485891699790955,Ask for help,False,21,0.548066258430481,False,False,19,0.37766361236572266,False,False,21.0,0.5483277142047882,Ask for help,False,True
False,32,vase,15,0.5531830787658691,Ask for help,False,29,0.7367315292358398,False,False,29,0.44131332635879517,False,False,29.0,0.5890224277973175,Ask for help,False,True
False,28,table,26,0.3808143138885498,Ask for help,False,8,0.4279211461544037,False,False,19,0.4558854103088379,False,False,,0.0,Ask for help,False,False
False,20,piano,28,0.7495960593223572,Ask for help,False,8,0.5267933011054993,False,False,8,0.2951757311820984,False,False,8.0,0.41098451614379883,Ask for help,False,True
False,2,bed,9,0.2472546100616455,Ask for help,False,29,0.736457347869873,False,False,26,0.4846743941307068,False,False,,0.0,Ask for help,False,False
False,25,sofa,30,0.3684367537498474,Ask for help,False,2,0.33549803495407104,False,False,19,0.7668589353561401,False,False,,0.0,Ask for help,False,False
False,5,car,28,0.9046984910964966,Grasp,False,30,0.4854341447353363,False,False,8,0.3880803883075714,False,False,,0.0,Ask for help,False,False
False,18,night_stand,29,0.7538282871246338,Ask for help,False,29,0.4795563220977783,False,False,29,0.6265599727630615,False,False,29.0,0.6199815273284912,Ask for help,False,True
False,34,xbox,29,0.608689546585083,Ask for help,False,30,0.23697324097156525,False,False,28,0.48564252257347107,False,False,,0.0,Ask for help,False,False
False,30,toilet,29,0.5588862895965576,Ask for help,False,8,0.5848017930984497,False,False,29,0.4834783673286438,False,False,29.0,0.5211823284626007,Ask for help,False,True
False,15,lamp,28,0.7239058613777161,Ask for help,False,15,0.7565897703170776,True,False,29,0.5094760060310364,False,False,,0.0,Ask for help,False,False
False,20,piano,21,0.5973269939422607,Ask for help,False,21,0.2925487756729126,False,False,22,0.5730293989181519,False,False,21.0,0.44493788480758667,Ask for help,False,True
False,18,night_stand,30,0.49762457609176636,Ask for help,False,19,0.4304862916469574,False,False,30,0.6970018148422241,False,False,30.0,0.5973131954669952,Ask for help,False,True
False,7,cone,22,0.5884352922439575,Ask for help,False,29,0.2716327905654907,False,False,28,0.42778339982032776,False,False,,0.0,Ask for help,False,False
False,23,range_hood,28,0.39562371373176575,Ask for help,False,28,0.8432089686393738,False,False,10,0.45423704385757446,False,False,28.0,0.6194163411855698,Ask for help,False,True
False,5,car,21,0.3989209234714508,Ask for help,False,28,0.5248615145683289,False,False,19,0.646884024143219,False,False,,0.0,Ask for help,False,False
False,9,desk,29,0.4458916187286377,Ask for help,False,8,0.5997940301895142,False,False,29,0.5368993282318115,False,False,29.0,0.4913954734802246,Ask for help,False,True
False,13,glass_box,29,0.8295351266860962,Re-scan,False,28,0.6824828386306763,False,False,22,0.7463605403900146,False,False,,0.0,Ask for help,False,False
False,32,vase,21,0.5799485445022583,Ask for help,False,21,0.7087827324867249,False,False,26,0.8147672414779663,False,False,21.0,0.6443656384944916,Ask for help,False,True
False,9,desk,28,0.7028379440307617,Ask for help,False,28,0.7185314297676086,False,False,21,0.26817721128463745,False,False,28.0,0.7106846868991852,Ask for help,False,True
False,31,tv_stand,19,0.592927098274231,Ask for help,False,21,0.2637370824813843,False,False,27,0.28514185547828674,False,False,,0.0,Ask for help,False,False
False,14,guitar,22,0.7259151935577393,Ask for help,False,14,0.5172081589698792,True,False,22,0.3648792803287506,False,False,22.0,0.5453972369432449,Ask for help,False,True
False,30,toilet,26,0.46815070509910583,Ask for help,False,28,0.5511683225631714,False,False,21,0.28988903760910034,False,False,,0.0,Ask for help,False,False
False,14,guitar,8,0.6762399077415466,Ask for help,False,8,0.6624186038970947,False,False,8,0.687583327293396,False,False,8.0,0.6754139463106791,Ask for help,False,True
False,18,night_stand,28,0.410103976726532,Ask for help,False,27,0.3278341293334961,False,False,26,0.3764154613018036,False,False,,0.0,Ask for help,False,False
False,4,bookshelf,3,0.45872917771339417,Ask for help,False,16,0.3348439633846283,False,False,16,0.5064917206764221,False,False,16.0,0.4206678420305252,Ask for help,False,True
False,9,desk,21,0.2983456254005432,Ask for help,False,29,0.8057038187980652,False,False,26,0.40053701400756836,False,False,,0.0,Ask for help,False,False
False,16,mantel,28,0.5533288717269897,Ask for help,False,15,0.5332226157188416,False,False,28,0.49503403902053833,False,False,28.0,0.524181455373764,Ask for help,False,True
False,20,piano,28,0.6623581647872925,Ask for help,False,28,0.4113943576812744,False,False,19,0.4442082345485687,False,False,28.0,0.5368762612342834,Ask for help,False,True
False,8,curtain,29,0.24671998620033264,Ask for help,False,8,0.3904307782649994,True,False,8,0.33009040355682373,True,False,8.0,0.36026059091091156,Ask for help,True,True
False,9,desk,28,0.5868886709213257,Ask for help,False,28,0.531508207321167,False,False,9,0.6583609580993652,True,False,28.0,0.5591984391212463,Ask for help,False,True
False,17,monitor,8,0.24277639389038086,Ask for help,False,28,0.35620179772377014,False,False,28,0.9528477787971497,False,False,28.0,0.6545247882604599,Ask for help,False,True
False,1,bathtub,29,0.43015116453170776,Ask for help,False,29,0.7454761862754822,False,False,20,0.2632545828819275,False,False,29.0,0.587813675403595,Ask for help,False,True
False,31,tv_stand,6,0.2647057771682739,Ask for help,False,28,0.8705495595932007,False,False,28,0.900661289691925,False,False,28.0,0.8856054246425629,Grasp,False,True
False,13,glass_box,30,0.6624061465263367,Ask for help,False,28,0.9173994064331055,False,False,29,0.6631638407707214,False,False,,0.0,Ask for help,False,False
False,32,vase,15,0.4765133857727051,Ask for help,False,21,0.5708495378494263,False,False,21,0.5893075466156006,False,False,21.0,0.5800785422325134,Ask for help,False,True
False,6,chair,21,0.6855658888816833,Ask for help,False,26,0.5224836468696594,False,False,21,0.6376917958259583,False,False,21.0,0.6616288423538208,Ask for help,False,True
False,8,curtain,8,0.22731992602348328,Ask for help,True,14,0.66291344165802,False,False,22,0.6986364126205444,False,False,,0.0,Ask for help,False,False
False,4,bookshelf,8,0.3023051917552948,Ask for help,False,27,0.2598259150981903,False,False,8,0.6097835302352905,False,False,8.0,0.45604436099529266,Ask for help,False,True
False,20,piano,19,0.5891194939613342,Ask for help,False,28,0.7463264465332031,False,False,21,0.48429006338119507,False,False,,0.0,Ask for help,False,False
False,4,bookshelf,21,0.41499486565589905,Ask for help,False,8,0.44868534803390503,False,False,8,0.509480893611908,False,False,8.0,0.4790831208229065,Ask for help,False,True
False,11,dresser,15,0.328760027885437,Ask for help,False,15,0.8245366811752319,False,False,28,0.6068573594093323,False,False,15.0,0.5766483545303345,Ask for help,False,True
False,2,bed,2,0.5001968145370483,Ask for help,True,8,0.4044315814971924,False,False,8,0.47903165221214294,False,False,8.0,0.44173161685466766,Ask for help,False,True
False,19,person,8,0.4333415925502777,Ask for help,False,0,0.32481643557548523,False,False,0,0.45742306113243103,False,False,0.0,0.39111974835395813,Ask for help,False,True
False,24,sink,19,0.5911840796470642,Ask for help,False,28,0.4668569564819336,False,False,34,0.22486738860607147,False,False,,0.0,Ask for help,False,False
False,28,table,2,0.3755542039871216,Ask for help,False,28,0.3470779061317444,True,False,8,0.44404977560043335,False,False,,0.0,Ask for help,False,False
False,23,range_hood,8,0.39933305978775024,Ask for help,False,27,0.5555649995803833,False,False,28,0.5717934966087341,False,False,,0.0,Ask for help,False,False
False,5,car,29,0.34318625926971436,Ask for help,False,27,0.4963088929653168,False,False,27,0.3557092547416687,False,False,27.0,0.42600907385349274,Ask for help,False,True
False,21,plant,21,0.5919703245162964,Ask for help,True,21,0.7201734781265259,True,False,19,0.5369469523429871,False,False,21.0,0.6560719013214111,Ask for help,True,True
False,32,vase,29,0.6605472564697266,Ask for help,False,29,0.5174252390861511,False,False,28,0.3900222182273865,False,False,29.0,0.5889862477779388,Ask for help,False,True
False,29,tent,28,0.5205360651016235,Ask for help,False,15,0.5862870216369629,False,False,19,0.3822554051876068,False,False,,0.0,Ask for help,False,False
False,6,chair,6,0.7178661227226257,Ask for help,True,6,0.7548509240150452,True,False,28,0.5011796951293945,False,False,6.0,0.7363585233688354,Ask for help,True,True
False,9,desk,19,0.33167290687561035,Ask for help,False,28,0.4387020170688629,False,False,8,0.5606905221939087,False,False,,0.0,Ask for help,False,False
False,14,guitar,8,0.6084965467453003,Ask for help,False,14,0.661087155342102,True,False,8,0.7023543119430542,False,False,8.0,0.6554254293441772,Ask for help,False,True
False,6,chair,21,0.5915554761886597,Ask for help,False,8,0.40634018182754517,False,False,28,0.5228532552719116,False,False,,0.0,Ask for help,False,False
False,28,table,28,0.5870864391326904,Ask for help,True,14,0.4095907211303711,False,False,29,0.2407498061656952,False,False,,0.0,Ask for help,False,False
False,32,vase,29,0.47736310958862305,Ask for help,False,29,0.7600482702255249,False,False,29,0.5093874335289001,False,False,29.0,0.5822662711143494,Ask for help,False,True
False,14,guitar,14,0.4518511891365051,Ask for help,True,8,0.7528849840164185,False,False,8,0.5122609734535217,False,False,8.0,0.6325729787349701,Ask for help,False,True
False,28,table,28,0.9144770503044128,Grasp,True,0,0.3596007227897644,False,False,0,0.3614062964916229,False,False,0.0,0.36050350964069366,Ask for help,False,True
False,1,bathtub,29,0.6845157146453857,Ask for help,False,29,0.7796161770820618,False,False,28,0.3498581051826477,False,False,29.0,0.7320659458637238,Ask for help,False,True
False,33,wardrobe,16,0.3973025679588318,Ask for help,False,29,0.6166054010391235,False,False,29,0.39016371965408325,False,False,29.0,0.5033845603466034,Ask for help,False,True
False,21,plant,26,0.40518516302108765,Ask for help,False,22,0.3397313952445984,False,False,29,0.37682807445526123,False,False,,0.0,Ask for help,False,False
False,2,bed,2,0.28533321619033813,Ask for help,True,28,0.7396126985549927,False,False,6,0.8374687433242798,False,False,,0.0,Ask for help,False,False
False,21,plant,21,0.7439144253730774,Ask for help,True,15,0.43083763122558594,False,False,21,0.8564478158950806,True,False,21.0,0.800181120634079,Re-scan,True,True
False,4,bookshelf,8,0.5810348391532898,Ask for help,False,8,0.28717702627182007,False,False,8,0.1999557912349701,False,False,8.0,0.35605588555336,Ask for help,False,True
False,16,mantel,15,0.4237186312675476,Ask for help,False,28,0.6710442304611206,False,False,28,0.33839553594589233,False,False,28.0,0.5047198832035065,Ask for help,False,True
False,0,airplane,8,0.5838660597801208,Ask for help,False,8,0.6103680729866028,False,False,8,0.8218026161193848,False,False,8.0,0.6720122496287028,Ask for help,False,True
False,20,piano,28,0.6589475870132446,Ask for help,False,8,0.19511039555072784,False,False,28,0.48136815428733826,False,False,28.0,0.5701578706502914,Ask for help,False,True
False,31,tv_stand,27,0.3676181733608246,Ask for help,False,15,0.393262654542923,False,False,10,0.4304748475551605,False,False,,0.0,Ask for help,False,False
False,32,vase,15,0.4549042582511902,Ask for help,False,29,0.6106058359146118,False,False,28,0.47972187399864197,False,False,,0.0,Ask for help,False,False
False,30,toilet,19,0.5307512879371643,Ask for help,False,28,0.8265001177787781,False,False,6,0.2712782323360443,False,False,,0.0,Ask for help,False,False
False,4,bookshelf,8,0.30777835845947266,Ask for help,False,28,0.3864690661430359,False,False,16,0.36548542976379395,False,False,,0.0,Ask for help,False,False
False,18,night_stand,6,0.4416225552558899,Ask for help,False,28,0.9691652059555054,False,False,28,0.9912981986999512,False,False,28.0,0.9802317023277283,Grasp,False,True
False,2,bed,19,0.5355008840560913,Ask for help,False,29,0.39143288135528564,False,False,2,0.4197554588317871,True,False,,0.0,Ask for help,False,False
False,14,guitar,26,0.7044428586959839,Ask for help,False,8,0.5132821798324585,False,False,14,0.6519639492034912,True,False,,0.0,Ask for help,False,False
False,28,table,15,0.383514940738678,Ask for help,False,8,0.4613192677497864,False,False,14,0.5375692844390869,False,False,,0.0,Ask for help,False,False
False,5,car,27,0.44853439927101135,Ask for help,False,26,0.6293717622756958,False,False,30,0.7566007375717163,False,False,,0.0,Ask for help,False,False
False,11,dresser,28,0.6541807055473328,Ask for help,False,6,0.6951760649681091,False,False,19,0.7150253653526306,False,False,,0.0,Ask for help,False,False
False,9,desk,22,0.3192387521266937,Ask for help,False,2,0.3673798441886902,False,False,6,0.2938196361064911,False,False,,0.0,Ask for help,False,False
False,5,car,30,0.7916781306266785,Re-scan,False,2,0.6628591418266296,False,False,30,0.6715863943099976,False,False,30.0,0.731632262468338,Ask for help,False,True
False,31,tv_stand,19,0.276555597782135,Ask for help,False,19,0.5163113474845886,False,False,34,0.38489919900894165,False,False,19.0,0.3964334726333618,Ask for help,False,True
False,18,night_stand,28,0.41768550872802734,Ask for help,False,19,0.4074923098087311,False,False,8,0.4407682418823242,False,False,,0.0,Ask for help,False,False
False,4,bookshelf,8,0.5364730358123779,Ask for help,False,28,0.3105829358100891,False,False,3,0.47863030433654785,False,False,,0.0,Ask for help,False,False
False,18,night_stand,29,0.4051288664340973,Ask for help,False,29,0.5385110974311829,False,False,29,0.6504727005958557,False,False,29.0,0.5313708881537119,Ask for help,False,True
False,6,chair,8,0.3057989478111267,Ask for help,False,6,0.3845669627189636,True,False,8,0.5524088740348816,False,False,8.0,0.42910391092300415,Ask for help,False,True
False,16,mantel,27,0.35477596521377563,Ask for help,False,27,0.27645769715309143,False,False,28,0.8927658796310425,False,False,27.0,0.31561683118343353,Ask for help,False,True
False,20,piano,28,0.9563189744949341,Grasp,False,21,0.3136191666126251,False,False,21,0.48968949913978577,False,False,21.0,0.40165433287620544,Ask for help,False,True
False,18,night_stand,6,0.8123030662536621,Re-scan,False,28,0.2624548673629761,False,False,6,0.2862633466720581,False,False,6.0,0.5492832064628601,Ask for help,False,True
False,2,bed,15,0.2911279499530792,Ask for help,False,26,0.4369359612464905,False,False,19,0.5646185278892517,False,False,,0.0,Ask for help,False,False
False,8,curtain,8,0.7827736139297485,Re-scan,True,21,0.6067240834236145,False,False,21,0.4087351858615875,False,False,21.0,0.507729634642601,Ask for help,False,True
False,21,plant,28,0.5614712238311768,Ask for help,False,21,0.504682183265686,True,False,21,0.27766498923301697,True,False,21.0,0.3911735862493515,Ask for help,True,True
False,1,bathtub,8,0.4979848265647888,Ask for help,False,29,0.6674398183822632,False,False,28,0.7718622088432312,False,False,,0.0,Ask for help,False,False
False,0,airplane,0,0.7699843645095825,Ask for help,True,0,0.49779120087623596,True,False,19,0.5442404747009277,False,False,0.0,0.6338877826929092,Ask for help,True,True
False,21,plant,21,0.4071110785007477,Ask for help,True,22,0.5973963737487793,False,False,22,0.28762951493263245,False,False,22.0,0.44251294434070587,Ask for help,False,True
False,6,chair,28,0.5419517159461975,Ask for help,False,6,0.6634286642074585,True,False,28,0.29135748744010925,False,False,28.0,0.4166546016931534,Ask for help,False,True
False,6,chair,22,0.34868907928466797,Ask for help,False,15,0.3430103659629822,False,False,15,0.39726531505584717,False,False,15.0,0.3701378405094147,Ask for help,False,True
False,2,bed,8,0.6152753829956055,Ask for help,False,2,0.3307289481163025,True,False,8,0.487255722284317,False,False,8.0,0.5512655526399612,Ask for help,False,True
False,6,chair,6,0.5177967548370361,Ask for help,True,9,0.32782262563705444,False,False,6,0.36964836716651917,True,False,6.0,0.44372256100177765,Ask for help,True,True
False,18,night_stand,28,0.25175195932388306,Ask for help,False,28,0.8490692377090454,False,False,29,0.38769468665122986,False,False,28.0,0.5504105985164642,Ask for help,False,True
False,25,sofa,30,0.8799481391906738,Grasp,False,30,0.42706042528152466,False,False,2,0.2372760772705078,False,False,30.0,0.6535042822360992,Ask for help,False,True
False,1,bathtub,19,0.3981162905693054,Ask for help,False,2,0.5127087235450745,False,False,29,0.4447001814842224,False,False,,0.0,Ask for help,False,False
False,23,range_hood,28,0.38408011198043823,Ask for help,False,29,0.8221464157104492,False,False,28,0.3136274218559265,False,False,28.0,0.3488537669181824,Ask for help,False,True
False,14,guitar,8,0.7699821591377258,Ask for help,False,14,0.9851954579353333,True,True,8,0.7689117789268494,False,False,8.0,0.7694469690322876,Ask for help,False,True
False,18,night_stand,29,0.46616730093955994,Ask for help,False,28,0.5821308493614197,False,False,28,0.9524060487747192,False,False,28.0,0.7672684490680695,Ask for help,False,True
False,0,airplane,8,0.8674691915512085,Re-scan,False,0,0.31671008467674255,True,False,2,0.2801532745361328,False,False,,0.0,Ask for help,False,False
False,6,chair,28,0.7382737398147583,Ask for help,False,6,0.9871907234191895,True,True,6,0.9332785606384277,True,True,6.0,0.9602346420288086,Grasp,True,True
False,13,glass_box,28,0.8939312696456909,Grasp,False,19,0.7923354506492615,False,False,10,0.4758895933628082,False,False,,0.0,Ask for help,False,False
False,20,piano,6,0.32993167638778687,Ask for help,False,28,0.4923134446144104,False,False,8,0.41659116744995117,False,False,,0.0,Ask for help,False,False
False,25,sofa,8,0.3316571116447449,Ask for help,False,30,0.571813702583313,False,False,19,0.30048230290412903,False,False,,0.0,Ask for help,False,False
False,17,monitor,28,0.5159889459609985,Ask for help,False,21,0.40963807702064514,False,False,28,0.48943766951560974,False,False,28.0,0.5027133077383041,Ask for help,False,True
False,23,range_hood,26,0.7657977938652039,Ask for help,False,21,0.6413618922233582,False,False,28,0.33969175815582275,False,False,,0.0,Ask for help,False,False
False,25,sofa,28,0.881191611289978,Grasp,False,2,0.32410144805908203,False,False,21,0.33695584535598755,False,False,,0.0,Ask for help,False,False
False,25,sofa,19,0.6754124164581299,Ask for help,False,28,0.9309040307998657,False,False,28,0.8878952860832214,False,False,28.0,0.9093996584415436,Grasp,False,True
False,21,plant,26,0.7010267972946167,Ask for help,False,26,0.27890685200691223,False,False,21,0.4166218638420105,True,False,26.0,0.48996682465076447,Ask for help,False,True
False,18,night_stand,28,0.4529896378517151,Ask for help,False,28,0.9295716285705566,False,False,15,0.6331173777580261,False,False,28.0,0.6912806332111359,Ask for help,False,True
False,5,car,19,0.7911118865013123,Re-scan,False,21,0.44147077202796936,False,False,30,0.771662712097168,False,False,,0.0,Ask for help,False,False
False,15,lamp,21,0.42510589957237244,Ask for help,False,29,0.3764224350452423,False,False,8,0.39433395862579346,False,False,,0.0,Ask for help,False,False
False,6,chair,26,0.2687798738479614,Ask for help,False,6,0.9601667523384094,True,True,8,0.49821123480796814,False,False,,0.0,Ask for help,False,False
False,13,glass_box,8,0.32996588945388794,Ask for help,False,21,0.3187120258808136,False,False,21,0.28017568588256836,False,False,21.0,0.299443855881691,Ask for help,False,True
False,20,piano,28,0.4980848729610443,Ask for help,False,8,0.4076644778251648,False,False,21,0.4462529122829437,False,False,,0.0,Ask for help,False,False
False,23,range_hood,28,0.7076521515846252,Ask for help,False,6,0.8281123042106628,False,False,21,0.3018569350242615,False,False,,0.0,Ask for help,False,False
False,9,desk,9,0.8055475354194641,Re-scan,True,9,0.2726147174835205,True,False,8,0.3273225426673889,False,False,9.0,0.5390811264514923,Ask for help,True,True
False,21,plant,21,0.28199347853660583,Ask for help,True,28,0.3754705786705017,False,False,0,0.3786274492740631,False,False,,0.0,Ask for help,False,False
False,23,range_hood,28,0.4038165211677551,Ask for help,False,21,0.29414358735084534,False,False,26,0.35109516978263855,False,False,,0.0,Ask for help,False,False
False,2,bed,8,0.3696952760219574,Ask for help,False,9,0.48815250396728516,False,False,6,0.40476900339126587,False,False,,0.0,Ask for help,False,False
False,17,monitor,28,0.6682078242301941,Ask for help,False,26,0.5648739337921143,False,False,0,0.35392624139785767,False,False,,0.0,Ask for help,False,False
False,18,night_stand,29,0.5491939783096313,Ask for help,False,29,0.3167281150817871,False,False,8,0.25725024938583374,False,False,29.0,0.43296104669570923,Ask for help,False,True
False,1,bathtub,28,0.754019558429718,Ask for help,False,29,0.8725119829177856,False,False,8,0.6608560085296631,False,False,,0.0,Ask for help,False,False
False,4,bookshelf,28,0.4014267921447754,Ask for help,False,21,0.5057827830314636,False,False,27,0.6414815187454224,False,False,,0.0,Ask for help,False,False
False,14,guitar,14,0.8078950643539429,Re-scan,True,22,0.6580519080162048,False,False,14,0.6415898203849792,True,False,14.0,0.7247424423694611,Ask for help,True,True
False,2,bed,28,0.8922961354255676,Grasp,False,8,0.3845222592353821,False,False,19,0.6495324969291687,False,False,,0.0,Ask for help,False,False
False,33,wardrobe,27,0.8536086082458496,Re-scan,False,27,0.40385937690734863,False,False,22,0.3395848572254181,False,False,27.0,0.6287339925765991,Ask for help,False,True
False,30,toilet,2,0.32978516817092896,Ask for help,False,19,0.45562490820884705,False,False,8,0.47105127573013306,False,False,,0.0,Ask for help,False,False
False,11,dresser,28,0.5166136026382446,Ask for help,False,22,0.523584246635437,False,False,29,0.8671952486038208,False,False,,0.0,Ask for help,False,False
False,21,plant,15,0.3008401095867157,Ask for help,False,28,0.4769970774650574,False,False,19,0.6327142119407654,False,False,,0.0,Ask for help,False,False
False,6,chair,6,0.7237015962600708,Ask for help,True,6,0.6566931009292603,True,False,6,0.4770127832889557,True,False,6.0,0.6191358268260956,Ask for help,True,True
False,0,airplane,8,0.3643602132797241,Ask for help,False,0,0.6963709592819214,True,False,8,0.5258106589317322,False,False,8.0,0.44508543610572815,Ask for help,False,True
False,25,sofa,19,0.8456308245658875,Re-scan,False,0,0.30932292342185974,False,False,28,0.9923621416091919,False,False,,0.0,Ask for help,False,False
False,2,bed,8,0.24669702351093292,Ask for help,False,28,0.4919400215148926,False,False,22,0.356558233499527,False,False,,0.0,Ask for help,False,False
False,28,table,30,0.28773394227027893,Ask for help,False,8,0.30379489064216614,False,False,8,0.4815468192100525,False,False,8.0,0.3926708549261093,Ask for help,False,True
False,19,person,21,0.27747589349746704,Ask for help,False,15,0.5243420004844666,False,False,21,0.39959579706192017,False,False,21.0,0.3385358452796936,Ask for help,False,True
False,26,stairs,21,0.7532296180725098,Ask for help,False,28,0.5594719052314758,False,False,15,0.2870517373085022,False,False,,0.0,Ask for help,False,False
False,20,piano,29,0.6593546867370605,Ask for help,False,28,0.9077249765396118,False,False,8,0.2761180102825165,False,False,,0.0,Ask for help,False,False
False,13,glass_box,21,0.4171672761440277,Ask for help,False,10,0.32925814390182495,False,False,28,0.9113257527351379,False,False,,0.0,Ask for help,False,False
False,0,airplane,8,0.71555095911026,Ask for help,False,9,0.5424907207489014,False,False,0,0.7493506669998169,True,False,,0.0,Ask for help,False,False
False,13,glass_box,29,0.2695228159427643,Ask for help,False,28,0.6689862012863159,False,False,29,0.44281959533691406,False,False,29.0,0.3561712056398392,Ask for help,False,True
False,32,vase,28,0.33923014998435974,Ask for help,False,28,0.4417715072631836,False,False,15,0.45643216371536255,False,False,28.0,0.39050082862377167,Ask for help,False,True
False,32,vase,10,0.43835559487342834,Ask for help,False,15,0.3203326165676117,False,False,22,0.3685619831085205,False,False,,0.0,Ask for help,False,False
False,1,bathtub,10,0.41888174414634705,Ask for help,False,21,0.45414799451828003,False,False,10,0.24366357922554016,False,False,10.0,0.3312726616859436,Ask for help,False,True
False,3,bench,3,0.25865691900253296,Ask for help,True,3,0.4525856375694275,True,False,28,0.5827347040176392,False,False,3.0,0.3556212782859802,Ask for help,True,True
False,32,vase,29,0.5128079652786255,Ask for help,False,21,0.46140986680984497,False,False,27,0.42323365807533264,False,False,,0.0,Ask for help,False,False
False,13,glass_box,6,0.5595235228538513,Ask for help,False,29,0.7941254377365112,False,False,30,0.283832848072052,False,False,,0.0,Ask for help,False,False
False,21,plant,29,0.6266723871231079,Ask for help,False,22,0.5338214635848999,False,False,29,0.4478684365749359,False,False,29.0,0.5372704118490219,Ask for help,False,True
False,14,guitar,8,0.8105781674385071,Re-scan,False,8,0.8133296966552734,False,False,14,0.6053112745285034,True,False,8.0,0.8119539320468903,Re-scan,False,True
False,2,bed,0,0.5685858726501465,Ask for help,False,19,0.4677230715751648,False,False,19,0.7959386110305786,False,False,19.0,0.6318308413028717,Ask for help,False,True
False,4,bookshelf,19,0.2470860481262207,Ask for help,False,8,0.4244628846645355,False,False,21,0.32775160670280457,False,False,,0.0,Ask for help,False,False
False,30,toilet,26,0.626919150352478,Ask for help,False,19,0.9115837812423706,False,False,21,0.5442216992378235,False,False,,0.0,Ask for help,False,False
False,5,car,22,0.26093316078186035,Ask for help,False,28,0.5767138004302979,False,False,15,0.3806324601173401,False,False,,0.0,Ask for help,False,False
False,2,bed,8,0.47767573595046997,Ask for help,False,29,0.4085652232170105,False,False,22,0.36521482467651367,False,False,,0.0,Ask for help,False,False
False,28,table,28,0.5593591332435608,Ask for help,True,8,0.7202295660972595,False,False,8,0.5356720089912415,False,False,8.0,0.6279507875442505,Ask for help,False,True
False,5,car,6,0.3735049366950989,Ask for help,False,28,0.45962533354759216,False,False,30,0.3572555482387543,False,False,,0.0,Ask for help,False,False
False,4,bookshelf,8,0.5174911618232727,Ask for help,False,8,0.31674832105636597,False,False,8,0.5164903402328491,False,False,8.0,0.4502432743708293,Ask for help,False,True
False,6,chair,8,0.3712570071220398,Ask for help,False,8,0.36136388778686523,False,False,28,0.9227827191352844,False,False,8.0,0.3663104474544525,Ask for help,False,True
False,11,dresser,29,0.5621418356895447,Ask for help,False,29,0.5788673162460327,False,False,30,0.7144711017608643,False,False,29.0,0.5705045759677887,Ask for help,False,True
False,0,airplane,8,0.5340090990066528,Ask for help,False,8,0.5276625752449036,False,False,0,0.6972718238830566,True,False,8.0,0.5308358371257782,Ask for help,False,True
False,21,plant,19,0.28827759623527527,Ask for help,False,21,0.8003658056259155,True,False,28,0.5202902555465698,False,False,,0.0,Ask for help,False,False
False,20,piano,21,0.45768460631370544,Ask for help,False,21,0.44697242975234985,False,False,6,0.7385574579238892,False,False,21.0,0.45232851803302765,Ask for help,False,True
False,22,radio,29,0.27381592988967896,Ask for help,False,29,0.8376482725143433,False,False,22,0.2818427085876465,True,False,29.0,0.5557321012020111,Ask for help,False,True
False,9,desk,9,0.8129754066467285,Re-scan,True,21,0.48830142617225647,False,False,19,0.5275794863700867,False,False,,0.0,Ask for help,False,False
False,23,range_hood,8,0.4895842671394348,Ask for help,False,27,0.2768741846084595,False,False,21,0.41582101583480835,False,False,,0.0,Ask for help,False,False
False,26,stairs,28,0.5150394439697266,Ask for help,False,6,0.42798852920532227,False,False,29,0.4824032783508301,False,False,,0.0,Ask for help,False,False
False,16,mantel,28,0.4046629071235657,Ask for help,False,8,0.4568401873111725,False,False,10,0.3621712327003479,False,False,,0.0,Ask for help,False,False
False,6,chair,26,0.41705450415611267,Ask for help,False,6,0.3521866500377655,True,False,6,0.4724622368812561,True,False,6.0,0.4123244434595108,Ask for help,True,True
False,9,desk,19,0.7076983451843262,Ask for help,False,0,0.2692405879497528,False,False,6,0.2813136875629425,False,False,,0.0,Ask for help,False,False
False,14,guitar,14,0.8700742721557617,Re-scan,True,14,0.3879927098751068,True,False,14,0.6588172912597656,True,False,14.0,0.6389614244302114,Ask for help,True,True
False,6,chair,6,0.5310580134391785,Ask for help,True,6,0.577501654624939,True,False,26,0.3972015678882599,False,False,6.0,0.5542798340320587,Ask for help,True,True
False,27,stool,15,0.6033644676208496,Ask for help,False,15,0.64574134349823,False,False,15,0.41798704862594604,False,False,15.0,0.5556976199150085,Ask for help,False,True
False,20,piano,21,0.38347962498664856,Ask for help,False,28,0.6317393183708191,False,False,19,0.4489514231681824,False,False,,0.0,Ask for help,False,False
False,0,airplane,19,0.7263057231903076,Ask for help,False,8,0.43730172514915466,False,False,0,0.9816875457763672,True,True,,0.0,Ask for help,False,False
False,17,monitor,28,0.714155375957489,Ask for help,False,8,0.44485965371131897,False,False,19,0.837621808052063,False,False,,0.0,Ask for help,False,False
False,17,monitor,8,0.21028879284858704,Ask for help,False,0,0.16272325813770294,False,False,19,0.9275696873664856,False,False,,0.0,Ask for help,False,False
False,31,tv_stand,3,0.5145798921585083,Ask for help,False,10,0.3288925886154175,False,False,10,0.669249415397644,False,False,10.0,0.49907100200653076,Ask for help,False,True
False,2,bed,28,0.759558916091919,Ask for help,False,2,0.3142482340335846,True,False,29,0.6687997579574585,False,False,,0.0,Ask for help,False,False
False,16,mantel,27,0.23535951972007751,Ask for help,False,10,0.6627799272537231,False,False,27,0.43902939558029175,False,False,27.0,0.33719445765018463,Ask for help,False,True
False,32,vase,34,0.3575286567211151,Ask for help,False,29,0.5201786756515503,False,False,15,0.25459668040275574,False,False,,0.0,Ask for help,False,False
False,23,range_hood,22,0.24691908061504364,Ask for help,False,27,0.24600407481193542,False,False,8,0.35953131318092346,False,False,,0.0,Ask for help,False,False
False,5,car,10,0.3785398602485657,Ask for help,False,15,0.27724170684814453,False,False,29,0.5345789790153503,False,False,,0.0,Ask for help,False,False
False,31,tv_stand,26,0.3410109877586365,Ask for help,False,28,0.29152360558509827,False,False,19,0.46098417043685913,False,False,,0.0,Ask for help,False,False
False,14,guitar,14,0.5321259498596191,Ask for help,True,14,0.4548829197883606,True,False,14,0.6593756675720215,True,False,14.0,0.5487948457400004,Ask for help,True,True
False,31,tv_stand,8,0.3342714011669159,Ask for help,False,19,0.4366803765296936,False,False,19,0.6579875349998474,False,False,19.0,0.5473339557647705,Ask for help,False,True
False,2,bed,19,0.8244606852531433,Re-scan,False,2,0.31542322039604187,True,False,6,0.53396075963974,False,False,,0.0,Ask for help,False,False
False,30,toilet,29,0.539347767829895,Ask for help,False,21,0.3527452051639557,False,False,30,0.8367626070976257,True,False,,0.0,Ask for help,False,False
False,32,vase,28,0.5328491926193237,Ask for help,False,29,0.4804183542728424,False,False,29,0.4044550359249115,False,False,29.0,0.44243669509887695,Ask for help,False,True
False,1,bathtub,21,0.3078366219997406,Ask for help,False,29,0.6971492171287537,False,False,9,0.3007271885871887,False,False,,0.0,Ask for help,False,False
False,17,monitor,0,0.36271345615386963,Ask for help,False,19,0.5893336534500122,False,False,28,0.861890971660614,False,False,,0.0,Ask for help,False,False
False,5,car,9,0.5232783555984497,Ask for help,False,2,0.4518563747406006,False,False,28,0.7592962980270386,False,False,,0.0,Ask for help,False,False
False,20,piano,3,0.6559044122695923,Ask for help,False,3,0.2135802060365677,False,False,3,0.5403829216957092,False,False,3.0,0.46995584666728973,Ask for help,False,True
False,28,table,8,0.2570226788520813,Ask for help,False,28,0.23355567455291748,True,False,2,0.293101042509079,False,False,,0.0,Ask for help,False,False
False,16,mantel,27,0.21572323143482208,Ask for help,False,16,0.3735326826572418,True,False,21,0.29634419083595276,False,False,,0.0,Ask for help,False,False
False,11,dresser,19,0.2610686421394348,Ask for help,False,29,0.4830523431301117,False,False,21,0.31557998061180115,False,False,,0.0,Ask for help,False,False
False,5,car,15,0.25898879766464233,Ask for help,False,15,0.45522457361221313,False,False,26,0.4856272339820862,False,False,15.0,0.35710668563842773,Ask for help,False,True
False,8,curtain,21,0.6684855222702026,Ask for help,False,21,0.48655247688293457,False,False,21,0.6648276448249817,False,False,21.0,0.6066218813260397,Ask for help,False,True
False,27,stool,27,0.3040718734264374,Ask for help,True,21,0.3617827296257019,False,False,29,0.30935364961624146,False,False,,0.0,Ask for help,False,False
False,23,range_hood,26,0.431246280670166,Ask for help,False,21,0.23414592444896698,False,False,15,0.41012731194496155,False,False,,0.0,Ask for help,False,False
False,17,monitor,26,0.3539428412914276,Ask for help,False,8,0.35751038789749146,False,False,0,0.3344256281852722,False,False,,0.0,Ask for help,False,False
False,13,glass_box,2,0.29621416330337524,Ask for help,False,2,0.7250986695289612,False,False,28,0.8960673213005066,False,False,2.0,0.5106564164161682,Ask for help,False,True
False,11,dresser,15,0.32724493741989136,Ask for help,False,28,0.42306727170944214,False,False,28,0.6724368929862976,False,False,28.0,0.5477520823478699,Ask for help,False,True
False,21,plant,28,0.49696165323257446,Ask for help,False,21,0.8909675478935242,True,True,28,0.4306980073451996,False,False,28.0,0.463829830288887,Ask for help,False,True
False,34,xbox,21,0.4915631413459778,Ask for help,False,28,0.6120580434799194,False,False,29,0.38938313722610474,False,False,,0.0,Ask for help,False,False
False,18,night_stand,28,0.3033652603626251,Ask for help,False,28,0.8188340067863464,False,False,21,0.28222039341926575,False,False,28.0,0.5610996335744858,Ask for help,False,True
False,21,plant,21,0.5837646722793579,Ask for help,True,21,0.522845983505249,True,False,28,0.8782383799552917,False,False,21.0,0.5533053278923035,Ask for help,True,True
False,18,night_stand,29,0.5497419834136963,Ask for help,False,21,0.3265889585018158,False,False,28,0.9849224090576172,False,False,,0.0,Ask for help,False,False
False,25,sofa,2,0.5530469417572021,Ask for help,False,28,0.701529860496521,False,False,29,0.4261311888694763,False,False,,0.0,Ask for help,False,False
False,1,bathtub,8,0.4556463360786438,Ask for help,False,29,0.43486958742141724,False,False,6,0.24346280097961426,False,False,,0.0,Ask for help,False,False
False,25,sofa,30,0.40445104241371155,Ask for help,False,0,0.4193703234195709,False,False,28,0.40027865767478943,False,False,,0.0,Ask for help,False,False
False,17,monitor,29,0.34278324246406555,Ask for help,False,28,0.6279168725013733,False,False,29,0.4155241549015045,False,False,29.0,0.37915369868278503,Ask for help,False,True
False,10,door,8,0.45831188559532166,Ask for help,False,21,0.3078673481941223,False,False,21,0.4922943115234375,False,False,21.0,0.4000808298587799,Ask for help,False,True
False,1,bathtub,15,0.7030320167541504,Ask for help,False,29,0.5195898413658142,False,False,8,0.47121763229370117,False,False,,0.0,Ask for help,False,False
False,24,sink,21,0.31346064805984497,Ask for help,False,8,0.5415912866592407,False,False,28,0.8051450848579407,False,False,,0.0,Ask for help,False,False
False,9,desk,2,0.5888286232948303,Ask for help,False,8,0.4119141697883606,False,False,29,0.34297531843185425,False,False,,0.0,Ask for help,False,False
False,9,desk,21,0.5925664305686951,Ask for help,False,21,0.4551223814487457,False,False,28,0.9699573516845703,False,False,21.0,0.5238444060087204,Ask for help,False,True
False,14,guitar,14,0.5881649851799011,Ask for help,True,8,0.19932213425636292,False,False,14,0.5568026900291443,True,False,14.0,0.5724838376045227,Ask for help,True,True
False,25,sofa,29,0.3186299800872803,Ask for help,False,28,0.8302193880081177,False,False,21,0.32386747002601624,False,False,,0.0,Ask for help,False,False
False,18,night_stand,29,0.25123482942581177,Ask for help,False,28,0.9110420942306519,False,False,28,0.3665741980075836,False,False,28.0,0.6388081461191177,Ask for help,False,True
False,14,guitar,8,0.6868239641189575,Ask for help,False,8,0.4520444869995117,False,False,8,0.5737848877906799,False,False,8.0,0.5708844463030497,Ask for help,False,True
False,13,glass_box,8,0.719940185546875,Ask for help,False,21,0.46763738989830017,False,False,8,0.4643060266971588,False,False,8.0,0.5921231061220169,Ask for help,False,True
False,9,desk,28,0.9782532453536987,Grasp,False,8,0.4141525626182556,False,False,8,0.39490923285484314,False,False,8.0,0.4045308977365494,Ask for help,False,True
False,14,guitar,8,0.44380077719688416,Ask for help,False,8,0.7740693688392639,False,False,8,0.34806308150291443,False,False,8.0,0.5219777425130209,Ask for help,False,True
False,20,piano,28,0.9363189935684204,Grasp,False,19,0.8707754015922546,False,False,26,0.3322994112968445,False,False,,0.0,Ask for help,False,False
False,26,stairs,26,0.6248622536659241,Ask for help,True,28,0.6709327101707458,False,False,26,0.39694899320602417,True,False,26.0,0.5109056234359741,Ask for help,True,True
False,2,bed,29,0.5933441519737244,Ask for help,False,6,0.655437707901001,False,False,6,0.7952693104743958,False,False,6.0,0.7253535091876984,Ask for help,False,True
False,13,glass_box,28,0.7915617227554321,Re-scan,False,28,0.6446922421455383,False,False,22,0.3713633418083191,False,False,28.0,0.7181269824504852,Ask for help,False,True
False,9,desk,29,0.4839437007904053,Ask for help,False,29,0.6349843740463257,False,False,29,0.6605428457260132,False,False,29.0,0.5931569735209147,Ask for help,False,True
False,16,mantel,27,0.42243966460227966,Ask for help,False,22,0.3225497603416443,False,False,28,0.5303777456283569,False,False,,0.0,Ask for help,False,False
False,6,chair,28,0.26403287053108215,Ask for help,False,28,0.27316194772720337,False,False,30,0.2695464789867401,False,False,28.0,0.26859740912914276,Ask for help,False,True
False,27,stool,21,0.4643956124782562,Ask for help,False,15,0.38396400213241577,False,False,29,0.5788050293922424,False,False,,0.0,Ask for help,False,False
False,0,airplane,8,0.6990060806274414,Ask for help,False,26,0.5936152338981628,False,False,9,0.35242921113967896,False,False,,0.0,Ask for help,False,False
False,32,vase,27,0.6870303750038147,Ask for help,False,21,0.27694761753082275,False,False,29,0.7426704168319702,False,False,,0.0,Ask for help,False,False
False,27,stool,22,0.3319903016090393,Ask for help,False,30,0.4155489504337311,False,False,30,0.5309475660324097,False,False,30.0,0.4732482582330704,Ask for help,False,True
False,0,airplane,19,0.5116246342658997,Ask for help,False,8,0.7635065913200378,False,False,0,0.9942629933357239,True,True,,0.0,Ask for help,False,False
False,18,night_stand,21,0.40484166145324707,Ask for help,False,8,0.31051716208457947,False,False,28,0.947844386100769,False,False,,0.0,Ask for help,False,False
False,6,chair,30,0.7170913219451904,Ask for help,False,6,0.6893845796585083,True,False,21,0.24669790267944336,False,False,,0.0,Ask for help,False,False
False,5,car,2,0.36204615235328674,Ask for help,False,19,0.44469475746154785,False,False,30,0.28963878750801086,False,False,,0.0,Ask for help,False,False
False,20,piano,10,0.27830812335014343,Ask for help,False,6,0.23200437426567078,False,False,27,0.6120524406433105,False,False,,0.0,Ask for help,False,False
False,25,sofa,28,0.5052733421325684,Ask for help,False,9,0.24707332253456116,False,False,2,0.6863940954208374,False,False,,0.0,Ask for help,False,False
False,30,toilet,10,0.33080825209617615,Ask for help,False,19,0.8499606251716614,False,False,29,0.5861609578132629,False,False,,0.0,Ask for help,False,False
False,17,monitor,26,0.4928801655769348,Ask for help,False,8,0.3166796565055847,False,False,8,0.795867919921875,False,False,8.0,0.5562737882137299,Ask for help,False,True
False,31,tv_stand,3,0.4040001928806305,Ask for help,False,28,0.5636356472969055,False,False,28,0.6479849815368652,False,False,28.0,0.6058103144168854,Ask for help,False,True
False,17,monitor,8,0.6430397629737854,Ask for help,False,0,0.4040547013282776,False,False,8,0.6211726069450378,False,False,8.0,0.6321061849594116,Ask for help,False,True
False,14,guitar,14,0.391286164522171,Ask for help,True,22,0.39028677344322205,False,False,14,0.3339630663394928,True,False,14.0,0.3626246154308319,Ask for help,True,True
False,16,mantel,10,0.46560508012771606,Ask for help,False,28,0.33593836426734924,False,False,21,0.32218143343925476,False,False,,0.0,Ask for help,False,False
False,21,plant,19,0.5451449155807495,Ask for help,False,21,0.88959801197052,True,True,21,0.6618114709854126,True,False,21.0,0.7757047414779663,Ask for help,True,True
False,9,desk,21,0.32875964045524597,Ask for help,False,28,0.8009039163589478,False,False,22,0.6300073862075806,False,False,,0.0,Ask for help,False,False
False,16,mantel,28,0.7586650848388672,Ask for help,False,28,0.6215897798538208,False,False,15,0.5392407178878784,False,False,28.0,0.690127432346344,Ask for help,False,True
False,21,plant,28,0.9407555460929871,Grasp,False,28,0.5279091596603394,False,False,28,0.36562755703926086,False,False,28.0,0.6114307542641958,Ask for help,False,True
False,16,mantel,21,0.3423280119895935,Ask for help,False,28,0.3195337951183319,False,False,21,0.3952942490577698,False,False,21.0,0.36881113052368164,Ask for help,False,True
False,23,range_hood,21,0.6269928216934204,Ask for help,False,6,0.5507124662399292,False,False,8,0.6468737125396729,False,False,,0.0,Ask for help,False,False
False,5,car,28,0.5359530448913574,Ask for help,False,19,0.7051467895507812,False,False,19,0.826778769493103,False,False,19.0,0.7659627795219421,Ask for help,False,True
False,5,car,30,0.5081531405448914,Ask for help,False,2,0.5076261758804321,False,False,28,0.7189452648162842,False,False,,0.0,Ask for help,False,False
False,5,car,6,0.763531506061554,Ask for help,False,28,0.9303855895996094,False,False,6,0.5220561027526855,False,False,6.0,0.6427938044071198,Ask for help,False,True
False,22,radio,6,0.4082311689853668,Ask for help,False,19,0.5619287490844727,False,False,22,0.40315523743629456,True,False,,0.0,Ask for help,False,False
False,23,range_hood,28,0.4190281927585602,Ask for help,False,8,0.3013812303543091,False,False,28,0.9590945243835449,False,False,28.0,0.6890613585710526,Ask for help,False,True
False,30,toilet,30,0.4456704556941986,Ask for help,True,28,0.9673927426338196,False,False,28,0.9390481114387512,False,False,28.0,0.9532204270362854,Grasp,False,True
False,24,sink,28,0.4300529956817627,Ask for help,False,8,0.37006276845932007,False,False,15,0.6277472972869873,False,False,,0.0,Ask for help,False,False
False,21,plant,21,0.7185683250427246,Ask for help,True,21,0.6427657604217529,True,False,22,0.26644569635391235,False,False,21.0,0.6806670427322388,Ask for help,True,True
False,17,monitor,8,0.4685627520084381,Ask for help,False,8,0.6532721519470215,False,False,8,0.4947481155395508,False,False,8.0,0.5388610064983368,Ask for help,False,True
False,18,night_stand,28,0.9518803358078003,Grasp,False,28,0.9104116559028625,False,False,28,0.9862982630729675,False,False,28.0,0.9495300849278768,Grasp,False,True
False,4,bookshelf,3,0.3381645083427429,Ask for help,False,27,0.6461527943611145,False,False,8,0.5344027280807495,False,False,,0.0,Ask for help,False,False
False,22,radio,8,0.46296414732933044,Ask for help,False,7,0.36451852321624756,False,False,21,0.4181908071041107,False,False,,0.0,Ask for help,False,False
False,1,bathtub,21,0.24115809798240662,Ask for help,False,15,0.5263098478317261,False,False,29,0.8237104415893555,False,False,,0.0,Ask for help,False,False
False,20,piano,27,0.27108022570610046,Ask for help,False,28,0.2762635350227356,False,False,21,0.373139888048172,False,False,,0.0,Ask for help,False,False
False,6,chair,8,0.6531429886817932,Ask for help,False,8,0.4981824457645416,False,False,26,0.23635534942150116,False,False,8.0,0.5756627172231674,Ask for help,False,True
False,28,table,8,0.5171555280685425,Ask for help,False,28,0.9758745431900024,True,True,8,0.6272317171096802,False,False,8.0,0.5721936225891113,Ask for help,False,True
False,2,bed,6,0.22185997664928436,Ask for help,False,28,0.8133020401000977,False,False,29,0.4332064092159271,False,False,,0.0,Ask for help,False,False
False,4,bookshelf,26,0.5029963254928589,Ask for help,False,3,0.5265239477157593,False,False,28,0.49876195192337036,False,False,,0.0,Ask for help,False,False
False,0,airplane,8,0.6282510757446289,Ask for help,False,19,0.7690099477767944,False,False,8,0.4454494118690491,False,False,8.0,0.536850243806839,Ask for help,False,True
False,32,vase,29,0.70834881067276,Ask for help,False,21,0.45086249709129333,False,False,28,0.2702980637550354,False,False,,0.0,Ask for help,False,False
False,32,vase,28,0.49622124433517456,Ask for help,False,29,0.5696131587028503,False,False,21,0.7071622610092163,False,False,,0.0,Ask for help,False,False
False,2,bed,34,0.3100019097328186,Ask for help,False,29,0.5030881762504578,False,False,0,0.6782642602920532,False,False,,0.0,Ask for help,False,False
False,25,sofa,19,0.8917821645736694,Grasp,False,19,0.6345247626304626,False,False,9,0.4981080889701843,False,False,19.0,0.763153463602066,Ask for help,False,True
False,17,monitor,26,0.8387727737426758,Re-scan,False,21,0.5816212892532349,False,False,34,0.23256027698516846,False,False,,0.0,Ask for help,False,False
False,14,guitar,14,0.9539445042610168,Grasp,True,14,0.9492107629776001,True,True,8,0.8679747581481934,False,False,14.0,0.9515776336193085,Grasp,True,True
False,32,vase,21,0.34653425216674805,Ask for help,False,22,0.4228591024875641,False,False,29,0.709602952003479,False,False,,0.0,Ask for help,False,False
False,4,bookshelf,21,0.41403618454933167,Ask for help,False,15,0.36331838369369507,False,False,15,0.41122451424598694,False,False,15.0,0.387271448969841,Ask for help,False,True
False,0,airplane,8,0.7720777988433838,Ask for help,False,8,0.7113611698150635,False,False,8,0.6419535875320435,False,False,8.0,0.7084641853968302,Ask for help,False,True
False,21,plant,21,0.518867015838623,Ask for help,True,21,0.7111631631851196,True,False,21,0.40083327889442444,True,False,21.0,0.543621152639389,Ask for help,True,True
False,5,car,26,0.33600783348083496,Ask for help,False,6,0.46587586402893066,False,False,28,0.6630419492721558,False,False,,0.0,Ask for help,False,False
False,13,glass_box,28,0.5503242015838623,Ask for help,False,28,0.3275524973869324,False,False,28,0.7435036897659302,False,False,28.0,0.5404601295789083,Ask for help,False,True
False,18,night_stand,21,0.3976159393787384,Ask for help,False,28,0.5921486616134644,False,False,28,0.9825893640518188,False,False,28.0,0.7873690128326416,Re-scan,False,True
False,32,vase,29,0.4409407675266266,Ask for help,False,29,0.604945182800293,False,False,27,0.24388165771961212,False,False,29.0,0.5229429751634598,Ask for help,False,True
False,7,cone,29,0.4427250921726227,Ask for help,False,21,0.745993971824646,False,False,19,0.46727675199508667,False,False,,0.0,Ask for help,False,False
False,28,table,0,0.3713090419769287,Ask for help,False,0,0.308525949716568,False,False,15,0.7264881134033203,False,False,0.0,0.33991749584674835,Ask for help,False,True
False,13,glass_box,28,0.8118187785148621,Re-scan,False,28,0.5047329664230347,False,False,29,0.5109736323356628,False,False,28.0,0.6582758724689484,Ask for help,False,True
False,14,guitar,14,0.5349820256233215,Ask for help,True,8,0.8664876818656921,False,False,14,0.9410697817802429,True,True,14.0,0.7380259037017822,Ask for help,True,True
False,20,piano,28,0.9813202619552612,Grasp,False,21,0.3787001073360443,False,False,21,0.5318986773490906,False,False,21.0,0.45529939234256744,Ask for help,False,True
False,6,chair,6,0.6492809653282166,Ask for help,True,28,0.470323383808136,False,False,8,0.6863924860954285,False,False,,0.0,Ask for help,False,False
False,31,tv_stand,8,0.2706277668476105,Ask for help,False,28,0.9147156476974487,False,False,19,0.4700319170951843,False,False,,0.0,Ask for help,False,False
False,16,mantel,28,0.34543564915657043,Ask for help,False,27,0.4687289297580719,False,False,21,0.8136811256408691,False,False,,0.0,Ask for help,False,False
False,28,table,8,0.5873674154281616,Ask for help,False,21,0.37839728593826294,False,False,6,0.2822427451610565,False,False,,0.0,Ask for help,False,False
False,20,piano,21,0.41002416610717773,Ask for help,False,21,0.725788414478302,False,False,9,0.444132000207901,False,False,21.0,0.5679062902927399,Ask for help,False,True
False,6,chair,6,0.3948485851287842,Ask for help,True,6,0.8113054037094116,True,False,15,0.46494776010513306,False,False,6.0,0.6030769944190979,Ask for help,True,True
False,28,table,29,0.3858821988105774,Ask for help,False,8,0.2877505421638489,False,False,8,0.3207953870296478,False,False,8.0,0.30427296459674835,Ask for help,False,True
False,16,mantel,15,0.5917206406593323,Ask for help,False,8,0.4774989187717438,False,False,27,0.493865430355072,False,False,,0.0,Ask for help,False,False
False,17,monitor,0,0.3912018835544586,Ask for help,False,0,0.6764979958534241,False,False,29,0.46766725182533264,False,False,0.0,0.5338499397039413,Ask for help,False,True
False,13,glass_box,15,0.29107972979545593,Ask for help,False,8,0.44913506507873535,False,False,28,0.8193231821060181,False,False,,0.0,Ask for help,False,False
False,20,piano,3,0.3233727216720581,Ask for help,False,15,0.7299524545669556,False,False,6,0.7084723711013794,False,False,,0.0,Ask for help,False,False
False,32,vase,15,0.37900522351264954,Ask for help,False,15,0.3991747200489044,False,False,8,0.5265434384346008,False,False,15.0,0.389089971780777,Ask for help,False,True
False,4,bookshelf,30,0.2898206114768982,Ask for help,False,27,0.4181815981864929,False,False,27,0.5449902415275574,False,False,27.0,0.48158591985702515,Ask for help,False,True
False,10,door,16,0.4298628866672516,Ask for help,False,28,0.35481929779052734,False,False,8,0.5284712910652161,False,False,,0.0,Ask for help,False,False
False,31,tv_stand,27,0.5092432498931885,Ask for help,False,27,0.35119327902793884,False,False,28,0.86200350522995,False,False,27.0,0.43021826446056366,Ask for help,False,True
False,32,vase,21,0.5821616053581238,Ask for help,False,22,0.44344648718833923,False,False,10,0.2877868413925171,False,False,,0.0,Ask for help,False,False
False,6,chair,6,0.34199729561805725,Ask for help,True,28,0.37420549988746643,False,False,8,0.7146323919296265,False,False,,0.0,Ask for help,False,False
False,25,sofa,29,0.33147355914115906,Ask for help,False,0,0.645749568939209,False,False,6,0.3292645215988159,False,False,,0.0,Ask for help,False,False
False,22,radio,22,0.4840981066226959,Ask for help,True,22,0.6552852392196655,True,False,29,0.5675835609436035,False,False,22.0,0.5696916729211807,Ask for help,True,True
False,30,toilet,28,0.9308220744132996,Grasp,False,29,0.42692407965660095,False,False,21,0.3576124310493469,False,False,,0.0,Ask for help,False,False
False,26,stairs,26,0.19305089116096497,Ask for help,True,26,0.3695426881313324,True,False,27,0.5779228806495667,False,False,26.0,0.2812967896461487,Ask for help,True,True
False,16,mantel,29,0.2836412787437439,Ask for help,False,28,0.3284265995025635,False,False,22,0.6765484809875488,False,False,,0.0,Ask for help,False,False
False,5,car,28,0.7463233470916748,Ask for help,False,21,0.4924178123474121,False,False,28,0.5540071129798889,False,False,28.0,0.6501652300357819,Ask for help,False,True
False,17,monitor,8,0.5656107664108276,Ask for help,False,28,0.6232934594154358,False,False,21,0.29412516951560974,False,False,,0.0,Ask for help,False,False
False,14,guitar,14,0.9581316709518433,Grasp,True,8,0.7669736742973328,False,False,8,0.6219753623008728,False,False,8.0,0.6944745182991028,Ask for help,False,True
False,28,table,19,0.48354730010032654,Ask for help,False,30,0.3357445299625397,False,False,8,0.6561651825904846,False,False,,0.0,Ask for help,False,False
False,21,plant,21,0.30260801315307617,Ask for help,True,10,0.30388393998146057,False,False,27,0.3763884902000427,False,False,,0.0,Ask for help,False,False
False,6,chair,15,0.4910740256309509,Ask for help,False,8,0.2246880829334259,False,False,15,0.5124207139015198,False,False,15.0,0.5017473697662354,Ask for help,False,True
False,13,glass_box,19,0.31541988253593445,Ask for help,False,6,0.668557345867157,False,False,6,0.3679808974266052,False,False,6.0,0.5182691216468811,Ask for help,False,True
False,31,tv_stand,19,0.8670302629470825,Re-scan,False,19,0.27281707525253296,False,False,27,0.39109736680984497,False,False,19.0,0.5699236690998077,Ask for help,False,True
False,9,desk,22,0.19159328937530518,Ask for help,False,19,0.4568265974521637,False,False,22,0.3928624391555786,False,False,22.0,0.2922278642654419,Ask for help,False,True
False,30,toilet,8,0.692813515663147,Ask for help,False,26,0.7104317545890808,False,False,28,0.38632869720458984,False,False,,0.0,Ask for help,False,False
False,1,bathtub,28,0.8152824640274048,Re-scan,False,29,0.4290803372859955,False,False,9,0.29035723209381104,False,False,,0.0,Ask for help,False,False
False,30,toilet,19,0.4234617352485657,Ask for help,False,21,0.4729953706264496,False,False,26,0.5881232023239136,False,False,,0.0,Ask for help,False,False
False,0,airplane,28,0.4868638515472412,Ask for help,False,8,0.6249200105667114,False,False,8,0.4771018624305725,False,False,8.0,0.551010936498642,Ask for help,False,True
False,8,curtain,29,0.36196956038475037,Ask for help,False,26,0.8195085525512695,False,False,26,0.5375982522964478,False,False,26.0,0.6785534024238586,Ask for help,False,True
False,27,stool,28,0.28372058272361755,Ask for help,False,26,0.5174475312232971,False,False,21,0.7058939933776855,False,False,,0.0,Ask for help,False,False
False,28,table,0,0.5372596979141235,Ask for help,False,8,0.6946710348129272,False,False,8,0.5326977968215942,False,False,8.0,0.6136844158172607,Ask for help,False,True
False,13,glass_box,29,0.3802603781223297,Ask for help,False,22,0.2740229070186615,False,False,28,0.5024076700210571,False,False,,0.0,Ask for help,False,False
False,9,desk,22,0.19828160107135773,Ask for help,False,6,0.2900521457195282,False,False,30,0.3607787489891052,False,False,,0.0,Ask for help,False,False
False,12,flower_pot,28,0.8414591550827026,Re-scan,False,28,0.9576037526130676,False,False,28,0.7342689633369446,False,False,28.0,0.8444439570109049,Re-scan,False,True
False,11,dresser,29,0.5293483138084412,Ask for help,False,28,0.8647400736808777,False,False,29,0.26606807112693787,False,False,29.0,0.3977081924676895,Ask for help,False,True
False,30,toilet,0,0.4068838953971863,Ask for help,False,30,0.49855008721351624,True,False,26,0.4633391499519348,False,False,,0.0,Ask for help,False,False
False,21,plant,8,0.4819386899471283,Ask for help,False,8,0.38122448325157166,False,False,22,0.26054444909095764,False,False,8.0,0.43158158659935,Ask for help,False,True
False,28,table,22,0.5802367329597473,Ask for help,False,28,0.5934790372848511,True,False,28,0.936130166053772,True,True,28.0,0.7648046016693115,Ask for help,True,True
False,30,toilet,8,0.6360852122306824,Ask for help,False,30,0.45643138885498047,True,False,26,0.6623939275741577,False,False,,0.0,Ask for help,False,False
False,6,chair,6,0.3831523060798645,Ask for help,True,8,0.4600346088409424,False,False,8,0.5809995532035828,False,False,8.0,0.5205170810222626,Ask for help,False,True
False,21,plant,21,0.4867423474788666,Ask for help,True,29,0.3436126708984375,False,False,21,0.526616632938385,True,False,21.0,0.5066794902086258,Ask for help,True,True
False,14,guitar,8,0.7533310651779175,Ask for help,False,8,0.7382951974868774,False,False,0,0.32700374722480774,False,False,8.0,0.7458131313323975,Ask for help,False,True
False,16,mantel,15,0.7031372785568237,Ask for help,False,15,0.596748411655426,False,False,15,0.7010723948478699,False,False,15.0,0.6669860283533732,Ask for help,False,True
False,11,dresser,28,0.9809114336967468,Grasp,False,29,0.6290533542633057,False,False,28,0.4205476641654968,False,False,28.0,0.7007295489311218,Ask for help,False,True
False,25,sofa,29,0.6145739555358887,Ask for help,False,28,0.7989097833633423,False,False,21,0.6433740854263306,False,False,,0.0,Ask for help,False,False
False,18,night_stand,28,0.6880367398262024,Ask for help,False,6,0.7283928394317627,False,False,19,0.7126809358596802,False,False,,0.0,Ask for help,False,False
False,11,dresser,21,0.22758038341999054,Ask for help,False,28,0.9240710139274597,False,False,22,0.36198243498802185,False,False,,0.0,Ask for help,False,False
False,22,radio,29,0.5509759783744812,Ask for help,False,21,0.3477230370044708,False,False,10,0.4038437306880951,False,False,,0.0,Ask for help,False,False
False,9,desk,21,0.3391024172306061,Ask for help,False,8,0.1821688711643219,False,False,29,0.35819005966186523,False,False,,0.0,Ask for help,False,False
False,14,guitar,14,0.7284600734710693,Ask for help,True,8,0.8903137445449829,False,False,14,0.7881894707679749,True,False,14.0,0.7583247721195221,Ask for help,True,True
False,11,dresser,29,0.3225361704826355,Ask for help,False,28,0.5604618191719055,False,False,8,0.3789491653442383,False,False,,0.0,Ask for help,False,False
False,1,bathtub,29,0.6428974270820618,Ask for help,False,2,0.3165239691734314,False,False,29,0.5837588906288147,False,False,29.0,0.6133281588554382,Ask for help,False,True
False,30,toilet,26,0.46077960729599,Ask for help,False,26,0.5743958353996277,False,False,26,0.8856674432754517,False,False,26.0,0.6402809619903564,Ask for help,False,True
False,6,chair,8,0.32221439480781555,Ask for help,False,15,0.38788267970085144,False,False,8,0.2587548494338989,False,False,8.0,0.29048462212085724,Ask for help,False,True
False,21,plant,21,0.6635943651199341,Ask for help,True,15,0.6918181777000427,False,False,15,0.5056706666946411,False,False,15.0,0.5987444221973419,Ask for help,False,True
False,14,guitar,26,0.28348711133003235,Ask for help,False,26,0.4347105026245117,False,False,22,0.5466411709785461,False,False,26.0,0.35909880697727203,Ask for help,False,True
False,9,desk,28,0.9813005328178406,Grasp,False,28,0.6314538717269897,False,False,28,0.9414058923721313,False,False,28.0,0.8513867656389872,Re-scan,False,True
False,1,bathtub,29,0.43156594038009644,Ask for help,False,21,0.4407309591770172,False,False,29,0.5177159309387207,False,False,29.0,0.47464093565940857,Ask for help,False,True
False,27,stool,28,0.7015702128410339,Ask for help,False,28,0.8920830488204956,False,False,21,0.558239758014679,False,False,28.0,0.7968266308307648,Re-scan,False,True
False,25,sofa,29,0.46682000160217285,Ask for help,False,19,0.702264666557312,False,False,29,0.4763316214084625,False,False,29.0,0.4715758115053177,Ask for help,False,True
False,25,sofa,21,0.31172817945480347,Ask for help,False,30,0.26471424102783203,False,False,2,0.3169124722480774,False,False,,0.0,Ask for help,False,False
False,9,desk,6,0.40276414155960083,Ask for help,False,28,0.6931220293045044,False,False,28,0.8791104555130005,False,False,28.0,0.7861162424087524,Re-scan,False,True
False,30,toilet,30,0.19598141312599182,Ask for help,True,30,0.6239294409751892,True,False,8,0.6524946689605713,False,False,30.0,0.4099554270505905,Ask for help,True,True
False,0,airplane,19,0.7473779320716858,Ask for help,False,19,0.5358387231826782,False,False,0,0.43296581506729126,True,False,19.0,0.641608327627182,Ask for help,False,True
False,11,dresser,29,0.7050203084945679,Ask for help,False,29,0.45485609769821167,False,False,21,0.28699690103530884,False,False,29.0,0.5799382030963898,Ask for help,False,True
False,25,sofa,19,0.597984790802002,Ask for help,False,6,0.3386306166648865,False,False,19,0.8583611249923706,False,False,19.0,0.7281729578971863,Ask for help,False,True
False,31,tv_stand,34,0.5773396492004395,Ask for help,False,28,0.3447112441062927,False,False,27,0.41326895356178284,False,False,,0.0,Ask for help,False,False
False,0,airplane,8,0.4912007451057434,Ask for help,False,8,0.5733209848403931,False,False,0,0.8093529939651489,True,False,8.0,0.5322608649730682,Ask for help,False,True
False,23,range_hood,26,0.21220314502716064,Ask for help,False,28,0.8042128682136536,False,False,3,0.4169423580169678,False,False,,0.0,Ask for help,False,False
False,0,airplane,0,0.5454713106155396,Ask for help,True,0,0.6560771465301514,True,False,0,0.6652271151542664,True,False,0.0,0.6222585240999857,Ask for help,True,True
False,28,table,28,0.8690580129623413,Re-scan,True,34,0.39692622423171997,False,False,29,0.49671101570129395,False,False,,0.0,Ask for help,False,False
False,5,car,9,0.4446282982826233,Ask for help,False,21,0.2783074378967285,False,False,28,0.8663771748542786,False,False,,0.0,Ask for help,False,False
False,16,mantel,26,0.32785627245903015,Ask for help,False,15,0.7863701581954956,False,False,27,0.38109996914863586,False,False,,0.0,Ask for help,False,False
False,32,vase,29,0.22577118873596191,Ask for help,False,22,0.4786704182624817,False,False,15,0.2645282745361328,False,False,,0.0,Ask for help,False,False
False,16,mantel,19,0.486981064081192,Ask for help,False,21,0.4227828085422516,False,False,28,0.6834673285484314,False,False,,0.0,Ask for help,False,False
False,16,mantel,27,0.4014689326286316,Ask for help,False,3,0.6200257539749146,False,False,21,0.3540205657482147,False,False,,0.0,Ask for help,False,False
False,0,airplane,8,0.5898259282112122,Ask for help,False,8,0.479142427444458,False,False,29,0.49635249376296997,False,False,8.0,0.5344841778278351,Ask for help,False,True
False,1,bathtub,21,0.3447873294353485,Ask for help,False,29,0.6322451829910278,False,False,29,0.7059159278869629,False,False,29.0,0.6690805554389954,Ask for help,False,True
False,13,glass_box,10,0.35793226957321167,Ask for help,False,2,0.4126165509223938,False,False,28,0.9506646394729614,False,False,,0.0,Ask for help,False,False
False,5,car,2,0.37937766313552856,Ask for help,False,9,0.3432188928127289,False,False,21,0.5633860230445862,False,False,,0.0,Ask for help,False,False
False,22,radio,22,0.5462008118629456,Ask for help,True,7,0.3884819746017456,False,False,7,0.46882495284080505,False,False,7.0,0.42865346372127533,Ask for help,False,True
False,21,plant,28,0.6998964548110962,Ask for help,False,21,0.5437220335006714,True,False,28,0.9303582310676575,False,False,28.0,0.8151273429393768,Re-scan,False,True
False,6,chair,15,0.484017938375473,Ask for help,False,6,0.3070977032184601,True,False,21,0.37090691924095154,False,False,,0.0,Ask for help,False,False
False,4,bookshelf,21,0.4083663523197174,Ask for help,False,8,0.2673981785774231,False,False,28,0.4464395046234131,False,False,,0.0,Ask for help,False,False
False,11,dresser,22,0.5327932238578796,Ask for help,False,29,0.512174129486084,False,False,29,0.42660290002822876,False,False,29.0,0.46938851475715637,Ask for help,False,True
False,1,bathtub,28,0.7914382815361023,Re-scan,False,2,0.19937889277935028,False,False,21,0.23795053362846375,False,False,,0.0,Ask for help,False,False
False,3,bench,28,0.9747455716133118,Grasp,False,15,0.5466409921646118,False,False,28,0.3515988290309906,False,False,28.0,0.6631722003221512,Ask for help,False,True
False,9,desk,9,0.47923988103866577,Ask for help,True,9,0.7690404653549194,True,False,9,0.6662405133247375,True,False,9.0,0.6381736199061075,Ask for help,True,True
False,6,chair,8,0.6935184001922607,Ask for help,False,6,0.9124611020088196,True,True,34,0.4505690932273865,False,False,,0.0,Ask for help,False,False
False,21,plant,20,0.34791409969329834,Ask for help,False,28,0.9211946725845337,False,False,20,0.334767609834671,False,False,20.0,0.3413408547639847,Ask for help,False,True
False,32,vase,15,0.7332620620727539,Ask for help,False,32,0.3885708749294281,True,False,15,0.4898374080657959,False,False,15.0,0.6115497350692749,Ask for help,False,True
False,2,bed,2,0.3823321759700775,Ask for help,True,8,0.39868274331092834,False,False,19,0.47743234038352966,False,False,,0.0,Ask for help,False,False
False,5,car,21,0.40511131286621094,Ask for help,False,26,0.3986913561820984,False,False,27,0.40429431200027466,False,False,,0.0,Ask for help,False,False
False,31,tv_stand,27,0.38513386249542236,Ask for help,False,27,0.44759926199913025,False,False,27,0.5826629400253296,False,False,27.0,0.47179868817329407,Ask for help,False,True
False,8,curtain,21,0.3845168650150299,Ask for help,False,8,0.5103076696395874,True,False,21,0.5291643142700195,False,False,21.0,0.4568405896425247,Ask for help,False,True
False,13,glass_box,15,0.149225115776062,Ask for help,False,22,0.3718169331550598,False,False,6,0.8155471086502075,False,False,,0.0,Ask for help,False,False
False,21,plant,8,0.4695618152618408,Ask for help,False,21,0.6315595507621765,True,False,21,0.33467239141464233,True,False,21.0,0.4831159710884094,Ask for help,True,True
False,25,sofa,2,0.3683437705039978,Ask for help,False,29,0.30166298151016235,False,False,8,0.3677074611186981,False,False,,0.0,Ask for help,False,False
False,4,bookshelf,28,0.4090854525566101,Ask for help,False,21,0.6853521466255188,False,False,8,0.3212783634662628,False,False,,0.0,Ask for help,False,False
False,11,dresser,30,0.5355299115180969,Ask for help,False,28,0.9880703687667847,False,False,29,0.4451466202735901,False,False,,0.0,Ask for help,False,False
False,34,xbox,28,0.25002267956733704,Ask for help,False,28,0.3823751211166382,False,False,16,0.5413858294487,False,False,28.0,0.3161989003419876,Ask for help,False,True
False,6,chair,28,0.8466588258743286,Re-scan,False,6,0.8373879194259644,True,False,6,0.5720160603523254,True,False,6.0,0.7047019898891449,Ask for help,True,True
False,13,glass_box,29,0.3268235921859741,Ask for help,False,28,0.6645281910896301,False,False,28,0.5873702764511108,False,False,28.0,0.6259492337703705,Ask for help,False,True
False,11,dresser,15,0.6973064541816711,Ask for help,False,29,0.5019239187240601,False,False,29,0.49189361929893494,False,False,29.0,0.4969087690114975,Ask for help,False,True
False,31,tv_stand,19,0.42815619707107544,Ask for help,False,19,0.6575804352760315,False,False,28,0.7223471403121948,False,False,19.0,0.5428683161735535,Ask for help,False,True
False,28,table,28,0.954784095287323,Grasp,True,8,0.5139428377151489,False,False,8,0.6116894483566284,False,False,8.0,0.5628161430358887,Ask for help,False,True
False,16,mantel,28,0.37853190302848816,Ask for help,False,27,0.8057417869567871,False,False,28,0.7826638221740723,False,False,28.0,0.5805978626012802,Ask for help,False,True
False,28,table,28,0.8148976564407349,Re-scan,True,8,0.3041522204875946,False,False,29,0.6167927980422974,False,False,,0.0,Ask for help,False,False
False,13,glass_box,8,0.361592173576355,Ask for help,False,22,0.5853188037872314,False,False,28,0.7799192667007446,False,False,,0.0,Ask for help,False,False
False,24,sink,15,0.4971182942390442,Ask for help,False,34,0.5436826348304749,False,False,29,0.5917044878005981,False,False,,0.0,Ask for help,False,False
False,14,guitar,8,0.6399452686309814,Ask for help,False,8,0.5826607942581177,False,False,15,0.28466859459877014,False,False,8.0,0.6113030314445496,Ask for help,False,True
False,5,car,21,0.499183714389801,Ask for help,False,15,0.4908420145511627,False,False,27,0.37766772508621216,False,False,,0.0,Ask for help,False,False
False,9,desk,29,0.7569822669029236,Ask for help,False,29,0.4478139281272888,False,False,28,0.6492856740951538,False,False,29.0,0.6023980975151062,Ask for help,False,True
False,14,guitar,8,0.41453394293785095,Ask for help,False,8,0.568061113357544,False,False,8,0.4397448003292084,False,False,8.0,0.4741132855415344,Ask for help,False,True
False,31,tv_stand,10,0.29622069001197815,Ask for help,False,27,0.9543429613113403,False,False,28,0.5572932362556458,False,False,,0.0,Ask for help,False,False
False,32,vase,19,0.6099741458892822,Ask for help,False,28,0.5000807642936707,False,False,27,0.23348815739154816,False,False,,0.0,Ask for help,False,False
False,5,car,19,0.8680680990219116,Re-scan,False,27,0.7161387205123901,False,False,28,0.7473095059394836,False,False,,0.0,Ask for help,False,False
False,28,table,19,0.44248253107070923,Ask for help,False,8,0.6285343766212463,False,False,29,0.514140784740448,False,False,,0.0,Ask for help,False,False
False,23,range_hood,27,0.46643972396850586,Ask for help,False,8,0.4497898519039154,False,False,27,0.6724075078964233,False,False,27.0,0.5694236159324646,Ask for help,False,True
False,2,bed,30,0.39315253496170044,Ask for help,False,6,0.1980552077293396,False,False,30,0.37262171506881714,False,False,30.0,0.3828871250152588,Ask for help,False,True
False,31,tv_stand,10,0.34351488947868347,Ask for help,False,28,0.9453271627426147,False,False,28,0.8591132164001465,False,False,28.0,0.9022201895713806,Grasp,False,True
False,18,night_stand,6,0.34065571427345276,Ask for help,False,8,0.4183650016784668,False,False,28,0.9450670480728149,False,False,,0.0,Ask for help,False,False
False,23,range_hood,26,0.4141067862510681,Ask for help,False,27,0.4271489977836609,False,False,28,0.675035297870636,False,False,,0.0,Ask for help,False,False
False,20,piano,19,0.4903044104576111,Ask for help,False,29,0.3761116862297058,False,False,28,0.9655348062515259,False,False,,0.0,Ask for help,False,False
False,0,airplane,0,0.8339118957519531,Re-scan,True,28,0.4351530075073242,False,False,9,0.8028451800346375,False,False,,0.0,Ask for help,False,False
False,32,vase,29,0.5790408253669739,Ask for help,False,21,0.38117116689682007,False,False,21,0.5721230506896973,False,False,21.0,0.47664710879325867,Ask for help,False,True
False,30,toilet,8,0.5404229760169983,Ask for help,False,2,0.3740001618862152,False,False,28,0.48983508348464966,False,False,,0.0,Ask for help,False,False
False,22,radio,29,0.825214684009552,Re-scan,False,28,0.23343010246753693,False,False,6,0.5149073600769043,False,False,,0.0,Ask for help,False,False
False,6,chair,6,0.987418532371521,Grasp,True,6,0.63771653175354,True,False,26,0.5323718190193176,False,False,6.0,0.8125675320625305,Re-scan,True,True
False,14,guitar,15,0.7664632797241211,Ask for help,False,8,0.3370956778526306,False,False,15,0.6773257851600647,False,False,15.0,0.7218945324420929,Ask for help,False,True
False,28,table,28,0.5987881422042847,Ask for help,True,8,0.5362710952758789,False,False,19,0.3558765947818756,False,False,,0.0,Ask for help,False,False
False,27,stool,21,0.6126366257667542,Ask for help,False,21,0.6426807641983032,False,False,28,0.6331115365028381,False,False,21.0,0.6276586949825287,Ask for help,False,True
False,6,chair,15,0.5094975233078003,Ask for help,False,15,0.45426106452941895,False,False,8,0.44644030928611755,False,False,15.0,0.4818792939186096,Ask for help,False,True
False,29,tent,22,0.507626473903656,Ask for help,False,29,0.6200205087661743,True,False,28,0.9675647616386414,False,False,,0.0,Ask for help,False,False
False,20,piano,27,0.40741831064224243,Ask for help,False,28,0.305235892534256,False,False,29,0.628026008605957,False,False,,0.0,Ask for help,False,False
False,17,monitor,28,0.38218918442726135,Ask for help,False,27,0.346598356962204,False,False,28,0.9981209635734558,False,False,28.0,0.6901550740003586,Ask for help,False,True
False,3,bench,28,0.6250941157341003,Ask for help,False,28,0.2964562475681305,False,False,8,0.42700067162513733,False,False,28.0,0.4607751816511154,Ask for help,False,True
False,4,bookshelf,27,0.790625274181366,Re-scan,False,19,0.6714261770248413,False,False,28,0.365532785654068,False,False,,0.0,Ask for help,False,False
False,9,desk,29,0.4689522385597229,Ask for help,False,22,0.608737587928772,False,False,28,0.7662473917007446,False,False,,0.0,Ask for help,False,False
False,25,sofa,28,0.9686435461044312,Grasp,False,29,0.20206722617149353,False,False,19,0.8732647895812988,False,False,,0.0,Ask for help,False,False
False,32,vase,27,0.23912855982780457,Ask for help,False,21,0.41748231649398804,False,False,10,0.29981285333633423,False,False,,0.0,Ask for help,False,False
False,3,bench,21,0.5843323469161987,Ask for help,False,15,0.4291269779205322,False,False,15,0.6862452626228333,False,False,15.0,0.5576861202716827,Ask for help,False,True
False,32,vase,15,0.42971381545066833,Ask for help,False,15,0.5227913856506348,False,False,28,0.4722522795200348,False,False,15.0,0.47625260055065155,Ask for help,False,True
False,31,tv_stand,10,0.27892085909843445,Ask for help,False,9,0.45994454622268677,False,False,10,0.689959704875946,False,False,10.0,0.48444028198719025,Ask for help,False,True
False,30,toilet,28,0.3202632665634155,Ask for help,False,29,0.3594176173210144,False,False,30,0.2795637249946594,True,False,,0.0,Ask for help,False,False
False,31,tv_stand,10,0.3988081216812134,Ask for help,False,29,0.8357458114624023,False,False,27,0.5718070268630981,False,False,,0.0,Ask for help,False,False
False,0,airplane,8,0.5416143536567688,Ask for help,False,8,0.41354304552078247,False,False,8,0.5255069732666016,False,False,8.0,0.4935547908147176,Ask for help,False,True
False,22,radio,15,0.4629451334476471,Ask for help,False,22,0.4665353298187256,True,False,29,0.7603253722190857,False,False,,0.0,Ask for help,False,False
False,2,bed,28,0.9575751423835754,Grasp,False,28,0.7568126916885376,False,False,6,0.8979814648628235,False,False,28.0,0.8571939170360565,Re-scan,False,True
False,24,sink,29,0.4339413642883301,Ask for help,False,28,0.43297719955444336,False,False,15,0.8739571571350098,False,False,,0.0,Ask for help,False,False
False,17,monitor,21,0.3427369296550751,Ask for help,False,8,0.6187739968299866,False,False,28,0.5554544925689697,False,False,,0.0,Ask for help,False,False
False,16,mantel,27,0.6137877702713013,Ask for help,False,27,0.4195649027824402,False,False,8,0.674806535243988,False,False,27.0,0.5166763365268707,Ask for help,False,True
False,30,toilet,21,0.387636661529541,Ask for help,False,15,0.28141525387763977,False,False,21,0.2960768938064575,False,False,21.0,0.34185677766799927,Ask for help,False,True
False,34,xbox,28,0.3336527943611145,Ask for help,False,27,0.3961127996444702,False,False,8,0.3188193738460541,False,False,,0.0,Ask for help,False,False
False,16,mantel,27,0.3019331395626068,Ask for help,False,27,0.7811197638511658,False,False,3,0.5870355367660522,False,False,27.0,0.5415264517068863,Ask for help,False,True
False,16,mantel,8,0.3989810645580292,Ask for help,False,6,0.6304192543029785,False,False,8,0.5165490508079529,False,False,8.0,0.45776505768299103,Ask for help,False,True
False,18,night_stand,28,0.5786157846450806,Ask for help,False,28,0.906215488910675,False,False,28,0.7909460663795471,False,False,28.0,0.758592446645101,Ask for help,False,True
False,6,chair,6,0.4277436137199402,Ask for help,True,30,0.3341304659843445,False,False,29,0.28480857610702515,False,False,,0.0,Ask for help,False,False
False,21,plant,29,0.4223276674747467,Ask for help,False,21,0.48709210753440857,True,False,21,0.6280270218849182,True,False,21.0,0.5575595647096634,Ask for help,True,True
False,14,guitar,14,0.3634416162967682,Ask for help,True,14,0.30193576216697693,True,False,14,0.9726918339729309,True,True,14.0,0.5460230708122253,Ask for help,True,True
False,6,chair,6,0.5483430027961731,Ask for help,True,21,0.42168736457824707,False,False,6,0.49653497338294983,True,False,6.0,0.5224389880895615,Ask for help,True,True
False,21,plant,28,0.34055575728416443,Ask for help,False,21,0.8442851305007935,True,False,21,0.7237682342529297,True,False,21.0,0.7840266823768616,Re-scan,True,True
False,2,bed,28,0.519163966178894,Ask for help,False,2,0.5729347467422485,True,False,28,0.8428168296813965,False,False,28.0,0.6809903979301453,Ask for help,False,True
False,34,xbox,21,0.3517201542854309,Ask for help,False,22,0.3395800292491913,False,False,21,0.418714702129364,False,False,21.0,0.38521742820739746,Ask for help,False,True
False,25,sofa,28,0.9630171060562134,Grasp,False,26,0.3006967306137085,False,False,21,0.45144885778427124,False,False,,0.0,Ask for help,False,False
False,8,curtain,34,0.2680152952671051,Ask for help,False,26,0.3148173689842224,False,False,14,0.29404619336128235,False,False,,0.0,Ask for help,False,False
False,16,mantel,15,0.4560737609863281,Ask for help,False,8,0.45087701082229614,False,False,21,0.2959724962711334,False,False,,0.0,Ask for help,False,False
False,33,wardrobe,27,0.35014307498931885,Ask for help,False,16,0.5267480611801147,False,False,16,0.4041125774383545,False,False,16.0,0.4654303193092346,Ask for help,False,True
False,6,chair,21,0.7155444622039795,Ask for help,False,21,0.6350229978561401,False,False,21,0.539512574672699,False,False,21.0,0.6300266782442728,Ask for help,False,True
False,18,night_stand,21,0.40487027168273926,Ask for help,False,6,0.4638030529022217,False,False,28,0.29934194684028625,False,False,,0.0,Ask for help,False,False
False,14,guitar,8,0.6885631084442139,Ask for help,False,8,0.7078427076339722,False,False,8,0.5698166489601135,False,False,8.0,0.6554074883460999,Ask for help,False,True
False,21,plant,8,0.49133071303367615,Ask for help,False,15,0.6636373400688171,False,False,8,0.6307228803634644,False,False,8.0,0.5610267966985703,Ask for help,False,True
False,21,plant,28,0.8076092600822449,Re-scan,False,28,0.2998613715171814,False,False,28,0.2963711619377136,False,False,28.0,0.46794726451237995,Ask for help,False,True
False,17,monitor,20,0.4936761260032654,Ask for help,False,19,0.39165395498275757,False,False,19,0.9501498937606812,False,False,19.0,0.6709019243717194,Ask for help,False,True
False,20,piano,16,0.4557734429836273,Ask for help,False,3,0.24975340068340302,False,False,16,0.30133458971977234,False,False,16.0,0.37855401635169983,Ask for help,False,True
False,9,desk,22,0.44421347975730896,Ask for help,False,28,0.6864132881164551,False,False,8,0.6113262176513672,False,False,,0.0,Ask for help,False,False
False,16,mantel,21,0.3633197844028473,Ask for help,False,21,0.6395589709281921,False,False,28,0.8014110326766968,False,False,21.0,0.5014393776655197,Ask for help,False,True
False,11,dresser,30,0.5178886651992798,Ask for help,False,30,0.39833658933639526,False,False,22,0.5680021047592163,False,False,30.0,0.4581126272678375,Ask for help,False,True
False,4,bookshelf,8,0.30761680006980896,Ask for help,False,8,0.5369259119033813,False,False,3,0.2075192928314209,False,False,8.0,0.42227135598659515,Ask for help,False,True
False,31,tv_stand,28,0.7086038589477539,Ask for help,False,27,0.33434367179870605,False,False,29,0.6943449378013611,False,False,,0.0,Ask for help,False,False
False,18,night_stand,29,0.6941835284233093,Ask for help,False,22,0.36311545968055725,False,False,22,0.44143256545066833,False,False,22.0,0.4022740125656128,Ask for help,False,True
False,14,guitar,14,0.46720805764198303,Ask for help,True,8,0.8029133677482605,False,False,8,0.6415567994117737,False,False,8.0,0.7222350835800171,Ask for help,False,True
False,11,dresser,29,0.6690555810928345,Ask for help,False,6,0.8366140127182007,False,False,28,0.31586307287216187,False,False,,0.0,Ask for help,False,False
False,17,monitor,29,0.6805130243301392,Ask for help,False,19,0.4216969609260559,False,False,29,0.7185574769973755,False,False,29.0,0.6995352506637573,Ask for help,False,True
False,9,desk,8,0.43248414993286133,Ask for help,False,19,0.28545376658439636,False,False,28,0.3700811266899109,False,False,,0.0,Ask for help,False,False
False,18,night_stand,28,0.8582574725151062,Re-scan,False,19,0.411546528339386,False,False,22,0.30280882120132446,False,False,,0.0,Ask for help,False,False
False,15,lamp,15,0.4221257269382477,Ask for help,True,15,0.49791139364242554,True,False,28,0.7783643007278442,False,False,15.0,0.4600185602903366,Ask for help,True,True
False,27,stool,28,0.22064054012298584,Ask for help,False,19,0.5743928551673889,False,False,28,0.43834933638572693,False,False,28.0,0.3294949382543564,Ask for help,False,True
False,34,xbox,21,0.3060223162174225,Ask for help,False,34,0.5720522403717041,True,False,29,0.6123610734939575,False,False,,0.0,Ask for help,False,False
False,28,table,28,0.9727121591567993,Grasp,True,8,0.5616297125816345,False,False,15,0.34488368034362793,False,False,,0.0,Ask for help,False,False
False,20,piano,8,0.3342733085155487,Ask for help,False,21,0.3152099549770355,False,False,28,0.4619986116886139,False,False,,0.0,Ask for help,False,False
False,0,airplane,8,0.5268038511276245,Ask for help,False,0,0.7391825914382935,True,False,0,0.575090765953064,True,False,0.0,0.6571366786956787,Ask for help,True,True
False,3,bench,8,0.5245972871780396,Ask for help,False,8,0.4165305197238922,False,False,28,0.40258780121803284,False,False,8.0,0.4705639034509659,Ask for help,False,True
False,5,car,29,0.8820198178291321,Grasp,False,29,0.7170001268386841,False,False,19,0.649811327457428,False,False,29.0,0.7995099723339081,Re-scan,False,True
False,28,table,29,0.5092435479164124,Ask for help,False,19,0.4762910306453705,False,False,19,0.32853496074676514,False,False,19.0,0.4024129956960678,Ask for help,False,True
False,32,vase,27,0.8149275779724121,Re-scan,False,15,0.6332052946090698,False,False,15,0.3532569706439972,False,False,15.0,0.4932311326265335,Ask for help,False,True
False,24,sink,29,0.5235167145729065,Ask for help,False,22,0.36664146184921265,False,False,8,0.28873196244239807,False,False,,0.0,Ask for help,False,False
False,31,tv_stand,6,0.2612245976924896,Ask for help,False,28,0.9546669125556946,False,False,27,0.3880141079425812,False,False,,0.0,Ask for help,False,False
False,5,car,19,0.8644310235977173,Re-scan,False,29,0.4102844297885895,False,False,19,0.6891489028930664,False,False,19.0,0.7767899632453918,Ask for help,False,True
False,5,car,29,0.31145963072776794,Ask for help,False,22,0.4077501893043518,False,False,22,0.2885490953922272,False,False,22.0,0.3481496423482895,Ask for help,False,True
False,29,tent,28,0.7465769052505493,Ask for help,False,29,0.6422815322875977,True,False,19,0.7559009194374084,False,False,,0.0,Ask for help,False,False
False,28,table,22,0.5988990068435669,Ask for help,False,8,0.413278192281723,False,False,28,0.5220543146133423,True,False,,0.0,Ask for help,False,False
False,10,door,8,0.3638080358505249,Ask for help,False,21,0.40224313735961914,False,False,8,0.4674752652645111,False,False,8.0,0.415641650557518,Ask for help,False,True
False,5,car,21,0.4023246765136719,Ask for help,False,27,0.4235418438911438,False,False,24,0.3326292335987091,False,False,,0.0,Ask for help,False,False
False,17,monitor,28,0.886566162109375,Grasp,False,10,0.25704869627952576,False,False,28,0.3127053678035736,False,False,28.0,0.5996357649564743,Ask for help,False,True
False,14,guitar,22,0.49593639373779297,Ask for help,False,22,0.49997466802597046,False,False,22,0.5913012623786926,False,False,22.0,0.529070774714152,Ask for help,False,True
False,14,guitar,15,0.5474057197570801,Ask for help,False,8,0.7708001732826233,False,False,21,0.290211945772171,False,False,,0.0,Ask for help,False,False
False,30,toilet,26,0.7400026917457581,Ask for help,False,26,0.8294628262519836,False,False,6,0.38045209646224976,False,False,26.0,0.7847327589988708,Re-scan,False,True
False,20,piano,28,0.954382061958313,Grasp,False,28,0.9532102346420288,False,False,21,0.3785078227519989,False,False,28.0,0.9537961483001709,Grasp,False,True
False,28,table,29,0.5400689840316772,Ask for help,False,28,0.8921260833740234,True,True,0,0.42387253046035767,False,False,,0.0,Ask for help,False,False
False,10,door,26,0.49908334016799927,Ask for help,False,14,0.27030622959136963,False,False,28,0.5057581067085266,False,False,,0.0,Ask for help,False,False
False,10,door,21,0.34967678785324097,Ask for help,False,8,0.8244134187698364,False,False,28,0.42145204544067383,False,False,,0.0,Ask for help,False,False
False,31,tv_stand,26,0.794296383857727,Re-scan,False,21,0.3158186078071594,False,False,28,0.7132965326309204,False,False,,0.0,Ask for help,False,False
False,4,bookshelf,21,0.6707934141159058,Ask for help,False,8,0.4894082546234131,False,False,8,0.5040349960327148,False,False,8.0,0.49672162532806396,Ask for help,False,True
False,9,desk,29,0.4713646471500397,Ask for help,False,28,0.6190271973609924,False,False,21,0.5415624380111694,False,False,,0.0,Ask for help,False,False
False,23,range_hood,8,0.42122310400009155,Ask for help,False,19,0.2601989805698395,False,False,6,0.301490843296051,False,False,,0.0,Ask for help,False,False
False,26,stairs,15,0.44984474778175354,Ask for help,False,26,0.8509869575500488,True,False,15,0.41363564133644104,False,False,15.0,0.4317401945590973,Ask for help,False,True
False,31,tv_stand,21,0.2961947023868561,Ask for help,False,21,0.2659279406070709,False,False,10,0.586383044719696,False,False,21.0,0.2810613214969635,Ask for help,False,True
False,31,tv_stand,6,0.2552107870578766,Ask for help,False,3,0.8388986587524414,False,False,26,0.8097394704818726,False,False,,0.0,Ask for help,False,False
False,2,bed,8,0.5654297471046448,Ask for help,False,2,0.4663679599761963,True,False,28,0.6297747492790222,False,False,,0.0,Ask for help,False,False
False,5,car,19,0.8510123491287231,Re-scan,False,2,0.46923941373825073,False,False,26,0.37571534514427185,False,False,,0.0,Ask for help,False,False
False,9,desk,19,0.3811342716217041,Ask for help,False,19,0.5865195989608765,False,False,19,0.44496622681617737,False,False,19.0,0.470873365799586,Ask for help,False,True
False,5,car,2,0.3724025785923004,Ask for help,False,20,0.2555721402168274,False,False,30,0.5643773078918457,False,False,,0.0,Ask for help,False,False
False,16,mantel,21,0.3161689341068268,Ask for help,False,3,0.38466840982437134,False,False,27,0.40925878286361694,False,False,,0.0,Ask for help,False,False
False,21,plant,21,0.3913705050945282,Ask for help,True,21,0.7970314025878906,True,False,21,0.864486813545227,True,False,21.0,0.6842962404092153,Ask for help,True,True
False,28,table,8,0.6383240222930908,Ask for help,False,8,0.47262558341026306,False,False,8,0.6204751133918762,False,False,8.0,0.5771415730317434,Ask for help,False,True
False,23,range_hood,28,0.8059144020080566,Re-scan,False,8,0.7585013508796692,False,False,21,0.45584234595298767,False,False,,0.0,Ask for help,False,False
False,19,person,21,0.4615516662597656,Ask for help,False,15,0.3737823963165283,False,False,21,0.46623796224594116,False,False,21.0,0.4638948142528534,Ask for help,False,True
False,25,sofa,28,0.7187603712081909,Ask for help,False,19,0.5950091481208801,False,False,19,0.5591399073600769,False,False,19.0,0.5770745277404785,Ask for help,False,True
False,16,mantel,28,0.453593909740448,Ask for help,False,28,0.5627434253692627,False,False,27,0.2709508538246155,False,False,28.0,0.5081686675548553,Ask for help,False,True
False,31,tv_stand,29,0.47208523750305176,Ask for help,False,28,0.9682415723800659,False,False,28,0.9198867082595825,False,False,28.0,0.9440641403198242,Grasp,False,True
False,28,table,8,0.5601049661636353,Ask for help,False,28,0.9576816558837891,True,True,28,0.9504907727241516,True,True,28.0,0.9540862143039703,Grasp,True,True
False,4,bookshelf,28,0.5421562790870667,Ask for help,False,27,0.4203604757785797,False,False,27,0.265273779630661,False,False,27.0,0.34281712770462036,Ask for help,False,True
False,23,range_hood,15,0.3417476713657379,Ask for help,False,10,0.864232063293457,False,False,16,0.5327926874160767,False,False,,0.0,Ask for help,False,False
False,5,car,20,0.4614015221595764,Ask for help,False,29,0.3701978325843811,False,False,28,0.6860992312431335,False,False,,0.0,Ask for help,False,False
False,16,mantel,15,0.6434882879257202,Ask for help,False,15,0.42749786376953125,False,False,28,0.48046326637268066,False,False,15.0,0.5354930758476257,Ask for help,False,True
False,14,guitar,15,0.4001811444759369,Ask for help,False,15,0.5838187336921692,False,False,14,0.5981164574623108,True,False,15.0,0.49199993908405304,Ask for help,False,True
False,17,monitor,8,0.4040420651435852,Ask for help,False,19,0.3839346766471863,False,False,8,0.40969815850257874,False,False,8.0,0.40687011182308197,Ask for help,False,True
False,17,monitor,19,0.586685299873352,Ask for help,False,6,0.32810673117637634,False,False,26,0.7618903517723083,False,False,,0.0,Ask for help,False,False
False,28,table,8,0.38984543085098267,Ask for help,False,28,0.9982821345329285,True,True,21,0.40436601638793945,False,False,,0.0,Ask for help,False,False
False,21,plant,28,0.327817440032959,Ask for help,False,28,0.9730340838432312,False,False,21,0.6449235677719116,True,False,28.0,0.6504257619380951,Ask for help,False,True
False,31,tv_stand,29,0.5312885642051697,Ask for help,False,3,0.6925691962242126,False,False,19,0.821759045124054,False,False,,0.0,Ask for help,False,False
False,2,bed,29,0.5424501299858093,Ask for help,False,2,0.47832489013671875,True,False,2,0.5391796827316284,True,False,2.0,0.5087522864341736,Ask for help,True,True
False,21,plant,8,0.7227223515510559,Ask for help,False,15,0.4270704686641693,False,False,19,0.6967916488647461,False,False,,0.0,Ask for help,False,False
False,23,range_hood,19,0.31758275628089905,Ask for help,False,19,0.34695321321487427,False,False,6,0.44756898283958435,False,False,19.0,0.33226798474788666,Ask for help,False,True
False,32,vase,28,0.3783347010612488,Ask for help,False,29,0.5008739233016968,False,False,28,0.3564090132713318,False,False,28.0,0.3673718571662903,Ask for help,False,True
False,7,cone,29,0.3264271318912506,Ask for help,False,22,0.32619401812553406,False,False,28,0.6294854879379272,False,False,,0.0,Ask for help,False,False
False,25,sofa,30,0.35676777362823486,Ask for help,False,30,0.4889813959598541,False,False,30,0.47428545355796814,False,False,30.0,0.44001154104868573,Ask for help,False,True
False,32,vase,21,0.466608464717865,Ask for help,False,15,0.3697209060192108,False,False,21,0.569991409778595,False,False,21.0,0.51829993724823,Ask for help,False,True
False,0,airplane,0,0.5970054864883423,Ask for help,True,8,0.33505624532699585,False,False,21,0.46026477217674255,False,False,,0.0,Ask for help,False,False
False,6,chair,26,0.3010292649269104,Ask for help,False,6,0.2842614948749542,True,False,8,0.33387845754623413,False,False,,0.0,Ask for help,False,False
False,9,desk,29,0.9072169065475464,Grasp,False,29,0.911754310131073,False,False,19,0.5759118795394897,False,False,29.0,0.9094856083393097,Grasp,False,True
False,2,bed,28,0.35466518998146057,Ask for help,False,8,0.7475016713142395,False,False,0,0.4551108479499817,False,False,,0.0,Ask for help,False,False
False,21,plant,21,0.6082701086997986,Ask for help,True,28,0.429898738861084,False,False,21,0.3953075110912323,True,False,21.0,0.5017888098955154,Ask for help,True,True
False,20,piano,26,0.616071879863739,Ask for help,False,26,0.46714454889297485,False,False,21,0.5022543668746948,False,False,26.0,0.5416082143783569,Ask for help,False,True
False,20,piano,8,0.4189651608467102,Ask for help,False,21,0.3581157326698303,False,False,29,0.3227075934410095,False,False,,0.0,Ask for help,False,False
False,32,vase,19,0.4412538409233093,Ask for help,False,21,0.39135414361953735,False,False,28,0.995758056640625,False,False,,0.0,Ask for help,False,False
False,17,monitor,0,0.4505856931209564,Ask for help,False,28,0.3640287220478058,False,False,8,0.3371036946773529,False,False,,0.0,Ask for help,False,False
False,25,sofa,19,0.48984965682029724,Ask for help,False,2,0.5032718777656555,False,False,28,0.9152205586433411,False,False,,0.0,Ask for help,False,False
False,16,mantel,28,0.4511222839355469,Ask for help,False,10,0.4819392263889313,False,False,10,0.33326131105422974,False,False,10.0,0.4076002687215805,Ask for help,False,True
False,6,chair,28,0.6542452573776245,Ask for help,False,6,0.2509775757789612,True,False,6,0.5476528406143188,True,False,6.0,0.39931520819664,Ask for help,True,True
False,25,sofa,28,0.9023807644844055,Grasp,False,34,0.1881040632724762,False,False,2,0.5511977672576904,False,False,,0.0,Ask for help,False,False
False,23,range_hood,28,0.5359100103378296,Ask for help,False,28,0.6649912595748901,False,False,28,0.2918671667575836,False,False,28.0,0.49758947889010113,Ask for help,False,True
False,17,monitor,30,0.3254047632217407,Ask for help,False,0,0.36001017689704895,False,False,19,0.6111344695091248,False,False,,0.0,Ask for help,False,False
False,13,glass_box,28,0.9806836843490601,Grasp,False,28,0.9876853227615356,False,False,6,0.32194989919662476,False,False,28.0,0.9841845035552979,Grasp,False,True
False,33,wardrobe,27,0.37831276655197144,Ask for help,False,28,0.40654096007347107,False,False,8,0.5135666131973267,False,False,,0.0,Ask for help,False,False
False,0,airplane,8,0.4611188471317291,Ask for help,False,19,0.45544537901878357,False,False,0,0.3638189435005188,True,False,,0.0,Ask for help,False,False
False,20,piano,8,0.20153716206550598,Ask for help,False,28,0.751052737236023,False,False,28,0.5367382168769836,False,False,28.0,0.6438954770565033,Ask for help,False,True
False,28,table,8,0.5211809277534485,Ask for help,False,8,0.6629721522331238,False,False,8,0.3815407156944275,False,False,8.0,0.5218979318936666,Ask for help,False,True
False,3,bench,22,0.3552560806274414,Ask for help,False,8,0.7046462893486023,False,False,28,0.5234678983688354,False,False,,0.0,Ask for help,False,False
False,13,glass_box,29,0.5476453900337219,Ask for help,False,8,0.4308040738105774,False,False,28,0.5590348243713379,False,False,,0.0,Ask for help,False,False
False,32,vase,28,0.3940955102443695,Ask for help,False,8,0.3298954367637634,False,False,28,0.4217395782470703,False,False,28.0,0.4079175442457199,Ask for help,False,True
False,12,flower_pot,28,0.8055739402770996,Re-scan,False,21,0.35742586851119995,False,False,28,0.3281497657299042,False,False,28.0,0.5668618530035019,Ask for help,False,True
False,31,tv_stand,27,0.7809203863143921,Re-scan,False,21,0.6563100814819336,False,False,19,0.8027122616767883,False,False,,0.0,Ask for help,False,False
False,22,radio,29,0.41790756583213806,Ask for help,False,28,0.4688898026943207,False,False,22,0.5531480312347412,True,False,,0.0,Ask for help,False,False
False,26,stairs,26,0.5673498511314392,Ask for help,True,15,0.2870751619338989,False,False,15,0.4440651535987854,False,False,15.0,0.36557015776634216,Ask for help,False,True
False,32,vase,21,0.3660092353820801,Ask for help,False,29,0.3442838788032532,False,False,28,0.6370588541030884,False,False,,0.0,Ask for help,False,False
False,23,range_hood,27,0.35576993227005005,Ask for help,False,10,0.46038493514060974,False,False,28,0.5373996496200562,False,False,,0.0,Ask for help,False,False
False,12,flower_pot,28,0.528863787651062,Ask for help,False,28,0.36136481165885925,False,False,28,0.5320517420768738,False,False,28.0,0.4740934471289317,Ask for help,False,True
False,11,dresser,2,0.29471054673194885,Ask for help,False,28,0.5131713151931763,False,False,6,0.3751596212387085,False,False,,0.0,Ask for help,False,False
False,23,range_hood,28,0.32317715883255005,Ask for help,False,19,0.5496996641159058,False,False,27,0.2995801568031311,False,False,,0.0,Ask for help,False,False
False,15,lamp,15,0.8953344225883484,Grasp,True,15,0.9929825067520142,True,True,15,0.9331280589103699,True,True,15.0,0.9404816627502441,Grasp,True,True
False,0,airplane,9,0.4611775279045105,Ask for help,False,0,0.41672128438949585,True,False,8,0.6767538189888,False,False,,0.0,Ask for help,False,False
False,28,table,19,0.4892256259918213,Ask for help,False,8,0.35952916741371155,False,False,22,0.24108275771141052,False,False,,0.0,Ask for help,False,False
False,25,sofa,2,0.43955737352371216,Ask for help,False,28,0.46293002367019653,False,False,6,0.5144573450088501,False,False,,0.0,Ask for help,False,False
False,32,vase,10,0.4872775673866272,Ask for help,False,29,0.3299064040184021,False,False,19,0.5136345624923706,False,False,,0.0,Ask for help,False,False
False,4,bookshelf,27,0.275839239358902,Ask for help,False,8,0.33378320932388306,False,False,8,0.3015931248664856,False,False,8.0,0.3176881670951843,Ask for help,False,True
False,28,table,28,0.9674607515335083,Grasp,True,8,0.636386513710022,False,False,22,0.3596934676170349,False,False,,0.0,Ask for help,False,False
False,23,range_hood,6,0.6931081414222717,Ask for help,False,28,0.595512330532074,False,False,28,0.904504120349884,False,False,28.0,0.750008225440979,Ask for help,False,True
False,17,monitor,8,0.4492778182029724,Ask for help,False,0,0.338975727558136,False,False,8,0.6187670230865479,False,False,8.0,0.5340224206447601,Ask for help,False,True
False,28,table,8,0.23430173099040985,Ask for help,False,8,0.6424694657325745,False,False,28,0.997552752494812,True,True,8.0,0.43838559836149216,Ask for help,False,True
False,17,monitor,21,0.28736060857772827,Ask for help,False,29,0.6969839334487915,False,False,29,0.7132677435874939,False,False,29.0,0.7051258385181427,Ask for help,False,True
False,14,guitar,14,0.8247004747390747,Re-scan,True,22,0.44953280687332153,False,False,22,0.3902037739753723,False,False,22.0,0.4198682904243469,Ask for help,False,True
False,21,plant,21,0.5176986455917358,Ask for help,True,15,0.3531161844730377,False,False,26,0.4580145478248596,False,False,,0.0,Ask for help,False,False
False,18,night_stand,6,0.2728284001350403,Ask for help,False,28,0.5599745512008667,False,False,28,0.6694992184638977,False,False,28.0,0.6147368848323822,Ask for help,False,True
False,20,piano,28,0.7604630589485168,Ask for help,False,21,0.5426071882247925,False,False,28,0.6042316555976868,False,False,28.0,0.6823473572731018,Ask for help,False,True
False,13,glass_box,2,0.633538007736206,Ask for help,False,2,0.5547435879707336,False,False,21,0.5759146809577942,False,False,2.0,0.5941407978534698,Ask for help,False,True
False,20,piano,19,0.48255783319473267,Ask for help,False,9,0.26254504919052124,False,False,21,0.5789279341697693,False,False,,0.0,Ask for help,False,False
False,32,vase,8,0.3026506006717682,Ask for help,False,28,0.6583162546157837,False,False,21,0.7916213274002075,False,False,,0.0,Ask for help,False,False
False,14,guitar,22,0.7018356323242188,Ask for help,False,8,0.46012210845947266,False,False,26,0.30032962560653687,False,False,,0.0,Ask for help,False,False
False,17,monitor,19,0.7094686031341553,Ask for help,False,28,0.9422640800476074,False,False,30,0.533157467842102,False,False,,0.0,Ask for help,False,False
False,13,glass_box,29,0.8196471333503723,Re-scan,False,21,0.28210848569869995,False,False,19,0.5102537274360657,False,False,,0.0,Ask for help,False,False
False,16,mantel,15,0.21532392501831055,Ask for help,False,10,0.8315561413764954,False,False,10,0.8000161051750183,False,False,10.0,0.8157861232757568,Re-scan,False,True
False,17,monitor,28,0.9710674285888672,Grasp,False,2,0.26126348972320557,False,False,28,0.564258873462677,False,False,28.0,0.7676631510257721,Ask for help,False,True
False,33,wardrobe,8,0.6450219750404358,Ask for help,False,8,0.45375338196754456,False,False,10,0.3165431618690491,False,False,8.0,0.5493876785039902,Ask for help,False,True
False,15,lamp,29,0.6159960627555847,Ask for help,False,15,0.8335243463516235,True,False,26,0.295492947101593,False,False,,0.0,Ask for help,False,False
False,5,car,28,0.4679383337497711,Ask for help,False,26,0.565212070941925,False,False,27,0.41360393166542053,False,False,,0.0,Ask for help,False,False
False,31,tv_stand,28,0.3696402311325073,Ask for help,False,10,0.5759368538856506,False,False,21,0.22818729281425476,False,False,,0.0,Ask for help,False,False
False,5,car,5,0.5033143162727356,Ask for help,True,20,0.2937392294406891,False,False,9,0.30685505270957947,False,False,,0.0,Ask for help,False,False
False,32,vase,28,0.37046384811401367,Ask for help,False,28,0.5368881225585938,False,False,28,0.37091463804244995,False,False,28.0,0.4260888695716858,Ask for help,False,True
False,20,piano,29,0.42122548818588257,Ask for help,False,22,0.2638806402683258,False,False,28,0.5223769545555115,False,False,,0.0,Ask for help,False,False
False,4,bookshelf,28,0.530373752117157,Ask for help,False,21,0.6751388907432556,False,False,28,0.4401218891143799,False,False,28.0,0.48524782061576843,Ask for help,False,True
False,20,piano,9,0.2510424256324768,Ask for help,False,0,0.5987197756767273,False,False,26,0.5314682126045227,False,False,,0.0,Ask for help,False,False
False,6,chair,15,0.4153617322444916,Ask for help,False,15,0.3220835030078888,False,False,28,0.5378373861312866,False,False,15.0,0.3687226176261902,Ask for help,False,True
False,9,desk,9,0.38586458563804626,Ask for help,True,9,0.6528593301773071,True,False,9,0.9483025670051575,True,True,9.0,0.6623421609401703,Ask for help,True,True
False,4,bookshelf,28,0.28284209966659546,Ask for help,False,8,0.263471394777298,False,False,28,0.39376354217529297,False,False,28.0,0.3383028209209442,Ask for help,False,True
False,16,mantel,8,0.3807659149169922,Ask for help,False,8,0.4083901345729828,False,False,21,0.43373411893844604,False,False,8.0,0.3945780247449875,Ask for help,False,True
False,13,glass_box,29,0.7555896043777466,Ask for help,False,27,0.7543298006057739,False,False,22,0.444364070892334,False,False,,0.0,Ask for help,False,False
False,30,toilet,19,0.7522498369216919,Ask for help,False,21,0.5933706164360046,False,False,8,0.34191691875457764,False,False,,0.0,Ask for help,False,False
False,17,monitor,28,0.9124448895454407,Grasp,False,8,0.4135543704032898,False,False,22,0.49257659912109375,False,False,,0.0,Ask for help,False,False
False,14,guitar,8,0.4642965793609619,Ask for help,False,22,0.471360981464386,False,False,14,0.4106782078742981,True,False,,0.0,Ask for help,False,False
False,4,bookshelf,28,0.22065874934196472,Ask for help,False,21,0.4523622393608093,False,False,27,0.5375695824623108,False,False,,0.0,Ask for help,False,False
False,16,mantel,27,0.5698015093803406,Ask for help,False,21,0.33444488048553467,False,False,3,0.7531599998474121,False,False,,0.0,Ask for help,False,False
False,21,plant,21,0.5059645175933838,Ask for help,True,30,0.361790269613266,False,False,21,0.4990684390068054,True,False,21.0,0.5025164783000946,Ask for help,True,True
False,19,person,21,0.737615704536438,Ask for help,False,21,0.6631107330322266,False,False,21,0.4335557520389557,False,False,21.0,0.6114273965358734,Ask for help,False,True
False,23,range_hood,8,0.37754085659980774,Ask for help,False,28,0.9108706712722778,False,False,29,0.45036250352859497,False,False,,0.0,Ask for help,False,False
False,27,stool,15,0.5017098188400269,Ask for help,False,28,0.38287681341171265,False,False,29,0.5354745984077454,False,False,,0.0,Ask for help,False,False
False,0,airplane,19,0.505398690700531,Ask for help,False,0,0.6287363171577454,True,False,19,0.51430743932724,False,False,19.0,0.5098530650138855,Ask for help,False,True
False,21,plant,21,0.4833528399467468,Ask for help,True,8,0.8930274248123169,False,False,8,0.6930268406867981,False,False,8.0,0.7930271327495575,Re-scan,False,True
False,31,tv_stand,6,0.49367204308509827,Ask for help,False,27,0.8226860165596008,False,False,28,0.6343247890472412,False,False,,0.0,Ask for help,False,False
False,0,airplane,29,0.30985623598098755,Ask for help,False,0,0.5877323150634766,True,False,8,0.3721736967563629,False,False,,0.0,Ask for help,False,False
False,15,lamp,15,0.5131798386573792,Ask for help,True,28,0.21201100945472717,False,False,28,0.3983009457588196,False,False,28.0,0.3051559776067734,Ask for help,False,True
False,0,airplane,0,0.38614362478256226,Ask for help,True,28,0.4552555978298187,False,False,0,0.44957250356674194,True,False,0.0,0.4178580641746521,Ask for help,True,True
False,4,bookshelf,8,0.38818567991256714,Ask for help,False,27,0.8329505920410156,False,False,27,0.4558241367340088,False,False,27.0,0.6443873643875122,Ask for help,False,True
False,20,piano,29,0.3538892865180969,Ask for help,False,15,0.7394077777862549,False,False,8,0.4533911645412445,False,False,,0.0,Ask for help,False,False
False,19,person,28,0.27233263850212097,Ask for help,False,8,0.36912447214126587,False,False,21,0.2955777049064636,False,False,,0.0,Ask for help,False,False
False,32,vase,22,0.32577213644981384,Ask for help,False,29,0.6508007645606995,False,False,22,0.37070029973983765,False,False,22.0,0.34823621809482574,Ask for help,False,True
False,13,glass_box,34,0.4451115131378174,Ask for help,False,28,0.5963813066482544,False,False,29,0.5267474055290222,False,False,,0.0,Ask for help,False,False
False,32,vase,28,0.6244595050811768,Ask for help,False,21,0.4080522954463959,False,False,21,0.448885440826416,False,False,21.0,0.42846886813640594,Ask for help,False,True
False,4,bookshelf,28,0.8021056056022644,Re-scan,False,28,0.3320894241333008,False,False,28,0.9306510090827942,False,False,28.0,0.6882820129394531,Ask for help,False,True
False,30,toilet,26,0.739531397819519,Ask for help,False,26,0.7037278413772583,False,False,8,0.2977847158908844,False,False,26.0,0.7216296195983887,Ask for help,False,True
False,31,tv_stand,15,0.4139365255832672,Ask for help,False,27,0.48611918091773987,False,False,26,0.41866880655288696,False,False,,0.0,Ask for help,False,False
False,28,table,22,0.4464959502220154,Ask for help,False,28,0.6616722345352173,True,False,15,0.5095288753509521,False,False,,0.0,Ask for help,False,False
False,18,night_stand,28,0.3351532220840454,Ask for help,False,27,0.34372562170028687,False,False,28,0.4199950695037842,False,False,28.0,0.3775741457939148,Ask for help,False,True
False,0,airplane,8,0.7531551718711853,Ask for help,False,2,0.29893219470977783,False,False,0,0.6666978597640991,True,False,,0.0,Ask for help,False,False
False,5,car,21,0.23229286074638367,Ask for help,False,2,0.24731847643852234,False,False,29,0.8755995035171509,False,False,,0.0,Ask for help,False,False
False,17,monitor,8,0.3613908886909485,Ask for help,False,8,0.4213640093803406,False,False,28,0.6551260352134705,False,False,8.0,0.39137744903564453,Ask for help,False,True
False,32,vase,7,0.5607092976570129,Ask for help,False,7,0.45858487486839294,False,False,29,0.5038706064224243,False,False,7.0,0.5096470862627029,Ask for help,False,True
False,31,tv_stand,27,0.4262782633304596,Ask for help,False,21,0.3322528600692749,False,False,16,0.3915777802467346,False,False,,0.0,Ask for help,False,False
False,0,airplane,15,0.2629314959049225,Ask for help,False,8,0.6508818864822388,False,False,8,0.4975821375846863,False,False,8.0,0.5742320120334625,Ask for help,False,True
False,15,lamp,15,0.665152907371521,Ask for help,True,28,0.9865168333053589,False,False,21,0.35569438338279724,False,False,,0.0,Ask for help,False,False
False,25,sofa,8,0.41593852639198303,Ask for help,False,6,0.32906264066696167,False,False,19,0.7348577380180359,False,False,,0.0,Ask for help,False,False
False,27,stool,6,0.4186916947364807,Ask for help,False,21,0.2795945405960083,False,False,30,0.27190762758255005,False,False,,0.0,Ask for help,False,False
False,3,bench,21,0.21911561489105225,Ask for help,False,15,0.3090321123600006,False,False,21,0.32678478956222534,False,False,21.0,0.2729502022266388,Ask for help,False,True
False,18,night_stand,6,0.47928404808044434,Ask for help,False,15,0.3804601728916168,False,False,28,0.9834474325180054,False,False,,0.0,Ask for help,False,False
False,20,piano,28,0.6052375435829163,Ask for help,False,9,0.5276421308517456,False,False,21,0.24789142608642578,False,False,,0.0,Ask for help,False,False
False,1,bathtub,20,0.255587637424469,Ask for help,False,29,0.5824009776115417,False,False,21,0.2879301905632019,False,False,,0.0,Ask for help,False,False
False,8,curtain,8,0.7830120921134949,Re-scan,True,14,0.8771030306816101,False,False,0,0.5569742918014526,False,False,,0.0,Ask for help,False,False
False,34,xbox,29,0.6687249541282654,Ask for help,False,8,0.32116788625717163,False,False,21,0.28240880370140076,False,False,,0.0,Ask for help,False,False
False,17,monitor,8,0.6972446441650391,Ask for help,False,2,0.22096922993659973,False,False,8,0.8176226615905762,False,False,8.0,0.7574336528778076,Ask for help,False,True
False,13,glass_box,27,0.6697739362716675,Ask for help,False,21,0.39262184500694275,False,False,29,0.4907168447971344,False,False,,0.0,Ask for help,False,False
False,31,tv_stand,6,0.9310703277587891,Grasp,False,27,0.26180917024612427,False,False,27,0.4783947467803955,False,False,27.0,0.3701019585132599,Ask for help,False,True
False,9,desk,2,0.492689311504364,Ask for help,False,19,0.4301777780056,False,False,29,0.3657742142677307,False,False,,0.0,Ask for help,False,False
False,14,guitar,14,0.5921667814254761,Ask for help,True,14,0.7672675251960754,True,False,14,0.6356068849563599,True,False,14.0,0.6650137305259705,Ask for help,True,True
False,28,table,28,0.7544273138046265,Ask for help,True,28,0.6162035465240479,True,False,8,0.4296053349971771,False,False,28.0,0.6853154301643372,Ask for help,True,True
False,31,tv_stand,29,0.4561973512172699,Ask for help,False,19,0.6931954026222229,False,False,28,0.8492094278335571,False,False,,0.0,Ask for help,False,False
False,20,piano,16,0.3236684203147888,Ask for help,False,27,0.547385036945343,False,False,27,0.5661094188690186,False,False,27.0,0.5567472279071808,Ask for help,False,True
False,25,sofa,6,0.322107195854187,Ask for help,False,9,0.30857306718826294,False,False,28,0.7238207459449768,False,False,,0.0,Ask for help,False,False
False,5,car,19,0.41813206672668457,Ask for help,False,28,0.7724612355232239,False,False,9,0.31628137826919556,False,False,,0.0,Ask for help,False,False
False,32,vase,10,0.28752660751342773,Ask for help,False,21,0.4795053005218506,False,False,15,0.36729878187179565,False,False,,0.0,Ask for help,False,False
False,17,monitor,0,0.752438485622406,Ask for help,False,0,0.5231835842132568,False,False,0,0.5072593688964844,False,False,0.0,0.5942938129107157,Ask for help,False,True
False,32,vase,29,0.28420689702033997,Ask for help,False,15,0.6530119180679321,False,False,29,0.5128181576728821,False,False,29.0,0.398512527346611,Ask for help,False,True
False,4,bookshelf,28,0.7869083285331726,Re-scan,False,8,0.43873047828674316,False,False,19,0.42792192101478577,False,False,,0.0,Ask for help,False,False
False,3,bench,21,0.5892982482910156,Ask for help,False,8,0.36410585045814514,False,False,6,0.3818362355232239,False,False,,0.0,Ask for help,False,False
False,23,range_hood,21,0.43643641471862793,Ask for help,False,28,0.7149918675422668,False,False,16,0.26298004388809204,False,False,,0.0,Ask for help,False,False
False,16,mantel,8,0.5558725595474243,Ask for help,False,8,0.377296507358551,False,False,27,0.4061819911003113,False,False,8.0,0.46658453345298767,Ask for help,False,True
False,2,bed,19,0.7024857401847839,Ask for help,False,0,0.38585159182548523,False,False,29,0.2709333002567291,False,False,,0.0,Ask for help,False,False
False,9,desk,8,0.34651175141334534,Ask for help,False,28,0.9411753416061401,False,False,22,0.3460511565208435,False,False,,0.0,Ask for help,False,False
False,10,door,8,0.3224077820777893,Ask for help,False,21,0.40238648653030396,False,False,28,0.4085844159126282,False,False,,0.0,Ask for help,False,False
False,23,range_hood,28,0.8899175524711609,Grasp,False,28,0.47808876633644104,False,False,15,0.3214700222015381,False,False,28.0,0.684003159403801,Ask for help,False,True
False,12,flower_pot,27,0.4198445677757263,Ask for help,False,29,0.5613564848899841,False,False,15,0.5939452052116394,False,False,,0.0,Ask for help,False,False
False,32,vase,7,0.35165712237358093,Ask for help,False,7,0.9228326082229614,False,False,21,0.564628005027771,False,False,7.0,0.6372448652982712,Ask for help,False,True
False,9,desk,19,0.47149038314819336,Ask for help,False,19,0.43399229645729065,False,False,30,0.8441901206970215,False,False,19.0,0.452741339802742,Ask for help,False,True
False,25,sofa,28,0.9795178174972534,Grasp,False,28,0.9399014711380005,False,False,29,0.2058221995830536,False,False,28.0,0.959709644317627,Grasp,False,True
False,13,glass_box,30,0.3086884915828705,Ask for help,False,29,0.34206312894821167,False,False,34,0.2844366431236267,False,False,,0.0,Ask for help,False,False
False,32,vase,10,0.25697508454322815,Ask for help,False,22,0.2964779734611511,False,False,29,0.6507965326309204,False,False,,0.0,Ask for help,False,False
False,0,airplane,0,0.36333566904067993,Ask for help,True,21,0.5555645823478699,False,False,8,0.5631140470504761,False,False,,0.0,Ask for help,False,False
False,12,flower_pot,21,0.6981672048568726,Ask for help,False,28,0.5730694532394409,False,False,15,0.29513663053512573,False,False,,0.0,Ask for help,False,False
False,0,airplane,0,0.752799391746521,Ask for help,True,0,0.39428097009658813,True,False,0,0.6334205865859985,True,False,0.0,0.5935003161430359,Ask for help,True,True
False,14,guitar,15,0.4601915776729584,Ask for help,False,15,0.397773802280426,False,False,15,0.5331376791000366,False,False,15.0,0.4637010196844737,Ask for help,False,True
False,31,tv_stand,28,0.6039078235626221,Ask for help,False,8,0.34738945960998535,False,False,8,0.3017894923686981,False,False,8.0,0.32458947598934174,Ask for help,False,True
False,0,airplane,0,0.4256433844566345,Ask for help,True,15,0.20892839133739471,False,False,8,0.4508066177368164,False,False,,0.0,Ask for help,False,False
False,17,monitor,28,0.6089269518852234,Ask for help,False,19,0.6296618580818176,False,False,21,0.4887511730194092,False,False,,0.0,Ask for help,False,False
False,6,chair,8,0.4239886403083801,Ask for help,False,6,0.5910292863845825,True,False,28,0.6473928689956665,False,False,,0.0,Ask for help,False,False
False,11,dresser,8,0.4439070224761963,Ask for help,False,29,0.44838476181030273,False,False,28,0.25696927309036255,False,False,,0.0,Ask for help,False,False
False,11,dresser,29,0.5997362732887268,Ask for help,False,29,0.41055530309677124,False,False,6,0.44259899854660034,False,False,29.0,0.505145788192749,Ask for help,False,True
False,16,mantel,21,0.32657453417778015,Ask for help,False,21,0.30212220549583435,False,False,21,0.5874997973442078,False,False,21.0,0.4053988456726074,Ask for help,False,True
False,19,person,8,0.39489778876304626,Ask for help,False,22,0.4882546067237854,False,False,8,0.24876496195793152,False,False,8.0,0.3218313753604889,Ask for help,False,True
False,19,person,8,0.6467344164848328,Ask for help,False,21,0.695067822933197,False,False,21,0.7564042210578918,False,False,21.0,0.7257360219955444,Ask for help,False,True
False,32,vase,15,0.26732081174850464,Ask for help,False,22,0.30990225076675415,False,False,15,0.38744407892227173,False,False,15.0,0.3273824453353882,Ask for help,False,True
False,16,mantel,22,0.21477548778057098,Ask for help,False,15,0.30357226729393005,False,False,15,0.3768535554409027,False,False,15.0,0.3402129113674164,Ask for help,False,True
False,25,sofa,14,0.42249688506126404,Ask for help,False,19,0.6471775770187378,False,False,29,0.37298280000686646,False,False,,0.0,Ask for help,False,False
False,30,toilet,30,0.6274874806404114,Ask for help,True,30,0.7734986543655396,True,False,30,0.7478181719779968,True,False,30.0,0.7162681023279825,Ask for help,True,True
False,26,stairs,26,0.6257101893424988,Ask for help,True,26,0.8265811800956726,True,False,26,0.5672910809516907,True,False,26.0,0.673194150129954,Ask for help,True,True
False,27,stool,21,0.35025113821029663,Ask for help,False,21,0.8408964276313782,False,False,15,0.6182671785354614,False,False,21.0,0.5955737829208374,Ask for help,False,True
False,5,car,22,0.36637723445892334,Ask for help,False,22,0.33473891019821167,False,False,29,0.5794200897216797,False,False,22.0,0.3505580723285675,Ask for help,False,True
False,17,monitor,19,0.7934154272079468,Re-scan,False,28,0.5452763438224792,False,False,28,0.4784240126609802,False,False,28.0,0.5118501782417297,Ask for help,False,True
False,14,guitar,14,0.46126431226730347,Ask for help,True,8,0.468905508518219,False,False,8,0.5033994913101196,False,False,8.0,0.4861524999141693,Ask for help,False,True
False,2,bed,30,0.3472887873649597,Ask for help,False,26,0.20809169113636017,False,False,19,0.2730218768119812,False,False,,0.0,Ask for help,False,False
False,8,curtain,8,0.4227253496646881,Ask for help,True,21,0.7179750204086304,False,False,8,0.3913955092430115,True,False,8.0,0.4070604294538498,Ask for help,True,True
False,1,bathtub,8,0.5421552658081055,Ask for help,False,2,0.5560960173606873,False,False,2,0.49630364775657654,False,False,2.0,0.5261998325586319,Ask for help,False,True
False,23,range_hood,6,0.733335018157959,Ask for help,False,6,0.3999108374118805,False,False,21,0.33655431866645813,False,False,6.0,0.5666229277849197,Ask for help,False,True
False,2,bed,2,0.3516142666339874,Ask for help,True,28,0.5053381323814392,False,False,28,0.5099214315414429,False,False,28.0,0.507629781961441,Ask for help,False,True
False,20,piano,19,0.6279703974723816,Ask for help,False,28,0.2527974843978882,False,False,19,0.6599351167678833,False,False,19.0,0.6439527571201324,Ask for help,False,True
False,24,sink,29,0.5062588453292847,Ask for help,False,29,0.5535269975662231,False,False,22,0.37254470586776733,False,False,29.0,0.5298929214477539,Ask for help,False,True
False,32,vase,15,0.36614152789115906,Ask for help,False,15,0.823466420173645,False,False,21,0.5766361355781555,False,False,15.0,0.594803974032402,Ask for help,False,True
False,28,table,14,0.3268584609031677,Ask for help,False,8,0.26870501041412354,False,False,8,0.2386557161808014,False,False,8.0,0.25368036329746246,Ask for help,False,True
False,16,mantel,8,0.38090744614601135,Ask for help,False,15,0.7055720090866089,False,False,28,0.5685498118400574,False,False,,0.0,Ask for help,False,False
False,30,toilet,8,0.8054820895195007,Re-scan,False,19,0.7635204195976257,False,False,28,0.4991297721862793,False,False,,0.0,Ask for help,False,False
False,17,monitor,29,0.6421045064926147,Ask for help,False,19,0.36083826422691345,False,False,28,0.8565560579299927,False,False,,0.0,Ask for help,False,False
False,13,glass_box,28,0.4184724688529968,Ask for help,False,15,0.4271892011165619,False,False,15,0.5078448057174683,False,False,15.0,0.4675170034170151,Ask for help,False,True
False,33,wardrobe,22,0.6152980923652649,Ask for help,False,8,0.3639619052410126,False,False,8,0.3555993437767029,False,False,8.0,0.3597806245088577,Ask for help,False,True
False,23,range_hood,19,0.2942197918891907,Ask for help,False,21,0.510581374168396,False,False,28,0.4545218050479889,False,False,,0.0,Ask for help,False,False
False,18,night_stand,29,0.35238566994667053,Ask for help,False,29,0.4644393026828766,False,False,30,0.2895740568637848,False,False,29.0,0.40841248631477356,Ask for help,False,True
False,13,glass_box,28,0.3461061418056488,Ask for help,False,34,0.21799242496490479,False,False,29,0.838086724281311,False,False,,0.0,Ask for help,False,False
False,18,night_stand,8,0.3053325414657593,Ask for help,False,29,0.505003809928894,False,False,28,0.40612873435020447,False,False,,0.0,Ask for help,False,False
False,21,plant,19,0.7823493480682373,Re-scan,False,21,0.47445377707481384,True,False,21,0.22626304626464844,True,False,21.0,0.35035841166973114,Ask for help,True,True
False,16,mantel,8,0.38428738713264465,Ask for help,False,15,0.29054754972457886,False,False,15,0.5449721217155457,False,False,15.0,0.41775983572006226,Ask for help,False,True
False,0,airplane,0,0.9122195243835449,Grasp,True,0,0.9850847125053406,True,True,8,0.3588833212852478,False,False,0.0,0.9486521184444427,Grasp,True,True
False,1,bathtub,28,0.4941589832305908,Ask for help,False,29,0.5871769189834595,False,False,9,0.3093900978565216,False,False,,0.0,Ask for help,False,False
False,34,xbox,28,0.42306041717529297,Ask for help,False,28,0.6943864822387695,False,False,21,0.3431006371974945,False,False,28.0,0.5587234497070312,Ask for help,False,True
False,9,desk,29,0.30849215388298035,Ask for help,False,22,0.2501917779445648,False,False,14,0.3175268769264221,False,False,,0.0,Ask for help,False,False
False,2,bed,22,0.24964380264282227,Ask for help,False,8,0.6150214672088623,False,False,0,0.6206375956535339,False,False,,0.0,Ask for help,False,False
False,0,airplane,0,0.42176857590675354,Ask for help,True,8,0.6371141672134399,False,False,8,0.49471354484558105,False,False,8.0,0.5659138560295105,Ask for help,False,True
False,20,piano,27,0.4641268253326416,Ask for help,False,27,0.4312137961387634,False,False,27,0.5001245737075806,False,False,27.0,0.46515506505966187,Ask for help,False,True
False,5,car,3,0.6261116862297058,Ask for help,False,28,0.6610031127929688,False,False,19,0.6156876683235168,False,False,,0.0,Ask for help,False,False
False,6,chair,28,0.5786102414131165,Ask for help,False,6,0.7217746376991272,True,False,6,0.5194509029388428,True,False,6.0,0.620612770318985,Ask for help,True,True
False,17,monitor,8,0.5493448376655579,Ask for help,False,0,0.5096498727798462,False,False,28,0.3359702229499817,False,False,,0.0,Ask for help,False,False
False,0,airplane,0,0.544735312461853,Ask for help,True,8,0.6091969013214111,False,False,0,0.7230162024497986,True,False,0.0,0.6338757574558258,Ask for help,True,True
False,30,toilet,21,0.2797139286994934,Ask for help,False,28,0.9789536595344543,False,False,8,0.2845434546470642,False,False,,0.0,Ask for help,False,False
False,13,glass_box,26,0.4166530966758728,Ask for help,False,2,0.401013046503067,False,False,2,0.396768718957901,False,False,2.0,0.398890882730484,Ask for help,False,True
False,28,table,8,0.3828151822090149,Ask for help,False,8,0.5802205801010132,False,False,8,0.26379823684692383,False,False,8.0,0.40894466638565063,Ask for help,False,True
False,13,glass_box,10,0.34306448698043823,Ask for help,False,29,0.5873110294342041,False,False,8,0.26085078716278076,False,False,,0.0,Ask for help,False,False
False,8,curtain,8,0.46414199471473694,Ask for help,True,26,0.41451597213745117,False,False,14,0.6952987909317017,False,False,,0.0,Ask for help,False,False
False,21,plant,7,0.4595945477485657,Ask for help,False,28,0.3070949912071228,False,False,27,0.7382143139839172,False,False,,0.0,Ask for help,False,False
False,18,night_stand,6,0.41666316986083984,Ask for help,False,28,0.9627875089645386,False,False,28,0.6023576259613037,False,False,28.0,0.7825725674629211,Re-scan,False,True
False,10,door,8,0.3955616354942322,Ask for help,False,21,0.49374470114707947,False,False,8,0.32756727933883667,False,False,8.0,0.3615644574165344,Ask for help,False,True
False,32,vase,28,0.6431852579116821,Ask for help,False,29,0.4726622998714447,False,False,28,0.677323043346405,False,False,28.0,0.6602541506290436,Ask for help,False,True
False,9,desk,28,0.8333956599235535,Re-scan,False,0,0.39602580666542053,False,False,19,0.5926154851913452,False,False,,0.0,Ask for help,False,False
False,13,glass_box,29,0.53033047914505,Ask for help,False,19,0.34241944551467896,False,False,19,0.5727999210357666,False,False,19.0,0.4576096832752228,Ask for help,False,True
False,13,glass_box,8,0.522919774055481,Ask for help,False,28,0.48116248846054077,False,False,28,0.9146221876144409,False,False,28.0,0.6978923380374908,Ask for help,False,True
False,18,night_stand,28,0.9849525690078735,Grasp,False,28,0.8038830757141113,False,False,28,0.9420512914657593,False,False,28.0,0.9102956453959147,Grasp,False,True
False,13,glass_box,28,0.3004685044288635,Ask for help,False,8,0.3502097725868225,False,False,21,0.4435536861419678,False,False,,0.0,Ask for help,False,False
False,18,night_stand,8,0.3968401253223419,Ask for help,False,28,0.5796811580657959,False,False,8,0.45738595724105835,False,False,8.0,0.42711304128170013,Ask for help,False,True
False,20,piano,29,0.4041591286659241,Ask for help,False,26,0.2600492835044861,False,False,26,0.373441606760025,False,False,26.0,0.31674544513225555,Ask for help,False,True
False,16,mantel,8,0.43844494223594666,Ask for help,False,16,0.4164353311061859,True,False,15,0.8846238255500793,False,False,,0.0,Ask for help,False,False
False,27,stool,29,0.43400993943214417,Ask for help,False,6,0.29513221979141235,False,False,22,0.3917836546897888,False,False,,0.0,Ask for help,False,False
False,4,bookshelf,8,0.6680281162261963,Ask for help,False,8,0.3735230565071106,False,False,8,0.3232532739639282,False,False,8.0,0.45493481556574505,Ask for help,False,True
False,0,airplane,0,0.7255783081054688,Ask for help,True,0,0.6047794818878174,True,False,8,0.46134060621261597,False,False,0.0,0.6651788949966431,Ask for help,True,True
False,16,mantel,3,0.5761033892631531,Ask for help,False,28,0.49464941024780273,False,False,15,0.39058035612106323,False,False,,0.0,Ask for help,False,False
False,32,vase,15,0.3662866950035095,Ask for help,False,21,0.2877879738807678,False,False,15,0.35074448585510254,False,False,15.0,0.35851559042930603,Ask for help,False,True
False,14,guitar,22,0.4243443012237549,Ask for help,False,14,0.6421058773994446,True,False,22,0.5317152738571167,False,False,22.0,0.4780297875404358,Ask for help,False,True
False,14,guitar,8,0.9272163510322571,Grasp,False,8,0.7824563980102539,False,False,22,0.5864963531494141,False,False,8.0,0.8548363745212555,Re-scan,False,True
False,28,table,29,0.6176384687423706,Ask for help,False,22,0.2763447165489197,False,False,28,0.5601191520690918,True,False,,0.0,Ask for help,False,False
False,23,range_hood,15,0.37966033816337585,Ask for help,False,27,0.5414001941680908,False,False,26,0.267135888338089,False,False,,0.0,Ask for help,False,False
False,5,car,2,0.23024213314056396,Ask for help,False,29,0.963598370552063,False,False,19,0.7966034412384033,False,False,,0.0,Ask for help,False,False
False,29,tent,22,0.4305139482021332,Ask for help,False,29,0.6546255946159363,True,False,22,0.5678743124008179,False,False,22.0,0.4991941303014755,Ask for help,False,True
False,23,range_hood,28,0.3035455346107483,Ask for help,False,28,0.9033883810043335,False,False,15,0.39262858033180237,False,False,28.0,0.6034669578075409,Ask for help,False,True
False,14,guitar,14,0.8630058169364929,Re-scan,True,14,0.4689928889274597,True,False,8,0.5451822280883789,False,False,14.0,0.6659993529319763,Ask for help,True,True
False,30,toilet,19,0.5491794347763062,Ask for help,False,21,0.40207457542419434,False,False,26,0.27529236674308777,False,False,,0.0,Ask for help,False,False
False,20,piano,6,0.20812448859214783,Ask for help,False,21,0.3547818958759308,False,False,21,0.7283382415771484,False,False,21.0,0.5415600687265396,Ask for help,False,True
False,30,toilet,26,0.7353674173355103,Ask for help,False,28,0.33165687322616577,False,False,26,0.631034255027771,False,False,26.0,0.6832008361816406,Ask for help,False,True
False,21,plant,21,0.4691714346408844,Ask for help,True,28,0.5775017142295837,False,False,21,0.5294109582901001,True,False,21.0,0.49929119646549225,Ask for help,True,True
False,30,toilet,28,0.442141056060791,Ask for help,False,30,0.6750264167785645,True,False,8,0.28442269563674927,False,False,,0.0,Ask for help,False,False
False,16,mantel,28,0.4791107177734375,Ask for help,False,28,0.3773939609527588,False,False,22,0.5268481373786926,False,False,28.0,0.42825233936309814,Ask for help,False,True
False,1,bathtub,26,0.31386423110961914,Ask for help,False,19,0.7974345684051514,False,False,19,0.8542903065681458,False,False,19.0,0.8258624374866486,Re-scan,False,True
False,25,sofa,29,0.6479234099388123,Ask for help,False,9,0.33214351534843445,False,False,0,0.3891962170600891,False,False,,0.0,Ask for help,False,False
False,28,table,8,0.6308382749557495,Ask for help,False,8,0.3748868703842163,False,False,8,0.40942469239234924,False,False,8.0,0.47171661257743835,Ask for help,False,True
False,19,person,21,0.6408069729804993,Ask for help,False,21,0.5917234420776367,False,False,29,0.2356724739074707,False,False,21.0,0.616265207529068,Ask for help,False,True
False,5,car,21,0.45016708970069885,Ask for help,False,21,0.7535301446914673,False,False,28,0.3318091630935669,False,False,21.0,0.6018486171960831,Ask for help,False,True
False,1,bathtub,28,0.8759770393371582,Re-scan,False,28,0.5718512535095215,False,False,2,0.49167728424072266,False,False,28.0,0.7239141464233398,Ask for help,False,True
False,14,guitar,22,0.33760663866996765,Ask for help,False,15,0.40718331933021545,False,False,14,0.4849422574043274,True,False,,0.0,Ask for help,False,False
False,20,piano,2,0.34596067667007446,Ask for help,False,28,0.45875900983810425,False,False,28,0.6062772274017334,False,False,28.0,0.5325181186199188,Ask for help,False,True
False,13,glass_box,29,0.6910917162895203,Ask for help,False,19,0.5400941967964172,False,False,28,0.5786486864089966,False,False,,0.0,Ask for help,False,False
False,25,sofa,30,0.667522132396698,Ask for help,False,28,0.35978132486343384,False,False,28,0.8097555041313171,False,False,28.0,0.5847684144973755,Ask for help,False,True
False,2,bed,8,0.34549930691719055,Ask for help,False,22,0.2929915189743042,False,False,28,0.5512703657150269,False,False,,0.0,Ask for help,False,False
False,28,table,26,0.3932371735572815,Ask for help,False,19,0.5138404965400696,False,False,28,0.939151406288147,True,True,,0.0,Ask for help,False,False
False,11,dresser,10,0.24491949379444122,Ask for help,False,15,0.4976779818534851,False,False,28,0.8495370745658875,False,False,,0.0,Ask for help,False,False
False,32,vase,28,0.6739712953567505,Ask for help,False,21,0.33450308442115784,False,False,29,0.635188102722168,False,False,,0.0,Ask for help,False,False
False,25,sofa,19,0.5709718465805054,Ask for help,False,28,0.48878684639930725,False,False,0,0.3429475426673889,False,False,,0.0,Ask for help,False,False
False,0,airplane,8,0.6588453054428101,Ask for help,False,8,0.37391191720962524,False,False,8,0.5854679942131042,False,False,8.0,0.5394084056218466,Ask for help,False,True
False,20,piano,28,0.7579201459884644,Ask for help,False,29,0.32586079835891724,False,False,9,0.26535019278526306,False,False,,0.0,Ask for help,False,False
False,13,glass_box,28,0.26621943712234497,Ask for help,False,22,0.3894113004207611,False,False,27,0.539648175239563,False,False,,0.0,Ask for help,False,False
False,29,tent,29,0.5783513188362122,Ask for help,True,19,0.5893111824989319,False,False,29,0.6656963229179382,True,False,29.0,0.6220238208770752,Ask for help,True,True
False,28,table,28,0.7373912334442139,Ask for help,True,8,0.5808322429656982,False,False,28,0.8556251525878906,True,False,28.0,0.7965081930160522,Re-scan,True,True
False,6,chair,6,0.8981205821037292,Grasp,True,8,0.7178701162338257,False,False,21,0.4883844256401062,False,False,,0.0,Ask for help,False,False
False,16,mantel,28,0.7652750611305237,Ask for help,False,10,0.4012579917907715,False,False,28,0.24889922142028809,False,False,28.0,0.5070871412754059,Ask for help,False,True
False,14,guitar,14,0.5544282793998718,Ask for help,True,22,0.3830510079860687,False,False,22,0.3900578022003174,False,False,22.0,0.38655440509319305,Ask for help,False,True
False,28,table,28,0.6667419672012329,Ask for help,True,8,0.5799092650413513,False,False,28,0.9636695981025696,True,True,28.0,0.8152057826519012,Re-scan,True,True
False,31,tv_stand,28,0.9924576878547668,Grasp,False,10,0.44685235619544983,False,False,28,0.9848438501358032,False,False,28.0,0.988650768995285,Grasp,False,True
False,23,range_hood,8,0.32581835985183716,Ask for help,False,28,0.9944008588790894,False,False,16,0.294878214597702,False,False,,0.0,Ask for help,False,False
False,23,range_hood,16,0.3395864963531494,Ask for help,False,10,0.5382779240608215,False,False,27,0.36280009150505066,False,False,,0.0,Ask for help,False,False
False,13,glass_box,22,0.485348641872406,Ask for help,False,29,0.3287959098815918,False,False,8,0.27211645245552063,False,False,,0.0,Ask for help,False,False
False,4,bookshelf,19,0.5139378309249878,Ask for help,False,8,0.4542350172996521,False,False,8,0.39445096254348755,False,False,8.0,0.4243429899215698,Ask for help,False,True
False,20,piano,28,0.5280372500419617,Ask for help,False,16,0.24813444912433624,False,False,28,0.3097023069858551,False,False,28.0,0.4188697785139084,Ask for help,False,True
False,0,airplane,8,0.608028769493103,Ask for help,False,8,0.4899899959564209,False,False,8,0.758355438709259,False,False,8.0,0.618791401386261,Ask for help,False,True
False,25,sofa,19,0.5738549828529358,Ask for help,False,8,0.3869236409664154,False,False,29,0.3317400813102722,False,False,,0.0,Ask for help,False,False
False,18,night_stand,28,0.7800137400627136,Re-scan,False,28,0.7905325889587402,False,False,28,0.2942512631416321,False,False,28.0,0.6215991973876953,Ask for help,False,True
False,6,chair,6,0.4812881052494049,Ask for help,True,8,0.524829089641571,False,False,6,0.981894314289093,True,True,6.0,0.731591209769249,Ask for help,True,True
False,17,monitor,0,0.4708491861820221,Ask for help,False,0,0.5408628582954407,False,False,0,0.32499027252197266,False,False,0.0,0.4455674389998118,Ask for help,False,True
False,17,monitor,8,0.33742445707321167,Ask for help,False,28,0.9927179217338562,False,False,28,0.5541173219680786,False,False,28.0,0.7734176218509674,Ask for help,False,True
False,5,car,19,0.7438077926635742,Ask for help,False,29,0.964957058429718,False,False,19,0.7889596819877625,False,False,19.0,0.7663837373256683,Ask for help,False,True
False,32,vase,15,0.4869583249092102,Ask for help,False,21,0.277698278427124,False,False,32,0.2978094518184662,True,False,,0.0,Ask for help,False,False
False,14,guitar,8,0.9795503616333008,Grasp,False,8,0.8058689832687378,False,False,8,0.54825758934021,False,False,8.0,0.7778923114140829,Re-scan,False,True
False,30,toilet,19,0.38047903776168823,Ask for help,False,28,0.911675751209259,False,False,6,0.5293259024620056,False,False,,0.0,Ask for help,False,False
False,31,tv_stand,28,0.9598565101623535,Grasp,False,29,0.3287585377693176,False,False,6,0.4755905270576477,False,False,,0.0,Ask for help,False,False
False,6,chair,8,0.7993086576461792,Re-scan,False,6,0.7935962080955505,True,False,15,0.864234447479248,False,False,,0.0,Ask for help,False,False
False,7,cone,15,0.520749568939209,Ask for help,False,15,0.5898227095603943,False,False,22,0.47215136885643005,False,False,15.0,0.5552861392498016,Ask for help,False,True
False,14,guitar,14,0.3490150570869446,Ask for help,True,21,0.43118730187416077,False,False,8,0.6800478100776672,False,False,,0.0,Ask for help,False,False
False,16,mantel,22,0.38301873207092285,Ask for help,False,10,0.2895476222038269,False,False,8,0.48593562841415405,False,False,,0.0,Ask for help,False,False
False,28,table,28,0.8780403137207031,Grasp,True,29,0.40086451172828674,False,False,28,0.7140622735023499,True,False,28.0,0.7960512936115265,Re-scan,True,True
False,2,bed,28,0.9782084226608276,Grasp,False,28,0.7797552943229675,False,False,8,0.2544861435890198,False,False,28.0,0.8789818584918976,Grasp,False,True
False,5,car,28,0.4600827693939209,Ask for help,False,15,0.6271514296531677,False,False,29,0.7337247133255005,False,False,,0.0,Ask for help,False,False
False,4,bookshelf,21,0.3258081078529358,Ask for help,False,8,0.5316153168678284,False,False,21,0.436137855052948,False,False,21.0,0.3809729814529419,Ask for help,False,True
False,25,sofa,19,0.5981242060661316,Ask for help,False,19,0.7607141733169556,False,False,21,0.4066174626350403,False,False,19.0,0.6794191896915436,Ask for help,False,True
False,13,glass_box,29,0.5494697690010071,Ask for help,False,19,0.3924354314804077,False,False,22,0.2850228548049927,False,False,,0.0,Ask for help,False,False
False,6,chair,28,0.7227205038070679,Ask for help,False,21,0.2832433581352234,False,False,6,0.6653866767883301,True,False,,0.0,Ask for help,False,False
False,2,bed,28,0.5537620186805725,Ask for help,False,26,0.41227859258651733,False,False,28,0.32225102186203003,False,False,28.0,0.43800652027130127,Ask for help,False,True
False,29,tent,15,0.4238312244415283,Ask for help,False,29,0.8210692405700684,True,False,21,0.32909053564071655,False,False,,0.0,Ask for help,False,False
False,25,sofa,26,0.22432208061218262,Ask for help,False,8,0.48297715187072754,False,False,28,0.8840801119804382,False,False,,0.0,Ask for help,False,False
False,17,monitor,28,0.7490869760513306,Ask for help,False,28,0.7809650301933289,False,False,19,0.6676419973373413,False,False,28.0,0.7650260031223297,Ask for help,False,True
False,21,plant,28,0.49618855118751526,Ask for help,False,28,0.3925328850746155,False,False,21,0.6963018774986267,True,False,28.0,0.44436071813106537,Ask for help,False,True
False,13,glass_box,28,0.6116951704025269,Ask for help,False,26,0.25945860147476196,False,False,28,0.8247868418693542,False,False,28.0,0.7182410061359406,Ask for help,False,True
False,28,table,22,0.27287590503692627,Ask for help,False,19,0.6255966424942017,False,False,8,0.5743471384048462,False,False,,0.0,Ask for help,False,False
False,23,range_hood,28,0.4829139709472656,Ask for help,False,6,0.8692720532417297,False,False,28,0.6689451336860657,False,False,28.0,0.5759295523166656,Ask for help,False,True
False,28,table,29,0.4503333568572998,Ask for help,False,28,0.651983380317688,True,False,8,0.44812455773353577,False,False,,0.0,Ask for help,False,False
False,4,bookshelf,28,0.2795390486717224,Ask for help,False,27,0.7072161436080933,False,False,28,0.49106544256210327,False,False,28.0,0.38530224561691284,Ask for help,False,True
False,9,desk,21,0.31784459948539734,Ask for help,False,22,0.6268346905708313,False,False,28,0.4106806814670563,False,False,,0.0,Ask for help,False,False
False,21,plant,28,0.8184875249862671,Re-scan,False,28,0.3610753118991852,False,False,28,0.8377515077590942,False,False,28.0,0.6724381148815155,Ask for help,False,True
False,24,sink,29,0.8439773321151733,Re-scan,False,0,0.3930329382419586,False,False,29,0.3112976551055908,False,False,29.0,0.5776374936103821,Ask for help,False,True
False,24,sink,28,0.4674375653266907,Ask for help,False,26,0.3349434435367584,False,False,21,0.4284621775150299,False,False,,0.0,Ask for help,False,False
False,25,sofa,8,0.39402881264686584,Ask for help,False,19,0.713883101940155,False,False,28,0.9760991930961609,False,False,,0.0,Ask for help,False,False
False,9,desk,8,0.3520621657371521,Ask for help,False,29,0.759726881980896,False,False,28,0.8529366254806519,False,False,,0.0,Ask for help,False,False
False,17,monitor,19,0.3596348166465759,Ask for help,False,28,0.9066418409347534,False,False,29,0.2944428026676178,False,False,,0.0,Ask for help,False,False
False,12,flower_pot,21,0.8131712079048157,Re-scan,False,21,0.9166672825813293,False,False,28,0.7997039556503296,False,False,21.0,0.8649192452430725,Re-scan,False,True
False,29,tent,30,0.5482052564620972,Ask for help,False,28,0.8327773809432983,False,False,19,0.5086225867271423,False,False,,0.0,Ask for help,False,False
False,23,range_hood,27,0.6650642156600952,Ask for help,False,28,0.6946843266487122,False,False,15,0.45957475900650024,False,False,,0.0,Ask for help,False,False
False,32,vase,15,0.27318355441093445,Ask for help,False,27,0.5724861025810242,False,False,15,0.43178534507751465,False,False,15.0,0.35248444974422455,Ask for help,False,True
False,9,desk,26,0.34130859375,Ask for help,False,29,0.38058897852897644,False,False,19,0.7810664176940918,False,False,,0.0,Ask for help,False,False
False,31,tv_stand,28,0.490431547164917,Ask for help,False,21,0.36140644550323486,False,False,6,0.7803468704223633,False,False,,0.0,Ask for help,False,False
False,28,table,28,0.9317153692245483,Grasp,True,8,0.45988336205482483,False,False,22,0.4771532118320465,False,False,,0.0,Ask for help,False,False
False,22,radio,15,0.6613266468048096,Ask for help,False,10,0.781063437461853,False,False,21,0.5483211278915405,False,False,,0.0,Ask for help,False,False
False,28,table,28,0.9977323412895203,Grasp,True,8,0.8127551078796387,False,False,0,0.41743117570877075,False,False,,0.0,Ask for help,False,False
False,0,airplane,19,0.3771590292453766,Ask for help,False,8,0.42163214087486267,False,False,8,0.610102653503418,False,False,8.0,0.5158673971891403,Ask for help,False,True
False,30,toilet,28,0.5762187838554382,Ask for help,False,21,0.39618584513664246,False,False,28,0.8685951232910156,False,False,28.0,0.7224069535732269,Ask for help,False,True
False,23,range_hood,28,0.6765357255935669,Ask for help,False,28,0.9572874307632446,False,False,28,0.4771338403224945,False,False,28.0,0.7036523322264353,Ask for help,False,True
False,1,bathtub,0,0.2286110371351242,Ask for help,False,28,0.9282934069633484,False,False,21,0.3110077977180481,False,False,,0.0,Ask for help,False,False
False,17,monitor,21,0.23888912796974182,Ask for help,False,0,0.37940019369125366,False,False,0,0.5418186187744141,False,False,0.0,0.46060940623283386,Ask for help,False,True
False,26,stairs,15,0.6786631345748901,Ask for help,False,8,0.3774990737438202,False,False,8,0.2803313732147217,False,False,8.0,0.32891522347927094,Ask for help,False,True
False,18,night_stand,29,0.333392471075058,Ask for help,False,28,0.5644179582595825,False,False,29,0.3429034650325775,False,False,29.0,0.33814796805381775,Ask for help,False,True
False,9,desk,28,0.5978430509567261,Ask for help,False,8,0.49910515546798706,False,False,28,0.9903992414474487,False,False,28.0,0.7941211462020874,Re-scan,False,True
False,6,chair,26,0.3262460231781006,Ask for help,False,28,0.30867311358451843,False,False,21,0.6513406038284302,False,False,,0.0,Ask for help,False,False
False,18,night_stand,21,0.22950343787670135,Ask for help,False,28,0.5720592737197876,False,False,6,0.660443127155304,False,False,,0.0,Ask for help,False,False
False,11,dresser,19,0.40143561363220215,Ask for help,False,6,0.3229021430015564,False,False,8,0.3164514899253845,False,False,,0.0,Ask for help,False,False
False,33,wardrobe,10,0.47401005029678345,Ask for help,False,6,0.36456695199012756,False,False,10,0.43174657225608826,False,False,10.0,0.45287831127643585,Ask for help,False,True
False,4,bookshelf,3,0.5621005296707153,Ask for help,False,19,0.6895602941513062,False,False,3,0.7098265886306763,False,False,3.0,0.6359635591506958,Ask for help,False,True
False,18,night_stand,28,0.5630993247032166,Ask for help,False,29,0.8597148656845093,False,False,29,0.4715358316898346,False,False,29.0,0.6656253486871719,Ask for help,False,True
False,16,mantel,28,0.267872154712677,Ask for help,False,22,0.5387436747550964,False,False,8,0.4187679886817932,False,False,,0.0,Ask for help,False,False
False,13,glass_box,30,0.43851718306541443,Ask for help,False,29,0.3309694528579712,False,False,30,0.4188428819179535,False,False,30.0,0.42868003249168396,Ask for help,False,True
False,7,cone,15,0.387378990650177,Ask for help,False,21,0.41808801889419556,False,False,15,0.4634622037410736,False,False,15.0,0.4254205971956253,Ask for help,False,True
False,7,cone,7,0.5263082981109619,Ask for help,True,15,0.23020482063293457,False,False,7,0.8239299058914185,True,False,7.0,0.6751191020011902,Ask for help,True,True
False,25,sofa,2,0.5241112112998962,Ask for help,False,19,0.7183340191841125,False,False,28,0.954897403717041,False,False,,0.0,Ask for help,False,False
False,30,toilet,6,0.4297351837158203,Ask for help,False,26,0.21979618072509766,False,False,29,0.40481916069984436,False,False,,0.0,Ask for help,False,False
False,25,sofa,19,0.5372770428657532,Ask for help,False,28,0.4261844754219055,False,False,8,0.37928614020347595,False,False,,0.0,Ask for help,False,False
False,2,bed,29,0.35859817266464233,Ask for help,False,6,0.6361187696456909,False,False,6,0.699262261390686,False,False,6.0,0.6676905155181885,Ask for help,False,True
False,16,mantel,8,0.5550580024719238,Ask for help,False,22,0.3731082081794739,False,False,28,0.47951769828796387,False,False,,0.0,Ask for help,False,False
False,4,bookshelf,3,0.7373296022415161,Ask for help,False,16,0.9164704084396362,False,False,16,0.26359179615974426,False,False,16.0,0.5900311022996902,Ask for help,False,True
False,2,bed,28,0.35480445623397827,Ask for help,False,28,0.6439121961593628,False,False,19,0.6542567610740662,False,False,28.0,0.49935832619667053,Ask for help,False,True
False,13,glass_box,29,0.42825037240982056,Ask for help,False,29,0.6399673819541931,False,False,28,0.4084579050540924,False,False,29.0,0.5341088771820068,Ask for help,False,True
False,33,wardrobe,29,0.4271678924560547,Ask for help,False,15,0.49082309007644653,False,False,27,0.7730109095573425,False,False,,0.0,Ask for help,False,False
False,9,desk,9,0.8725388646125793,Re-scan,True,8,0.671815812587738,False,False,9,0.7856220602989197,True,False,9.0,0.8290804624557495,Re-scan,True,True
False,14,guitar,22,0.3435465097427368,Ask for help,False,14,0.5121256113052368,True,False,8,0.6010011434555054,False,False,,0.0,Ask for help,False,False
False,9,desk,8,0.4933110773563385,Ask for help,False,21,0.3820429742336273,False,False,26,0.4424252510070801,False,False,,0.0,Ask for help,False,False
False,28,table,28,0.7641732096672058,Ask for help,True,28,0.4259582459926605,True,False,28,0.7636903524398804,True,False,28.0,0.6512739360332489,Ask for help,True,True
False,2,bed,8,0.35419222712516785,Ask for help,False,28,0.3538038730621338,False,False,2,0.5331791639328003,True,False,,0.0,Ask for help,False,False
False,28,table,8,0.26919275522232056,Ask for help,False,8,0.6363458037376404,False,False,19,0.5070105791091919,False,False,8.0,0.45276927947998047,Ask for help,False,True
False,18,night_stand,28,0.8887335062026978,Grasp,False,28,0.982498288154602,False,False,6,0.6587738990783691,False,False,28.0,0.9356158971786499,Grasp,False,True
False,17,monitor,8,0.43992042541503906,Ask for help,False,19,0.8560783267021179,False,False,19,0.739418625831604,False,False,19.0,0.797748476266861,Re-scan,False,True
False,17,monitor,0,0.5874276757240295,Ask for help,False,0,0.33065786957740784,False,False,20,0.24799413979053497,False,False,0.0,0.4590427726507187,Ask for help,False,True
False,5,car,28,0.8900772929191589,Grasp,False,28,0.7474761009216309,False,False,28,0.511282742023468,False,False,28.0,0.7162787119547526,Ask for help,False,True
False,13,glass_box,2,0.639484703540802,Ask for help,False,2,0.27486076951026917,False,False,2,0.4083690643310547,False,False,2.0,0.44090484579404193,Ask for help,False,True
False,0,airplane,8,0.35061344504356384,Ask for help,False,19,0.7549322247505188,False,False,0,0.5135189294815063,True,False,,0.0,Ask for help,False,False
False,12,flower_pot,21,0.3703232407569885,Ask for help,False,8,0.3923998177051544,False,False,8,0.3646816611289978,False,False,8.0,0.3785407394170761,Ask for help,False,True
False,16,mantel,8,0.5441325306892395,Ask for help,False,28,0.4471866190433502,False,False,22,0.421438068151474,False,False,,0.0,Ask for help,False,False
False,17,monitor,28,0.7412222027778625,Ask for help,False,19,0.8460767865180969,False,False,28,0.715656578540802,False,False,28.0,0.7284393906593323,Ask for help,False,True
False,21,plant,15,0.30124416947364807,Ask for help,False,21,0.45622530579566956,True,False,34,0.3919261395931244,False,False,,0.0,Ask for help,False,False
False,30,toilet,8,0.29774215817451477,Ask for help,False,6,0.544197142124176,False,False,30,0.8094592094421387,True,False,,0.0,Ask for help,False,False
False,21,plant,22,0.18946996331214905,Ask for help,False,28,0.25204962491989136,False,False,19,0.4492363929748535,False,False,,0.0,Ask for help,False,False
False,14,guitar,26,0.3478403389453888,Ask for help,False,22,0.26913076639175415,False,False,15,0.31124284863471985,False,False,,0.0,Ask for help,False,False
False,30,toilet,22,0.2899037003517151,Ask for help,False,28,0.5081905126571655,False,False,8,0.5507528781890869,False,False,,0.0,Ask for help,False,False
False,2,bed,2,0.22206363081932068,Ask for help,True,19,0.7816743850708008,False,False,2,0.5575742721557617,True,False,2.0,0.3898189514875412,Ask for help,True,True
False,20,piano,28,0.812319278717041,Re-scan,False,10,0.27965113520622253,False,False,28,0.8331926465034485,False,False,28.0,0.8227559626102448,Re-scan,False,True
False,2,bed,19,0.6216845512390137,Ask for help,False,29,0.27455905079841614,False,False,28,0.541991651058197,False,False,,0.0,Ask for help,False,False
False,0,airplane,8,0.5480392575263977,Ask for help,False,14,0.37960487604141235,False,False,8,0.4823842942714691,False,False,8.0,0.5152117758989334,Ask for help,False,True
False,26,stairs,21,0.40492939949035645,Ask for help,False,21,0.5555452108383179,False,False,21,0.3033181130886078,False,False,21.0,0.42126424113909405,Ask for help,False,True
False,18,night_stand,6,0.2710544764995575,Ask for help,False,28,0.6978680491447449,False,False,6,0.8100228309631348,False,False,6.0,0.5405386537313461,Ask for help,False,True
False,4,bookshelf,27,0.7924675941467285,Re-scan,False,28,0.2943017780780792,False,False,28,0.6803274154663086,False,False,28.0,0.4873145967721939,Ask for help,False,True
False,6,chair,6,0.4319209158420563,Ask for help,True,21,0.5127195119857788,False,False,21,0.6782950758934021,False,False,21.0,0.5955072939395905,Ask for help,False,True
False,12,flower_pot,15,0.328256756067276,Ask for help,False,8,0.43941324949264526,False,False,29,0.32816869020462036,False,False,,0.0,Ask for help,False,False
False,31,tv_stand,27,0.25519466400146484,Ask for help,False,28,0.6259551048278809,False,False,28,0.4454525411128998,False,False,28.0,0.5357038229703903,Ask for help,False,True
False,32,vase,27,0.3510836064815521,Ask for help,False,27,0.3919978737831116,False,False,27,0.32947519421577454,False,False,27.0,0.35751889149347943,Ask for help,False,True
False,30,toilet,28,0.5841604471206665,Ask for help,False,26,0.6451781392097473,False,False,28,0.5514863729476929,False,False,28.0,0.5678234100341797,Ask for help,False,True
False,6,chair,8,0.529924750328064,Ask for help,False,6,0.6905305981636047,True,False,8,0.5220886468887329,False,False,8.0,0.5260066986083984,Ask for help,False,True
False,30,toilet,19,0.4171942174434662,Ask for help,False,26,0.5159610509872437,False,False,26,0.44000372290611267,False,False,26.0,0.47798238694667816,Ask for help,False,True
False,30,toilet,8,0.5065481066703796,Ask for help,False,28,0.37189966440200806,False,False,26,0.47147560119628906,False,False,,0.0,Ask for help,False,False
False,13,glass_box,28,0.7866484522819519,Re-scan,False,19,0.36751413345336914,False,False,28,0.8315603137016296,False,False,28.0,0.8091043829917908,Re-scan,False,True
False,33,wardrobe,28,0.8037270307540894,Re-scan,False,28,0.37390047311782837,False,False,21,0.28122633695602417,False,False,28.0,0.5888137519359589,Ask for help,False,True
False,32,vase,16,0.22610945999622345,Ask for help,False,21,0.34409308433532715,False,False,21,0.9277374148368835,False,False,21.0,0.6359152495861053,Ask for help,False,True
False,23,range_hood,19,0.421539306640625,Ask for help,False,8,0.2208215892314911,False,False,6,0.7380756735801697,False,False,,0.0,Ask for help,False,False
False,5,car,29,0.7801767587661743,Re-scan,False,29,0.419989675283432,False,False,21,0.531802237033844,False,False,29.0,0.6000832170248032,Ask for help,False,True
False,6,chair,6,0.6764132976531982,Ask for help,True,8,0.5041974186897278,False,False,21,0.4378531575202942,False,False,,0.0,Ask for help,False,False
False,18,night_stand,29,0.6387144327163696,Ask for help,False,15,0.45807093381881714,False,False,6,0.5331684350967407,False,False,,0.0,Ask for help,False,False
False,1,bathtub,15,0.5514686703681946,Ask for help,False,21,0.4762887954711914,False,False,21,0.5719934701919556,False,False,21.0,0.5241411328315735,Ask for help,False,True
False,28,table,15,0.401449590921402,Ask for help,False,29,0.5614994168281555,False,False,8,0.2836243510246277,False,False,,0.0,Ask for help,False,False
False,23,range_hood,28,0.6750124096870422,Ask for help,False,34,0.20634856820106506,False,False,27,0.5785119533538818,False,False,,0.0,Ask for help,False,False
False,5,car,29,0.8450655937194824,Re-scan,False,15,0.5150049924850464,False,False,29,0.5370189547538757,False,False,29.0,0.6910422742366791,Ask for help,False,True
False,4,bookshelf,21,0.2865278124809265,Ask for help,False,27,0.4142555296421051,False,False,6,0.36279067397117615,False,False,,0.0,Ask for help,False,False
False,6,chair,28,0.8397836685180664,Re-scan,False,3,0.7964393496513367,False,False,6,0.796156644821167,True,False,,0.0,Ask for help,False,False
False,23,range_hood,6,0.5778461694717407,Ask for help,False,8,0.4058299958705902,False,False,28,0.3613593578338623,False,False,,0.0,Ask for help,False,False
False,11,dresser,29,0.7239069938659668,Ask for help,False,29,0.8378250002861023,False,False,29,0.4649509787559509,False,False,29.0,0.67556099096934,Ask for help,False,True
False,16,mantel,8,0.38693615794181824,Ask for help,False,28,0.3369150459766388,False,False,3,0.4444592595100403,False,False,,0.0,Ask for help,False,False
False,3,bench,2,0.44264331459999084,Ask for help,False,28,0.8301519155502319,False,False,28,0.5752638578414917,False,False,28.0,0.7027078866958618,Ask for help,False,True
False,31,tv_stand,27,0.467257559299469,Ask for help,False,28,0.7501140832901001,False,False,26,0.6497548222541809,False,False,,0.0,Ask for help,False,False
False,21,plant,21,0.5055447220802307,Ask for help,True,21,0.2817566990852356,True,False,21,0.37179815769195557,True,False,21.0,0.3863665262858073,Ask for help,True,True
False,7,cone,34,0.3044430613517761,Ask for help,False,22,0.5347755551338196,False,False,29,0.368449330329895,False,False,,0.0,Ask for help,False,False
False,2,bed,26,0.4628472924232483,Ask for help,False,28,0.213374525308609,False,False,26,0.5456124544143677,False,False,26.0,0.504229873418808,Ask for help,False,True
False,25,sofa,29,0.31695181131362915,Ask for help,False,28,0.5669316649436951,False,False,0,0.3304624557495117,False,False,,0.0,Ask for help,False,False
False,9,desk,9,0.7281652092933655,Ask for help,True,21,0.53488689661026,False,False,9,0.7582048177719116,True,False,9.0,0.7431850135326385,Ask for help,True,True
False,5,car,22,0.5130683183670044,Ask for help,False,29,0.3213321566581726,False,False,21,0.37831369042396545,False,False,,0.0,Ask for help,False,False
False,14,guitar,8,0.4010466933250427,Ask for help,False,22,0.47279199957847595,False,False,22,0.6096777319908142,False,False,22.0,0.5412348657846451,Ask for help,False,True
False,16,mantel,15,0.4219039976596832,Ask for help,False,15,0.502173900604248,False,False,15,0.3705734610557556,False,False,15.0,0.4315504531065623,Ask for help,False,True
False,21,plant,9,0.5162402391433716,Ask for help,False,8,0.46773427724838257,False,False,19,0.3300855755805969,False,False,,0.0,Ask for help,False,False
False,6,chair,6,0.43613114953041077,Ask for help,True,8,0.8631840944290161,False,False,6,0.8274073600769043,True,False,6.0,0.6317692548036575,Ask for help,True,True
False,30,toilet,29,0.535097062587738,Ask for help,False,26,0.6271422505378723,False,False,26,0.7358759641647339,False,False,26.0,0.6815091073513031,Ask for help,False,True
False,0,airplane,8,0.8408876657485962,Re-scan,False,2,0.24077698588371277,False,False,8,0.6798704862594604,False,False,8.0,0.7603790760040283,Ask for help,False,True
False,15,lamp,21,0.5473922491073608,Ask for help,False,8,0.4373365342617035,False,False,15,0.3559876084327698,True,False,,0.0,Ask for help,False,False
False,17,monitor,28,0.7714230418205261,Ask for help,False,26,0.6251364946365356,False,False,8,0.2311168611049652,False,False,,0.0,Ask for help,False,False
False,12,flower_pot,21,0.6444810628890991,Ask for help,False,21,0.923936665058136,False,False,21,0.7956135869026184,False,False,21.0,0.7880104382832845,Re-scan,False,True
False,18,night_stand,22,0.4537041187286377,Ask for help,False,28,0.502997100353241,False,False,28,0.9626399874687195,False,False,28.0,0.7328185439109802,Ask for help,False,True
False,21,plant,21,0.5671700239181519,Ask for help,True,21,0.8861491084098816,True,True,28,0.5905773043632507,False,False,21.0,0.7266595661640167,Ask for help,True,True
False,4,bookshelf,3,0.47429734468460083,Ask for help,False,27,0.18951882421970367,False,False,21,0.24603834748268127,False,False,,0.0,Ask for help,False,False
False,4,bookshelf,21,0.3648291528224945,Ask for help,False,21,0.4131902754306793,False,False,21,0.33930906653404236,False,False,21.0,0.3724428315957387,Ask for help,False,True
False,26,stairs,22,0.3134513795375824,Ask for help,False,19,0.5712372064590454,False,False,28,0.5037464499473572,False,False,,0.0,Ask for help,False,False
False,6,chair,30,0.5549691319465637,Ask for help,False,30,0.6024847626686096,False,False,30,0.23784320056438446,False,False,30.0,0.4650990317265193,Ask for help,False,True
False,31,tv_stand,21,0.2344379872083664,Ask for help,False,2,0.3218695819377899,False,False,28,0.9662145376205444,False,False,,0.0,Ask for help,False,False
False,9,desk,28,0.7737954258918762,Ask for help,False,19,0.44586214423179626,False,False,30,0.3024083971977234,False,False,,0.0,Ask for help,False,False
False,30,toilet,22,0.33550286293029785,Ask for help,False,29,0.20345620810985565,False,False,30,0.7498791813850403,True,False,,0.0,Ask for help,False,False
False,33,wardrobe,15,0.25173577666282654,Ask for help,False,10,0.2656518816947937,False,False,6,0.3353990316390991,False,False,,0.0,Ask for help,False,False
False,0,airplane,8,0.4540340006351471,Ask for help,False,0,0.4008621573448181,True,False,29,0.3671157956123352,False,False,,0.0,Ask for help,False,False
False,28,table,28,0.982345461845398,Grasp,True,8,0.39007529616355896,False,False,8,0.5964419841766357,False,False,8.0,0.49325864017009735,Ask for help,False,True
False,21,plant,19,0.8212825655937195,Re-scan,False,19,0.8513949513435364,False,False,0,0.6177838444709778,False,False,19.0,0.8363387584686279,Re-scan,False,True
False,6,chair,6,0.585446834564209,Ask for help,True,6,0.5246955156326294,True,False,6,0.5387691259384155,True,False,6.0,0.5496371587117513,Ask for help,True,True
False,25,sofa,19,0.4504932463169098,Ask for help,False,28,0.3787974417209625,False,False,8,0.37076371908187866,False,False,,0.0,Ask for help,False,False
False,25,sofa,2,0.568764328956604,Ask for help,False,30,0.7841402292251587,False,False,19,0.9679182171821594,False,False,,0.0,Ask for help,False,False
False,25,sofa,6,0.4664788842201233,Ask for help,False,19,0.7266929745674133,False,False,2,0.32484686374664307,False,False,,0.0,Ask for help,False,False
False,5,car,19,0.6144934892654419,Ask for help,False,19,0.34135740995407104,False,False,19,0.7751352787017822,False,False,19.0,0.5769953926404318,Ask for help,False,True
False,23,range_hood,21,0.30887138843536377,Ask for help,False,27,0.1598760187625885,False,False,28,0.8726845979690552,False,False,,0.0,Ask for help,False,False
False,28,table,8,0.6332731246948242,Ask for help,False,8,0.4970554709434509,False,False,28,0.8038889765739441,True,False,8.0,0.5651642978191376,Ask for help,False,True
False,6,chair,8,0.6490829586982727,Ask for help,False,8,0.5489142537117004,False,False,29,0.4950474202632904,False,False,8.0,0.5989986062049866,Ask for help,False,True
False,11,dresser,26,0.5340938568115234,Ask for help,False,29,0.6754947304725647,False,False,26,0.46563372015953064,False,False,26.0,0.49986378848552704,Ask for help,False,True
False,23,range_hood,3,0.5731067657470703,Ask for help,False,15,0.8098424077033997,False,False,28,0.7048012614250183,False,False,,0.0,Ask for help,False,False
False,17,monitor,29,0.428640216588974,Ask for help,False,21,0.33964306116104126,False,False,19,0.4865538477897644,False,False,,0.0,Ask for help,False,False
False,11,dresser,28,0.8197122812271118,Re-scan,False,22,0.3951915204524994,False,False,15,0.7641335725784302,False,False,,0.0,Ask for help,False,False
False,20,piano,6,0.3025915026664734,Ask for help,False,21,0.6271460056304932,False,False,28,0.344337522983551,False,False,,0.0,Ask for help,False,False
False,17,monitor,28,0.8408670425415039,Re-scan,False,19,0.8502732515335083,False,False,22,0.2880341112613678,False,False,,0.0,Ask for help,False,False
False,20,piano,19,0.6363322138786316,Ask for help,False,8,0.32767847180366516,False,False,19,0.47589826583862305,False,False,19.0,0.5561152398586273,Ask for help,False,True
False,14,guitar,14,0.4753786027431488,Ask for help,True,15,0.36852291226387024,False,False,22,0.39126038551330566,False,False,,0.0,Ask for help,False,False
False,0,airplane,19,0.4182363450527191,Ask for help,False,8,0.3723453879356384,False,False,8,0.7260597348213196,False,False,8.0,0.549202561378479,Ask for help,False,True
False,13,glass_box,28,0.8728512525558472,Re-scan,False,19,0.7649785876274109,False,False,20,0.2548791766166687,False,False,,0.0,Ask for help,False,False
False,6,chair,6,0.6438733339309692,Ask for help,True,6,0.5950391888618469,True,False,6,0.9394477605819702,True,True,6.0,0.7261200944582621,Ask for help,True,True
False,23,range_hood,28,0.7493253946304321,Ask for help,False,29,0.7591288685798645,False,False,6,0.9613434672355652,False,False,,0.0,Ask for help,False,False
False,4,bookshelf,28,0.3525838255882263,Ask for help,False,21,0.2410774677991867,False,False,28,0.29586026072502136,False,False,28.0,0.32422204315662384,Ask for help,False,True
False,9,desk,8,0.458254337310791,Ask for help,False,30,0.30938079953193665,False,False,28,0.6938309073448181,False,False,,0.0,Ask for help,False,False
False,11,dresser,28,0.5355091691017151,Ask for help,False,29,0.8210452795028687,False,False,28,0.48368412256240845,False,False,28.0,0.5095966458320618,Ask for help,False,True
False,1,bathtub,28,0.9152506589889526,Grasp,False,29,0.7152815461158752,False,False,21,0.4026319980621338,False,False,,0.0,Ask for help,False,False
False,16,mantel,15,0.19252634048461914,Ask for help,False,28,0.4029877185821533,False,False,26,0.19856831431388855,False,False,,0.0,Ask for help,False,False
False,7,cone,7,0.7679816484451294,Ask for help,True,22,0.39610499143600464,False,False,7,0.51002037525177,True,False,7.0,0.6390010118484497,Ask for help,True,True
False,20,piano,28,0.9859992861747742,Grasp,False,29,0.7439134120941162,False,False,28,0.8331028819084167,False,False,28.0,0.9095510840415955,Grasp,False,True
False,17,monitor,28,0.5277981162071228,Ask for help,False,28,0.9933918714523315,False,False,29,0.26755136251449585,False,False,28.0,0.7605949938297272,Ask for help,False,True
False,31,tv_stand,27,0.39079228043556213,Ask for help,False,28,0.31474989652633667,False,False,6,0.5474916100502014,False,False,,0.0,Ask for help,False,False
False,5,car,9,0.27312979102134705,Ask for help,False,9,0.26217120885849,False,False,28,0.8280323147773743,False,False,9.0,0.2676504999399185,Ask for help,False,True
False,11,dresser,22,0.37476369738578796,Ask for help,False,15,0.7652930617332458,False,False,29,0.6566513180732727,False,False,,0.0,Ask for help,False,False
False,5,car,2,0.3527114987373352,Ask for help,False,9,0.25778189301490784,False,False,19,0.8012520670890808,False,False,,0.0,Ask for help,False,False
False,32,vase,28,0.845101535320282,Re-scan,False,26,0.30968064069747925,False,False,26,0.21222655475139618,False,False,26.0,0.2609535977244377,Ask for help,False,True
False,17,monitor,8,0.6247117519378662,Ask for help,False,8,0.602307140827179,False,False,8,0.4755120873451233,False,False,8.0,0.5675103267033895,Ask for help,False,True
False,31,tv_stand,6,0.3153296113014221,Ask for help,False,29,0.5213888883590698,False,False,28,0.6319990158081055,False,False,,0.0,Ask for help,False,False
False,28,table,28,0.9264680743217468,Grasp,True,14,0.41113266348838806,False,False,8,0.5448716878890991,False,False,,0.0,Ask for help,False,False
False,16,mantel,15,0.37336984276771545,Ask for help,False,6,0.41077136993408203,False,False,15,0.3436697721481323,False,False,15.0,0.3585198074579239,Ask for help,False,True
False,23,range_hood,8,0.3029612898826599,Ask for help,False,26,0.20626311004161835,False,False,8,0.31816017627716064,False,False,8.0,0.3105607330799103,Ask for help,False,True
False,23,range_hood,6,0.7319256663322449,Ask for help,False,28,0.8270509839057922,False,False,28,0.555622935295105,False,False,28.0,0.6913369596004486,Ask for help,False,True
False,18,night_stand,29,0.33263272047042847,Ask for help,False,28,0.879848301410675,False,False,28,0.6379265785217285,False,False,28.0,0.7588874399662018,Ask for help,False,True
False,0,airplane,19,0.5135781764984131,Ask for help,False,8,0.6447675824165344,False,False,0,0.5816341638565063,True,False,,0.0,Ask for help,False,False
False,13,glass_box,28,0.9291484951972961,Grasp,False,28,0.8880289793014526,False,False,29,0.36332255601882935,False,False,28.0,0.9085887372493744,Grasp,False,True
False,13,glass_box,6,0.3457595407962799,Ask for help,False,6,0.4748713970184326,False,False,19,0.399942010641098,False,False,6.0,0.41031546890735626,Ask for help,False,True
False,2,bed,8,0.5211865901947021,Ask for help,False,2,0.776319682598114,True,False,30,0.5364317297935486,False,False,,0.0,Ask for help,False,False
False,13,glass_box,2,0.3764324486255646,Ask for help,False,28,0.5561243295669556,False,False,10,0.5146175622940063,False,False,,0.0,Ask for help,False,False
False,16,mantel,28,0.7029703855514526,Ask for help,False,28,0.7772846817970276,False,False,6,0.7712318301200867,False,False,28.0,0.7401275336742401,Ask for help,False,True
False,20,piano,28,0.7995522618293762,Re-scan,False,21,0.3903120160102844,False,False,8,0.35183006525039673,False,False,,0.0,Ask for help,False,False
False,32,vase,15,0.3834240436553955,Ask for help,False,28,0.6649723052978516,False,False,21,0.402233749628067,False,False,,0.0,Ask for help,False,False
False,20,piano,21,0.4300478398799896,Ask for help,False,21,0.5341347455978394,False,False,21,0.47548237442970276,False,False,21.0,0.47988831996917725,Ask for help,False,True
True,20,laptop,8,0.7729964256286621,Ask for help,,22,0.5669265985488892,,,8,0.6885327696800232,,,8.0,0.7307645976543427,Ask for help,,True
True,5,bottle,21,0.44291430711746216,Ask for help,,27,0.4025096297264099,,,27,0.48528575897216797,,,27.0,0.44389769434928894,Ask for help,,True
True,5,bottle,7,0.8228794932365417,Re-scan,,22,0.5732893943786621,,,7,0.6740719676017761,,,7.0,0.7484757304191589,Ask for help,,True
True,5,bottle,22,0.30318236351013184,Ask for help,,21,0.30221521854400635,,,29,0.36142832040786743,,,,0.0,Ask for help,,False
True,6,bowl,22,0.32679009437561035,Ask for help,,10,0.48629331588745117,,,10,0.7603555917739868,,,10.0,0.623324453830719,Ask for help,,True
True,20,laptop,8,0.7971880435943604,Re-scan,,8,0.8588085174560547,,,21,0.3167324364185333,,,8.0,0.8279982805252075,Re-scan,,True
True,18,keyboard,8,0.6138205528259277,Ask for help,,8,0.2918202877044678,,,8,0.2088921070098877,,,8.0,0.37151098251342773,Ask for help,,True
True,5,bottle,7,0.44367867708206177,Ask for help,,22,0.45828884840011597,,,7,0.4919719099998474,,,7.0,0.4678252935409546,Ask for help,,True
True,5,bottle,19,0.46208634972572327,Ask for help,,29,0.26445272564888,,,21,0.3781142830848694,,,,0.0,Ask for help,,False
True,20,laptop,15,0.6944243907928467,Ask for help,,28,0.6567255258560181,,,15,0.8205778002738953,,,15.0,0.757501095533371,Ask for help,,True
True,5,bottle,22,0.4096295237541199,Ask for help,,21,0.4954600930213928,,,29,0.47239455580711365,,,,0.0,Ask for help,,False
True,5,bottle,7,0.46707063913345337,Ask for help,,21,0.3948591351509094,,,21,0.5252054333686829,,,21.0,0.46003228425979614,Ask for help,,True
True,5,bottle,7,0.44215136766433716,Ask for help,,28,0.322193443775177,,,29,0.46678656339645386,,,,0.0,Ask for help,,False
True,10,cup,15,0.6476343274116516,Ask for help,,29,0.36558693647384644,,,15,0.6506689786911011,,,15.0,0.6491516530513763,Ask for help,,True
True,5,bottle,21,0.4357868731021881,Ask for help,,27,0.28444117307662964,,,29,0.3549119234085083,,,,0.0,Ask for help,,False
True,5,bottle,7,0.3751296401023865,Ask for help,,22,0.2771778702735901,,,7,0.6620239019393921,,,7.0,0.5185767710208893,Ask for help,,True
True,10,cup,28,0.5162187218666077,Ask for help,,15,0.36170852184295654,,,15,0.6697295308113098,,,15.0,0.5157190263271332,Ask for help,,True
True,6,bowl,15,0.3349663317203522,Ask for help,,28,0.7721561789512634,,,28,0.4214479327201843,,,28.0,0.5968020558357239,Ask for help,,True
True,10,cup,19,0.8476880192756653,Re-scan,,28,0.8011082410812378,,,28,0.6698448061943054,,,28.0,0.7354765236377716,Ask for help,,True
True,5,bottle,29,0.49817490577697754,Ask for help,,21,0.49964064359664917,,,15,0.32275766134262085,,,,0.0,Ask for help,,False
True,6,bowl,19,0.39325541257858276,Ask for help,,28,0.5231387615203857,,,28,0.9041153192520142,,,28.0,0.7136270403862,Ask for help,,True
True,20,laptop,6,0.396804541349411,Ask for help,,15,0.6211226582527161,,,15,0.6715947985649109,,,15.0,0.6463587284088135,Ask for help,,True
True,5,bottle,21,0.41220197081565857,Ask for help,,29,0.3287966847419739,,,7,0.52839195728302,,,,0.0,Ask for help,,False
True,18,keyboard,8,0.5946718454360962,Ask for help,,28,0.6416055560112,,,8,0.8760503530502319,,,8.0,0.7353610992431641,Ask for help,,True
True,18,keyboard,15,0.2754729390144348,Ask for help,,26,0.31998902559280396,,,22,0.27604469656944275,,,,0.0,Ask for help,,False
True,6,bowl,10,0.8906747698783875,Grasp,,27,0.4013942778110504,,,29,0.5169435739517212,,,,0.0,Ask for help,,False
True,5,bottle,22,0.4247937798500061,Ask for help,,22,0.6914292573928833,,,15,0.6270119547843933,,,22.0,0.5581115186214447,Ask for help,,True
True,5,bottle,15,0.7899607419967651,Re-scan,,15,0.44587454199790955,,,29,0.3857816755771637,,,15.0,0.6179176419973373,Ask for help,,True
True,6,bowl,28,0.46024656295776367,Ask for help,,28,0.5311181545257568,,,15,0.8461068868637085,,,28.0,0.49568235874176025,Ask for help,,True
True,10,cup,28,0.720396876335144,Ask for help,,28,0.8545957803726196,,,21,0.33025407791137695,,,28.0,0.7874963283538818,Re-scan,,True
True,5,bottle,15,0.44469767808914185,Ask for help,,22,0.4247920513153076,,,29,0.3917217254638672,,,,0.0,Ask for help,,False
True,6,bowl,28,0.5619859099388123,Ask for help,,15,0.7395328879356384,,,19,0.6549946069717407,,,,0.0,Ask for help,,False
True,5,bottle,29,0.576004147529602,Ask for help,,21,0.38812318444252014,,,29,0.5063550472259521,,,29.0,0.5411795973777771,Ask for help,,True
True,20,laptop,15,0.544938325881958,Ask for help,,6,0.537686824798584,,,6,0.5978524088859558,,,6.0,0.5677696168422699,Ask for help,,True
True,5,bottle,29,0.45406627655029297,Ask for help,,29,0.36070728302001953,,,29,0.3971714377403259,,,29.0,0.4039816657702128,Ask for help,,True
True,5,bottle,27,0.41159239411354065,Ask for help,,15,0.39656713604927063,,,7,0.364449143409729,,,,0.0,Ask for help,,False
True,20,laptop,22,0.4043554365634918,Ask for help,,22,0.533759355545044,,,22,0.3715875446796417,,,22.0,0.43656744559605914,Ask for help,,True
True,5,bottle,15,0.5364673137664795,Ask for help,,29,0.5441913604736328,,,29,0.48612332344055176,,,29.0,0.5151573419570923,Ask for help,,True
True,20,laptop,29,0.759548544883728,Ask for help,,28,0.27732962369918823,,,22,0.2999002933502197,,,,0.0,Ask for help,,False
True,5,bottle,22,0.42094436287879944,Ask for help,,7,0.3967692255973816,,,15,0.43897849321365356,,,,0.0,Ask for help,,False
True,5,bottle,29,0.7367045283317566,Ask for help,,29,0.5402483940124512,,,7,0.2912425994873047,,,29.0,0.6384764611721039,Ask for help,,True
True,5,bottle,15,0.45030856132507324,Ask for help,,15,0.6282199621200562,,,22,0.45897454023361206,,,15.0,0.5392642617225647,Ask for help,,True
True,18,keyboard,22,0.4068489074707031,Ask for help,,26,0.23129352927207947,,,8,0.7247880697250366,,,,0.0,Ask for help,,False
True,5,bottle,29,0.5127688646316528,Ask for help,,27,0.4228833317756653,,,27,0.38942164182662964,,,27.0,0.40615248680114746,Ask for help,,True
True,18,keyboard,24,0.33608514070510864,Ask for help,,15,0.46801695227622986,,,15,0.4503682255744934,,,15.0,0.45919258892536163,Ask for help,,True
True,5,bottle,15,0.6312206983566284,Ask for help,,21,0.5287750363349915,,,27,0.44118213653564453,,,,0.0,Ask for help,,False
True,5,bottle,7,0.41226187348365784,Ask for help,,22,0.5300425291061401,,,21,0.6364413499832153,,,,0.0,Ask for help,,False
True,5,bottle,22,0.20357826352119446,Ask for help,,22,0.2694426476955414,,,10,0.3267964720726013,,,22.0,0.23651045560836792,Ask for help,,True
True,5,bottle,29,0.457843542098999,Ask for help,,29,0.40223821997642517,,,22,0.248572438955307,,,29.0,0.4300408810377121,Ask for help,,True
True,5,bottle,26,0.4636714458465576,Ask for help,,19,0.745714545249939,,,21,0.782380223274231,,,,0.0,Ask for help,,False
True,6,bowl,29,0.2679404020309448,Ask for help,,15,0.5620537400245667,,,29,0.640587329864502,,,29.0,0.4542638659477234,Ask for help,,True
True,6,bowl,7,0.923239529132843,Grasp,,28,0.32052290439605713,,,15,0.6024136543273926,,,,0.0,Ask for help,,False
True,5,bottle,29,0.43464985489845276,Ask for help,,22,0.5307426452636719,,,7,0.8119606971740723,,,,0.0,Ask for help,,False
True,5,bottle,22,0.4715251922607422,Ask for help,,29,0.47736507654190063,,,29,0.4929566979408264,,,29.0,0.4851608872413635,Ask for help,,True
True,10,cup,15,0.7580148577690125,Ask for help,,21,0.3606399893760681,,,28,0.8088574409484863,,,,0.0,Ask for help,,False
True,6,bowl,7,0.9793781042098999,Grasp,,28,0.3839130997657776,,,15,0.5118433237075806,,,,0.0,Ask for help,,False
True,5,bottle,29,0.33272793889045715,Ask for help,,19,0.8465021848678589,,,15,0.5611364841461182,,,,0.0,Ask for help,,False
True,20,laptop,19,0.2976591885089874,Ask for help,,15,0.42932456731796265,,,29,0.632154107093811,,,,0.0,Ask for help,,False
True,6,bowl,19,0.3884827196598053,Ask for help,,29,0.43270343542099,,,28,0.8309089541435242,,,,0.0,Ask for help,,False
True,5,bottle,29,0.4219193458557129,Ask for help,,7,0.4703737199306488,,,7,0.4286111891269684,,,7.0,0.4494924545288086,Ask for help,,True
True,5,bottle,22,0.3724987506866455,Ask for help,,22,0.2770821452140808,,,7,0.6848178505897522,,,22.0,0.32479044795036316,Ask for help,,True
True,18,keyboard,8,0.6340347528457642,Ask for help,,15,0.35090404748916626,,,28,0.3239292800426483,,,,0.0,Ask for help,,False
True,18,keyboard,15,0.28538715839385986,Ask for help,,22,0.37130555510520935,,,8,0.45317569375038147,,,,0.0,Ask for help,,False
True,20,laptop,15,0.7011739611625671,Ask for help,,15,0.4201940894126892,,,15,0.4111747145652771,,,15.0,0.5108475883801779,Ask for help,,True
True,5,bottle,22,0.4061969816684723,Ask for help,,22,0.5154687166213989,,,22,0.43538421392440796,,,22.0,0.4523499707380931,Ask for help,,True
True,5,bottle,28,0.58545982837677,Ask for help,,29,0.3443616032600403,,,21,0.46089667081832886,,,,0.0,Ask for help,,False
True,5,bottle,7,0.39793723821640015,Ask for help,,21,0.38589373230934143,,,22,0.3607623875141144,,,,0.0,Ask for help,,False
True,5,bottle,7,0.6339817047119141,Ask for help,,6,0.2941717505455017,,,29,0.5851733088493347,,,,0.0,Ask for help,,False
True,10,cup,28,0.5473906993865967,Ask for help,,8,0.3666224181652069,,,27,0.46580472588539124,,,,0.0,Ask for help,,False
True,5,bottle,29,0.30856460332870483,Ask for help,,15,0.23946622014045715,,,15,0.6538127660751343,,,15.0,0.4466394931077957,Ask for help,,True
True,5,bottle,29,0.47928938269615173,Ask for help,,15,0.7982905507087708,,,28,0.47701510787010193,,,,0.0,Ask for help,,False
True,5,bottle,29,0.5496411919593811,Ask for help,,27,0.3559069037437439,,,15,0.7416679263114929,,,,0.0,Ask for help,,False
True,5,bottle,15,0.3980734944343567,Ask for help,,21,0.4953506588935852,,,22,0.6409815549850464,,,,0.0,Ask for help,,False
True,5,bottle,29,0.4342915415763855,Ask for help,,29,0.3719206750392914,,,22,0.2514275014400482,,,29.0,0.40310610830783844,Ask for help,,True
True,20,laptop,15,0.44179487228393555,Ask for help,,15,0.3922553062438965,,,28,0.40781497955322266,,,15.0,0.417025089263916,Ask for help,,True
True,5,bottle,15,0.34271758794784546,Ask for help,,7,0.46389850974082947,,,29,0.35076290369033813,,,,0.0,Ask for help,,False
True,5,bottle,7,0.3304959833621979,Ask for help,,7,0.4626222252845764,,,29,0.5117691159248352,,,7.0,0.39655910432338715,Ask for help,,True
True,5,bottle,21,0.4442909359931946,Ask for help,,21,0.5078234672546387,,,7,0.5522133708000183,,,21.0,0.4760572016239166,Ask for help,,True
True,5,bottle,21,0.6011630296707153,Ask for help,,21,0.3306017518043518,,,6,0.3373904824256897,,,21.0,0.46588239073753357,Ask for help,,True
True,5,bottle,22,0.5328008532524109,Ask for help,,7,0.7595484852790833,,,15,0.7073639035224915,,,,0.0,Ask for help,,False
True,5,bottle,21,0.5749883651733398,Ask for help,,22,0.3783274292945862,,,15,0.5834737420082092,,,,0.0,Ask for help,,False
True,18,keyboard,22,0.3482597768306732,Ask for help,,26,0.4298146665096283,,,8,0.7493331432342529,,,,0.0,Ask for help,,False
True,5,bottle,7,0.5474692583084106,Ask for help,,7,0.6009084582328796,,,22,0.5529741644859314,,,7.0,0.5741888582706451,Ask for help,,True
True,5,bottle,27,0.42381221055984497,Ask for help,,22,0.6349319815635681,,,7,0.3311123549938202,,,,0.0,Ask for help,,False
True,5,bottle,29,0.6299991607666016,Ask for help,,21,0.5483630895614624,,,7,0.6442660689353943,,,,0.0,Ask for help,,False
True,18,keyboard,8,0.26144152879714966,Ask for help,,28,0.6021735668182373,,,8,0.6466897130012512,,,8.0,0.45406562089920044,Ask for help,,True
True,20,laptop,0,0.52261883020401,Ask for help,,15,0.4380521774291992,,,15,0.6386923789978027,,,15.0,0.538372278213501,Ask for help,,True
True,5,bottle,7,0.3636648654937744,Ask for help,,15,0.5589178800582886,,,27,0.47657862305641174,,,,0.0,Ask for help,,False
True,5,bottle,29,0.4840206503868103,Ask for help,,29,0.5551275014877319,,,29,0.40016207098960876,,,29.0,0.47977007428805035,Ask for help,,True
True,6,bowl,22,0.2703489661216736,Ask for help,,8,0.43495720624923706,,,28,0.3884415030479431,,,,0.0,Ask for help,,False
True,10,cup,29,0.3738269805908203,Ask for help,,8,0.41613978147506714,,,21,0.5185326337814331,,,,0.0,Ask for help,,False
True,5,bottle,22,0.37014052271842957,Ask for help,,15,0.2581283450126648,,,15,0.3567943274974823,,,15.0,0.30746133625507355,Ask for help,,True
True,5,bottle,29,0.40475448966026306,Ask for help,,22,0.4170385003089905,,,7,0.8216654658317566,,,,0.0,Ask for help,,False
True,5,bottle,15,0.34513726830482483,Ask for help,,26,0.21419265866279602,,,22,0.39229816198349,,,,0.0,Ask for help,,False
True,20,laptop,22,0.283993661403656,Ask for help,,6,0.45664921402931213,,,15,0.3667348623275757,,,,0.0,Ask for help,,False
True,5,bottle,10,0.2355661690235138,Ask for help,,15,0.44108662009239197,,,6,0.3053465485572815,,,,0.0,Ask for help,,False
True,18,keyboard,8,0.5819970369338989,Ask for help,,15,0.39624232053756714,,,29,0.31413114070892334,,,,0.0,Ask for help,,False
True,5,bottle,27,0.8262373805046082,Re-scan,,27,0.8116304278373718,,,7,0.7361834645271301,,,27.0,0.81893390417099,Re-scan,,True
True,6,bowl,15,0.48716798424720764,Ask for help,,28,0.712766170501709,,,15,0.573501467704773,,,15.0,0.5303347259759903,Ask for help,,True
True,5,bottle,22,0.3768607974052429,Ask for help,,29,0.5227406024932861,,,29,0.44953542947769165,,,29.0,0.4861380159854889,Ask for help,,True
True,10,cup,29,0.35145890712738037,Ask for help,,15,0.25136780738830566,,,29,0.7225826382637024,,,29.0,0.5370207726955414,Ask for help,,True
True,5,bottle,29,0.6105324029922485,Ask for help,,29,0.30241721868515015,,,29,0.42495495080947876,,,29.0,0.44596819082895917,Ask for help,,True
True,20,laptop,8,0.5219302177429199,Ask for help,,15,0.5112196207046509,,,29,0.48844829201698303,,,,0.0,Ask for help,,False
True,10,cup,29,0.3577345907688141,Ask for help,,29,0.3985060751438141,,,28,0.6678020358085632,,,29.0,0.3781203329563141,Ask for help,,True
True,5,bottle,22,0.42108649015426636,Ask for help,,29,0.413318395614624,,,22,0.39747199416160583,,,22.0,0.4092792421579361,Ask for help,,True
True,18,keyboard,28,0.6973745226860046,Ask for help,,8,0.5986371040344238,,,8,0.7674638032913208,,,8.0,0.6830504536628723,Ask for help,,True
True,10,cup,21,0.3257947564125061,Ask for help,,21,0.5897656083106995,,,28,0.3052995204925537,,,21.0,0.4577801823616028,Ask for help,,True
True,10,cup,7,0.49814677238464355,Ask for help,,21,0.509154200553894,,,19,0.3939383924007416,,,,0.0,Ask for help,,False
True,5,bottle,29,0.22998139262199402,Ask for help,,21,0.4747026562690735,,,29,0.3643204867839813,,,29.0,0.29715093970298767,Ask for help,,True
True,6,bowl,15,0.900330662727356,Grasp,,15,0.9098926782608032,,,28,0.8729730844497681,,,15.0,0.9051116704940796,Grasp,,True
True,10,cup,10,0.37339815497398376,Ask for help,,8,0.45570454001426697,,,21,0.7255558967590332,,,,0.0,Ask for help,,False
True,18,keyboard,26,0.4317907691001892,Ask for help,,8,0.34800249338150024,,,15,0.24283809959888458,,,,0.0,Ask for help,,False
True,5,bottle,29,0.599298357963562,Ask for help,,28,0.4779358506202698,,,8,0.4222976267337799,,,,0.0,Ask for help,,False
True,5,bottle,7,0.6438742876052856,Ask for help,,15,0.3236248195171356,,,29,0.24331557750701904,,,,0.0,Ask for help,,False
True,5,bottle,21,0.3781633973121643,Ask for help,,15,0.7984920740127563,,,21,0.37611135840415955,,,21.0,0.3771373778581619,Ask for help,,True
True,5,bottle,15,0.5352357625961304,Ask for help,,7,0.5799084901809692,,,7,0.28245264291763306,,,7.0,0.43118056654930115,Ask for help,,True
True,5,bottle,28,0.5493449568748474,Ask for help,,29,0.48002952337265015,,,6,0.7419986724853516,,,,0.0,Ask for help,,False
True,18,keyboard,8,0.545807957649231,Ask for help,,14,0.2657420039176941,,,8,0.6363633275032043,,,8.0,0.5910856425762177,Ask for help,,True
True,5,bottle,22,0.5161651968955994,Ask for help,,15,0.46224409341812134,,,7,0.3455737233161926,,,,0.0,Ask for help,,False
True,18,keyboard,29,0.45309314131736755,Ask for help,,28,0.4813479781150818,,,29,0.33044156432151794,,,29.0,0.39176735281944275,Ask for help,,True
True,10,cup,21,0.5004333853721619,Ask for help,,21,0.36956578493118286,,,21,0.2340269833803177,,,21.0,0.36800871789455414,Ask for help,,True
True,6,bowl,15,0.706680178642273,Ask for help,,7,0.5244919061660767,,,15,0.8962688446044922,,,15.0,0.8014745116233826,Re-scan,,True
True,5,bottle,7,0.3005129396915436,Ask for help,,7,0.39411723613739014,,,29,0.41652125120162964,,,7.0,0.34731508791446686,Ask for help,,True
True,5,bottle,28,0.2323472499847412,Ask for help,,21,0.5723987221717834,,,27,0.23619508743286133,,,,0.0,Ask for help,,False
True,5,bottle,22,0.3630877137184143,Ask for help,,29,0.37288913130760193,,,22,0.4037742614746094,,,22.0,0.38343098759651184,Ask for help,,True
True,5,bottle,27,0.270570307970047,Ask for help,,26,0.3783877491950989,,,15,0.3050554394721985,,,,0.0,Ask for help,,False
True,10,cup,21,0.35708191990852356,Ask for help,,27,0.5184902548789978,,,29,0.5191518068313599,,,,0.0,Ask for help,,False
True,5,bottle,22,0.3690386116504669,Ask for help,,28,0.3651212751865387,,,29,0.5113800168037415,,,,0.0,Ask for help,,False
True,6,bowl,29,0.6941587328910828,Ask for help,,21,0.5858004689216614,,,21,0.3383784592151642,,,21.0,0.4620894640684128,Ask for help,,True
True,20,laptop,8,0.5599802732467651,Ask for help,,8,0.7765830755233765,,,8,0.8424309492111206,,,8.0,0.7263314326604208,Ask for help,,True
True,5,bottle,29,0.8521794080734253,Re-scan,,29,0.6134804487228394,,,29,0.656061589717865,,,29.0,0.7072404821713766,Ask for help,,True
True,5,bottle,27,0.3880135416984558,Ask for help,,27,0.3612755835056305,,,15,0.2843781113624573,,,27.0,0.37464456260204315,Ask for help,,True
True,20,laptop,15,0.5236634016036987,Ask for help,,8,0.5240870714187622,,,22,0.31805747747421265,,,,0.0,Ask for help,,False
True,5,bottle,29,0.38997092843055725,Ask for help,,29,0.24492263793945312,,,22,0.7725464701652527,,,29.0,0.3174467831850052,Ask for help,,True
True,5,bottle,29,0.6218932867050171,Ask for help,,7,0.29218894243240356,,,29,0.5686977505683899,,,29.0,0.5952955186367035,Ask for help,,True
True,6,bowl,21,0.3146659731864929,Ask for help,,10,0.4602735936641693,,,15,0.9392906427383423,,,,0.0,Ask for help,,False
True,5,bottle,22,0.31520020961761475,Ask for help,,21,0.4954536557197571,,,15,0.446066677570343,,,,0.0,Ask for help,,False
True,10,cup,29,0.33552324771881104,Ask for help,,29,0.5904614329338074,,,26,0.5532535314559937,,,29.0,0.4629923403263092,Ask for help,,True
True,5,bottle,21,0.4046245515346527,Ask for help,,29,0.5072921514511108,,,7,0.28056734800338745,,,,0.0,Ask for help,,False
True,5,bottle,27,0.4092983603477478,Ask for help,,28,0.328120619058609,,,21,0.9185501933097839,,,,0.0,Ask for help,,False
True,5,bottle,7,0.47927385568618774,Ask for help,,15,0.5933619737625122,,,29,0.6118440628051758,,,,0.0,Ask for help,,False
True,5,bottle,29,0.39061567187309265,Ask for help,,6,0.4179931581020355,,,15,0.3358476459980011,,,,0.0,Ask for help,,False
True,18,keyboard,29,0.5441731214523315,Ask for help,,22,0.44721317291259766,,,29,0.21512512862682343,,,29.0,0.3796491250395775,Ask for help,,True
True,5,bottle,22,0.4168221056461334,Ask for help,,29,0.7177428603172302,,,15,0.5241738557815552,,,,0.0,Ask for help,,False
True,20,laptop,19,0.9267245531082153,Grasp,,19,0.748553991317749,,,29,0.5733755826950073,,,19.0,0.8376392722129822,Re-scan,,True
True,5,bottle,22,0.3252781927585602,Ask for help,,29,0.45889201760292053,,,7,0.6131452322006226,,,,0.0,Ask for help,,False
True,5,bottle,22,0.4166010320186615,Ask for help,,7,0.47994178533554077,,,15,0.7581080198287964,,,,0.0,Ask for help,,False
True,5,bottle,15,0.7328406572341919,Ask for help,,29,0.5211755037307739,,,15,0.6774569153785706,,,15.0,0.7051487863063812,Ask for help,,True
True,18,keyboard,29,0.33499595522880554,Ask for help,,22,0.23961369693279266,,,8,0.3896511197090149,,,,0.0,Ask for help,,False
True,5,bottle,7,0.29446086287498474,Ask for help,,29,0.5577801465988159,,,7,0.4721279740333557,,,7.0,0.3832944184541702,Ask for help,,True
True,5,bottle,22,0.365859717130661,Ask for help,,21,0.36768442392349243,,,7,0.6471589803695679,,,,0.0,Ask for help,,False
True,5,bottle,29,0.28512102365493774,Ask for help,,28,0.44489818811416626,,,27,0.6019400358200073,,,,0.0,Ask for help,,False
True,10,cup,28,0.5668913125991821,Ask for help,,29,0.3423500061035156,,,22,0.29017776250839233,,,,0.0,Ask for help,,False
True,5,bottle,7,0.636227011680603,Ask for help,,22,0.27829986810684204,,,29,0.4199746549129486,,,,0.0,Ask for help,,False
True,10,cup,15,0.6326696872711182,Ask for help,,21,0.5806175470352173,,,29,0.850318431854248,,,,0.0,Ask for help,,False
True,20,laptop,15,0.5741950273513794,Ask for help,,29,0.6270917057991028,,,8,0.36937421560287476,,,,0.0,Ask for help,,False
True,5,bottle,21,0.397653192281723,Ask for help,,15,0.7380827069282532,,,7,0.4978960156440735,,,,0.0,Ask for help,,False
True,10,cup,29,0.9217928051948547,Grasp,,21,0.3492959141731262,,,8,0.48038578033447266,,,,0.0,Ask for help,,False
True,6,bowl,27,0.4935944676399231,Ask for help,,8,0.3222197890281677,,,28,0.6376152634620667,,,,0.0,Ask for help,,False
True,18,keyboard,8,0.7384823560714722,Ask for help,,26,0.7878950238227844,,,8,0.33076390624046326,,,8.0,0.5346231311559677,Ask for help,,True
True,5,bottle,7,0.5500184893608093,Ask for help,,7,0.5796833038330078,,,7,0.533032238483429,,,7.0,0.5542446772257487,Ask for help,,True
True,5,bottle,29,0.4105954170227051,Ask for help,,15,0.7905792593955994,,,29,0.33722734451293945,,,29.0,0.37391138076782227,Ask for help,,True
True,20,laptop,15,0.3801460862159729,Ask for help,,28,0.3566818833351135,,,22,0.48052161931991577,,,,0.0,Ask for help,,False
True,20,laptop,8,0.7815573215484619,Re-scan,,22,0.41486209630966187,,,15,0.6334604024887085,,,,0.0,Ask for help,,False
True,18,keyboard,22,0.3149735927581787,Ask for help,,22,0.4669972360134125,,,22,0.4756549894809723,,,22.0,0.4192086060841878,Ask for help,,True
True,6,bowl,10,0.9360262751579285,Grasp,,8,0.5389484763145447,,,19,0.21909749507904053,,,,0.0,Ask for help,,False
True,5,bottle,26,0.48132753372192383,Ask for help,,6,0.4874909818172455,,,15,0.48082613945007324,,,,0.0,Ask for help,,False
True,5,bottle,29,0.2782478630542755,Ask for help,,29,0.8164948225021362,,,22,0.23476943373680115,,,29.0,0.5473713427782059,Ask for help,,True
True,5,bottle,21,0.4234166741371155,Ask for help,,21,0.5059647560119629,,,14,0.3459520936012268,,,21.0,0.4646907150745392,Ask for help,,True
True,6,bowl,16,0.34694981575012207,Ask for help,,29,0.7989770174026489,,,29,0.4390091300010681,,,29.0,0.6189930737018585,Ask for help,,True
True,5,bottle,29,0.4948393702507019,Ask for help,,29,0.31444251537323,,,15,0.5556048154830933,,,29.0,0.40464094281196594,Ask for help,,True
True,10,cup,28,0.4217916429042816,Ask for help,,21,0.4612967371940613,,,21,0.40606632828712463,,,21.0,0.43368153274059296,Ask for help,,True
True,10,cup,29,0.6289898157119751,Ask for help,,27,0.45080360770225525,,,19,0.5419200658798218,,,,0.0,Ask for help,,False
True,5,bottle,29,0.3155081272125244,Ask for help,,7,0.34344619512557983,,,21,0.270359069108963,,,,0.0,Ask for help,,False
True,6,bowl,15,0.6417587995529175,Ask for help,,10,0.5659948587417603,,,21,0.5882776379585266,,,,0.0,Ask for help,,False
True,5,bottle,7,0.7239424586296082,Ask for help,,15,0.7165408134460449,,,7,0.7258129715919495,,,7.0,0.7248777151107788,Ask for help,,True
True,5,bottle,29,0.480827271938324,Ask for help,,21,0.4738791882991791,,,29,0.46088218688964844,,,29.0,0.4708547294139862,Ask for help,,True
True,20,laptop,8,0.6441692113876343,Ask for help,,6,0.5753692388534546,,,8,0.4378852844238281,,,8.0,0.5410272479057312,Ask for help,,True
True,18,keyboard,8,0.68305903673172,Ask for help,,8,0.4595053195953369,,,8,0.522074282169342,,,8.0,0.5548795461654663,Ask for help,,True
True,18,keyboard,0,0.2829861640930176,Ask for help,,28,0.37751954793930054,,,19,0.6856058835983276,,,,0.0,Ask for help,,False
