sample_idx,is_ood,true_label,true_class_name,pred_label,pred_class_name,correct,confidence,total_entropy,aleatoric,epistemic,variance,error,coverage,cumulative_risk,action
1738,False,6,chair,6,chair,True,0.9999216794967652,0.0009799088584259,0.0008767590625211,0.0001031497959047,5.724245522031879e-10,False,0.0004051863857374392,0.0,Grasp
1411,False,6,chair,6,chair,True,0.999878466129303,0.0014617523411288,0.0012865120079368,0.000175240333192,2.0354538055045172e-09,False,0.0008103727714748784,0.0,Grasp
461,False,25,sofa,25,sofa,True,0.9998542666435242,0.0017656561685726,0.0016229189932346,0.0001427371753379,9.546020640627262e-10,False,0.0012155591572123178,0.0,Grasp
24,False,0,airplane,0,airplane,True,0.9998225569725036,0.0020221944432705,0.0017874686745926,0.0002347257686778,3.972232764937189e-09,False,0.0016207455429497568,0.0,Grasp
196,False,6,chair,6,chair,True,0.9998144507408142,0.0021366002038121,0.0019343914464116,0.0002022087574005,2.7988733553030443e-09,False,0.002025931928687196,0.0,Grasp
1101,False,2,bed,2,bed,True,0.9997900128364564,0.0024583493359386,0.0021406670566648,0.0003176822792738,5.990471674266473e-09,False,0.0024311183144246355,0.0,Grasp
130,False,0,airplane,0,airplane,True,0.9997754096984864,0.0023986732121556,0.0021054425742477,0.0002932306379079,8.487999636486165e-09,False,0.0028363047001620746,0.0,Grasp
958,False,6,chair,6,chair,True,0.999744713306427,0.0027792654000222,0.0024011558853089,0.0003781095147132,9.992659144586469e-09,False,0.0032414910858995136,0.0,Grasp
1587,False,6,chair,6,chair,True,0.9997233748435974,0.0030647339299321,0.0028501183260232,0.0002146156039088,2.7329536411713207e-09,False,0.003646677471636953,0.0,Grasp
1388,False,25,sofa,25,sofa,True,0.9997216463088988,0.0030337325297296,0.0027738204225897,0.0002599121071398,6.180435718761146e-09,False,0.004051863857374392,0.0,Grasp
301,False,25,sofa,25,sofa,True,0.9997076988220216,0.0031956094317138,0.0028018259909003,0.0003937834408134,1.2134358406967747e-08,False,0.004457050243111832,0.0,Grasp
961,False,25,sofa,25,sofa,True,0.9997064471244812,0.0032732584513723,0.0028958339244127,0.0003774245269596,8.203407730889012e-09,False,0.004862236628849271,0.0,Grasp
1177,False,6,chair,6,chair,True,0.9996906518936156,0.0034574740566313,0.0028791797813028,0.0005782942753285,1.807901739425688e-08,False,0.00526742301458671,0.0,Grasp
1769,False,0,airplane,0,airplane,True,0.9996846914291382,0.0033488634508103,0.0028131559956818,0.0005357074551284,2.7266132462955284e-08,False,0.005672609400324149,0.0,Grasp
2239,False,6,chair,6,chair,True,0.9996747970581056,0.0034406897611916,0.0031186849810183,0.0003220047801733,8.009216401205776e-09,False,0.006077795786061589,0.0,Grasp
1990,False,2,bed,2,bed,True,0.9996696710586548,0.003720914479345,0.0033525901380926,0.0003683243412524,6.9278454084553695e-09,False,0.006482982171799027,0.0,Grasp
700,False,0,airplane,0,airplane,True,0.999665141105652,0.0036025405861437,0.0031691482290625,0.0004333923570811,1.3847276214562498e-08,False,0.006888168557536467,0.0,Grasp
1740,False,2,bed,2,bed,True,0.9996466636657716,0.0035764933563768,0.0031145517714321,0.0004619415849447,2.2953509315470914e-08,False,0.007293354943273906,0.0,Grasp
2213,False,2,bed,2,bed,True,0.9996352791786194,0.0040426095947623,0.0036208408419042,0.000421768752858,1.2708324170773722e-08,False,0.007698541329011345,0.0,Grasp
1387,False,25,sofa,25,sofa,True,0.9996278285980223,0.003978625871241,0.0037168795242905,0.0002617463469505,6.325460155665041e-09,False,0.008103727714748784,0.0,Grasp
1654,False,0,airplane,0,airplane,True,0.9996275305747986,0.003963456954807,0.0034118299372494,0.0005516270175576,2.4774447382469592e-08,False,0.008508914100486223,0.0,Grasp
2094,False,6,chair,6,chair,True,0.999625325202942,0.0041483272798359,0.0035282266326248,0.000620100647211,3.1875067918463174e-08,False,0.008914100486223663,0.0,Grasp
1131,False,6,chair,6,chair,True,0.9996203780174256,0.0037663169205188,0.0033297552727162,0.0004365616478025,2.8860364764682345e-08,False,0.009319286871961102,0.0,Grasp
1086,False,0,airplane,0,airplane,True,0.9995818734169006,0.004240124952048,0.0034229874145239,0.0008171375375241,6.54172609415582e-08,False,0.009724473257698542,0.0,Grasp
913,False,6,chair,6,chair,True,0.999581813812256,0.0045506749302148,0.0041487477719783,0.0004019271582365,9.591185623492038e-09,False,0.01012965964343598,0.0,Grasp
119,False,30,toilet,30,toilet,True,0.9995781183242798,0.0046621984802186,0.0040488559752702,0.0006133425049483,1.4834165895649676e-08,False,0.01053484602917342,0.0,Grasp
1082,False,6,chair,6,chair,True,0.9995694160461426,0.0047712521627545,0.004104679916054,0.0006665722467005,2.572912727316634e-08,False,0.01094003241491086,0.0,Grasp
662,False,25,sofa,25,sofa,True,0.999557375907898,0.0046885227784514,0.0043257316574454,0.000362791121006,8.763100467490403e-09,False,0.011345218800648298,0.0,Grasp
925,False,17,monitor,17,monitor,True,0.999552309513092,0.0047542490065097,0.0038929067086428,0.0008613422978669,7.63459837571645e-08,False,0.011750405186385737,0.0,Grasp
986,False,25,sofa,25,sofa,True,0.9995437860488892,0.0047947345301508,0.0043245810084044,0.0004701535217463,1.2248462688546624e-08,False,0.012155591572123177,0.0,Grasp
1515,False,0,airplane,0,airplane,True,0.9995373487472534,0.004908378701657,0.0043076123110949,0.000600766390562,2.1575937481088662e-08,False,0.012560777957860616,0.0,Grasp
943,False,2,bed,2,bed,True,0.999521791934967,0.0048132170923054,0.0042304345406591,0.0005827825516462,3.0594570432640467e-08,False,0.012965964343598054,0.0,Grasp
2190,False,6,chair,6,chair,True,0.9995208978652954,0.0050902217626571,0.0045834137126803,0.0005068080499768,1.3570507384486064e-08,False,0.013371150729335495,0.0,Grasp
390,False,0,airplane,0,airplane,True,0.9995180368423462,0.0050565982237458,0.0043366658501327,0.0007199323736131,4.2590404092379686e-08,False,0.013776337115072933,0.0,Grasp
1451,False,6,chair,6,chair,True,0.9994975924491882,0.0051671238616108,0.0045082899741828,0.000658833887428,3.006378079817296e-08,False,0.014181523500810372,0.0,Grasp
1,False,0,airplane,0,airplane,True,0.9994956254959106,0.0054254150018095,0.0046367542818188,0.0007886607199907,3.580912988354612e-08,False,0.014586709886547812,0.0,Grasp
47,False,0,airplane,0,airplane,True,0.9994921088218688,0.0055500837042927,0.0050373831763863,0.0005127005279064,1.292842011224593e-08,False,0.014991896272285251,0.0,Grasp
312,False,25,sofa,25,sofa,True,0.9994909167289734,0.0050301956944167,0.0038989628665149,0.0011312328279018,1.294707345778079e-07,False,0.01539708265802269,0.0,Grasp
475,False,2,bed,2,bed,True,0.9994840621948242,0.0052073020488023,0.0046658189967274,0.0005414830520749,1.8693722125817658e-08,False,0.015802269043760128,0.0,Grasp
2011,False,0,airplane,0,airplane,True,0.999472439289093,0.0054341712966561,0.0045923013240098,0.0008418699726462,4.83732165434958e-08,False,0.01620745542949757,0.0,Grasp
573,False,25,sofa,25,sofa,True,0.999463677406311,0.0055762715637683,0.0051778508350253,0.000398420728743,8.87225226620103e-09,False,0.01661264181523501,0.0,Grasp
515,False,6,chair,6,chair,True,0.9994520545005798,0.005623273551464,0.004921639803797,0.000701633747667,4.1041129605901006e-08,False,0.017017828200972446,0.0,Grasp
954,False,2,bed,2,bed,True,0.999443769454956,0.0059209982864558,0.00476097734645,0.0011600209400057,7.705946103442329e-08,False,0.017423014586709886,0.0,Grasp
544,False,0,airplane,0,airplane,True,0.9994418621063232,0.0056899562478065,0.0051514655351638,0.0005384907126426,1.7735814594743715e-08,False,0.017828200972447326,0.0,Grasp
1205,False,2,bed,2,bed,True,0.9994412660598756,0.0060023418627679,0.0054598865099251,0.0005424553528428,1.8531808976263164e-08,False,0.018233387358184763,0.0,Grasp
1641,False,0,airplane,0,airplane,True,0.9994348287582396,0.0060108574107289,0.0050349971279501,0.0009758602827787,4.5563300687945236e-08,False,0.018638573743922204,0.0,Grasp
937,False,17,monitor,17,monitor,True,0.9994292855262756,0.0061191190034151,0.0055377669632434,0.0005813520401716,1.6218523413158437e-08,False,0.019043760129659644,0.0,Grasp
1010,False,0,airplane,0,airplane,True,0.9994139671325684,0.0060296356678009,0.0053836018778383,0.0006460337899625,2.1607855060779e-08,False,0.019448946515397084,0.0,Grasp
1448,False,6,chair,6,chair,True,0.99940288066864,0.0056569897569715,0.0052028498612344,0.0004541398957371,2.618077665772489e-08,False,0.01985413290113452,0.0,Grasp
331,False,25,sofa,25,sofa,True,0.999394953250885,0.0058386446908116,0.0053636212833225,0.000475023407489,2.7846187578006724e-08,False,0.02025931928687196,0.0,Grasp
2181,False,0,airplane,0,airplane,True,0.9993858933448792,0.006203481927514,0.0055886968038976,0.0006147851236164,2.9904416720683e-08,False,0.020664505672609402,0.0,Grasp
1371,False,6,chair,6,chair,True,0.9993838667869568,0.0064923232421278,0.0056381565518677,0.0008541666902601,3.588477071048146e-08,False,0.02106969205834684,0.0,Grasp
805,False,2,bed,2,bed,True,0.999382495880127,0.0064475005492568,0.0058915112167596,0.0005559893324971,1.7416681430404424e-08,False,0.02147487844408428,0.0,Grasp
1434,False,2,bed,2,bed,True,0.9993720054626464,0.0066319359466433,0.0054188631474971,0.0012130727991461,9.417921376098093e-08,False,0.02188006482982172,0.0,Grasp
2049,False,30,toilet,30,toilet,True,0.9993690848350524,0.0067850272171199,0.0058989250101149,0.000886102207005,3.014581295701646e-08,False,0.022285251215559156,0.0,Grasp
585,False,5,car,5,car,True,0.999357521533966,0.0066749253310263,0.0056216572411358,0.0010532680898904,5.0959883424184234e-08,False,0.022690437601296597,0.0,Grasp
444,False,0,airplane,0,airplane,True,0.9993523359298706,0.0065918788313865,0.0058334404602646,0.0007584383711218,3.64680943221174e-08,False,0.023095623987034037,0.0,Grasp
433,False,2,bed,2,bed,True,0.9993433952331544,0.0068058744072914,0.0059275748208165,0.0008782995864748,5.116313062103473e-08,False,0.023500810372771474,0.0,Grasp
915,False,2,bed,2,bed,True,0.9993345141410828,0.0071338899433612,0.006272979080677,0.0008609108626842,4.6384332819116025e-08,False,0.023905996758508914,0.0,Grasp
1372,False,2,bed,2,bed,True,0.9993337988853456,0.0066880583763122,0.0056489184498786,0.0010391399264335,6.393333507048737e-08,False,0.024311183144246355,0.0,Grasp
354,False,6,chair,6,chair,True,0.9993260502815248,0.0066737039014697,0.0059359902516007,0.0007377136498689,4.7212999731982563e-08,False,0.02471636952998379,0.0,Grasp
537,False,2,bed,2,bed,True,0.9993194937705994,0.0066627855412662,0.0053251353092491,0.001337650232017,2.0578227122314277e-07,False,0.025121555915721232,0.0,Grasp
1506,False,2,bed,2,bed,True,0.9993172883987428,0.0072414926253259,0.0067191561684012,0.0005223364569246,1.4185252084075728e-08,False,0.025526742301458672,0.0,Grasp
770,False,25,sofa,25,sofa,True,0.9993112683296204,0.0068412190303206,0.0061841025017201,0.0006571165286004,3.5165349743238046e-08,False,0.02593192868719611,0.0,Grasp
97,False,30,toilet,30,toilet,True,0.9992780685424804,0.0076324408873915,0.0068234456703066,0.0008089952170848,3.309268592488479e-08,False,0.02633711507293355,0.0,Grasp
518,False,25,sofa,25,sofa,True,0.9992554783821106,0.0074983621016144,0.0067785698920488,0.0007197922095656,2.8605398938452712e-08,False,0.02674230145867099,0.0,Grasp
250,False,2,bed,2,bed,True,0.9992542862892152,0.0071462295018136,0.0061180894263088,0.0010281400755047,1.2310741226428945e-07,False,0.027147487844408427,0.0,Grasp
95,False,30,toilet,30,toilet,True,0.9992451071739196,0.0076488470658659,0.0063312440179288,0.0013176030479371,1.320711504604333e-07,False,0.027552674230145867,0.0,Grasp
1380,False,0,airplane,0,airplane,True,0.9992370009422302,0.0080914795398712,0.0074108131229877,0.0006806664168834,3.2566713770165734e-08,False,0.027957860615883307,0.0,Grasp
2257,False,6,chair,6,chair,True,0.9992297887802124,0.007972496561706,0.0067068412899971,0.0012656552717089,8.308577292837073e-08,False,0.028363047001620744,0.0,Grasp
692,False,5,car,5,car,True,0.999213695526123,0.0073530869558453,0.0062667676247656,0.0010863193310797,1.2004213090222038e-07,False,0.028768233387358184,0.0,Grasp
1135,False,25,sofa,25,sofa,True,0.9992078542709352,0.0078879557549953,0.0066157896071672,0.0012721661478281,9.634752018428117e-08,False,0.029173419773095625,0.0,Grasp
1730,False,30,toilet,30,toilet,True,0.9992021322250366,0.008338744752109,0.007057499140501,0.001281245611608,7.245039057579562e-08,False,0.02957860615883306,0.0,Grasp
2178,False,2,bed,2,bed,True,0.999196469783783,0.0082442332059144,0.0072260643355548,0.0010181688703596,5.6907797585381565e-08,False,0.029983792544570502,0.0,Grasp
1084,False,2,bed,2,bed,True,0.999191403388977,0.0080644087865948,0.0066894893534481,0.0013749194331467,1.6813071113119807e-07,False,0.030388978930307942,0.0,Grasp
427,False,2,bed,2,bed,True,0.9991797804832458,0.0085443304851651,0.007294975221157,0.001249355264008,1.0081428314379083e-07,False,0.03079416531604538,0.0,Grasp
1162,False,2,bed,2,bed,True,0.9991788268089294,0.0082947174087166,0.0074378778226673,0.0008568395860493,4.162240330174427e-08,False,0.03119935170178282,0.0,Grasp
29,False,2,bed,2,bed,True,0.9991782307624816,0.0083234058693051,0.0068332981318235,0.0014901077374815,1.7286774323110876e-07,False,0.031604538087520256,0.0,Grasp
1181,False,30,toilet,30,toilet,True,0.9991706013679504,0.0086241206154227,0.0076561206951737,0.0009679999202489,4.571502998373944e-08,False,0.0320097244732577,0.0,Grasp
505,False,25,sofa,25,sofa,True,0.9991614818572998,0.007591632194817,0.006928683258593,0.0006629489362239,5.4753744649360676e-08,False,0.03241491085899514,0.0,Grasp
1706,False,6,chair,6,chair,True,0.999160647392273,0.0084632895886898,0.0077297971583902,0.0007334924302995,4.0486426655661496e-08,False,0.032820097244732574,0.0,Grasp
1151,False,25,sofa,25,sofa,True,0.9991475939750672,0.0087860673666,0.0079733105376362,0.0008127568289637,4.0589000604995824e-08,False,0.03322528363047002,0.0,Grasp
152,False,2,bed,2,bed,True,0.9991437792778016,0.0084042567759752,0.0072703356854617,0.0011339210905134,1.4821708305134964e-07,False,0.033630470016207455,0.0,Grasp
1349,False,2,bed,2,bed,True,0.999132513999939,0.0086350459605455,0.0074271950870752,0.0012078508734703,6.451234213500356e-08,False,0.03403565640194489,0.0,Grasp
1844,False,0,airplane,0,airplane,True,0.9991275668144226,0.0087737534195184,0.0075297281146049,0.0012440253049135,9.824439928252104e-08,False,0.034440842787682335,0.0,Grasp
2242,False,25,sofa,25,sofa,True,0.9991194009780884,0.0081480294466018,0.0073637110181152,0.0007843184284865,6.441628386255617e-08,False,0.03484602917341977,0.0,Grasp
1836,False,25,sofa,25,sofa,True,0.9991194009780884,0.0088449334725737,0.0081501370295882,0.0006947964429855,3.4530675208088724e-08,False,0.03525121555915721,0.0,Grasp
1222,False,2,bed,2,bed,True,0.9991121888160706,0.0088188536465168,0.0074212695471942,0.0013975840993225,1.3485738747931464e-07,False,0.03565640194489465,0.0,Grasp
647,False,25,sofa,25,sofa,True,0.9991104006767272,0.0088869584724307,0.0081172343343496,0.000769724138081,4.3771635205303034e-08,False,0.03606158833063209,0.0,Grasp
898,False,2,bed,2,bed,True,0.999096691608429,0.008557048626244,0.0072602746076881,0.0012967740185558,2.069220244038661e-07,False,0.03646677471636953,0.0,Grasp
726,False,2,bed,2,bed,True,0.999083936214447,0.0089210327714681,0.0076307477429509,0.0012902850285172,1.3332443415947637e-07,False,0.03687196110210697,0.0,Grasp
753,False,17,monitor,17,monitor,True,0.9990766048431396,0.009051326662302,0.0080747418105602,0.0009765848517417,6.083622849928362e-08,False,0.03727714748784441,0.0,Grasp
940,False,6,chair,6,chair,True,0.9990748763084412,0.008563544601202,0.007664754986763,0.000898789614439,7.564990056607712e-08,False,0.03768233387358185,0.0,Grasp
82,False,0,airplane,0,airplane,True,0.9990732669830322,0.0089767426252365,0.0081131877377629,0.0008635548874735,5.2174502940260936e-08,False,0.03808752025931929,0.0,Grasp
1946,False,5,car,5,car,True,0.9990665912628174,0.0091806761920452,0.0080208173021674,0.0011598588898777,9.477509621547142e-08,False,0.038492706645056725,0.0,Grasp
1160,False,25,sofa,25,sofa,True,0.9990658164024352,0.0088303107768297,0.007953074760735,0.0008772360160946,6.934625673693517e-08,False,0.03889789303079417,0.0,Grasp
2198,False,6,chair,6,chair,True,0.9990614652633668,0.0088489986956119,0.0079023074358701,0.0009466912597417,7.019107073347186e-08,False,0.039303079416531606,0.0,Grasp
1533,False,5,car,5,car,True,0.999019742012024,0.0097817275673151,0.0082260053604841,0.0015557222068309,1.2446963637557928e-07,False,0.03970826580226904,0.0,Grasp
1014,False,30,toilet,30,toilet,True,0.999016523361206,0.0101200575008988,0.0087124751880764,0.0014075823128223,1.0175367037845717e-07,False,0.040113452188006486,0.0,Grasp
933,False,2,bed,2,bed,True,0.9990109205245972,0.009844783693552,0.0083005921915173,0.0015441915020346,1.3947492050192525e-07,False,0.04051863857374392,0.0,Grasp
1099,False,0,airplane,0,airplane,True,0.9990032315254213,0.01005226559937,0.0091233476996421,0.0009289178997278,4.9051656958454266e-08,False,0.04092382495948136,0.0,Grasp
343,False,2,bed,2,bed,True,0.9989968538284302,0.0098951878026127,0.0086898896843194,0.0012052981182932,9.177889381817297e-08,False,0.041329011345218804,0.0,Grasp
1081,False,30,toilet,30,toilet,True,0.998988389968872,0.0102893095463514,0.008695799857378,0.0015935096889734,2.239589633745709e-07,False,0.04173419773095624,0.0,Grasp
2220,False,6,chair,6,chair,True,0.9989749789237976,0.010316826403141,0.0090913390740752,0.0012254873290657,7.459367878936973e-08,False,0.04213938411669368,0.0,Grasp
547,False,25,sofa,25,sofa,True,0.9989727735519408,0.0097454516217112,0.0082628419622778,0.0014826096594333,2.373219416540451e-07,False,0.04254457050243112,0.0,Grasp
516,False,2,bed,2,bed,True,0.9989715814590454,0.0103298490867018,0.0092840958386659,0.0010457532480359,5.7350149518242695e-08,False,0.04294975688816856,0.0,Grasp
1541,False,17,monitor,17,monitor,True,0.9989622235298156,0.0105061568319797,0.0093904044479131,0.0011157523840665,6.838928356955877e-08,False,0.043354943273905995,0.0,Grasp
30,False,9,desk,9,desk,True,0.9989598393440248,0.0102253202348947,0.0083001647144556,0.0019251555204391,2.426507137442968e-07,False,0.04376012965964344,0.0,Grasp
2162,False,2,bed,2,bed,True,0.998955011367798,0.0102304480969905,0.0082163903862237,0.0020140577107667,3.7203486158432497e-07,False,0.044165316045380876,0.0,Grasp
1491,False,17,monitor,17,monitor,True,0.9989526867866516,0.0104890679940581,0.0086959190666675,0.0017931489273905,1.6689820370174857e-07,False,0.04457050243111831,0.0,Grasp
1622,False,25,sofa,25,sofa,True,0.9989525079727172,0.0093557350337505,0.0081060398370027,0.0012496951967477,2.5050047725017066e-07,False,0.044975688816855756,0.0,Grasp
923,False,30,toilet,30,toilet,True,0.9989476799964904,0.0107076717540621,0.0095199448987841,0.001187726855278,8.176291288464199e-08,False,0.04538087520259319,0.0,Grasp
99,False,0,airplane,0,airplane,True,0.9989380836486816,0.0107752829790115,0.0093483878299593,0.0014268951490521,1.5648633677756155e-07,False,0.04578606158833063,0.0,Grasp
280,False,5,car,5,car,True,0.9989376664161682,0.0098290964961051,0.0080245910212397,0.0018045054748654,4.1603956901781203e-07,False,0.046191247974068074,0.0,Grasp
789,False,6,chair,6,chair,True,0.9989315271377563,0.0103374496102333,0.0092329690232872,0.001104480586946,7.905317289669257e-08,False,0.04659643435980551,0.0,Grasp
1640,False,30,toilet,30,toilet,True,0.9989304542541504,0.0104003325104713,0.0090820072218775,0.0013183252885937,8.101528692350257e-08,False,0.04700162074554295,0.0,Grasp
1717,False,25,sofa,25,sofa,True,0.9989288449287416,0.0105184223502874,0.0092532923445105,0.0012651300057768,1.4299530448624864e-07,False,0.04740680713128039,0.0,Grasp
1318,False,2,bed,2,bed,True,0.998921513557434,0.0103228818625211,0.0080215185880661,0.002301363274455,5.067319648333068e-07,False,0.04781199351701783,0.0,Grasp
661,False,25,sofa,25,sofa,True,0.9989171624183656,0.0100291464477777,0.0086128991097211,0.0014162473380565,1.9054803601648018e-07,False,0.048217179902755265,0.0,Grasp
1088,False,25,sofa,25,sofa,True,0.9989160299301147,0.0104166269302368,0.0089330086484551,0.0014836182817816,1.9614329005435138e-07,False,0.04862236628849271,0.0,Grasp
1649,False,5,car,5,car,True,0.9989140033721924,0.0099908355623483,0.0088434098288416,0.0011474257335066,9.713861004456704e-08,False,0.049027552674230146,0.0,Grasp
1971,False,6,chair,6,chair,True,0.9988983869552612,0.0105273127555847,0.0090822987258434,0.0014450140297412,1.2875632648956525e-07,False,0.04943273905996758,0.0,Grasp
10,False,0,airplane,0,airplane,True,0.998894214630127,0.0112071577459573,0.0098722083494067,0.0013349493965506,9.184482507862413e-08,False,0.04983792544570503,0.0,Grasp
496,False,0,airplane,0,airplane,True,0.9988640546798706,0.0102954870089888,0.0081766806542873,0.0021188063547015,3.7834828958693844e-07,False,0.050243111831442464,0.0,Grasp
1495,False,9,desk,9,desk,True,0.9988552331924438,0.0107794506475329,0.0093938130885362,0.0013856375589966,1.351762080048502e-07,False,0.0506482982171799,0.0,Grasp
616,False,0,airplane,0,airplane,True,0.9988454580307008,0.0110499504953622,0.0098089631646871,0.0012409873306751,1.149944068856712e-07,False,0.051053484602917344,0.0,Grasp
1123,False,0,airplane,0,airplane,True,0.9988308548927308,0.0118716992437839,0.0106335934251546,0.0012381058186292,8.815048602173192e-08,False,0.05145867098865478,0.0,Grasp
671,False,6,chair,6,chair,True,0.9988173246383668,0.0117600448429584,0.0098697748035192,0.0018902700394392,1.8521429012707813e-07,False,0.05186385737439222,0.0,Grasp
2240,False,25,sofa,25,sofa,True,0.9988124370574952,0.0112337907776236,0.0094935307279229,0.0017402600497007,2.69869872226991e-07,False,0.05226904376012966,0.0,Grasp
727,False,30,toilet,30,toilet,True,0.9988084435462952,0.0115886926651,0.0103499181568622,0.0012387745082378,1.2059771847816594e-07,False,0.0526742301458671,0.0,Grasp
1280,False,2,bed,2,bed,True,0.99880051612854,0.0119374729692935,0.0102215241640806,0.0017159488052129,1.4448825425006362e-07,False,0.053079416531604535,0.0,Grasp
1964,False,0,airplane,0,airplane,True,0.9987984299659728,0.0109604010358452,0.0095189837738871,0.0014414172619581,2.0716959170385962e-07,False,0.05348460291734198,0.0,Grasp
88,False,30,toilet,30,toilet,True,0.9987981915473938,0.0117316264659166,0.0103799384087324,0.0013516880571842,1.1685603595879003e-07,False,0.053889789303079416,0.0,Grasp
87,False,0,airplane,0,airplane,True,0.9987975358963012,0.0119565650820732,0.0106100039556622,0.0013465611264109,1.0475243783503176e-07,False,0.05429497568881685,0.0,Grasp
2167,False,5,car,5,car,True,0.9987690448760986,0.0119605977088212,0.0103433579206466,0.0016172397881746,1.5073136694354616e-07,False,0.0547001620745543,0.0,Grasp
1675,False,25,sofa,25,sofa,True,0.9987664818763732,0.0112947151064872,0.0101486910134553,0.0011460240930318,1.0372858838536558e-07,False,0.055105348460291734,0.0,Grasp
391,False,17,monitor,17,monitor,True,0.9987624883651732,0.0124456658959388,0.0113389063626527,0.001106759533286,6.17387740931008e-08,False,0.05551053484602917,0.0,Grasp
2166,False,17,monitor,17,monitor,True,0.9987612366676332,0.0116588342934846,0.010210832580924,0.0014480017125606,1.4389736691100552e-07,False,0.055915721231766614,0.0,Grasp
1223,False,20,piano,20,piano,True,0.9987497925758362,0.0124076111242175,0.0108591681346297,0.0015484429895877,1.7310273392467934e-07,False,0.05632090761750405,0.0,Grasp
2067,False,25,sofa,25,sofa,True,0.998747944831848,0.0120691880583763,0.010210994631052,0.0018581934273242,2.3517830527453046e-07,False,0.05672609400324149,0.0,Grasp
318,False,25,sofa,25,sofa,True,0.998741090297699,0.0118067786097526,0.0105387484654784,0.0012680301442742,1.0243123682585065e-07,False,0.05713128038897893,0.0,Grasp
181,False,25,sofa,25,sofa,True,0.9987250566482544,0.0113219954073429,0.0099315801635384,0.0013904152438044,2.159492140663133e-07,False,0.05753646677471637,0.0,Grasp
2214,False,25,sofa,25,sofa,True,0.9987077116966248,0.0123557616025209,0.0112373549491167,0.0011184066534042,1.0201159028611073e-07,False,0.057941653160453806,0.0,Grasp
1576,False,6,chair,6,chair,True,0.9987016916275024,0.0111696608364582,0.0086998734623193,0.0024697873741388,5.987112103866821e-07,False,0.05834683954619125,0.0,Grasp
1588,False,25,sofa,25,sofa,True,0.9986881613731384,0.0120811471715569,0.0108518125489354,0.0012293346226215,1.3932790920989646e-07,False,0.058752025931928686,0.0,Grasp
284,False,30,toilet,30,toilet,True,0.9986804127693176,0.0126652382314205,0.0104555543512105,0.0022096838802099,2.81574699556586e-07,False,0.05915721231766612,0.0,Grasp
1637,False,25,sofa,25,sofa,True,0.9986734986305236,0.0127318613231182,0.0113803846761584,0.0013514766469597,1.4490483124518505e-07,False,0.05956239870340357,0.0,Grasp
1602,False,30,toilet,30,toilet,True,0.9986687302589417,0.0130636021494865,0.0120070939883589,0.0010565081611275,5.844832173806935e-08,False,0.059967585089141004,0.0,Grasp
600,False,30,toilet,30,toilet,True,0.9986459612846376,0.0116854067891836,0.0104800537228584,0.0012053530663251,1.6280246484257077e-07,False,0.06037277147487844,0.0,Grasp
423,False,0,airplane,0,airplane,True,0.9986143112182616,0.0134771512821316,0.0109711894765496,0.002505961805582,6.104671115281235e-07,False,0.060777957860615885,0.0,Grasp
1781,False,5,car,5,car,True,0.9986098408699036,0.0133068803697824,0.0120978839695453,0.001208996400237,6.87564707391175e-08,False,0.06118314424635332,0.0,Grasp
394,False,17,monitor,17,monitor,True,0.9986061453819276,0.0130634289234876,0.0116079850122332,0.0014554439112544,1.5317630186473252e-07,False,0.06158833063209076,0.0,Grasp
2036,False,0,airplane,0,airplane,True,0.9986061453819276,0.0137513652443885,0.0119606079533696,0.0017907572910189,2.012377535720589e-07,False,0.0619935170178282,0.0,Grasp
1360,False,6,chair,6,chair,True,0.998589813709259,0.0123101063072681,0.009569332934916,0.0027407733723521,7.994801762833958e-07,False,0.06239870340356564,0.0,Grasp
249,False,2,bed,2,bed,True,0.9985894560813904,0.0137779209762811,0.0117958346381783,0.0019820863381028,1.8999580220224746e-07,False,0.06280388978930308,0.0,Grasp
664,False,17,monitor,17,monitor,True,0.9985807538032532,0.013735874556005,0.0120843788608908,0.0016514956951141,1.5949102305512497e-07,False,0.06320907617504051,0.0,Grasp
1835,False,17,monitor,17,monitor,True,0.998571276664734,0.0131954830139875,0.0116910729557275,0.0015044100582599,1.839030829842159e-07,False,0.06361426256077796,0.0,Grasp
1488,False,25,sofa,25,sofa,True,0.9985672235488892,0.0133187621831893,0.012236132286489,0.0010826298967003,9.058441463594137e-08,False,0.0640194489465154,0.0,Grasp
2086,False,6,chair,6,chair,True,0.9985640048980712,0.0139708025380969,0.0117827523499727,0.0021880501881241,3.2959260920506495e-07,False,0.06442463533225283,0.0,Grasp
859,False,6,chair,6,chair,True,0.9985628724098206,0.0133443120867013,0.0114259589463472,0.0019183531403541,3.560174377525982e-07,False,0.06482982171799027,0.0,Grasp
1918,False,30,toilet,30,toilet,True,0.998534083366394,0.0134757496416568,0.0124492095783352,0.0010265400633215,9.3349555640998e-08,False,0.06523500810372772,0.0,Grasp
1735,False,6,chair,6,chair,True,0.9985116124153136,0.0119808744639158,0.0108380233868956,0.0011428510770201,2.865299109089392e-07,False,0.06564019448946515,0.0,Grasp
549,False,2,bed,2,bed,True,0.9985116124153136,0.0134002603590488,0.0119161633774638,0.001484096981585,1.8434315052218158e-07,False,0.06604538087520259,0.0,Grasp
337,False,6,chair,6,chair,True,0.9985103011131288,0.01398432161659,0.0115150436758995,0.0024692779406905,5.677054559782846e-07,False,0.06645056726094004,0.0,Grasp
434,False,6,chair,6,chair,True,0.9984897375106812,0.0137880202382802,0.012098278850317,0.0016897413879632,1.8547719093930937e-07,False,0.06685575364667747,0.0,Grasp
1905,False,0,airplane,0,airplane,True,0.9984892010688782,0.0149724567309021,0.0134432185441255,0.0015292381867766,1.3528448050692532e-07,False,0.06726094003241491,0.0,Grasp
1679,False,6,chair,6,chair,True,0.9984760880470276,0.0141368648037314,0.0115136904641985,0.0026231743395328,5.122187189954275e-07,False,0.06766612641815235,0.0,Grasp
2177,False,30,toilet,30,toilet,True,0.9984694719314576,0.0125117897987365,0.0101180458441376,0.0023937439545989,1.074883130058879e-06,False,0.06807131280388978,0.0,Grasp
1881,False,17,monitor,17,monitor,True,0.9984535574913024,0.0144151579588651,0.0131070660427212,0.0013080919161438,1.435690393236655e-07,False,0.06847649918962723,0.0,Grasp
536,False,17,monitor,17,monitor,True,0.998445451259613,0.0141490325331687,0.0118488213047385,0.0023002112284302,3.4702290463428653e-07,False,0.06888168557536467,0.0,Grasp
436,False,0,airplane,0,airplane,True,0.998420774936676,0.0138969449326395,0.0110681476071476,0.0028287973254919,9.479848586124716e-07,False,0.0692868719611021,0.0,Grasp
2054,False,25,sofa,25,sofa,True,0.9984103441238404,0.0143015040084719,0.0121386758983135,0.0021628281101584,4.0084253782879387e-07,False,0.06969205834683954,0.0,Grasp
61,False,30,toilet,30,toilet,True,0.998384416103363,0.0151861058548092,0.0132388081401586,0.0019472977146506,3.2784791414997017e-07,False,0.07009724473257699,0.0,Grasp
1155,False,30,toilet,30,toilet,True,0.9983492493629456,0.016410844400525,0.0136837512254714,0.0027270931750535,5.109395715408027e-07,False,0.07050243111831442,0.0,Grasp
204,False,17,monitor,17,monitor,True,0.9983413815498352,0.0155873782932758,0.0135154360905289,0.0020719422027468,2.51781841598131e-07,False,0.07090761750405186,0.0,Grasp
1704,False,30,toilet,30,toilet,True,0.9983408451080322,0.0158233158290386,0.013880762271583,0.0019425535574555,1.9738186551876424e-07,False,0.0713128038897893,0.0,Grasp
1630,False,30,toilet,30,toilet,True,0.9983196258544922,0.0161034222692251,0.0142141133546829,0.0018893089145421,2.1034020392107777e-07,False,0.07171799027552674,0.0,Grasp
1024,False,5,car,5,car,True,0.9983114004135132,0.0152894835919141,0.0131057789549231,0.002183704636991,4.41591794242413e-07,False,0.07212317666126418,0.0,Grasp
2224,False,17,monitor,17,monitor,True,0.99830824136734,0.0163309574127197,0.0141039183363318,0.0022270390763878,2.130508818254384e-07,False,0.07252836304700162,0.0,Grasp
1966,False,0,airplane,0,airplane,True,0.9982995390892028,0.0159214120358228,0.0138526707887649,0.0020687412470579,3.038895783902263e-07,False,0.07293354943273905,0.0,Grasp
175,False,6,chair,6,chair,True,0.9982982277870178,0.0161939151585102,0.0143193174153566,0.0018745977431535,1.9938786977036218e-07,False,0.0733387358184765,0.0,Grasp
941,False,6,chair,6,chair,True,0.9982789754867554,0.0165665335953235,0.0148737384006381,0.0016927951946854,1.5251841034569225e-07,False,0.07374392220421394,0.0,Grasp
2047,False,30,toilet,30,toilet,True,0.9982720017433168,0.0163963548839092,0.0137131158262491,0.0026832390576601,3.407788540243928e-07,False,0.07414910858995137,0.0,Grasp
483,False,17,monitor,17,monitor,True,0.9982603192329408,0.016786653548479,0.0145273013040423,0.0022593522444367,3.539854560585809e-07,False,0.07455429497568881,0.0,Grasp
569,False,0,airplane,0,airplane,True,0.9982447624206544,0.0163749326020479,0.0137847829610109,0.0025901496410369,6.688827625112026e-07,False,0.07495948136142626,0.0,Grasp
1401,False,17,monitor,17,monitor,True,0.9982386827468872,0.0152667369693517,0.0108605604618787,0.0044061765074729,2.281761680933414e-06,False,0.0753646677471637,0.0,Grasp
906,False,6,chair,6,chair,True,0.9982292652130128,0.0168663095682859,0.0144592197611927,0.0024070898070931,3.272415369792725e-07,False,0.07576985413290113,0.0,Grasp
1264,False,6,chair,6,chair,True,0.9982196092605592,0.0171114429831504,0.0149740362539887,0.0021374067291617,3.8402833979489525e-07,False,0.07617504051863858,0.0,Grasp
1152,False,2,bed,2,bed,True,0.9982187151908876,0.0164979472756385,0.0135327819734811,0.0029651653021574,5.765458013229363e-07,False,0.07658022690437602,0.0,Grasp
1613,False,30,toilet,30,toilet,True,0.9982184767723083,0.0172888450324535,0.0147517248988151,0.0025371201336383,3.554285115114908e-07,False,0.07698541329011345,0.0,Grasp
105,False,6,chair,6,chair,True,0.9982123374938964,0.0160608626902103,0.0142222149297595,0.0018386477604508,2.736222484145401e-07,False,0.0773905996758509,0.0,Grasp
712,False,6,chair,6,chair,True,0.9982086420059204,0.0171196591109037,0.0143053978681564,0.0028142612427473,3.763474865081662e-07,False,0.07779578606158834,0.0,Grasp
98,False,30,toilet,30,toilet,True,0.9982040524482728,0.017474366351962,0.0148526299744844,0.0026217363774776,2.845630717729364e-07,False,0.07820097244732577,0.0,Grasp
965,False,30,toilet,30,toilet,True,0.9982002377510072,0.0159538071602582,0.0144734438508749,0.0014803633093833,1.7420570941339977e-07,False,0.07860615883306321,0.0,Grasp
1751,False,17,monitor,17,monitor,True,0.9981645345687866,0.0170328021049499,0.0151997450739145,0.0018330570310354,2.40475401369622e-07,False,0.07901134521880065,0.0,Grasp
832,False,6,chair,6,chair,True,0.9981473088264464,0.0167152769863605,0.0134169766679406,0.0032983003184199,9.279326036448764e-07,False,0.07941653160453808,0.0,Grasp
2102,False,25,sofa,25,sofa,True,0.9981415271759032,0.0171020273119211,0.0129746897146105,0.0041273375973105,1.93232858691772e-06,False,0.07982171799027553,0.0,Grasp
919,False,6,chair,6,chair,True,0.998116970062256,0.0179284531623125,0.0157758519053459,0.0021526012569665,2.48730827934196e-07,False,0.08022690437601297,0.0,Grasp
138,False,0,airplane,0,airplane,True,0.998113214969635,0.0184112638235092,0.0156524088233709,0.0027588550001382,4.0032054471339517e-07,False,0.0806320907617504,0.0,Grasp
1797,False,2,bed,2,bed,True,0.9981080889701844,0.016256358474493,0.0131545830518007,0.0031017754226922,7.598492288707348e-07,False,0.08103727714748785,0.0,Grasp
7,False,30,toilet,30,toilet,True,0.9981046319007874,0.0162703618407249,0.0141579993069171,0.0021123625338077,4.0789100808069634e-07,False,0.08144246353322529,0.0,Grasp
842,False,25,sofa,25,sofa,True,0.998090386390686,0.0177738480269908,0.0156898498535156,0.0020839981734752,3.2449000286760565e-07,False,0.08184764991896272,0.0,Grasp
2057,False,5,car,5,car,True,0.9980836510658264,0.0170544609427452,0.0152330324053764,0.0018214285373687,2.498719595678267e-07,False,0.08225283630470016,0.0,Grasp
457,False,9,desk,9,desk,True,0.9980477094650269,0.0171397440135478,0.0158837046474218,0.001256039366126,1.3886246108540945e-07,False,0.08265802269043761,0.0,Grasp
1969,False,0,airplane,0,airplane,True,0.9980472326278688,0.0178893636912107,0.015256006270647,0.0026333574205636,3.55562576714874e-07,False,0.08306320907617504,0.0,Grasp
587,False,2,bed,2,bed,True,0.9980320334434508,0.0177609212696552,0.0155759481713175,0.0021849730983376,3.402722086320864e-07,False,0.08346839546191248,0.0,Grasp
558,False,0,airplane,0,airplane,True,0.9980164170265198,0.0177072174847126,0.0139938564971089,0.0037133609876036,1.45831938880292e-06,False,0.08387358184764993,0.0,Grasp
1393,False,6,chair,6,chair,True,0.9980045557022096,0.0164225064218044,0.0135600408539175,0.0028624655678868,8.227093530877028e-07,False,0.08427876823338736,0.0,Grasp
267,False,30,toilet,30,toilet,True,0.9979999661445618,0.0183486752212047,0.0162868034094572,0.0020618718117475,2.578383373474935e-07,False,0.0846839546191248,0.0,Grasp
1440,False,0,airplane,0,airplane,True,0.9979904890060424,0.0186683554202318,0.0149063197895884,0.0037620356306433,9.012534292196506e-07,False,0.08508914100486224,0.0,Grasp
275,False,28,table,28,table,True,0.997978150844574,0.0179947894066572,0.0159454718232154,0.0020493175834417,2.420170233108365e-07,False,0.08549432739059967,0.0,Grasp
2282,False,2,bed,2,bed,True,0.9979676008224488,0.0184761602431535,0.0144664598628878,0.0040097003802657,1.6364301700377837e-06,False,0.08589951377633712,0.0,Grasp
2279,False,0,airplane,0,airplane,True,0.997937798500061,0.0185269806534051,0.0134466812014579,0.0050802994519472,2.792676696117269e-06,False,0.08630470016207456,0.0,Grasp
2246,False,6,chair,6,chair,True,0.9979326128959656,0.018128715455532,0.015940623357892,0.00218809209764,4.806648803423741e-07,False,0.08670988654781199,0.0,Grasp
1471,False,5,car,5,car,True,0.9979186058044434,0.0187700670212507,0.0158484559506177,0.0029216110706329,4.080312123733165e-07,False,0.08711507293354943,0.0,Grasp
195,False,0,airplane,0,airplane,True,0.9979153275489808,0.0175297167152166,0.0153559353202581,0.0021737813949584,5.215998726271209e-07,False,0.08752025931928688,0.0,Grasp
908,False,2,bed,2,bed,True,0.9979047775268556,0.0189642552286386,0.0163839794695377,0.0025802757591009,4.56407263982328e-07,False,0.08792544570502431,0.0,Grasp
2172,False,17,monitor,17,monitor,True,0.9978996515274048,0.0189051907509565,0.0144620286300778,0.0044431621208786,2.099599669236341e-06,False,0.08833063209076175,0.0,Grasp
2221,False,30,toilet,30,toilet,True,0.9978952407836914,0.0194270201027393,0.0153504023328423,0.0040766177698969,1.0759143833638518e-06,False,0.0887358184764992,0.0,Grasp
532,False,13,glass_box,13,glass_box,True,0.9978768825531006,0.0188987236469984,0.0169564913958311,0.0019422322511672,3.4346311394983786e-07,False,0.08914100486223663,0.0,Grasp
2132,False,30,toilet,30,toilet,True,0.9978697299957277,0.0176224019378423,0.0159046556800603,0.0017177462577819,3.330470121909457e-07,False,0.08954619124797407,0.0,Grasp
449,False,5,car,5,car,True,0.9978387951850892,0.0200500302016735,0.017068225890398,0.0029818043112754,7.322336728066148e-07,False,0.08995137763371151,0.0,Grasp
2010,False,2,bed,2,bed,True,0.9978317618370056,0.0182850714772939,0.0155351618304848,0.0027499096468091,6.265809702199476e-07,False,0.09035656401944894,0.0,Grasp
302,False,30,toilet,30,toilet,True,0.9978073835372924,0.0204110648483037,0.0183865986764431,0.0020244661718606,2.109751591206077e-07,False,0.09076175040518639,0.0,Grasp
1996,False,30,toilet,30,toilet,True,0.9977872967720032,0.0206755939871072,0.0175619516521692,0.003113642334938,5.191515697333671e-07,False,0.09116693679092383,0.0,Grasp
1948,False,17,monitor,17,monitor,True,0.9977845549583436,0.0198147930204868,0.0172423496842384,0.0025724433362483,4.921885761177691e-07,False,0.09157212317666126,0.0,Grasp
1604,False,30,toilet,30,toilet,True,0.9977406859397888,0.0195327512919902,0.0166497007012367,0.0028830505907535,7.297682600437838e-07,False,0.0919773095623987,0.0,Grasp
490,False,6,chair,6,chair,True,0.9977388978004456,0.01938396692276,0.0174719728529453,0.0019119940698146,3.706046243223682e-07,False,0.09238249594813615,0.0,Grasp
135,False,17,monitor,17,monitor,True,0.997738778591156,0.0206195265054702,0.0171653237193822,0.0034542027860879,6.318107352853986e-07,False,0.09278768233387358,0.0,Grasp
364,False,0,airplane,0,airplane,True,0.997728943824768,0.0207949131727218,0.0187066048383712,0.0020883083343505,3.244233539589914e-07,False,0.09319286871961102,0.0,Grasp
1694,False,5,car,5,car,True,0.9977284073829652,0.0209095943719148,0.0189817510545253,0.0019278433173894,2.1413546846815734e-07,False,0.09359805510534847,0.0,Grasp
42,False,25,sofa,25,sofa,True,0.9976792931556702,0.0202864669263362,0.0176816433668136,0.0026048235595226,5.401486191658478e-07,False,0.0940032414910859,0.0,Grasp
814,False,25,sofa,25,sofa,True,0.997666358947754,0.0208012647926807,0.0179518871009349,0.0028493776917457,5.175190835871035e-07,False,0.09440842787682334,0.0,Grasp
281,False,2,bed,2,bed,True,0.997643232345581,0.0203240327537059,0.0154340295121073,0.0048900032415986,2.629818709465326e-06,False,0.09481361426256078,0.0,Grasp
365,False,17,monitor,17,monitor,True,0.9976017475128174,0.0203193072229623,0.0142461182549595,0.0060731889680027,4.416445790411672e-06,False,0.09521880064829821,0.0,Grasp
2236,False,0,airplane,0,airplane,True,0.9975963830947876,0.0197041276842355,0.0159816890954971,0.0037224385887384,1.6189163716262556e-06,False,0.09562398703403566,0.0,Grasp
1517,False,6,chair,6,chair,True,0.9975804090499878,0.0211153216660022,0.0186539944261312,0.002461327239871,4.661750665491128e-07,False,0.0960291734197731,0.0,Grasp
690,False,5,car,5,car,True,0.9975326657295228,0.0221336688846349,0.0200326237827539,0.002101045101881,2.267428840241337e-07,False,0.09643435980551053,0.0,Grasp
1212,False,30,toilet,30,toilet,True,0.9975297451019288,0.0228490959852933,0.0199614074081182,0.0028876885771751,4.130470756535942e-07,False,0.09683954619124797,0.0,Grasp
2150,False,30,toilet,30,toilet,True,0.9975199103355408,0.0206612311303615,0.0168815124779939,0.0037797186523675,1.3998294434713898e-06,False,0.09724473257698542,0.0,Grasp
300,False,17,monitor,17,monitor,True,0.9975173473358154,0.0220011100172996,0.0184222776442766,0.003578832373023,7.911041848274181e-07,False,0.09764991896272285,0.0,Grasp
1242,False,30,toilet,30,toilet,True,0.9975136518478394,0.0237995535135269,0.0198760014027357,0.0039235521107912,1.2700329534709454e-06,False,0.09805510534846029,0.0,Grasp
64,False,2,bed,2,bed,True,0.9975126385688782,0.0226183626800775,0.019900269806385,0.0027180928736925,6.361221380757343e-07,False,0.09846029173419774,0.0,Grasp
1400,False,2,bed,2,bed,True,0.9975103735923768,0.0220100469887256,0.0187381878495216,0.003271859139204,5.688321493835247e-07,False,0.09886547811993517,0.0,Grasp
283,False,30,toilet,30,toilet,True,0.9975094199180604,0.0216376222670078,0.0185124929994344,0.0031251292675733,5.302015324559761e-07,False,0.09927066450567261,0.0,Grasp
1061,False,0,airplane,0,airplane,True,0.9975061416625975,0.0227454751729965,0.0194196216762065,0.0033258534967899,6.463706654358248e-07,False,0.09967585089141005,0.0,Grasp
1176,False,2,bed,2,bed,True,0.997502624988556,0.0203148908913135,0.0161491706967353,0.0041657201945781,1.7595036752027229e-06,False,0.10008103727714748,0.0,Grasp
910,False,0,airplane,0,airplane,True,0.9974766969680786,0.0224856864660978,0.0202584899961948,0.0022271964699029,4.035215965814132e-07,False,0.10048622366288493,0.0,Grasp
1645,False,0,airplane,0,airplane,True,0.9974460005760192,0.0226752571761608,0.0196683760732412,0.0030068811029195,5.764383672612894e-07,False,0.10089141004862237,0.0,Grasp
1647,False,0,airplane,0,airplane,True,0.9974406361579896,0.0240377187728881,0.0184681583195924,0.0055695604532957,3.0392420740099624e-06,False,0.1012965964343598,0.0,Grasp
606,False,25,sofa,25,sofa,True,0.9974212050437928,0.0224807877093553,0.0198843516409397,0.0025964360684156,5.57043676963076e-07,False,0.10170178282009724,0.0,Grasp
1776,False,5,car,5,car,True,0.997410774230957,0.0225427486002445,0.0182898379862308,0.0042529106140136,1.0561194585534397e-06,False,0.10210696920583469,0.0,Grasp
1655,False,1,bathtub,1,bathtub,True,0.9974084496498108,0.023744624108076,0.0209417641162872,0.0028028599917888,2.792899067571853e-07,False,0.10251215559157212,0.0,Grasp
424,False,0,airplane,0,airplane,True,0.9974063038825988,0.0229637175798416,0.0193029269576072,0.0036607906222343,9.831902616497246e-07,False,0.10291734197730956,0.0,Grasp
870,False,6,chair,6,chair,True,0.9973981976509094,0.0224834382534027,0.0199145954102277,0.0025688428431749,4.483581221848e-07,False,0.103322528363047,0.0,Grasp
1560,False,0,airplane,0,airplane,True,0.9973818063735962,0.0228099226951599,0.018230402842164,0.0045795198529958,1.7999476540353498e-06,False,0.10372771474878444,0.0,Grasp
2075,False,14,guitar,14,guitar,True,0.9973567724227904,0.0215910766273736,0.0196431260555982,0.0019479505717754,3.811700253208983e-07,False,0.10413290113452188,0.0,Grasp
1023,False,30,toilet,30,toilet,True,0.9973533153533936,0.0243989042937755,0.0207644999027252,0.0036344043910503,7.484061939067033e-07,False,0.10453808752025932,0.0,Grasp
1924,False,17,monitor,17,monitor,True,0.9973527789115906,0.0233627408742904,0.0195789467543363,0.0037837941199541,1.4320631862574371e-06,False,0.10494327390599675,0.0,Grasp
791,False,17,monitor,17,monitor,True,0.9973516464233398,0.0230675414204597,0.0202682223170995,0.0027993191033601,5.584686277870787e-07,False,0.1053484602917342,0.0,Grasp
2152,False,2,bed,2,bed,True,0.9973310232162476,0.0221729688346385,0.0192795079201459,0.0028934609144926,5.059558247921814e-07,False,0.10575364667747164,0.0,Grasp
825,False,2,bed,2,bed,True,0.997326672077179,0.0244003217667341,0.0208576656877994,0.0035426560789346,1.2902131629743965e-06,False,0.10615883306320907,0.0,Grasp
2105,False,2,bed,2,bed,True,0.9973157048225404,0.0235567390918731,0.0195029526948928,0.0040537863969802,9.454774385631026e-07,False,0.10656401944894651,0.0,Grasp
1310,False,13,glass_box,13,glass_box,True,0.9973073601722716,0.0239365864545106,0.0212179012596607,0.0027186851948499,5.332570367500011e-07,False,0.10696920583468396,0.0,Grasp
507,False,13,glass_box,13,glass_box,True,0.9972940683364868,0.0239397324621677,0.0193176493048667,0.0046220831573009,1.4773146403967985e-06,False,0.10737439222042139,0.0,Grasp
1466,False,2,bed,2,bed,True,0.9972929954528807,0.0236852169036865,0.0194318108260631,0.0042534060776233,1.3316474678504164e-06,False,0.10777957860615883,0.0,Grasp
1373,False,6,chair,6,chair,True,0.9972894787788392,0.0232121795415878,0.0198905058205127,0.003321673721075,7.005492079770193e-07,False,0.10818476499189628,0.0,Grasp
50,False,16,mantel,16,mantel,True,0.9972603917121888,0.0238656010478734,0.0208969675004482,0.0029686335474252,6.608572675759206e-07,False,0.1085899513776337,0.0,Grasp
882,False,30,toilet,30,toilet,True,0.9971986413002014,0.0248134266585111,0.0210821479558944,0.0037312787026166,8.885824627213879e-07,False,0.10899513776337115,0.0,Grasp
1265,False,6,chair,6,chair,True,0.9971935749053956,0.0238134507089853,0.0214290171861648,0.0023844335228204,4.803486604032514e-07,False,0.1094003241491086,0.0,Grasp
2266,False,17,monitor,17,monitor,True,0.9971859455108644,0.0257091484963893,0.0228674579411745,0.0028416905552148,5.226351618148328e-07,False,0.10980551053484602,0.0,Grasp
480,False,25,sofa,25,sofa,True,0.997159481048584,0.024422412738204,0.0210106633603572,0.0034117493778467,8.311268970828678e-07,False,0.11021069692058347,0.0,Grasp
962,False,5,car,5,car,True,0.9971179366111756,0.0242866240441799,0.0213874503970146,0.0028991736471652,7.159648021115572e-07,False,0.11061588330632091,0.0,Grasp
2243,False,5,car,5,car,True,0.9970934987068176,0.0254929140210151,0.0211466588079929,0.0043462552130222,1.3842249018125583e-06,False,0.11102106969205834,0.0,Grasp
1997,False,17,monitor,17,monitor,True,0.9970848560333252,0.0260687451809644,0.0214747786521911,0.0045939665287733,1.3217996865932946e-06,False,0.11142625607779579,0.0,Grasp
1282,False,5,car,5,car,True,0.9970836043357848,0.0262119974941015,0.0217994302511215,0.00441256724298,1.136643504651147e-06,False,0.11183144246353323,0.0,Grasp
1208,False,13,glass_box,13,glass_box,True,0.9970558285713196,0.0259079877287149,0.0218177773058414,0.0040902104228734,1.3848476783095975e-06,False,0.11223662884927066,0.0,Grasp
1060,False,6,chair,6,chair,True,0.9970514178276062,0.0266479812562465,0.02176259085536,0.0048853904008865,1.0667848755474552e-06,False,0.1126418152350081,0.0,Grasp
1579,False,17,monitor,17,monitor,True,0.9970353245735168,0.0269109308719635,0.0241352133452892,0.0027757175266742,3.4834755524570937e-07,False,0.11304700162074555,0.0,Grasp
1338,False,2,bed,2,bed,True,0.9970184564590454,0.0258625596761703,0.0228173825889825,0.0030451770871877,8.237080919570872e-07,False,0.11345218800648298,0.0,Grasp
1838,False,6,chair,6,chair,True,0.9970036745071412,0.0258702002465724,0.0215223357081413,0.0043478645384311,1.190776856674347e-06,False,0.11385737439222042,0.0,Grasp
1875,False,20,piano,20,piano,True,0.9969961643218994,0.0270106308162212,0.0212926585227251,0.0057179722934961,1.932393615788897e-06,False,0.11426256077795786,0.0,Grasp
1384,False,25,sofa,25,sofa,True,0.9969678521156312,0.0253280829638242,0.0232337098568677,0.0020943731069564,4.500005275076546e-07,False,0.1146677471636953,0.0,Grasp
1510,False,6,chair,6,chair,True,0.99695885181427,0.0243072286248207,0.0191754903644323,0.0051317382603883,2.811340209518676e-06,False,0.11507293354943274,0.0,Grasp
1520,False,25,sofa,25,sofa,True,0.996955156326294,0.0253516547381877,0.0212896559387445,0.0040619987994432,1.0541625670157373e-06,False,0.11547811993517018,0.0,Grasp
1643,False,25,sofa,25,sofa,True,0.9969392418861388,0.0259749218821525,0.0233842115849256,0.0025907102972269,5.289906539474032e-07,False,0.11588330632090761,0.0,Grasp
366,False,23,range_hood,23,range_hood,True,0.9969092607498168,0.0260463207960128,0.0229678750038146,0.0030784457921981,7.15478506663203e-07,False,0.11628849270664506,0.0,Grasp
387,False,13,glass_box,13,glass_box,True,0.9968768358230592,0.0279135834425687,0.0235919840633869,0.0043215993791818,1.1985979426754056e-06,False,0.1166936790923825,0.0,Grasp
1098,False,0,airplane,0,airplane,True,0.9968517422676086,0.0273629557341337,0.0217252727597951,0.0056376829743385,2.009191348406602e-06,False,0.11709886547811993,0.0,Grasp
588,False,13,glass_box,13,glass_box,True,0.9968500137329102,0.0279088914394378,0.0240338388830423,0.0038750525563955,8.401423770010297e-07,False,0.11750405186385737,0.0,Grasp
308,False,0,airplane,0,airplane,True,0.9968482255935668,0.0270509310066699,0.0230711679905653,0.0039797630161046,1.240589654116775e-06,False,0.11790923824959482,0.0,Grasp
2006,False,0,airplane,0,airplane,True,0.9968339204788208,0.028473300859332,0.0249486844986677,0.0035246163606643,7.131898200896103e-07,False,0.11831442463533225,0.0,Grasp
1896,False,30,toilet,30,toilet,True,0.996821403503418,0.027539949864149,0.0241833627223968,0.0033565871417522,6.251534614420962e-07,False,0.11871961102106969,0.0,Grasp
1381,False,6,chair,6,chair,True,0.9968055486679076,0.0275673978030681,0.0238922722637653,0.0036751255393028,8.90359672212071e-07,False,0.11912479740680713,0.0,Grasp
410,False,0,airplane,0,airplane,True,0.9967904686927797,0.025943424552679,0.0189733393490314,0.0069700852036476,5.325110578269232e-06,False,0.11952998379254456,0.0,Grasp
979,False,6,chair,6,chair,True,0.9967575073242188,0.0296052861958742,0.0234827678650617,0.0061225183308124,3.4177253382949857e-06,False,0.11993517017828201,0.0,Grasp
1728,False,17,monitor,17,monitor,True,0.9967406392097472,0.0269634649157524,0.0237624999135732,0.0032009650021791,8.319947824020346e-07,False,0.12034035656401945,0.0,Grasp
2043,False,5,car,5,car,True,0.9967264533042908,0.0265672095119953,0.0236984230577945,0.0028687864542007,9.553293693898013e-07,False,0.12074554294975688,0.0,Grasp
1192,False,25,sofa,25,sofa,True,0.9967007040977478,0.0266177803277969,0.0239604692906141,0.0026573110371828,7.632214646946522e-07,False,0.12115072933549433,0.0,Grasp
494,False,30,toilet,30,toilet,True,0.9966277480125428,0.0265620648860931,0.0211387481540441,0.0054233167320489,2.901892457884969e-06,False,0.12155591572123177,0.0,Grasp
451,False,30,toilet,30,toilet,True,0.9966211318969728,0.027824904769659,0.0241950079798698,0.0036298967897892,9.401623515259416e-07,False,0.1219611021069692,0.0,Grasp
2068,False,0,airplane,0,airplane,True,0.9966062903404236,0.0294094067066907,0.0250649601221084,0.0043444465845823,1.6469853107992094e-06,False,0.12236628849270664,0.0,Grasp
1239,False,2,bed,2,bed,True,0.9965940713882446,0.0304327215999364,0.0270960591733455,0.0033366624265909,6.965380521251063e-07,False,0.12277147487844409,0.0,Grasp
278,False,30,toilet,30,toilet,True,0.9965882897377014,0.030016778036952,0.0253416988998651,0.0046750791370868,1.1463806686151656e-06,False,0.12317666126418152,0.0,Grasp
348,False,2,bed,2,bed,True,0.9965671300888062,0.0291290190070867,0.025929681956768,0.0031993370503187,7.877976599957037e-07,False,0.12358184764991896,0.0,Grasp
1744,False,16,mantel,16,mantel,True,0.9965289235115052,0.0301101952791214,0.0248726978898048,0.0052374973893165,2.5985355023294687e-06,False,0.1239870340356564,0.0,Grasp
1884,False,5,car,5,car,True,0.9965211749076844,0.0289723500609397,0.0265196468681097,0.00245270319283,4.613610542492097e-07,False,0.12439222042139383,0.0,Grasp
1115,False,25,sofa,25,sofa,True,0.9965144991874696,0.0297428257763385,0.0273070130497217,0.0024358127266168,4.34938243643046e-07,False,0.12479740680713128,0.0,Grasp
2131,False,0,airplane,0,airplane,True,0.9964962601661682,0.029503721743822,0.0229898300021886,0.0065138917416334,4.340870873420499e-06,False,0.12520259319286872,0.0,Grasp
1782,False,17,monitor,17,monitor,True,0.996472954750061,0.0293794199824333,0.0251715909689664,0.0042078290134668,1.741153710099752e-06,False,0.12560777957860617,0.0,Grasp
86,False,2,bed,2,bed,True,0.996468722820282,0.028714794665575,0.0252844244241714,0.0034303702414035,8.876904189492052e-07,False,0.1260129659643436,0.0,Grasp
946,False,17,monitor,17,monitor,True,0.996456265449524,0.0315417200326919,0.0270968247205019,0.00444489531219,1.6626061096758349e-06,False,0.12641815235008103,0.0,Grasp
484,False,30,toilet,30,toilet,True,0.9964354038238524,0.0320169478654861,0.0270101558417081,0.0050067920237779,1.1362635632394813e-06,False,0.12682333873581847,0.0,Grasp
31,False,5,car,5,car,True,0.9964349865913392,0.0280126817524433,0.0232233181595802,0.004789363592863,2.510073272787849e-06,False,0.1272285251215559,0.0,Grasp
1430,False,2,bed,2,bed,True,0.9964303970336914,0.0267922915518283,0.021242544054985,0.0055497474968433,3.58366946784372e-06,False,0.12763371150729336,0.0,Grasp
1660,False,6,chair,6,chair,True,0.9964106678962708,0.0315497033298015,0.0253164023160934,0.0062333010137081,3.298492629255634e-06,False,0.1280388978930308,0.0,Grasp
2255,False,0,airplane,0,airplane,True,0.9964028000831604,0.032400257885456,0.0292463116347789,0.0031539462506771,4.637043673483277e-07,False,0.12844408427876824,0.0,Grasp
1605,False,0,airplane,0,airplane,True,0.9963937997817992,0.0313230529427528,0.025885822251439,0.0054372306913137,2.3717777821730124e-06,False,0.12884927066450566,0.0,Grasp
1031,False,25,sofa,25,sofa,True,0.9963914752006532,0.0299384091049432,0.0257930811494588,0.0041453279554843,1.452632318432734e-06,False,0.1292544570502431,0.0,Grasp
418,False,6,chair,6,chair,True,0.9963768720626832,0.0280134379863739,0.0236250683665275,0.0043883696198463,1.825587446546706e-06,False,0.12965964343598055,0.0,Grasp
133,False,14,guitar,14,guitar,True,0.9963669776916504,0.0296092331409454,0.0259410720318555,0.0036681611090898,7.436888154188637e-07,False,0.130064829821718,0.0,Grasp
52,False,6,chair,6,chair,True,0.9963640570640564,0.0296092703938484,0.0186091754585504,0.0110000949352979,1.3363091056817211e-05,False,0.13047001620745544,0.0,Grasp
999,False,5,car,5,car,True,0.9963414669036864,0.0273281820118427,0.0209410563111305,0.0063871257007122,3.5617783851193963e-06,False,0.13087520259319288,0.0,Grasp
2104,False,6,chair,6,chair,True,0.9963377118110656,0.0294139124453067,0.0229902639985084,0.0064236484467983,4.72378224003478e-06,False,0.1312803889789303,0.0,Grasp
755,False,2,bed,2,bed,True,0.996304452419281,0.0323364809155464,0.0282397400587797,0.0040967408567667,1.1852838497361518e-06,False,0.13168557536466774,0.0,Grasp
1518,False,5,car,5,car,True,0.9962867498397828,0.0331553444266319,0.0270919483155012,0.0060633961111307,2.315801566510345e-06,False,0.13209076175040518,0.0,Grasp
1234,False,25,sofa,25,sofa,True,0.9962829351425172,0.0312180556356906,0.0268198065459728,0.0043982490897178,1.564846456858504e-06,False,0.13249594813614263,0.0,Grasp
1315,False,20,piano,20,piano,True,0.9962719082832336,0.0336367227137088,0.0274723041802644,0.0061644185334444,1.5562404769298157e-06,False,0.13290113452188007,0.0,Grasp
2087,False,17,monitor,17,monitor,True,0.9962612390518188,0.0311281643807888,0.0263906810432672,0.0047374833375215,2.093800958391512e-06,False,0.13330632090761751,0.0,Grasp
1075,False,30,toilet,30,toilet,True,0.9962590932846068,0.0300105866044759,0.0260033160448074,0.0040072705596685,1.6416628341175965e-06,False,0.13371150729335493,0.0,Grasp
542,False,13,glass_box,13,glass_box,True,0.9961982369422911,0.0330152846872806,0.0289641227573156,0.004051161929965,9.863514378594118e-07,False,0.13411669367909237,0.0,Grasp
1817,False,28,table,28,table,True,0.9961896538734436,0.0319497287273407,0.028021190315485,0.0039285384118556,7.036046554276254e-07,False,0.13452188006482982,0.0,Grasp
1828,False,6,chair,6,chair,True,0.9961469769477844,0.0328794792294502,0.0261915624141693,0.0066879168152809,4.126416115468601e-06,False,0.13492706645056726,0.0,Grasp
903,False,0,airplane,0,airplane,True,0.9961392879486084,0.0340466611087322,0.0280859507620334,0.0059607103466987,2.536401780162123e-06,False,0.1353322528363047,0.0,Grasp
916,False,0,airplane,0,airplane,True,0.9961307644844056,0.0318233706057071,0.0216591581702232,0.0101642124354839,9.194681297231e-06,False,0.13573743922204215,0.0,Grasp
951,False,5,car,5,car,True,0.9960996508598328,0.032152060419321,0.0263583157211542,0.0057937446981668,2.192193051087088e-06,False,0.13614262560777957,0.0,Grasp
2174,False,30,toilet,30,toilet,True,0.9960907101631165,0.0343829803168773,0.0284977424889802,0.005885237827897,2.318197857675841e-06,False,0.136547811993517,0.0,Grasp
701,False,5,car,5,car,True,0.9960685968399048,0.0310493446886539,0.0264561437070369,0.0045932009816169,1.8971464896822e-06,False,0.13695299837925445,0.0,Grasp
2281,False,13,glass_box,13,glass_box,True,0.9960610866546632,0.0331790894269943,0.0277211181819438,0.0054579712450504,1.6507043483215966e-06,False,0.1373581847649919,0.0,Grasp
174,False,30,toilet,30,toilet,True,0.9960585832595824,0.0348087325692176,0.0293672382831573,0.0054414942860603,2.0437146304175258e-06,False,0.13776337115072934,0.0,Grasp
1933,False,20,piano,20,piano,True,0.9960396885871888,0.0314964652061462,0.0244132168591022,0.0070832483470439,4.799701400770573e-06,False,0.13816855753646679,0.0,Grasp
321,False,28,table,28,table,True,0.9960325956344604,0.0323462709784507,0.0260620769113302,0.0062841940671205,4.249121957400348e-06,False,0.1385737439222042,0.0,Grasp
1002,False,16,mantel,16,mantel,True,0.9960240721702576,0.0341568738222122,0.027615861967206,0.0065410118550062,3.065466444240883e-06,False,0.13897893030794164,0.0,Grasp
896,False,13,glass_box,13,glass_box,True,0.9960154294967652,0.0349033772945404,0.027166299521923,0.0077370777726173,5.661588147631846e-06,False,0.1393841166936791,0.0,Grasp
1308,False,1,bathtub,1,bathtub,True,0.9960112571716307,0.0348901562392711,0.0309200268238782,0.0039701294153928,8.313875241583446e-07,False,0.13978930307941653,0.0,Grasp
617,False,30,toilet,30,toilet,True,0.996003270149231,0.0295991189777851,0.0234296824783086,0.0061694364994764,4.5141719056118745e-06,False,0.14019448946515398,0.0,Grasp
488,False,20,piano,20,piano,True,0.9959741830825806,0.034284520894289,0.0236077066510915,0.0106768142431974,1.0688373549783137e-05,False,0.14059967585089142,0.0,Grasp
1454,False,0,airplane,0,airplane,True,0.9959416389465332,0.0312374252825975,0.0243840236216783,0.0068534016609191,7.001533504080726e-06,False,0.14100486223662884,0.0,Grasp
339,False,14,guitar,14,guitar,True,0.9959394335746764,0.0334903746843338,0.0288385041058063,0.0046518705785274,1.2215551805638825e-06,False,0.14141004862236628,0.0,Grasp
1145,False,14,guitar,14,guitar,True,0.9959269762039183,0.0326935686171054,0.029768930748105,0.0029246378690004,8.800940349829034e-07,False,0.14181523500810372,0.0,Grasp
884,False,0,airplane,0,airplane,True,0.9959076642990112,0.0364639125764369,0.0251382049173116,0.0113257076591253,1.1715631444531027e-05,False,0.14222042139384117,0.0,Grasp
888,False,16,mantel,16,mantel,True,0.995854377746582,0.0346982069313526,0.0296581760048866,0.0050400309264659,2.450465217407327e-06,False,0.1426256077795786,0.0,Grasp
109,False,3,bench,3,bench,True,0.9958478808403016,0.0355791561305522,0.0295783169567585,0.0060008391737937,2.2072238152759383e-06,False,0.14303079416531606,0.0,Grasp
1043,False,0,airplane,0,airplane,True,0.9958466291427612,0.036988578736782,0.0316789336502552,0.0053096450865268,1.8209666450275108e-06,False,0.14343598055105347,0.0,Grasp
860,False,13,glass_box,13,glass_box,True,0.995806872844696,0.0353947803378105,0.0307858400046825,0.0046089403331279,1.5681658851462998e-06,False,0.14384116693679092,0.0,Grasp
1180,False,5,car,5,car,True,0.9958059787750244,0.035216599702835,0.0269088223576545,0.0083077773451805,5.630681698676199e-06,False,0.14424635332252836,0.0,Grasp
533,False,17,monitor,17,monitor,True,0.9958034157752992,0.0364865139126777,0.0299487002193927,0.0065378136932849,3.5598491194832604e-06,False,0.1446515397082658,0.0,Grasp
1923,False,5,car,5,car,True,0.9957923293113708,0.0303478669375181,0.0245362222194671,0.0058116447180509,4.758599970955402e-06,False,0.14505672609400325,0.0,Grasp
1243,False,0,airplane,0,airplane,True,0.9957666397094728,0.0366933122277259,0.028383569791913,0.0083097424358129,4.652196821552934e-06,False,0.1454619124797407,0.0,Grasp
553,False,0,airplane,0,airplane,True,0.9957544207572936,0.0374932438135147,0.0319361090660095,0.0055571347475051,2.323943590454292e-06,False,0.1458670988654781,0.0,Grasp
221,False,30,toilet,30,toilet,True,0.9957502484321594,0.0358368456363678,0.0318149477243423,0.0040218979120254,9.428470661987376e-07,False,0.14627228525121555,0.0,Grasp
342,False,13,glass_box,13,glass_box,True,0.9957275390625,0.0356063097715377,0.0268231127411127,0.008783197030425,6.87950023348094e-06,False,0.146677471636953,0.0,Grasp
1167,False,9,desk,9,desk,True,0.9957165122032166,0.0331747122108936,0.0277675725519657,0.0054071396589279,2.4431105885014404e-06,False,0.14708265802269044,0.0,Grasp
384,False,28,table,28,table,True,0.9957059025764464,0.032349620014429,0.0283922534435987,0.0039573665708303,2.035680154222064e-06,False,0.14748784440842788,0.0,Grasp
1274,False,15,lamp,15,lamp,True,0.9956743717193604,0.0355921611189842,0.0281813945621252,0.007410766556859,5.082232291897526e-06,False,0.14789303079416533,0.0,Grasp
1215,False,6,chair,6,chair,True,0.9956408143043518,0.0369498282670974,0.0266384072601795,0.0103114210069179,1.0360157830291428e-05,False,0.14829821717990274,0.0,Grasp
1680,False,13,glass_box,13,glass_box,True,0.9956174492836,0.0373095534741878,0.0318072326481342,0.0055023208260536,1.8222307289761373e-06,False,0.14870340356564019,0.0,Grasp
963,False,14,guitar,14,guitar,True,0.9955931305885316,0.0362746641039848,0.0316315479576587,0.004643116146326,1.4615951613450306e-06,False,0.14910858995137763,0.0,Grasp
1927,False,0,airplane,0,airplane,True,0.995580554008484,0.0360543467104435,0.0291222650557756,0.0069320816546678,4.476031335798325e-06,False,0.14951377633711507,0.0,Grasp
594,False,25,sofa,25,sofa,True,0.9955661296844482,0.0333942472934722,0.0283441971987485,0.0050500500947237,2.482682020854554e-06,False,0.14991896272285252,0.0,Grasp
562,False,30,toilet,30,toilet,True,0.9955579042434692,0.0372236110270023,0.0319143086671829,0.0053093023598194,1.6789717847132124e-06,False,0.15032414910858996,0.0,Grasp
1026,False,3,bench,3,bench,True,0.9954808354377748,0.0360798761248588,0.0307875052094459,0.0052923709154129,1.6916510503506288e-06,False,0.1507293354943274,0.0,Grasp
115,False,6,chair,6,chair,True,0.9954506158828736,0.0376923978328704,0.0311941597610712,0.0064982380717992,2.436351223877864e-06,False,0.15113452188006482,0.0,Grasp
421,False,5,car,5,car,True,0.9954381585121156,0.0380894616246223,0.0308819375932216,0.0072075240314006,3.793487167058629e-06,False,0.15153970826580226,0.0,Grasp
2145,False,16,mantel,16,mantel,True,0.9954360127449036,0.0360047854483127,0.0307319443672895,0.0052728410810232,1.9412498204474105e-06,False,0.1519448946515397,0.0,Grasp
168,False,30,toilet,30,toilet,True,0.995435118675232,0.0384573861956596,0.0312075857073068,0.0072498004883527,4.091596110811224e-06,False,0.15235008103727715,0.0,Grasp
1323,False,5,car,5,car,True,0.9954314827919006,0.0369985625147819,0.0300076100975275,0.0069909524172544,5.154005066287937e-06,False,0.1527552674230146,0.0,Grasp
813,False,17,monitor,17,monitor,True,0.9953965544700624,0.0406023859977722,0.0359614938497543,0.0046408921480178,8.665134032526112e-07,False,0.15316045380875204,0.0,Grasp
1752,False,20,piano,20,piano,True,0.99532550573349,0.0386431291699409,0.0346752405166626,0.0039678886532783,1.0035516879725035e-06,False,0.15356564019448946,0.0,Grasp
1113,False,2,bed,2,bed,True,0.9953243732452391,0.0379290990531444,0.0317298248410224,0.0061992742121219,3.4690062875597505e-06,False,0.1539708265802269,0.0,Grasp
414,False,6,chair,6,chair,True,0.9953073859214784,0.0371828451752662,0.0318086333572864,0.0053742118179798,1.949949819390895e-06,False,0.15437601296596434,0.0,Grasp
1883,False,15,lamp,15,lamp,True,0.9953067302703856,0.0348017923533916,0.0299901701509952,0.0048116222023963,1.7667658767095418e-06,False,0.1547811993517018,0.0,Grasp
1594,False,17,monitor,17,monitor,True,0.9953043460845948,0.0396639555692672,0.0347173959016799,0.0049465596675872,1.3205940376792569e-06,False,0.15518638573743923,0.0,Grasp
141,False,20,piano,20,piano,True,0.9952884912490844,0.0398109257221221,0.0323337391018867,0.0074771866202354,2.4758871859376086e-06,False,0.15559157212317667,0.0,Grasp
2191,False,30,toilet,30,toilet,True,0.9952691793441772,0.0393357016146183,0.0334650129079818,0.0058706887066364,1.7712034150463296e-06,False,0.1559967585089141,0.0,Grasp
540,False,23,range_hood,23,range_hood,True,0.995252013206482,0.038832738995552,0.0353828743100166,0.0034498646855354,8.19918398065056e-07,False,0.15640194489465153,0.0,Grasp
2051,False,30,toilet,30,toilet,True,0.9952400922775269,0.0358412228524684,0.0248112976551055,0.0110299251973629,1.6408595911343582e-05,False,0.15680713128038898,0.0,Grasp
1432,False,30,toilet,30,toilet,True,0.9951937794685364,0.0397558584809303,0.0350063815712928,0.0047494769096374,1.5322888202717877e-06,False,0.15721231766612642,0.0,Grasp
1368,False,0,airplane,0,airplane,True,0.9951856732368468,0.0407370030879974,0.0280817002058029,0.0126553028821945,1.3884710824640932e-05,False,0.15761750405186387,0.0,Grasp
1102,False,13,glass_box,13,glass_box,True,0.995094120502472,0.0417656376957893,0.0353603288531303,0.0064053088426589,2.043068889179267e-06,False,0.1580226904376013,0.0,Grasp
379,False,16,mantel,16,mantel,True,0.9950884580612184,0.0391390547156333,0.0329270362854003,0.006212018430233,2.1138480406079907e-06,False,0.15842787682333873,0.0,Grasp
2016,False,0,airplane,0,airplane,True,0.995061993598938,0.0413228571414947,0.035031646490097,0.0062912106513977,2.011129936363432e-06,False,0.15883306320907617,0.0,Grasp
546,False,0,airplane,0,airplane,True,0.9950525164604188,0.0410584881901741,0.0338108278810977,0.0072476603090763,2.8914773793076165e-06,False,0.1592382495948136,0.0,Grasp
1801,False,16,mantel,16,mantel,True,0.9950278997421264,0.0384799987077713,0.0345956347882747,0.0038843639194965,1.4242780252970988e-06,False,0.15964343598055106,0.0,Grasp
858,False,17,monitor,17,monitor,True,0.995002031326294,0.0428934022784233,0.0352796278893947,0.0076137743890285,3.89623210139689e-06,False,0.1600486223662885,0.0,Grasp
39,False,25,sofa,25,sofa,True,0.9949625730514526,0.0415025278925895,0.0329353399574756,0.0085671879351139,5.736720140703255e-06,False,0.16045380875202594,0.0,Grasp
12,False,30,toilet,30,toilet,True,0.9949355125427246,0.0368666462600231,0.0325263738632202,0.0043402723968029,2.41103566622769e-06,False,0.16085899513776336,0.0,Grasp
1251,False,0,airplane,0,airplane,True,0.9948807954788208,0.0389065481722354,0.0310575254261493,0.0078490227460861,6.094533546274761e-06,False,0.1612641815235008,0.0,Grasp
2007,False,1,bathtub,1,bathtub,True,0.9948573112487792,0.0419867597520351,0.0376317165791988,0.0043550431728363,1.276297211916244e-06,False,0.16166936790923825,0.0,Grasp
2192,False,30,toilet,30,toilet,True,0.9948569536209106,0.0440554097294807,0.0317600183188915,0.0122953914105892,1.1831862138933502e-05,False,0.1620745542949757,0.0,Grasp
2135,False,17,monitor,17,monitor,True,0.9948341250419616,0.0438197739422321,0.0386333838105201,0.0051863901317119,1.3432695595838595e-06,False,0.16247974068071314,0.0,Grasp
1627,False,14,guitar,14,guitar,True,0.994798183441162,0.0435327105224132,0.03663345053792,0.0068992599844932,2.523883267713245e-06,False,0.16288492706645058,0.0,Grasp
360,False,9,desk,9,desk,True,0.9947971105575562,0.0378098413348197,0.0266924481838941,0.0111173931509256,1.1158354936924296e-05,False,0.163290113452188,0.0,Grasp
1549,False,2,bed,2,bed,True,0.994777500629425,0.0431142896413803,0.0360138677060604,0.0071004219353199,3.4537629289843608e-06,False,0.16369529983792544,0.0,Grasp
829,False,5,car,5,car,True,0.9947731494903564,0.0441918075084686,0.0376947186887264,0.0064970888197422,2.322100726814824e-06,False,0.16410048622366288,0.0,Grasp
1370,False,6,chair,6,chair,True,0.9947288036346436,0.0435405112802982,0.0398348309099674,0.0037056803703308,1.1195380693607149e-06,False,0.16450567260940033,0.0,Grasp
993,False,20,piano,20,piano,True,0.9946864247322084,0.0455975197255611,0.0374944023787975,0.0081031173467636,2.4341049993381603e-06,False,0.16491085899513777,0.0,Grasp
1534,False,5,car,5,car,True,0.9946518540382384,0.0465902090072631,0.0402911454439163,0.0062990635633468,2.6629609237716068e-06,False,0.16531604538087522,0.0,Grasp
154,False,6,chair,6,chair,True,0.9946497678756714,0.0443832650780677,0.037369217723608,0.0070140473544597,3.923654730897397e-06,False,0.16572123176661263,0.0,Grasp
820,False,13,glass_box,13,glass_box,True,0.9946388602256776,0.044873047620058,0.0362447910010814,0.0086282566189765,3.3578521652088966e-06,False,0.16612641815235007,0.0,Grasp
1616,False,30,toilet,30,toilet,True,0.9946359395980836,0.0442606136202812,0.0373711474239826,0.0068894661962985,3.403120445000241e-06,False,0.16653160453808752,0.0,Grasp
1910,False,0,airplane,0,airplane,True,0.9946209192276,0.0453830659389495,0.0389315597712993,0.0064515061676502,2.856968876585597e-06,False,0.16693679092382496,0.0,Grasp
699,False,17,monitor,17,monitor,True,0.9946109652519226,0.0432547256350517,0.0345549210906028,0.0086998045444488,5.263739694782998e-06,False,0.1673419773095624,0.0,Grasp
62,False,30,toilet,30,toilet,True,0.9946010112762452,0.0438254624605178,0.0357908569276332,0.0080346055328845,4.527588316705078e-06,False,0.16774716369529985,0.0,Grasp
170,False,7,cone,7,cone,True,0.9945887923240662,0.041890762746334,0.0361302867531776,0.0057604759931564,2.151150283680181e-06,False,0.16815235008103727,0.0,Grasp
1650,False,16,mantel,16,mantel,True,0.9945873022079468,0.0437210723757743,0.0386200733482837,0.0051009990274906,1.6428864455519945e-06,False,0.1685575364667747,0.0,Grasp
2222,False,0,airplane,0,airplane,True,0.994566023349762,0.0458590909838676,0.035660833120346,0.0101982578635215,5.325210167939076e-06,False,0.16896272285251215,0.0,Grasp
399,False,25,sofa,25,sofa,True,0.994539201259613,0.0429204925894737,0.0375256687402725,0.0053948238492012,2.5052834189409623e-06,False,0.1693679092382496,0.0,Grasp
1829,False,9,desk,9,desk,True,0.9945344924926758,0.0402087420225143,0.0311788450926542,0.0090298969298601,8.319128937728237e-06,False,0.16977309562398704,0.0,Grasp
848,False,14,guitar,14,guitar,True,0.9945223927497864,0.0451958514750003,0.0379558242857456,0.0072400271892547,3.3133346732938662e-06,False,0.17017828200972449,0.0,Grasp
1438,False,6,chair,6,chair,True,0.9943753480911256,0.0406455025076866,0.0335923992097377,0.0070531032979488,6.371082236000802e-06,False,0.1705834683954619,0.0,Grasp
2274,False,28,table,28,table,True,0.9943352937698364,0.045325081795454,0.0404417850077152,0.0048832967877388,1.74795741259004e-06,False,0.17098865478119935,0.0,Grasp
1722,False,30,toilet,30,toilet,True,0.9943095445632936,0.0488665364682674,0.0402910895645618,0.0085754469037055,4.985323357686866e-06,False,0.1713938411669368,0.0,Grasp
1039,False,0,airplane,0,airplane,True,0.9942797422409058,0.0459527522325515,0.0358723290264606,0.0100804232060909,1.0279703928972594e-05,False,0.17179902755267423,0.0,Grasp
1327,False,6,chair,6,chair,True,0.9942150712013244,0.0465165302157402,0.0413534864783287,0.0051630437374114,2.1245484731480246e-06,False,0.17220421393841168,0.0,Grasp
721,False,5,car,5,car,True,0.994205892086029,0.0431575328111648,0.0367921106517314,0.0063654221594333,2.974361905216938e-06,False,0.17260940032414912,0.0,Grasp
1837,False,16,mantel,16,mantel,True,0.9941932559013368,0.0453327000141143,0.0390598326921463,0.006272867321968,3.2050272693595616e-06,False,0.17301458670988654,0.0,Grasp
1087,False,2,bed,2,bed,True,0.9941918849945068,0.0415097326040267,0.0279256645590066,0.0135840680450201,2.303255860169884e-05,False,0.17341977309562398,0.0,Grasp
282,False,0,airplane,0,airplane,True,0.9941840171813964,0.0481988042593002,0.0342001393437385,0.0139986649155616,1.633233296161052e-05,False,0.17382495948136142,0.0,Grasp
683,False,0,airplane,0,airplane,True,0.9941004514694214,0.0426574572920799,0.0355918891727924,0.0070655681192874,7.487360562663525e-06,False,0.17423014586709887,0.0,Grasp
589,False,30,toilet,30,toilet,True,0.9940903782844543,0.0395789742469787,0.0256671272218227,0.013911847025156,3.0668041290482506e-05,False,0.1746353322528363,0.0,Grasp
1490,False,25,sofa,25,sofa,True,0.99402117729187,0.0417205765843391,0.0389503575861454,0.0027702189981937,1.580293883307604e-06,False,0.17504051863857376,0.0,Grasp
2027,False,13,glass_box,13,glass_box,True,0.9939987659454346,0.0485681518912315,0.040394764393568,0.0081733874976634,7.167433523136424e-06,False,0.17544570502431117,0.0,Grasp
1329,False,14,guitar,14,guitar,True,0.9939525127410888,0.0481593608856201,0.0408796891570091,0.0072796717286109,4.104477739019785e-06,False,0.17585089141004862,0.0,Grasp
968,False,17,monitor,17,monitor,True,0.9939523339271544,0.0496405363082885,0.0408474840223789,0.0087930522859096,5.3279964049579576e-06,False,0.17625607779578606,0.0,Grasp
94,False,9,desk,9,desk,True,0.9939442276954652,0.0475795939564704,0.0411239117383956,0.0064556822180747,3.4682202567637432e-06,False,0.1766612641815235,0.0,Grasp
1025,False,20,piano,20,piano,True,0.9939007759094238,0.0502632334828376,0.0440662577748298,0.0061969757080078,2.7133953608426964e-06,False,0.17706645056726095,0.0,Grasp
897,False,25,sofa,25,sofa,True,0.9938938021659852,0.0427631959319114,0.0331475473940372,0.0096156485378742,1.4301012015494052e-05,False,0.1774716369529984,0.0,Grasp
1954,False,2,bed,2,bed,True,0.9938681125640868,0.0513270422816276,0.0414087586104869,0.0099182836711406,6.104711246734951e-06,False,0.1778768233387358,0.0,Grasp
1522,False,17,monitor,17,monitor,True,0.9938451647758484,0.0503112971782684,0.0454436652362346,0.0048676319420337,1.5848315797484247e-06,False,0.17828200972447325,0.0,Grasp
718,False,1,bathtub,1,bathtub,True,0.993815779685974,0.0490031987428665,0.0444527268409729,0.0045504719018936,1.3935132301412525e-06,False,0.1786871961102107,0.0,Grasp
1104,False,0,airplane,0,airplane,True,0.9938068985939026,0.0466455668210983,0.0398928187787532,0.006752748042345,3.848420419672038e-06,False,0.17909238249594814,0.0,Grasp
867,False,13,glass_box,13,glass_box,True,0.9938066601753236,0.0469321273267269,0.0407468825578689,0.0061852447688579,2.324688239241368e-06,False,0.17949756888168558,0.0,Grasp
633,False,25,sofa,25,sofa,True,0.9937458634376526,0.0508766621351242,0.0421565175056457,0.0087201446294784,5.563375452766195e-06,False,0.17990275526742303,0.0,Grasp
171,False,30,toilet,30,toilet,True,0.9937312602996826,0.0482515804469585,0.041160088032484,0.0070914924144744,3.1953356938174693e-06,False,0.18030794165316044,0.0,Grasp
2155,False,2,bed,2,bed,True,0.9936394691467284,0.052031971514225,0.0451305136084556,0.0069014579057693,4.30286900154897e-06,False,0.18071312803889789,0.0,Grasp
1459,False,16,mantel,16,mantel,True,0.9935332536697388,0.0488302484154701,0.04340111464262,0.00542913377285,2.269030346724321e-06,False,0.18111831442463533,0.0,Grasp
1252,False,17,monitor,17,monitor,True,0.9935269355773926,0.0532319322228431,0.0453384295105934,0.0078935027122497,3.1203555863612564e-06,False,0.18152350081037277,0.0,Grasp
1128,False,30,toilet,30,toilet,True,0.9934841394424438,0.0480900891125202,0.0394124016165733,0.0086776874959468,9.958910595742054e-06,False,0.18192868719611022,0.0,Grasp
1995,False,16,mantel,16,mantel,True,0.9934774041175842,0.0476019233465194,0.0400031134486198,0.0075988098978996,4.972771876055049e-06,False,0.18233387358184766,0.0,Grasp
739,False,5,car,5,car,True,0.9934707283973694,0.0516186356544494,0.0416766069829463,0.009942028671503,9.774080353963654e-06,False,0.18273905996758508,0.0,Grasp
1110,False,2,bed,2,bed,True,0.9934552907943726,0.0441058799624443,0.0313567779958248,0.0127491019666194,2.5969702619477172e-05,False,0.18314424635332252,0.0,Grasp
446,False,13,glass_box,13,glass_box,True,0.9934415221214294,0.0537522695958614,0.0473183654248714,0.0064339041709899,2.135589284080197e-06,False,0.18354943273905996,0.0,Grasp
869,False,23,range_hood,23,range_hood,True,0.99332994222641,0.0508712232112884,0.0431809574365615,0.0076902657747268,4.346169589553028e-06,False,0.1839546191247974,0.0,Grasp
407,False,13,glass_box,13,glass_box,True,0.9933056831359864,0.0554307475686073,0.0471302308142185,0.0083005167543888,3.6954406823497274e-06,False,0.18435980551053485,0.0,Grasp
441,False,6,chair,6,chair,True,0.9933046102523804,0.0516367256641387,0.0446544326841831,0.0069822929799556,4.245507625455502e-06,False,0.1847649918962723,0.0,Grasp
465,False,20,piano,20,piano,True,0.9931393265724182,0.0533570908010005,0.0350694842636585,0.018287606537342,2.7035315724788237e-05,False,0.1851701782820097,0.0,Grasp
492,False,25,sofa,25,sofa,True,0.993126630783081,0.0514805242419242,0.0382744148373603,0.0132061094045639,1.1788732990680728e-05,False,0.18557536466774716,0.0,Grasp
228,False,5,car,5,car,True,0.993123173713684,0.0473715141415596,0.0363249853253364,0.0110465288162231,1.2681961379712448e-05,False,0.1859805510534846,0.0,Grasp
1230,False,14,guitar,14,guitar,True,0.9931057691574096,0.0555822402238845,0.0443420782685279,0.0112401619553565,6.980977104831254e-06,False,0.18638573743922204,0.0,Grasp
1989,False,23,range_hood,23,range_hood,True,0.9930962324142456,0.0529073029756546,0.0477825105190277,0.0051247924566268,1.8993305275216697e-06,False,0.1867909238249595,0.0,Grasp
240,False,2,bed,2,bed,True,0.9930810928344728,0.0541720539331436,0.0460867844521999,0.0080852694809436,5.338612027117051e-06,False,0.18719611021069693,0.0,Grasp
1707,False,14,guitar,14,guitar,True,0.9930373430252076,0.0541511215269565,0.0478392466902732,0.0063118748366832,2.2605424874200253e-06,False,0.18760129659643435,0.0,Grasp
1980,False,30,toilet,30,toilet,True,0.9930275678634644,0.0534108728170394,0.0423598363995552,0.0110510364174842,8.200079719244968e-06,False,0.1880064829821718,0.0,Grasp
1129,False,17,monitor,17,monitor,True,0.9930267333984376,0.0523281246423721,0.0455928482115268,0.0067352764308452,2.914436890932848e-06,False,0.18841166936790923,0.0,Grasp
2073,False,6,chair,6,chair,True,0.9930087327957152,0.0484795831143856,0.037666730582714,0.0108128525316715,1.4498779819405172e-05,False,0.18881685575364668,0.0,Grasp
901,False,17,monitor,17,monitor,True,0.9930022358894348,0.0542902871966362,0.0465841926634311,0.007706094533205,3.5035782275372185e-06,False,0.18922204213938412,0.0,Grasp
96,False,9,desk,9,desk,True,0.9929807186126708,0.0525690652430057,0.0375907197594642,0.0149783454835414,2.3561420675832775e-05,False,0.18962722852512157,0.0,Grasp
1497,False,14,guitar,14,guitar,True,0.9929398894309998,0.0537519045174121,0.0459382012486457,0.0078137032687664,5.583916845353087e-06,False,0.19003241491085898,0.0,Grasp
2254,False,14,guitar,14,guitar,True,0.992864727973938,0.0535960160195827,0.0428403168916702,0.0107556991279125,8.99474343896145e-06,False,0.19043760129659643,0.0,Grasp
1260,False,16,mantel,16,mantel,True,0.9928606152534484,0.0557491704821586,0.0460565835237503,0.0096925869584083,5.866037554369541e-06,False,0.19084278768233387,0.0,Grasp
1341,False,16,mantel,16,mantel,True,0.9928244948387146,0.050686340779066,0.0396697372198104,0.0110166035592556,1.8649903722689487e-05,False,0.1912479740680713,0.0,Grasp
517,False,14,guitar,14,guitar,True,0.9928186535835266,0.0577347800135612,0.0492850579321384,0.0084497220814228,3.260476432842552e-06,False,0.19165316045380876,0.0,Grasp
1412,False,0,airplane,0,airplane,True,0.9928117990493774,0.0496787428855896,0.0356582663953304,0.0140204764902591,2.5072595235542398e-05,False,0.1920583468395462,0.0,Grasp
57,False,20,piano,20,piano,True,0.992810606956482,0.057188045233488,0.0471923202276229,0.009995725005865,5.755135134677403e-06,False,0.19246353322528362,0.0,Grasp
2063,False,2,bed,2,bed,True,0.992807686328888,0.0557052046060562,0.0415622591972351,0.0141429454088211,2.0759594917763025e-05,False,0.19286871961102106,0.0,Grasp
1827,False,0,airplane,0,airplane,True,0.99274480342865,0.0561850741505622,0.0434258095920085,0.0127592645585536,7.400398772006156e-06,False,0.1932739059967585,0.0,Grasp
666,False,14,guitar,14,guitar,True,0.9927350282669068,0.0549052990972995,0.0432084128260612,0.0116968862712383,9.152901839115655e-06,False,0.19367909238249595,0.0,Grasp
1595,False,14,guitar,14,guitar,True,0.9926860332489014,0.0583036765456199,0.0495616197586059,0.008742056787014,6.143994141893927e-06,False,0.1940842787682334,0.0,Grasp
1093,False,14,guitar,14,guitar,True,0.9926281571388244,0.0531457401812076,0.0480412691831588,0.0051044709980487,2.4241617211373523e-06,False,0.19448946515397084,0.0,Grasp
826,False,0,airplane,0,airplane,True,0.9925800561904908,0.0538730025291442,0.0363714620471,0.0175015404820442,3.3052398066502064e-05,False,0.19489465153970825,0.0,Grasp
44,False,16,mantel,16,mantel,True,0.9925726056098938,0.0609313212335109,0.0527573861181736,0.0081739351153373,3.793785253947135e-06,False,0.1952998379254457,0.0,Grasp
310,False,5,car,5,car,True,0.9925630688667296,0.0524645559489727,0.0407371595501899,0.0117273963987827,9.66030165727716e-06,False,0.19570502431118314,0.0,Grasp
1179,False,17,monitor,17,monitor,True,0.9925420880317688,0.0541017651557922,0.0443207249045372,0.009781040251255,8.717653145140503e-06,False,0.19611021069692058,0.0,Grasp
1961,False,25,sofa,25,sofa,True,0.9925363063812256,0.0575014576315879,0.0482924804091453,0.0092089772224426,6.348040187731385e-06,False,0.19651539708265803,0.0,Grasp
1689,False,5,car,5,car,True,0.9925227165222168,0.0594302974641323,0.0483031384646892,0.011127158999443,9.415632121090312e-06,False,0.19692058346839547,0.0,Grasp
556,False,16,mantel,16,mantel,True,0.9925200939178468,0.0587418042123317,0.0515955723822116,0.00714623183012,3.649015752671403e-06,False,0.1973257698541329,0.0,Grasp
1333,False,14,guitar,14,guitar,True,0.9924994111061096,0.0584085695445537,0.0440800040960311,0.0143285654485225,1.5297928257496096e-05,False,0.19773095623987033,0.0,Grasp
1408,False,30,toilet,30,toilet,True,0.9924929141998292,0.0609282553195953,0.0441332906484603,0.0167949646711349,1.962290480150841e-05,False,0.19813614262560778,0.0,Grasp
315,False,5,car,5,car,True,0.992487132549286,0.0587252527475357,0.0466518886387348,0.0120733641088008,7.090522103680996e-06,False,0.19854132901134522,0.0,Grasp
336,False,14,guitar,14,guitar,True,0.9924423694610596,0.0561294965445995,0.0452658422291278,0.0108636543154716,1.1175402505614327e-05,False,0.19894651539708266,0.0,Grasp
1263,False,1,bathtub,1,bathtub,True,0.9923766851425172,0.0557099431753158,0.0481758192181587,0.0075341239571571,3.5358755212655524e-06,False,0.1993517017828201,0.0,Grasp
1358,False,4,bookshelf,4,bookshelf,True,0.9923661947250366,0.059472918510437,0.0530895628035068,0.0063833557069301,2.203561507485574e-06,False,0.19975688816855752,0.0,Grasp
1862,False,25,sofa,25,sofa,True,0.9923475980758668,0.0517670698463916,0.0443326421082019,0.0074344277381896,8.599357897765003e-06,False,0.20016207455429497,0.0,Grasp
1619,False,14,guitar,14,guitar,True,0.992339015007019,0.0592717826366424,0.0488535575568676,0.0104182250797748,4.966264896211214e-06,False,0.2005672609400324,0.0,Grasp
1047,False,25,sofa,25,sofa,True,0.9923287034034728,0.0566284656524658,0.0499560050666332,0.0066724605858325,4.241667738824617e-06,False,0.20097244732576985,0.0,Grasp
719,False,30,toilet,30,toilet,True,0.992301106452942,0.0568605735898017,0.0502489507198333,0.0066116228699684,3.2579448543401668e-06,False,0.2013776337115073,0.0,Grasp
2074,False,16,mantel,16,mantel,True,0.992296040058136,0.0562116056680679,0.0517024062573909,0.0045091994106769,2.163978706448688e-06,False,0.20178282009724474,0.0,Grasp
1481,False,13,glass_box,13,glass_box,True,0.9922418594360352,0.0637798681855201,0.0480230078101158,0.0157568603754043,1.1148895282531155e-05,False,0.20218800648298219,0.0,Grasp
1445,False,23,range_hood,23,range_hood,True,0.992236316204071,0.0604378208518028,0.0517353862524032,0.0087024345993995,4.329974672145909e-06,False,0.2025931928687196,0.0,Grasp
2153,False,16,mantel,16,mantel,True,0.9922335743904114,0.0568629130721092,0.0494603775441646,0.0074025355279445,4.570203145703999e-06,False,0.20299837925445705,0.0,Grasp
2121,False,17,monitor,17,monitor,True,0.9922040104866028,0.05924654006958,0.0551385320723056,0.0041080079972743,1.4404868124984205e-06,False,0.2034035656401945,0.0,Grasp
2083,False,0,airplane,0,airplane,True,0.992203652858734,0.0528738684952259,0.0426760651171207,0.0101978033781051,1.111994424718432e-05,False,0.20380875202593193,0.0,Grasp
406,False,4,bookshelf,4,bookshelf,True,0.9921940565109252,0.0619770213961601,0.0523095950484275,0.0096674263477325,6.24636777502019e-06,False,0.20421393841166938,0.0,Grasp
155,False,16,mantel,16,mantel,True,0.9921494126319884,0.0620744153857231,0.0482015050947666,0.0138729102909564,1.0410839422547724e-05,False,0.20461912479740682,0.0,Grasp
1204,False,4,bookshelf,4,bookshelf,True,0.992132306098938,0.0583011880517005,0.0485366880893707,0.0097644999623298,7.859712241042871e-06,False,0.20502431118314424,0.0,Grasp
1729,False,16,mantel,16,mantel,True,0.992130160331726,0.0573587045073509,0.0467109531164169,0.0106477513909339,7.998130058695097e-06,False,0.20542949756888168,0.0,Grasp
93,False,25,sofa,25,sofa,True,0.9921256303787231,0.058838702738285,0.0488953851163387,0.0099433176219463,8.680755854584277e-06,False,0.20583468395461912,0.0,Grasp
297,False,14,guitar,14,guitar,True,0.9920887351036072,0.0578153878450393,0.0408964306116104,0.0169189572334289,2.617404788907152e-05,False,0.20623987034035657,0.0,Grasp
163,False,25,sofa,25,sofa,True,0.9920512437820436,0.0610263459384441,0.052455049008131,0.0085712969303131,5.046440492151305e-06,False,0.206645056726094,0.0,Grasp
1149,False,0,airplane,0,airplane,True,0.992001175880432,0.0606637224555015,0.0412070378661155,0.0194566845893859,3.90680470445659e-05,False,0.20705024311183146,0.0,Grasp
233,False,17,monitor,17,monitor,True,0.9919734597206116,0.0608892329037189,0.0558933392167091,0.0049958936870098,1.746460611684597e-06,False,0.20745542949756887,0.0,Grasp
2231,False,6,chair,6,chair,True,0.9919508099555968,0.0625618025660514,0.0494179353117942,0.0131438672542572,1.2364351277938113e-05,False,0.20786061588330632,0.0,Grasp
2179,False,20,piano,20,piano,True,0.9919248223304749,0.0613405331969261,0.0513027347624301,0.0100377984344959,6.469449544965755e-06,False,0.20826580226904376,0.0,Grasp
2107,False,25,sofa,25,sofa,True,0.9918748736381532,0.056402787566185,0.0506040714681148,0.0057987160980701,4.397253178467508e-06,False,0.2086709886547812,0.0,Grasp
731,False,5,car,5,car,True,0.9918258190155028,0.0642759203910827,0.0534439831972122,0.0108319371938705,5.262529157334939e-06,False,0.20907617504051865,0.0,Grasp
799,False,0,airplane,0,airplane,True,0.9917422533035278,0.0685750842094421,0.0575147755444049,0.0110603086650371,4.940160124533577e-06,False,0.2094813614262561,0.0,Grasp
1824,False,7,cone,7,cone,True,0.9916986227035522,0.0586663484573364,0.0486251451075077,0.0100412033498287,9.40996233111946e-06,False,0.2098865478119935,0.0,Grasp
372,False,14,guitar,14,guitar,True,0.9916759729385376,0.0604364201426506,0.050008974969387,0.0104274451732635,9.265472726838198e-06,False,0.21029173419773095,0.0,Grasp
994,False,4,bookshelf,4,bookshelf,True,0.9916112422943116,0.0615391507744789,0.0535590425133705,0.0079801082611083,5.942291863902938e-06,False,0.2106969205834684,0.0,Grasp
1071,False,13,glass_box,13,glass_box,True,0.9915316700935364,0.06355831772089,0.0549653880298137,0.0085929296910762,3.955877673433861e-06,False,0.21110210696920584,0.0,Grasp
2009,False,9,desk,9,desk,True,0.9915278553962708,0.0639615952968597,0.0546725429594516,0.009289052337408,4.212342901155353e-06,False,0.21150729335494328,0.0,Grasp
853,False,28,table,28,table,True,0.991527020931244,0.0595084726810455,0.0518304295837879,0.0076780430972576,7.419065241265343e-06,False,0.21191247974068073,0.0,Grasp
124,False,30,toilet,30,toilet,True,0.9914336800575256,0.0586154982447624,0.0428653210401535,0.0157501772046089,2.420079727016855e-05,False,0.21231766612641814,0.0,Grasp
1117,False,16,mantel,16,mantel,True,0.9913567900657654,0.059448517858982,0.0501437410712242,0.0093047767877578,9.770277756615542e-06,False,0.21272285251215559,0.0,Grasp
2249,False,17,monitor,17,monitor,True,0.9913089275360109,0.0660100504755973,0.0590450949966907,0.0069649554789066,2.9000118502153782e-06,False,0.21312803889789303,0.0,Grasp
2146,False,13,glass_box,13,glass_box,True,0.9913084506988524,0.0664006993174552,0.0573855750262737,0.0090151242911815,6.536906312248902e-06,False,0.21353322528363047,0.0,Grasp
2212,False,7,cone,7,cone,True,0.9913078546524048,0.0628581047058105,0.0480097755789756,0.0148483291268348,2.4664444936206564e-05,False,0.21393841166936792,0.0,Grasp
220,False,30,toilet,30,toilet,True,0.9912742972373962,0.0642449334263801,0.0534698031842708,0.0107751302421092,8.036595318117179e-06,False,0.21434359805510536,0.0,Grasp
2149,False,25,sofa,25,sofa,True,0.991271197795868,0.0587829127907753,0.0538474917411804,0.0049354210495948,3.582886847652844e-06,False,0.21474878444084278,0.0,Grasp
22,False,17,monitor,17,monitor,True,0.991267740726471,0.0625309497117996,0.05494075268507,0.0075901970267295,5.574584520218195e-06,False,0.21515397082658022,0.0,Grasp
1656,False,13,glass_box,13,glass_box,True,0.9912523627281188,0.0663589537143707,0.0507302843034267,0.0156286694109439,1.945591793628409e-05,False,0.21555915721231766,0.0,Grasp
1701,False,20,piano,20,piano,True,0.9912441968917848,0.0664070546627044,0.0532500520348548,0.0131570026278495,1.4163790183374658e-05,False,0.2159643435980551,0.0,Grasp
2234,False,30,toilet,30,toilet,True,0.9912405014038086,0.0688382759690284,0.0549496971070766,0.0138885788619518,1.5354486095020548e-05,False,0.21636952998379255,0.0,Grasp
273,False,4,bookshelf,4,bookshelf,True,0.991230845451355,0.0611807033419609,0.0528507530689239,0.0083299502730369,8.010702913452405e-06,False,0.21677471636953,0.0,Grasp
485,False,4,bookshelf,4,bookshelf,True,0.9912081956863404,0.0636581182479858,0.0567494966089725,0.0069086216390132,3.58767829311546e-06,False,0.2171799027552674,0.0,Grasp
116,False,30,toilet,30,toilet,True,0.9912018179893494,0.0672762766480445,0.0589396506547927,0.0083366259932518,5.197227437747642e-06,False,0.21758508914100486,0.0,Grasp
2272,False,17,monitor,17,monitor,True,0.9911891222000122,0.0714742392301559,0.0604141540825367,0.0110600851476192,5.654393135046121e-06,False,0.2179902755267423,0.0,Grasp
907,False,4,bookshelf,4,bookshelf,True,0.9911859631538392,0.0690282955765724,0.0594144575297832,0.0096138380467891,6.615343409066554e-06,False,0.21839546191247974,0.0,Grasp
1470,False,17,monitor,17,monitor,True,0.9910489916801452,0.0704493373632431,0.0618824362754821,0.0085669010877609,4.492892912821844e-06,False,0.2188006482982172,0.0,Grasp
341,False,5,car,5,car,True,0.9909468293190002,0.066896878182888,0.0561350211501121,0.0107618570327758,1.0983608262904454e-05,False,0.21920583468395463,0.0,Grasp
1846,False,28,table,28,table,True,0.9909451603889464,0.0650690421462059,0.0563434474170208,0.0087255947291851,5.546397460420849e-06,False,0.21961102106969205,0.0,Grasp
2256,False,13,glass_box,13,glass_box,True,0.9909274578094482,0.0697918310761451,0.0482921600341796,0.0214996710419654,2.808555655064993e-05,False,0.2200162074554295,0.0,Grasp
883,False,4,bookshelf,4,bookshelf,True,0.9909013509750366,0.066468060016632,0.0563111938536167,0.0101568661630153,7.441205070790602e-06,False,0.22042139384116693,0.0,Grasp
191,False,28,table,28,table,True,0.9908664226531982,0.0622199922800064,0.0547976829111576,0.0074223093688488,4.682841790781822e-06,False,0.22082658022690438,0.0,Grasp
472,False,14,guitar,14,guitar,True,0.9908645153045654,0.0690180286765098,0.0519886277616024,0.0170294009149074,1.496904133091448e-05,False,0.22123176661264182,0.0,Grasp
1633,False,14,guitar,14,guitar,True,0.9908624291419984,0.0629887878894805,0.05471808090806,0.0082707069814205,7.4150839282083325e-06,False,0.22163695299837927,0.0,Grasp
794,False,4,bookshelf,4,bookshelf,True,0.9908497333526612,0.0684485733509063,0.0608383454382419,0.0076102279126644,3.243422725063283e-06,False,0.22204213938411668,0.0,Grasp
665,False,20,piano,20,piano,True,0.9908314347267152,0.0695857852697372,0.0574981272220611,0.012087658047676,7.916303729871288e-06,False,0.22244732576985413,0.0,Grasp
1783,False,14,guitar,14,guitar,True,0.9908280372619628,0.0620776563882827,0.0544897504150867,0.007587905973196,6.016405222908361e-06,False,0.22285251215559157,0.0,Grasp
877,False,6,chair,6,chair,True,0.9908163547515868,0.0656887143850326,0.0522963851690292,0.0133923292160034,1.3220721484685782e-05,False,0.223257698541329,0.0,Grasp
103,False,16,mantel,16,mantel,True,0.990702748298645,0.0643470585346221,0.055803682655096,0.0085433758795261,7.899784577602986e-06,False,0.22366288492706646,0.0,Grasp
2159,False,14,guitar,14,guitar,True,0.9906686544418336,0.071288987994194,0.0580444931983947,0.0132444947957992,8.553234692953993e-06,False,0.2240680713128039,0.0,Grasp
1406,False,2,bed,2,bed,True,0.9906213283538818,0.061500396579504,0.0509253554046154,0.0105750411748886,1.2997318663110493e-05,False,0.22447325769854132,0.0,Grasp
1121,False,17,monitor,17,monitor,True,0.9906066060066224,0.0734765231609344,0.0635353103280067,0.0099412128329277,5.553676601266488e-06,False,0.22487844408427876,0.0,Grasp
1335,False,1,bathtub,1,bathtub,True,0.9905791282653807,0.0738383010029792,0.056613091379404,0.0172252096235752,2.618802864162717e-05,False,0.2252836304700162,0.0,Grasp
1941,False,14,guitar,14,guitar,True,0.9905737042427064,0.0706335827708244,0.0560446791350841,0.0145889036357402,9.393696927872952e-06,False,0.22568881685575365,0.0,Grasp
1078,False,6,chair,6,chair,True,0.9902893304824828,0.0684090927243232,0.0588428303599357,0.0095662623643875,7.560417543572839e-06,False,0.2260940032414911,0.0,Grasp
369,False,2,bed,2,bed,True,0.990278661251068,0.0697635114192962,0.0596790350973606,0.0100844763219356,8.449468623439316e-06,False,0.22649918962722854,0.0,Grasp
513,False,9,desk,9,desk,True,0.9902586936950684,0.0685597285628318,0.0601026341319084,0.0084570944309234,6.40197822576738e-06,False,0.22690437601296595,0.0,Grasp
486,False,25,sofa,25,sofa,True,0.990157663822174,0.0647287592291832,0.0604502707719802,0.0042784884572029,4.1686330405354965e-06,False,0.2273095623987034,0.0,Grasp
1657,False,5,car,5,car,True,0.9901410937309264,0.0733741819858551,0.0619464293122291,0.0114277526736259,1.0040700544777792e-05,False,0.22771474878444084,0.0,Grasp
1419,False,13,glass_box,13,glass_box,True,0.9901365041732788,0.0772920772433281,0.0614840053021907,0.0158080719411373,9.62505964707816e-06,False,0.22811993517017828,0.0,Grasp
2264,False,7,cone,7,cone,True,0.9900974631309508,0.0674887895584106,0.0577780157327652,0.0097107738256454,1.0636815204634331e-05,False,0.22852512155591573,0.0,Grasp
1908,False,0,airplane,0,airplane,True,0.9900878071784972,0.0795517712831497,0.0594067014753818,0.0201450698077678,3.831637513940223e-05,False,0.22893030794165317,0.0,Grasp
1378,False,14,guitar,14,guitar,True,0.9900760054588318,0.0751063749194145,0.0608367398381233,0.0142696350812911,1.1798962077591568e-05,False,0.2293354943273906,0.0,Grasp
2061,False,13,glass_box,13,glass_box,True,0.990060329437256,0.0764746516942977,0.059378083795309,0.0170965678989887,1.1079121577495243e-05,False,0.22974068071312803,0.0,Grasp
988,False,14,guitar,14,guitar,True,0.9900444746017456,0.0642254054546356,0.0543092899024486,0.0099161155521869,1.0884537005040327e-05,False,0.23014586709886548,0.0,Grasp
238,False,16,mantel,16,mantel,True,0.9900315403938292,0.0663082301616668,0.0539024695754051,0.0124057605862617,2.0032815882586877e-05,False,0.23055105348460292,0.0,Grasp
764,False,28,table,28,table,True,0.989950716495514,0.0690629482269287,0.0618550963699817,0.0072078518569469,4.684358373197028e-06,False,0.23095623987034036,0.0,Grasp
432,False,16,mantel,16,mantel,True,0.9899211525917052,0.0797905772924423,0.0632635131478309,0.0165270641446113,1.6632662664051168e-05,False,0.2313614262560778,0.0,Grasp
1756,False,4,bookshelf,4,bookshelf,True,0.9897582530975342,0.078624278306961,0.0671368241310119,0.011487454175949,7.952738997119013e-06,False,0.23176661264181522,0.0,Grasp
1237,False,2,bed,2,bed,True,0.9897196292877196,0.0696673318743705,0.0548175610601902,0.0148497708141803,1.6960380889941007e-05,False,0.23217179902755267,0.0,Grasp
1673,False,13,glass_box,13,glass_box,True,0.9896882176399232,0.078819140791893,0.0632700324058532,0.0155491083860397,1.2712438547168858e-05,False,0.2325769854132901,0.0,Grasp
1033,False,6,chair,6,chair,True,0.9896145462989808,0.0709493905305862,0.0510426312685012,0.0199067592620849,3.2756761356722564e-05,False,0.23298217179902755,0.0,Grasp
1298,False,30,toilet,30,toilet,True,0.9895601272583008,0.0817606374621391,0.0656324923038482,0.0161281451582908,1.6219992176047526e-05,False,0.233387358184765,0.0,Grasp
1860,False,0,airplane,0,airplane,True,0.9895517826080322,0.0746519267559051,0.0569103881716728,0.0177415385842323,3.3211897971341386e-05,False,0.23379254457050244,0.0,Grasp
381,False,13,glass_box,13,glass_box,True,0.9895437359809875,0.0816379785537719,0.0696602314710617,0.0119777470827102,6.797962214477593e-06,False,0.23419773095623986,0.0,Grasp
26,False,16,mantel,16,mantel,True,0.9895158410072328,0.0739002078771591,0.0587011352181434,0.0151990726590156,3.057162030017935e-05,False,0.2346029173419773,0.0,Grasp
1275,False,14,guitar,14,guitar,True,0.9894466400146484,0.0798024088144302,0.0589863918721675,0.0208160169422626,2.965217390737962e-05,False,0.23500810372771475,0.0,Grasp
1813,False,16,mantel,16,mantel,True,0.9894424676895142,0.0775655210018158,0.0700451731681823,0.0075203478336334,4.538915163720958e-06,False,0.2354132901134522,0.0,Grasp
76,False,16,mantel,16,mantel,True,0.98944091796875,0.0781155601143837,0.0631271451711654,0.0149884149432182,1.6145664631039836e-05,False,0.23581847649918963,0.0,Grasp
2262,False,1,bathtub,1,bathtub,True,0.9894103407859802,0.0795954018831253,0.070604883134365,0.0089905187487602,5.461458840727573e-06,False,0.23622366288492708,0.0,Grasp
1886,False,5,car,5,car,True,0.9893765449523926,0.0650908723473548,0.04484773427248,0.0202431380748748,4.221570634399541e-05,False,0.2366288492706645,0.0,Grasp
1785,False,30,toilet,30,toilet,True,0.989342451095581,0.0807722955942154,0.0622017048299312,0.0185705907642841,2.2142810848890804e-05,False,0.23703403565640194,0.0,Grasp
402,False,2,bed,2,bed,True,0.9893415570259094,0.0794929862022399,0.0709377974271774,0.0085551887750625,5.495883215189679e-06,False,0.23743922204213938,0.0,Grasp
1030,False,13,glass_box,13,glass_box,True,0.989340364933014,0.0829063951969146,0.0670658275485038,0.0158405676484107,1.829155189625453e-05,False,0.23784440842787682,0.0,Grasp
426,False,17,monitor,17,monitor,True,0.9892216324806212,0.0850036740303039,0.0756172835826873,0.0093863904476165,7.441681646014331e-06,False,0.23824959481361427,0.0,Grasp
2017,False,30,toilet,30,toilet,True,0.989168107509613,0.0791823863983154,0.0594368502497673,0.0197455361485481,4.216669185552746e-05,False,0.2386547811993517,0.0,Grasp
438,False,3,bench,3,bench,True,0.9891563653945924,0.0742167979478836,0.0487710274755954,0.0254457704722881,5.426729694590904e-05,False,0.23905996758508913,0.0,Grasp
1922,False,0,airplane,0,airplane,True,0.9891005158424376,0.082873061299324,0.0600969344377517,0.0227761268615722,4.1994360799435526e-05,False,0.23946515397082657,0.0,Grasp
85,False,5,car,5,car,True,0.9890862703323364,0.0826734602451324,0.0724257826805114,0.0102476775646209,8.577208063798025e-06,False,0.23987034035656402,0.0,Grasp
865,False,28,table,28,table,True,0.9889826774597168,0.0793143957853317,0.0657779723405838,0.0135364234447479,1.1784006346715614e-05,False,0.24027552674230146,0.0,Grasp
1526,False,16,mantel,16,mantel,True,0.9889448881149292,0.0792523026466369,0.0678406134247779,0.0114116892218589,9.679144568508493e-06,False,0.2406807131280389,0.0,Grasp
65,False,17,monitor,17,monitor,True,0.9889237880706788,0.0887765511870384,0.0755620524287223,0.013214498758316,1.0824976925505324e-05,False,0.24108589951377635,0.0,Grasp
1114,False,30,toilet,30,toilet,True,0.9889003038406372,0.078799620270729,0.0573830865323543,0.0214165337383747,4.2647669033613056e-05,False,0.24149108589951376,0.0,Grasp
1361,False,16,mantel,16,mantel,True,0.9887745380401612,0.0806587934494018,0.0720792561769485,0.0085795372724533,6.0340662457747385e-06,False,0.2418962722852512,0.0,Grasp
2089,False,5,car,5,car,True,0.988736629486084,0.0754226297140121,0.0440263040363788,0.0313963256776332,0.0001189237591461,False,0.24230145867098865,0.0,Grasp
177,False,30,toilet,30,toilet,True,0.9886897802352904,0.0801841169595718,0.0695779770612716,0.0106061398983001,9.476885679760017e-06,False,0.2427066450567261,0.0,Grasp
1592,False,16,mantel,16,mantel,True,0.9886417388916016,0.0834222510457038,0.071379005908966,0.0120432451367378,8.414747753704432e-06,False,0.24311183144246354,0.0,Grasp
824,False,0,airplane,0,airplane,True,0.9885867834091188,0.0825017988681793,0.0630431473255157,0.0194586515426635,2.8723417926812544e-05,False,0.24351701782820098,0.0,Grasp
2130,False,28,table,28,table,True,0.9885818362236024,0.0777944475412368,0.0712942481040954,0.0065001994371414,3.993816335423617e-06,False,0.2439222042139384,0.0,Grasp
190,False,17,monitor,17,monitor,True,0.9885522127151488,0.0805824622511863,0.0678806230425834,0.0127018392086029,1.5680889191571623e-05,False,0.24432739059967584,0.0,Grasp
605,False,30,toilet,30,toilet,True,0.988532543182373,0.0838507488369941,0.0683484002947807,0.0155023485422134,1.306105787080014e-05,False,0.24473257698541329,0.0,Grasp
2088,False,17,monitor,17,monitor,True,0.9882945418357848,0.0845970958471298,0.073597140610218,0.0109999552369117,8.9094592112815e-06,False,0.24513776337115073,0.0,Grasp
1970,False,17,monitor,17,monitor,True,0.988212823867798,0.0879653692245483,0.0788317173719406,0.0091336518526077,5.967656761640683e-06,False,0.24554294975688817,0.0,Grasp
772,False,13,glass_box,13,glass_box,True,0.9881458878517152,0.0896547883749008,0.0669306963682174,0.0227240920066833,2.829763070621993e-05,False,0.24594813614262562,0.0,Grasp
2283,False,13,glass_box,13,glass_box,True,0.9881381392478944,0.0921375006437301,0.0730486810207367,0.0190888196229934,2.2934755179448985e-05,False,0.24635332252836303,0.0,Grasp
23,False,4,bookshelf,4,bookshelf,True,0.988053262233734,0.086544781923294,0.0734245702624321,0.0131202116608619,1.2533194421848748e-05,False,0.24675850891410048,0.0,Grasp
1399,False,23,range_hood,23,range_hood,True,0.987999141216278,0.0852403044700622,0.0763499066233635,0.0088903978466987,5.455800874187844e-06,False,0.24716369529983792,0.0,Grasp
500,False,2,bed,2,bed,True,0.9879751801490784,0.0874207019805908,0.0621559582650661,0.0252647437155246,4.216375964460895e-05,False,0.24756888168557536,0.0,Grasp
875,False,26,stairs,26,stairs,True,0.9878912568092346,0.0817432627081871,0.06993068754673,0.011812575161457,1.151861397374887e-05,False,0.2479740680713128,0.0,Grasp
1945,False,25,sofa,25,sofa,True,0.9878427386283876,0.0865328758955001,0.0744910463690757,0.0120418295264244,1.397543655912159e-05,False,0.24837925445705025,0.0,Grasp
355,False,14,guitar,14,guitar,True,0.9878140091896056,0.0878577455878257,0.0721796452999115,0.0156781002879142,1.4212584574124776e-05,False,0.24878444084278767,0.0,Grasp
1759,False,14,guitar,14,guitar,True,0.9878058433532716,0.0868751779198646,0.0730613321065902,0.0138138458132743,1.1546131645445712e-05,False,0.2491896272285251,0.0,Grasp
625,False,28,table,28,table,True,0.987729787826538,0.0766994282603263,0.0656258761882782,0.0110735520720481,1.5634044757462107e-05,False,0.24959481361426256,0.0,Grasp
114,False,0,airplane,0,airplane,True,0.9877004623413086,0.0840920805931091,0.0617867447435855,0.0223053358495235,5.155169856152497e-05,False,0.25,0.0,Grasp
578,False,20,piano,20,piano,True,0.987607717514038,0.0844369381666183,0.0750150755047798,0.0094218626618385,8.211709427996539e-06,False,0.25040518638573744,0.0,Grasp
2099,False,2,bed,2,bed,True,0.9875442981719972,0.0882905423641204,0.0670459643006324,0.021244578063488,5.075697481515817e-05,False,0.2508103727714749,0.0,Grasp
334,False,30,toilet,30,toilet,True,0.9874629378318788,0.0907254517078399,0.0754149556159973,0.0153104960918426,1.2392910321068484e-05,False,0.25121555915721233,0.0,Grasp
2055,False,28,table,28,table,True,0.987428605556488,0.0867423862218856,0.0757634714245796,0.010978914797306,1.1898916454811117e-05,False,0.2516207455429498,0.0,Grasp
1556,False,17,monitor,17,monitor,True,0.987388789653778,0.0920173972845077,0.0827340260148048,0.0092833712697029,7.181625278462889e-06,False,0.2520259319286872,0.0,Grasp
792,False,16,mantel,16,mantel,True,0.9873576164245604,0.0863314718008041,0.0752477869391441,0.01108368486166,8.724527106096502e-06,False,0.25243111831442466,0.0,Grasp
697,False,4,bookshelf,4,bookshelf,True,0.9873353838920592,0.0820348560810089,0.0724773705005645,0.0095574855804443,1.420648277417058e-05,False,0.25283630470016205,0.0,Grasp
1028,False,5,car,5,car,True,0.9873128533363342,0.0904574170708656,0.0745522826910018,0.0159051343798637,1.79693270183634e-05,False,0.2532414910858995,0.0,Grasp
976,False,16,mantel,16,mantel,True,0.9873051047325134,0.0949437767267227,0.0863698869943618,0.0085738897323608,4.140005330555141e-06,False,0.25364667747163694,0.0,Grasp
1122,False,16,mantel,16,mantel,True,0.9872809648513794,0.0831163302063942,0.070633590221405,0.0124827399849891,1.450944364478346e-05,False,0.2540518638573744,0.0,Grasp
1312,False,6,chair,6,chair,True,0.9872039556503296,0.0906514897942543,0.081763207912445,0.0088882818818092,7.637192538823001e-06,False,0.2544570502431118,0.0,Grasp
6,False,30,toilet,30,toilet,True,0.9871748685836792,0.0908405259251594,0.070025235414505,0.0208152905106544,3.6241905036149547e-05,False,0.25486223662884927,0.0,Grasp
1016,False,4,bookshelf,4,bookshelf,True,0.9871347546577454,0.0937866866588592,0.0781431496143341,0.0156435370445251,1.8983473637490533e-05,False,0.2552674230145867,0.0,Grasp
1557,False,14,guitar,14,guitar,True,0.987130880355835,0.096766710281372,0.0721459612250328,0.0246207490563392,2.870064417948015e-05,False,0.25567260940032416,0.0,Grasp
1665,False,9,desk,9,desk,True,0.9870834350585938,0.0851522088050842,0.0575036071240901,0.027648601680994,3.207284680684097e-05,False,0.2560777957860616,0.0,Grasp
264,False,13,glass_box,13,glass_box,True,0.9870378971099854,0.0948167666792869,0.0717858970165252,0.0230308696627616,2.660386417119298e-05,False,0.25648298217179905,0.0,Grasp
1880,False,16,mantel,16,mantel,True,0.9870264530181884,0.0958732813596725,0.0826719403266906,0.0132013410329818,9.343521924165543e-06,False,0.2568881685575365,0.0,Grasp
2217,False,14,guitar,14,guitar,True,0.9870119094848632,0.0898930355906486,0.0688880681991577,0.0210049673914909,3.410202407394536e-05,False,0.25729335494327393,0.0,Grasp
1702,False,0,airplane,0,airplane,True,0.9870014786720276,0.0866767615079879,0.0544173195958137,0.0322594419121742,0.0001057524059433,False,0.2576985413290113,0.0,Grasp
1396,False,23,range_hood,23,range_hood,True,0.986951231956482,0.0891973078250885,0.0757874846458435,0.0134098231792449,1.5114394045667725e-05,False,0.25810372771474877,0.0,Grasp
967,False,25,sofa,25,sofa,True,0.986891269683838,0.0929901450872421,0.0717045441269874,0.0212856009602546,3.0406907171709463e-05,False,0.2585089141004862,0.0,Grasp
646,False,5,car,5,car,True,0.9868817925453186,0.0895577669143676,0.0739195793867111,0.0156381875276565,2.13542916753795e-05,False,0.25891410048622365,0.0,Grasp
1004,False,9,desk,9,desk,True,0.986866295337677,0.0894418731331825,0.0755189433693885,0.0139229297637939,1.4922430636943318e-05,False,0.2593192868719611,0.0,Grasp
1447,False,16,mantel,16,mantel,True,0.9867992997169496,0.0958938598632812,0.0812638401985168,0.0146300196647644,1.5318113582907245e-05,False,0.25972447325769854,0.0,Grasp
307,False,0,airplane,0,airplane,True,0.986798882484436,0.100623607635498,0.0823478102684021,0.0182757973670959,1.6597768990322948e-05,False,0.260129659643436,0.0,Grasp
610,False,14,guitar,14,guitar,True,0.986749827861786,0.099078893661499,0.0768374130129814,0.0222414806485176,2.3710776076768525e-05,False,0.26053484602917343,0.0,Grasp
2168,False,13,glass_box,13,glass_box,True,0.9867122769355774,0.0971304774284362,0.0749339535832405,0.0221965238451957,3.835562165477313e-05,False,0.26094003241491087,0.0,Grasp
2058,False,1,bathtub,1,bathtub,True,0.9865623116493224,0.0958408489823341,0.0861783251166343,0.0096625238656997,7.389755410258658e-06,False,0.2613452188006483,0.0,Grasp
669,False,14,guitar,14,guitar,True,0.9863495826721193,0.0891407802700996,0.0711868926882743,0.0179538875818252,4.135756898904219e-05,False,0.26175040518638576,0.0,Grasp
2263,False,16,mantel,16,mantel,True,0.9863184094429016,0.0965830534696579,0.0776820480823516,0.0189010053873062,2.5272984203184023e-05,False,0.2621555915721232,0.0,Grasp
1421,False,13,glass_box,13,glass_box,True,0.986301064491272,0.1054359972476959,0.077840931713581,0.0275950655341148,4.939535210723989e-05,False,0.2625607779578606,0.0,Grasp
1936,False,34,xbox,2,bed,False,0.9862885475158693,0.0943991318345069,0.0713693797588348,0.0230297520756721,5.896086804568768e-05,True,0.26296596434359804,0.0015408320493066256,Grasp
2275,False,16,mantel,16,mantel,True,0.9862096309661864,0.0915287435054779,0.0806935057044029,0.0108352378010749,1.1003862709912935e-05,False,0.2633711507293355,0.0015384615384615385,Grasp
844,False,20,piano,20,piano,True,0.9861273169517516,0.0915211290121078,0.0810978040099144,0.0104233250021934,7.68071367929224e-06,False,0.2637763371150729,0.0015360983102918587,Grasp
660,False,2,bed,2,bed,True,0.986096978187561,0.1061830669641494,0.0872747525572776,0.0189083144068717,1.8993594494531862e-05,False,0.26418152350081037,0.0015337423312883436,Grasp
872,False,2,bed,2,bed,True,0.9860600233078004,0.1001362353563308,0.0819600820541381,0.0181761533021926,2.488557220203802e-05,False,0.2645867098865478,0.0015313935681470138,Grasp
590,False,14,guitar,14,guitar,True,0.9860270023345948,0.0871174782514572,0.0755006372928619,0.0116168409585952,1.3774864783044904e-05,False,0.26499189627228525,0.0015290519877675841,Grasp
851,False,4,bookshelf,4,bookshelf,True,0.9860212206840516,0.0993276908993721,0.0851595178246498,0.0141681730747222,1.654369043535553e-05,False,0.2653970826580227,0.0015267175572519084,Grasp
550,False,14,guitar,14,guitar,True,0.9860029220581056,0.0988333821296691,0.0749250575900077,0.0239083245396614,3.4496926673455164e-05,False,0.26580226904376014,0.001524390243902439,Grasp
1261,False,16,mantel,16,mantel,True,0.9859985709190368,0.1044919490814209,0.0909979864954948,0.013493962585926,1.2088262337783816e-05,False,0.2662074554294976,0.0015220700152207,Grasp
1156,False,14,guitar,14,guitar,True,0.9859933257102966,0.0932776257395744,0.0814662426710128,0.0118113830685615,1.1952319255215116e-05,False,0.26661264181523503,0.001519756838905775,Grasp
2014,False,6,chair,6,chair,True,0.9859844446182252,0.0891375541687011,0.0716119855642318,0.0175255686044693,2.5931931304512545e-05,False,0.2670178282009725,0.0015174506828528073,Grasp
1188,False,9,desk,9,desk,True,0.9859792590141296,0.0909796208143234,0.0699771046638488,0.0210025161504745,3.430445212870836e-05,False,0.26742301458670986,0.0015151515151515152,Grasp
198,False,4,bookshelf,4,bookshelf,True,0.985912263393402,0.1050904542207717,0.0904371291399002,0.0146533250808715,1.4841947631794028e-05,False,0.2678282009724473,0.0015128593040847202,Grasp
754,False,14,guitar,14,guitar,True,0.9859079122543336,0.0978271514177322,0.0803611055016517,0.0174660459160804,1.6504276572959498e-05,False,0.26823338735818475,0.0015105740181268882,Grasp
1807,False,16,mantel,16,mantel,True,0.9858607649803162,0.0935760736465454,0.082550473511219,0.0110256001353263,1.0297998414898755e-05,False,0.2686385737439222,0.0015082956259426848,Grasp
1879,False,13,glass_box,13,glass_box,True,0.9856682419776917,0.1038087010383606,0.0746831223368644,0.0291255787014961,5.9491849242476746e-05,False,0.26904376012965964,0.0015060240963855422,Grasp
344,False,14,guitar,14,guitar,True,0.9856110215187072,0.1004975363612175,0.0880433097481727,0.0124542266130447,1.0574622137937696e-05,False,0.2694489465153971,0.0015037593984962407,Grasp
1500,False,14,guitar,14,guitar,True,0.9855675101280212,0.1068291515111923,0.0818302482366561,0.0249989032745361,2.735562520683743e-05,False,0.2698541329011345,0.0015015015015015015,Grasp
328,False,15,lamp,15,lamp,True,0.9855443239212036,0.0967283546924591,0.0667245611548423,0.0300037935376167,6.080117600504309e-05,False,0.27025931928687197,0.0014992503748125937,Grasp
1806,False,25,sofa,25,sofa,True,0.9855307936668396,0.0978992283344268,0.0894819796085357,0.0084172487258911,6.4887781263678335e-06,False,0.2706645056726094,0.0014970059880239522,Grasp
287,False,6,chair,6,chair,True,0.9855045080184937,0.103216715157032,0.0727705061435699,0.030446209013462,8.568113116780296e-05,False,0.27106969205834686,0.0014947683109118087,Grasp
1092,False,5,car,5,car,True,0.9854898452758788,0.0983036607503891,0.0840815380215644,0.0142221227288246,1.3895465599489398e-05,False,0.2714748784440843,0.0014925373134328358,Grasp
1953,False,16,mantel,16,mantel,True,0.9853943586349488,0.099239207804203,0.0826914831995964,0.0165477246046066,1.8232343791169114e-05,False,0.27188006482982174,0.0014903129657228018,Grasp
601,False,15,lamp,15,lamp,True,0.9852614998817444,0.1016925275325775,0.0795062109827995,0.0221863165497779,3.485863999230787e-05,False,0.27228525121555913,0.001488095238095238,Grasp
90,False,25,sofa,25,sofa,True,0.9852598309516908,0.0956450700759887,0.0814720541238784,0.0141730159521102,2.033190685324371e-05,False,0.2726904376012966,0.0014858841010401188,Grasp
2037,False,16,mantel,16,mantel,True,0.985188364982605,0.0835183262825012,0.0714597254991531,0.012058600783348,3.0874492949806154e-05,False,0.273095623987034,0.001483679525222552,Grasp
150,False,14,guitar,14,guitar,True,0.9851551055908204,0.1007862538099289,0.084064245223999,0.0167220085859298,2.6622488803695887e-05,False,0.27350081037277146,0.0014814814814814814,Grasp
1574,False,28,table,28,table,True,0.9851020574569702,0.1044022291898727,0.0822672694921493,0.0221349596977233,2.960010533570312e-05,False,0.2739059967585089,0.0014792899408284023,Grasp
1059,False,25,sofa,25,sofa,True,0.9849819540977478,0.1040630564093589,0.0923931822180748,0.0116698741912841,1.3296275028551465e-05,False,0.27431118314424635,0.0014771048744460858,Grasp
229,False,6,chair,6,chair,True,0.984971821308136,0.0972863584756851,0.0727576687932014,0.0245286896824836,6.440220749936998e-05,False,0.2747163695299838,0.0014749262536873156,Grasp
2258,False,23,range_hood,23,range_hood,True,0.9849568009376526,0.1109094321727752,0.0936478674411773,0.0172615647315979,2.118069096468389e-05,False,0.27512155591572124,0.0014727540500736377,Grasp
1737,False,14,guitar,14,guitar,True,0.984904646873474,0.1091569289565086,0.0868372470140457,0.0223196819424629,2.50205303018447e-05,False,0.2755267423014587,0.0014705882352941176,Grasp
1770,False,3,bench,3,bench,True,0.9847831130027772,0.1043567210435867,0.0770876184105873,0.0272691026329994,4.5300792407942936e-05,False,0.2759319286871961,0.0014684287812041115,Grasp
148,False,5,car,5,car,True,0.984750270843506,0.0991275012493133,0.0866211652755737,0.0125063359737396,1.9372204405954108e-05,False,0.27633711507293357,0.001466275659824047,Grasp
1937,False,17,monitor,17,monitor,True,0.9847440719604492,0.1100740432739257,0.0934715792536735,0.0166024640202522,1.8380906112724915e-05,False,0.276742301458671,0.0014641288433382138,Grasp
1979,False,25,sofa,25,sofa,True,0.9844425320625304,0.1163694262504577,0.0937184169888496,0.0226510092616081,3.1850457162363455e-05,False,0.2771474878444084,0.0014619883040935672,Grasp
972,False,9,desk,9,desk,True,0.9842071533203124,0.1015967801213264,0.0914355963468551,0.0101611837744712,9.422031325811986e-06,False,0.27755267423014585,0.00145985401459854,Grasp
1547,False,6,chair,6,chair,True,0.9841084480285645,0.1126448214054107,0.0976911261677742,0.0149536952376365,1.7146801837952808e-05,False,0.2779578606158833,0.0014577259475218659,Grasp
1216,False,20,piano,20,piano,True,0.9841073155403136,0.1208552941679954,0.1005725711584091,0.0202827230095863,2.206491444667336e-05,False,0.27836304700162073,0.001455604075691412,Grasp
969,False,30,toilet,30,toilet,True,0.9840067028999328,0.0864911079406738,0.0402026996016502,0.0462884083390235,0.0003112147678621,False,0.2787682333873582,0.0014534883720930232,Grasp
1874,False,13,glass_box,13,glass_box,True,0.9839461445808412,0.1187267154455185,0.0862114951014518,0.0325152203440666,5.2294653869466856e-05,False,0.2791734197730956,0.001451378809869376,Grasp
440,False,23,range_hood,23,range_hood,True,0.9839128851890564,0.1140068471431732,0.0953597128391265,0.0186471343040466,2.7638587198453024e-05,False,0.27957860615883307,0.0014492753623188406,Grasp
48,False,4,bookshelf,4,bookshelf,True,0.9836029410362244,0.1072255074977874,0.0898457914590835,0.0173797160387039,4.043247099616565e-05,False,0.2799837925445705,0.001447178002894356,Grasp
641,False,16,mantel,16,mantel,True,0.9835474491119384,0.1080878153443336,0.0943570137023925,0.013730801641941,1.679522574704606e-05,False,0.28038897893030795,0.001445086705202312,Grasp
1629,False,1,bathtub,1,bathtub,True,0.9835233092308044,0.1126637533307075,0.0987137779593467,0.0139499753713607,1.643344330659602e-05,False,0.2807941653160454,0.001443001443001443,Grasp
1225,False,14,guitar,14,guitar,True,0.9834617376327516,0.1126443147659301,0.0937911346554756,0.0188531801104545,2.2539470592164434e-05,False,0.28119935170178284,0.001440922190201729,Grasp
225,False,14,guitar,14,guitar,True,0.9834543466567992,0.1072322279214859,0.0850443840026855,0.0221878439188003,4.4307351345196366e-05,False,0.2816045380875203,0.0014388489208633094,Grasp
2128,False,28,table,28,table,True,0.9834384322166444,0.1014009341597557,0.0901391729712486,0.011261761188507,1.7345008018310182e-05,False,0.2820097244732577,0.0014367816091954023,Grasp
91,False,16,mantel,16,mantel,True,0.9832971096038818,0.1101579442620277,0.0913551077246666,0.0188028365373611,2.4378094167332165e-05,False,0.2824149108589951,0.0014347202295552368,Grasp
611,False,16,mantel,16,mantel,True,0.9832862615585328,0.092405617237091,0.0840709060430526,0.0083347111940383,1.511959453637246e-05,False,0.28282009724473256,0.0014326647564469914,Grasp
1006,False,4,bookshelf,4,bookshelf,True,0.9832114577293396,0.1057846769690513,0.0927001982927322,0.0130844786763191,2.60420983977383e-05,False,0.28322528363047,0.001430615164520744,Grasp
1467,False,30,toilet,30,toilet,True,0.9831755757331848,0.1098146587610244,0.0936697497963905,0.0161449089646339,2.8986483812332157e-05,False,0.28363047001620745,0.0014285714285714286,Grasp
1780,False,10,door,10,door,True,0.98307067155838,0.0991000384092331,0.0879678130149841,0.0111322253942489,1.834271097322926e-05,False,0.2840356564019449,0.0014265335235378032,Grasp
2005,False,16,mantel,16,mantel,True,0.983062505722046,0.1056533381342887,0.0921637341380119,0.0134896039962768,2.6283010811312124e-05,False,0.28444084278768234,0.0014245014245014246,Grasp
566,False,5,car,5,car,True,0.9830478429794312,0.1118106916546821,0.0837166011333465,0.0280940905213356,5.088008038001135e-05,False,0.2848460291734198,0.001422475106685633,Grasp
1289,False,7,cone,7,cone,True,0.9829984307289124,0.1076866090297699,0.0843325182795524,0.0233540907502174,5.3630603360943496e-05,False,0.2852512155591572,0.0014204545454545455,Grasp
1603,False,1,bathtub,1,bathtub,True,0.9829935431480408,0.1184879094362258,0.0979450568556785,0.0205428525805473,3.17706580972299e-05,False,0.28565640194489467,0.0014184397163120568,Grasp
1240,False,0,airplane,0,airplane,True,0.982955515384674,0.104662649333477,0.0874483883380889,0.017214260995388,3.797246972681023e-05,False,0.2860615883306321,0.00141643059490085,Grasp
2081,False,4,bookshelf,4,bookshelf,True,0.9829452633857728,0.1124603897333145,0.0956529825925827,0.0168074071407318,1.8524009647080675e-05,False,0.28646677471636955,0.0014144271570014145,Grasp
180,False,14,guitar,14,guitar,True,0.9828751683235168,0.114278107881546,0.0946904569864273,0.0195876508951187,2.4733082682359964e-05,False,0.28687196110210694,0.0014124293785310734,Grasp
1429,False,14,guitar,14,guitar,True,0.9828147292137146,0.1147559732198715,0.0930492132902145,0.0217067599296569,3.963800918427296e-05,False,0.2872771474878444,0.0014104372355430183,Grasp
1297,False,14,guitar,14,guitar,True,0.982802152633667,0.1113354116678237,0.0850168615579605,0.0263185501098632,4.846276351599954e-05,False,0.28768233387358183,0.0014084507042253522,Grasp
1011,False,6,chair,6,chair,True,0.9827804565429688,0.1009182780981063,0.0831112712621688,0.0178070068359375,4.377106597530656e-05,False,0.2880875202593193,0.0014064697609001407,Grasp
1382,False,13,glass_box,13,glass_box,True,0.9827783107757568,0.1223421096801757,0.1022178679704666,0.0201242417097091,3.557043964974582e-05,False,0.2884927066450567,0.0014044943820224719,Grasp
876,False,0,airplane,0,airplane,True,0.9827571511268616,0.1206918060779571,0.0848795846104621,0.0358122214674949,7.787226786604151e-05,False,0.28889789303079416,0.001402524544179523,Grasp
909,False,14,guitar,14,guitar,True,0.9826891422271729,0.1227021962404251,0.0992285162210464,0.0234736800193786,3.144000220345333e-05,False,0.2893030794165316,0.0014005602240896359,Grasp
2072,False,28,table,28,table,True,0.982638955116272,0.1039081662893295,0.0929616913199424,0.010946474969387,1.5111972970771603e-05,False,0.28970826580226905,0.0013986013986013986,Grasp
609,False,32,vase,32,vase,True,0.982495665550232,0.1002524197101593,0.09369857609272,0.0065538436174392,8.291100130009e-06,False,0.2901134521880065,0.0013966480446927375,Grasp
1733,False,16,mantel,16,mantel,True,0.9824874401092528,0.1053783446550369,0.0900171175599098,0.0153612270951271,2.7752148525905795e-05,False,0.29051863857374394,0.001394700139470014,Grasp
1779,False,28,table,28,table,True,0.9824008941650392,0.1202086210250854,0.1019952297210693,0.0182133913040161,1.694561433396302e-05,False,0.2909238249594814,0.001392757660167131,Grasp
466,False,4,bookshelf,4,bookshelf,True,0.98239266872406,0.1228130012750625,0.1066775992512703,0.0161354020237922,1.7820428183767945e-05,False,0.2913290113452188,0.0013908205841446453,Grasp
807,False,2,bed,2,bed,True,0.9823920726776124,0.1276730298995971,0.109420970082283,0.0182520598173141,2.196187415393069e-05,False,0.2917341977309562,0.001388888888888889,Grasp
231,False,21,plant,21,plant,True,0.9823364615440368,0.1094834059476852,0.101205475628376,0.0082779303193092,7.056334197841352e-06,False,0.29213938411669366,0.0013869625520110957,Grasp
1328,False,9,desk,9,desk,True,0.9823034405708312,0.115391731262207,0.0935719758272171,0.0218197554349899,3.053823093068786e-05,False,0.2925445705024311,0.0013850415512465374,Grasp
752,False,2,bed,2,bed,True,0.9822786450386048,0.1116373687982559,0.0996140241622924,0.0120233446359634,1.8557118892204016e-05,False,0.29294975688816854,0.0013831258644536654,Grasp
1974,False,16,mantel,16,mantel,True,0.9822250604629515,0.1173364669084549,0.103384293615818,0.0139521732926368,1.4703341548738535e-05,False,0.293354943273906,0.0013812154696132596,Grasp
1464,False,14,guitar,14,guitar,True,0.9820987582206726,0.1208450198173523,0.0990874096751213,0.0217576101422309,3.839114651782438e-05,False,0.29376012965964343,0.001379310344827586,Grasp
917,False,30,toilet,30,toilet,True,0.9820636510849,0.1259756684303283,0.1070128828287124,0.0189627856016159,1.909686761791818e-05,False,0.2941653160453809,0.0013774104683195593,Grasp
1748,False,14,guitar,14,guitar,True,0.9820584058761596,0.1280070841312408,0.0983661711215972,0.0296409130096435,3.599784758989699e-05,False,0.2945705024311183,0.001375515818431912,Grasp
63,False,4,bookshelf,4,bookshelf,True,0.982044279575348,0.1291062980890274,0.1154549941420555,0.0136513039469718,1.0053871847048867e-05,False,0.29497568881685576,0.0013736263736263737,Grasp
2287,False,20,piano,20,piano,True,0.9820025563240052,0.1227088421583175,0.104117065668106,0.0185917764902114,1.912869447551202e-05,False,0.2953808752025932,0.0013717421124828531,Grasp
1543,False,4,bookshelf,4,bookshelf,True,0.9817856550216676,0.1241126507520675,0.1019439399242401,0.0221687108278274,3.402074798941612e-05,False,0.29578606158833065,0.0013698630136986301,Grasp
2169,False,0,airplane,0,airplane,True,0.9817824363708496,0.1127941533923149,0.0742032676935195,0.0385908856987953,0.0001939970534294,False,0.2961912479740681,0.0013679890560875513,Grasp
1870,False,14,guitar,14,guitar,True,0.9817168712615968,0.1169127523899078,0.0959462821483612,0.0209664702415466,3.882184319081716e-05,False,0.2965964343598055,0.001366120218579235,Grasp
723,False,4,bookshelf,4,bookshelf,True,0.9815652966499328,0.1195499300956726,0.1086238995194435,0.010926030576229,1.2870749742432965e-05,False,0.2970016207455429,0.001364256480218281,Grasp
1489,False,1,bathtub,1,bathtub,True,0.981551229953766,0.1259264945983886,0.1115031316876411,0.0144233629107475,1.351264290860854e-05,False,0.29740680713128037,0.0013623978201634877,Grasp
1830,False,2,bed,2,bed,True,0.981519877910614,0.1199559122323989,0.0980312228202819,0.021924689412117,4.134375922149047e-05,False,0.2978119935170178,0.0013605442176870747,Grasp
49,False,5,car,5,car,True,0.981507420539856,0.1106525212526321,0.0663007646799087,0.0443517565727233,0.0002217753353761,False,0.29821717990275526,0.001358695652173913,Grasp
957,False,9,desk,9,desk,True,0.9815048575401306,0.1191775947809219,0.0986522510647773,0.0205253437161445,2.9759361495962366e-05,False,0.2986223662884927,0.0013568521031207597,Grasp
1898,False,14,guitar,14,guitar,True,0.9814844727516174,0.1203404292464256,0.09968201816082,0.0206584110856056,3.2928994187386706e-05,False,0.29902755267423015,0.0013550135501355014,Grasp
2062,False,25,sofa,25,sofa,True,0.9814234972000122,0.111632116138935,0.0989368855953216,0.0126952305436134,2.4168890377040952e-05,False,0.2994327390599676,0.0013531799729364006,Grasp
1299,False,14,guitar,14,guitar,True,0.981328785419464,0.1320064514875412,0.1106836274266243,0.0213228240609169,2.206655881309416e-05,False,0.29983792544570503,0.0013513513513513514,Grasp
1462,False,5,car,5,car,True,0.9812730550765992,0.1197154596447944,0.1094233095645904,0.010292150080204,1.092269849323202e-05,False,0.3002431118314425,0.001349527665317139,Grasp
1420,False,0,airplane,0,airplane,True,0.9812391996383668,0.1107190698385238,0.0568191036581993,0.0538999661803245,0.0002838850195985,False,0.3006482982171799,0.0013477088948787063,Grasp
2232,False,31,tv_stand,13,glass_box,False,0.9811899065971376,0.1285496801137924,0.0987959578633308,0.0297537222504615,5.90799972997047e-05,True,0.30105348460291737,0.0026917900403768506,Grasp
1601,False,9,desk,9,desk,True,0.9811050295829772,0.1111399456858635,0.0855847597122192,0.0255551859736442,4.989121953258291e-05,False,0.3014586709886548,0.002688172043010753,Grasp
2019,False,28,table,28,table,True,0.9810421466827391,0.1094451695680618,0.0894223898649215,0.0200227797031402,6.0350270359776914e-05,False,0.3018638573743922,0.0026845637583892616,Grasp
2176,False,14,guitar,14,guitar,True,0.980929672718048,0.1203673034906387,0.1001814231276512,0.0201858803629875,3.435122926020995e-05,False,0.30226904376012964,0.002680965147453083,Grasp
1571,False,6,chair,6,chair,True,0.9808320999145508,0.1267839074134826,0.09162487834692,0.0351590290665626,7.04580670571886e-05,False,0.3026742301458671,0.002677376171352075,Grasp
455,False,13,glass_box,13,glass_box,True,0.9807799458503724,0.1298698782920837,0.1057316958904266,0.0241381824016571,3.973820639657788e-05,False,0.30307941653160453,0.00267379679144385,Grasp
27,False,5,car,5,car,True,0.9806818962097168,0.1000227406620979,0.080516293644905,0.0195064470171928,6.494885019492358e-05,False,0.303484602917342,0.0026702269692923898,Grasp
796,False,16,mantel,16,mantel,True,0.9806252121925354,0.1404465734958648,0.1207643821835517,0.019682191312313,2.207624856964685e-05,False,0.3038897893030794,0.0026666666666666666,Grasp
447,False,2,bed,2,bed,True,0.980328381061554,0.1337856203317642,0.1178681030869484,0.0159175172448158,1.9596865968196653e-05,False,0.30429497568881686,0.002663115845539281,Grasp
1355,False,5,car,5,car,True,0.9803155064582824,0.1397373676300048,0.1110398769378662,0.0286974906921386,4.198001624899917e-05,False,0.3047001620745543,0.0026595744680851063,Grasp
1853,False,26,stairs,26,stairs,True,0.9802766442298888,0.1291588246822357,0.1121938675642013,0.0169649571180343,1.8200955310021527e-05,False,0.30510534846029175,0.0026560424966799467,Grasp
2184,False,4,bookshelf,4,bookshelf,True,0.9802616238594056,0.1384649872779846,0.1217449605464935,0.016720026731491,1.752686148392968e-05,False,0.3055105348460292,0.002652519893899204,Grasp
715,False,4,bookshelf,4,bookshelf,True,0.9802232384681702,0.1262365877628326,0.1048279330134391,0.0214086547493934,4.2905769078060985e-05,False,0.30591572123176664,0.0026490066225165563,Grasp
1218,False,14,guitar,14,guitar,True,0.9802203178405762,0.1197977289557457,0.0963205248117446,0.023477204144001,4.828907549381256e-05,False,0.3063209076175041,0.0026455026455026454,Grasp
1385,False,17,monitor,17,monitor,True,0.9801533222198486,0.144893541932106,0.120417445898056,0.0244760960340499,3.175549863954075e-05,False,0.30672609400324147,0.002642007926023778,Grasp
749,False,16,mantel,16,mantel,True,0.9800874590873718,0.1241344362497329,0.1001859903335571,0.0239484459161758,4.744032776216045e-05,False,0.3071312803889789,0.002638522427440633,Grasp
2018,False,13,glass_box,13,glass_box,True,0.9800862073898317,0.1370268017053604,0.1061237081885337,0.0309030935168266,7.580063538625836e-05,False,0.30753646677471635,0.002635046113306983,Grasp
1531,False,16,mantel,16,mantel,True,0.9799341559410096,0.1312661916017532,0.1067495867609977,0.0245166048407554,5.174552643438801e-05,False,0.3079416531604538,0.002631578947368421,Grasp
2154,False,4,bookshelf,4,bookshelf,True,0.9799057245254515,0.1273219585418701,0.1134741455316543,0.0138478130102157,1.7293214114033617e-05,False,0.30834683954619124,0.002628120893561104,Grasp
345,False,23,range_hood,23,range_hood,True,0.9797796010971068,0.1262818127870559,0.0977374017238617,0.0285444110631942,6.24984604655765e-05,False,0.3087520259319287,0.0026246719160104987,Grasp
1509,False,16,mantel,16,mantel,True,0.9797783493995668,0.1357654929161071,0.1147716417908668,0.0209938511252403,2.9784796424792148e-05,False,0.30915721231766613,0.002621231979030144,Grasp
1578,False,16,mantel,16,mantel,True,0.9794667363166808,0.1391519010066986,0.1107780337333679,0.0283738672733306,4.682852886617184e-05,False,0.3095623987034036,0.002617801047120419,Grasp
127,False,14,guitar,14,guitar,True,0.9794389605522156,0.1358863413333892,0.1126410886645317,0.0232452526688575,4.1717099520610645e-05,False,0.309967585089141,0.00261437908496732,Grasp
2039,False,14,guitar,14,guitar,True,0.9793899059295654,0.1341854184865951,0.1077288836240768,0.0264565348625183,4.484953751671128e-05,False,0.31037277147487846,0.0026109660574412533,Grasp
887,False,4,bookshelf,4,bookshelf,True,0.9793205261230468,0.1130575835704803,0.1003050357103347,0.0127525478601455,3.0722494557267055e-05,False,0.3107779578606159,0.002607561929595828,Grasp
2012,False,20,piano,20,piano,True,0.9791689515113832,0.1231231018900871,0.1028013527393341,0.020321749150753,5.0701284635579214e-05,False,0.31118314424635335,0.0026041666666666665,Grasp
1257,False,0,airplane,0,airplane,True,0.9791286587715148,0.1269738674163818,0.0819949731230735,0.0449788942933082,0.000224717441597,False,0.31158833063209074,0.002600780234070221,Grasp
1001,False,9,desk,9,desk,True,0.9790339469909668,0.1434909999370575,0.1138245090842247,0.0296664908528327,5.507182868313976e-05,False,0.3119935170178282,0.0025974025974025974,Grasp
2097,False,16,mantel,16,mantel,True,0.978935718536377,0.1361097544431686,0.1099543645977974,0.0261553898453712,5.866681021871045e-05,False,0.3123987034035656,0.0025940337224383916,Grasp
1492,False,10,door,10,door,True,0.9789164066314696,0.1135823875665664,0.1052144095301628,0.0083679780364036,1.7657021089689806e-05,False,0.31280388978930307,0.0025906735751295338,Grasp
750,False,0,airplane,0,airplane,True,0.9789133667945862,0.1267245709896087,0.0981727614998817,0.028551809489727,6.860173016320914e-05,False,0.3132090761750405,0.00258732212160414,Grasp
28,False,14,guitar,14,guitar,True,0.978779137134552,0.1367169022560119,0.1132803484797477,0.0234365537762641,5.271448026178405e-05,False,0.31361426256077796,0.002583979328165375,Grasp
36,False,23,range_hood,23,range_hood,True,0.9786491394042968,0.1323040276765823,0.1186214163899421,0.0136826112866401,1.7752063286025077e-05,False,0.3140194489465154,0.0025806451612903226,Grasp
442,False,13,glass_box,13,glass_box,True,0.9786223769187928,0.1424959599971771,0.1272248178720474,0.0152711421251297,1.407697254762752e-05,False,0.31442463533225284,0.002577319587628866,Grasp
1105,False,14,guitar,14,guitar,True,0.9785203337669371,0.1430721879005432,0.1001699864864349,0.0429022014141082,0.0001217318422277,False,0.3148298217179903,0.002574002574002574,Grasp
383,False,14,guitar,14,guitar,True,0.9783971309661864,0.1420092582702636,0.0938036069273948,0.0482056513428688,0.0001292890519835,False,0.31523500810372773,0.002570694087403599,Grasp
120,False,14,guitar,14,guitar,True,0.9783689975738524,0.1424486339092254,0.1107111349701881,0.0317374989390373,5.18852612003684e-05,False,0.3156401944894652,0.0025673940949935813,Grasp
922,False,20,piano,20,piano,True,0.9783278107643129,0.1237316578626632,0.0960578173398971,0.0276738405227661,0.0001093804094125,False,0.3160453808752026,0.002564102564102564,Grasp
890,False,7,cone,7,cone,True,0.9782808423042296,0.1399812251329422,0.1221441179513931,0.017837107181549,2.4469227355439216e-05,False,0.31645056726094,0.002560819462227913,Grasp
1700,False,23,range_hood,23,range_hood,True,0.9780738949775696,0.1361276805400848,0.1202688887715339,0.0158587917685508,2.29066517931642e-05,False,0.31685575364667745,0.0025575447570332483,Grasp
849,False,28,table,28,table,True,0.977992057800293,0.1281279623508453,0.1103892549872398,0.0177387073636055,2.7229754778090864e-05,False,0.3172609400324149,0.002554278416347382,Grasp
914,False,4,bookshelf,4,bookshelf,True,0.9777032732963562,0.1374111622571945,0.125645637512207,0.0117655247449874,1.85565986612346e-05,False,0.31766612641815234,0.002551020408163265,Grasp
113,False,5,car,5,car,True,0.9777016043663024,0.1501489579677581,0.1253506988286972,0.0247982591390609,4.184502540738322e-05,False,0.3180713128038898,0.0025477707006369425,Grasp
880,False,16,mantel,16,mantel,True,0.977623701095581,0.1519821584224701,0.1197494715452194,0.0322326868772506,4.187903687125072e-05,False,0.3184764991896272,0.002544529262086514,Grasp
2165,False,17,monitor,17,monitor,True,0.9775893688201904,0.1486152410507202,0.1288204044103622,0.0197948366403579,3.7016390706412494e-05,False,0.31888168557536467,0.0025412960609911056,Grasp
1798,False,5,car,5,car,True,0.9775869250297546,0.1359414458274841,0.090536743402481,0.045404702425003,0.000185116121429,False,0.3192868719611021,0.0025380710659898475,Grasp
445,False,30,toilet,30,toilet,True,0.977541208267212,0.144819438457489,0.1188284531235694,0.0259909853339195,4.8679776227800176e-05,False,0.31969205834683956,0.0025348542458808617,Grasp
1956,False,10,door,10,door,True,0.9775105118751526,0.1165678575634956,0.105640172958374,0.0109276846051216,2.6511523174121976e-05,False,0.320097244732577,0.002531645569620253,Grasp
861,False,4,bookshelf,4,bookshelf,True,0.9775026440620422,0.1623351871967315,0.142007440328598,0.0203277468681335,3.224705142201856e-05,False,0.32050243111831445,0.0025284450063211127,Grasp
1418,False,20,piano,20,piano,True,0.9774953126907348,0.1299435198307037,0.094381608068943,0.0355619117617607,0.0001744610490277,False,0.3209076175040519,0.0025252525252525255,Grasp
674,False,4,bookshelf,4,bookshelf,True,0.9774646759033204,0.1280863881111145,0.1183963194489479,0.0096900686621665,1.3007735105929896e-05,False,0.3213128038897893,0.0025220680958385876,Grasp
1067,False,16,mantel,16,mantel,True,0.9774569272994996,0.1387387961149215,0.1098703816533088,0.0288684144616127,8.470401371596381e-05,False,0.3217179902755267,0.0025188916876574307,Grasp
1163,False,30,toilet,30,toilet,True,0.977441430091858,0.1226866245269775,0.0803344473242759,0.0423521772027015,0.0002095947129419,False,0.32212317666126417,0.0025157232704402514,Grasp
352,False,14,guitar,14,guitar,True,0.9773926138877868,0.1515374928712844,0.1162921711802482,0.0352453216910362,8.132405491778627e-05,False,0.3225283630470016,0.002512562814070352,Grasp
1666,False,6,chair,6,chair,True,0.9773612022399902,0.1320362985134124,0.0925624296069145,0.0394738689064979,0.0001360927417408,False,0.32293354943273905,0.002509410288582183,Grasp
677,False,14,guitar,14,guitar,True,0.9773578643798828,0.1516471654176712,0.1214199140667915,0.0302272513508796,5.0110058509744704e-05,False,0.3233387358184765,0.002506265664160401,Grasp
2091,False,14,guitar,14,guitar,True,0.9773359894752502,0.153450459241867,0.1170675307512283,0.0363829284906387,0.0001000490156002,False,0.32374392220421394,0.0025031289111389237,Grasp
1435,False,28,table,28,table,True,0.9772762656211852,0.1272712051868438,0.1050871759653091,0.0221840292215347,7.065894169500098e-05,False,0.3241491085899514,0.0025,Grasp
1235,False,1,bathtub,1,bathtub,True,0.977222204208374,0.1557927578687667,0.1377998441457748,0.0179929137229919,1.983348556677811e-05,False,0.32455429497568883,0.0024968789013732834,Grasp
291,False,14,guitar,14,guitar,True,0.9771488904953004,0.1468862295150756,0.1023883745074272,0.0444978550076484,0.0001843681238824,False,0.3249594813614263,0.0024937655860349127,Grasp
388,False,19,person,19,person,True,0.9769413471221924,0.1555874943733215,0.1274902522563934,0.0280972421169281,4.381731196190231e-05,False,0.3253646677471637,0.0024906600249066002,Grasp
400,False,16,mantel,16,mantel,True,0.9768886566162108,0.1364118754863739,0.11966373026371,0.0167481452226638,2.7344593036104925e-05,False,0.32576985413290116,0.0024875621890547263,Grasp
469,False,28,table,28,table,True,0.9768062829971312,0.137582927942276,0.1174379810690879,0.020144946873188,4.673458533943631e-05,False,0.32617504051863855,0.002484472049689441,Grasp
2024,False,10,door,10,door,True,0.9767114520072936,0.1244077160954475,0.1159806922078132,0.0084270238876342,1.724805224512238e-05,False,0.326580226904376,0.0024813895781637717,Grasp
1691,False,14,guitar,14,guitar,True,0.9767067432403564,0.1538262218236923,0.1082400381565094,0.0455861836671829,0.0001015663146972,False,0.32698541329011344,0.0024783147459727386,Grasp
953,False,32,vase,32,vase,True,0.976481795310974,0.1308613866567611,0.1156283989548683,0.0152329877018928,2.1500767616089437e-05,False,0.3273905996758509,0.0024752475247524753,Grasp
1955,False,9,desk,9,desk,True,0.9762935042381288,0.1501743197441101,0.1315140724182129,0.0186602473258972,2.774181666609365e-05,False,0.3277957860615883,0.002472187886279357,Grasp
1934,False,1,bathtub,1,bathtub,True,0.9762546420097352,0.1387389004230499,0.1142551153898239,0.024483785033226,6.851545185782015e-05,False,0.32820097244732577,0.0024691358024691358,Grasp
1346,False,30,toilet,30,toilet,True,0.9760147333145142,0.1601455360651016,0.1336062848567962,0.0265392512083053,4.415526200318709e-05,False,0.3286061588330632,0.002466091245376079,Grasp
769,False,0,airplane,0,airplane,True,0.9759624004364014,0.1543551087379455,0.1238724291324615,0.030482679605484,7.505012763431296e-05,False,0.32901134521880065,0.0024630541871921183,Grasp
382,False,25,sofa,25,sofa,True,0.9759358763694764,0.1428837776184082,0.1140988916158676,0.0287848860025405,9.040409349836408e-05,False,0.3294165316045381,0.0024600246002460025,Grasp
420,False,20,piano,20,piano,True,0.9756492972373962,0.1536824703216552,0.1342395991086959,0.0194428712129592,2.589925134088844e-05,False,0.32982171799027554,0.002457002457002457,Grasp
928,False,16,mantel,16,mantel,True,0.97542804479599,0.1570720672607422,0.1224750131368637,0.0345970541238784,9.310728637501596e-05,False,0.330226904376013,0.00245398773006135,Grasp
40,False,16,mantel,16,mantel,True,0.9752616286277772,0.1433719843626022,0.1176292076706886,0.0257427766919136,6.115722499089316e-05,False,0.33063209076175043,0.0024509803921568627,Grasp
1455,False,17,monitor,17,monitor,True,0.9752471446990968,0.1763359010219574,0.148442342877388,0.0278935581445693,3.392854341655038e-05,False,0.3310372771474878,0.0024479804161566705,Grasp
1247,False,16,mantel,16,mantel,True,0.9751895070075988,0.1338088512420654,0.1169522479176521,0.0168566033244133,3.591056156437844e-05,False,0.33144246353322526,0.0024449877750611247,Grasp
904,False,4,bookshelf,4,bookshelf,True,0.97512286901474,0.1592463105916977,0.1398643851280212,0.0193819254636764,2.5691255359561183e-05,False,0.3318476499189627,0.002442002442002442,Grasp
1056,False,6,chair,6,chair,True,0.974815547466278,0.1692948937416076,0.1368713825941085,0.032423511147499,6.165057857288048e-05,False,0.33225283630470015,0.0024390243902439024,Grasp
676,False,5,car,5,car,True,0.9747989773750304,0.1414313167333603,0.0996256992220878,0.0418056175112724,0.0001810679823393,False,0.3326580226904376,0.00243605359317905,Grasp
2206,False,23,range_hood,23,range_hood,True,0.9747908115386964,0.1557034254074096,0.1358536779880523,0.0198497474193573,2.8217467843205668e-05,False,0.33306320907617504,0.0024330900243309003,Grasp
1800,False,5,car,5,car,True,0.9747745394706726,0.14326211810112,0.0941072776913642,0.0491548404097557,0.0002427281579002,False,0.3334683954619125,0.002430133657351154,Grasp
774,False,17,monitor,17,monitor,True,0.9747539758682252,0.1819777637720108,0.1549040675163269,0.0270736962556839,3.869160354952328e-05,False,0.3338735818476499,0.0024271844660194173,Grasp
1947,False,32,vase,32,vase,True,0.9747539162635804,0.1353433281183242,0.127395823597908,0.0079475045204162,1.355118820356438e-05,False,0.33427876823338737,0.0024242424242424242,Grasp
255,False,14,guitar,14,guitar,True,0.9747298359870912,0.1448309123516082,0.1167605966329574,0.0280703157186508,0.0001082429953385,False,0.3346839546191248,0.002421307506053269,Grasp
886,False,16,mantel,16,mantel,True,0.9745141863822936,0.1757023632526397,0.1560784578323364,0.0196239054203033,2.7098121790913865e-05,False,0.33508914100486226,0.0024183796856106408,Grasp
1074,False,28,table,28,table,True,0.974512815475464,0.1549354493618011,0.1289857178926468,0.0259497314691543,5.109148332849145e-05,False,0.3354943273905997,0.0024154589371980675,Grasp
15,False,6,chair,6,chair,True,0.9743584990501404,0.1527216732501983,0.1101044714450836,0.0426172018051147,0.0001700793800409,False,0.3358995137763371,0.0024125452352231603,Grasp
1684,False,16,mantel,16,mantel,True,0.9743415117263794,0.1383556276559829,0.1182428672909736,0.0201127603650093,4.753613393404521e-05,False,0.33630470016207453,0.0024096385542168677,Grasp
1839,False,25,sofa,25,sofa,True,0.9742854237556458,0.1363486498594284,0.1166068613529205,0.0197417885065078,6.891247176099569e-05,False,0.336709886547812,0.0024067388688327317,Grasp
850,False,5,car,5,car,True,0.9742538928985596,0.1504257023334503,0.1231477260589599,0.0272779762744903,7.414027641061693e-05,False,0.3371150729335494,0.002403846153846154,Grasp
1812,False,5,car,5,car,True,0.9742114543914796,0.1446818113327026,0.1136478036642074,0.0310340076684951,0.0001094728577299,False,0.33752025931928686,0.0024009603841536613,Grasp
1658,False,22,radio,22,radio,True,0.9741512537002563,0.1650082170963287,0.1293380856513977,0.035670131444931,7.22599434084259e-05,False,0.3379254457050243,0.002398081534772182,Grasp
527,False,6,chair,6,chair,True,0.9741511344909668,0.1609697639942169,0.1450916826725006,0.0158780813217163,2.1301240849425085e-05,False,0.33833063209076175,0.0023952095808383233,Grasp
235,False,1,bathtub,1,bathtub,True,0.9740350842475892,0.1553793102502823,0.1314505636692047,0.0239287465810775,4.025818634545431e-05,False,0.3387358184764992,0.0023923444976076554,Grasp
1559,False,4,bookshelf,4,bookshelf,True,0.974033772945404,0.171005517244339,0.1499083340167999,0.021097183227539,2.7237860194873065e-05,False,0.33914100486223664,0.0023894862604540022,Grasp
2013,False,5,car,5,car,True,0.9739728569984436,0.1690929383039474,0.1254153251647949,0.0436776131391525,0.0001230820489581,False,0.3395461912479741,0.002386634844868735,Grasp
1019,False,28,table,28,table,True,0.9737778902053832,0.146974503993988,0.131616786122322,0.0153577178716659,3.553630085662007e-05,False,0.3399513776337115,0.0023837902264600714,Grasp
960,False,2,bed,2,bed,True,0.9734577536582948,0.1692443341016769,0.1095184385776519,0.0597258955240249,0.0002838231739588,False,0.34035656401944897,0.002380952380952381,Grasp
1040,False,16,mantel,16,mantel,True,0.9733701944351196,0.1711741983890533,0.1386597454547882,0.0325144529342651,5.933273860136978e-05,False,0.34076175040518636,0.0023781212841854932,Grasp
868,False,21,plant,21,plant,True,0.9732715487480164,0.1591673195362091,0.139615923166275,0.019551396369934,4.710978828370571e-05,False,0.3411669367909238,0.0023752969121140144,Grasp
798,False,6,chair,6,chair,True,0.9731045961380004,0.1668062508106231,0.1243150308728218,0.0424912199378013,0.000166798083228,False,0.34157212317666125,0.002372479240806643,Grasp
863,False,4,bookshelf,4,bookshelf,True,0.9731018543243408,0.1591371893882751,0.135188952088356,0.0239482372999191,6.030191434547305e-05,False,0.3419773095623987,0.002369668246445498,Grasp
835,False,32,vase,32,vase,True,0.97303706407547,0.13707335293293,0.1294159740209579,0.007657378911972,2.0523855710052885e-05,False,0.34238249594813613,0.002366863905325444,Grasp
226,False,28,table,28,table,True,0.972935676574707,0.1539987027645111,0.1288476437330246,0.0251510590314865,7.0624279032927e-05,False,0.3427876823338736,0.002364066193853428,Grasp
1003,False,3,bench,3,bench,True,0.9729116559028624,0.1631104052066803,0.0842831954360008,0.0788272097706794,0.000417733186623,False,0.343192868719611,0.0023612750885478157,Grasp
530,False,28,table,28,table,True,0.9725360870361328,0.1428468972444534,0.1202808022499084,0.0225660949945449,7.612359331687912e-05,False,0.34359805510534847,0.0023584905660377358,Grasp
1340,False,4,bookshelf,4,bookshelf,True,0.9724109172821044,0.1688379049301147,0.1468704044818878,0.0219675004482269,4.149353480897844e-05,False,0.3440032414910859,0.002355712603062426,Grasp
630,False,2,bed,2,bed,True,0.9723228812217712,0.1813742965459823,0.1566158235073089,0.0247584730386734,4.3491265387274325e-05,False,0.34440842787682335,0.002352941176470588,Grasp
728,False,14,guitar,14,guitar,True,0.9722685813903807,0.1529602408409118,0.1298551261425018,0.02310511469841,6.845290045021102e-05,False,0.3448136142625608,0.0023501762632197414,Grasp
1456,False,17,monitor,17,monitor,True,0.9720450639724731,0.1421873569488525,0.1009044125676155,0.041282944381237,0.0002105975436279,False,0.34521880064829824,0.002347417840375587,Grasp
806,False,29,tent,29,tent,True,0.9720094799995422,0.1848015487194061,0.1614921689033508,0.0233093798160552,3.1017279980005696e-05,False,0.34562398703403563,0.0023446658851113715,Grasp
902,False,23,range_hood,23,range_hood,True,0.9719886183738708,0.1674056947231292,0.1403350681066513,0.0270706266164779,4.875111699220725e-05,False,0.3460291734197731,0.00234192037470726,Grasp
303,False,10,door,10,door,True,0.9719119071960448,0.1476231068372726,0.1284736096858978,0.0191494971513748,6.034044417901896e-05,False,0.3464343598055105,0.0023391812865497076,Grasp
266,False,14,guitar,14,guitar,True,0.9718817472457886,0.17207632958889,0.147795096039772,0.024281233549118,4.89782469230704e-05,False,0.34683954619124796,0.002336448598130841,Grasp
1395,False,20,piano,20,piano,True,0.9718698263168336,0.1703601032495498,0.1339446604251861,0.0364154428243637,0.0001119648513849,False,0.3472447325769854,0.002333722287047841,Grasp
1080,False,3,bench,3,bench,True,0.971787452697754,0.1649780869483947,0.1475054770708084,0.0174726098775863,3.359812035341747e-05,False,0.34764991896272285,0.002331002331002331,Grasp
1367,False,1,bathtub,1,bathtub,True,0.9716972708702089,0.1818909645080566,0.1602107584476471,0.0216802060604095,2.595809928607196e-05,False,0.3480551053484603,0.002328288707799767,Grasp
2202,False,23,range_hood,23,range_hood,True,0.971680223941803,0.1450817286968231,0.1241293177008628,0.0209524109959602,7.309344073291868e-05,False,0.34846029173419774,0.002325581395348837,Grasp
1589,False,22,radio,22,radio,True,0.9716781377792358,0.1762376725673675,0.1008533090353012,0.0753843635320663,0.0003554850700311,False,0.3488654781199352,0.0023228803716608595,Grasp
1347,False,4,bookshelf,4,bookshelf,True,0.971558153629303,0.1637498438358307,0.1522665470838546,0.011483296751976,1.937319393618964e-05,False,0.3492706645056726,0.002320185614849188,Grasp
2267,False,31,tv_stand,31,tv_stand,True,0.971197247505188,0.1713261604309082,0.1461584120988845,0.0251677483320236,5.6798849982442334e-05,False,0.34967585089141007,0.002317497103128621,Grasp
1716,False,9,desk,9,desk,True,0.9710609912872314,0.182135984301567,0.160965695977211,0.021170288324356,3.538979217410088e-05,False,0.3500810372771475,0.0023148148148148147,Grasp
13,False,32,vase,32,vase,True,0.9708703756332396,0.1498191356658935,0.1391805857419967,0.0106385499238967,1.979602893698029e-05,False,0.35048622366288495,0.0023121387283236996,Grasp
227,False,10,door,10,door,True,0.9708059430122375,0.1546508967876434,0.1385036408901214,0.0161472558975219,3.877963536069728e-05,False,0.35089141004862234,0.0023094688221709007,Grasp
1307,False,17,monitor,17,monitor,True,0.970755100250244,0.178002581000328,0.1501712650060653,0.0278313159942626,6.34776588412933e-05,False,0.3512965964343598,0.002306805074971165,Grasp
1774,False,24,sink,24,sink,True,0.970674693584442,0.1790010631084442,0.1557179540395736,0.0232831090688705,4.609818643075414e-05,False,0.35170178282009723,0.002304147465437788,Grasp
1593,False,5,car,5,car,True,0.970663607120514,0.1872892379760742,0.165061205625534,0.0222280323505401,4.367589281173423e-05,False,0.3521069692058347,0.0023014959723820483,Grasp
2171,False,16,mantel,16,mantel,True,0.970552623271942,0.1830536872148513,0.1197283193469047,0.0633253678679466,0.0003119321190752,False,0.3525121555915721,0.0022988505747126436,Grasp
1221,False,25,sofa,25,sofa,True,0.9704782962799072,0.1592584550380706,0.1410721242427826,0.018186330795288,4.302521847421304e-05,False,0.35291734197730956,0.002296211251435132,Grasp
514,False,5,car,5,car,True,0.9704561233520508,0.1852219998836517,0.1535783112049102,0.0316436886787414,0.0001001803029794,False,0.353322528363047,0.0022935779816513763,Grasp
892,False,2,bed,2,bed,True,0.9702497720718384,0.1553691178560257,0.116572119295597,0.0387969985604286,0.000164272787515,False,0.35372771474878445,0.002290950744558992,Grasp
121,False,0,airplane,0,airplane,True,0.9702494740486144,0.1879782378673553,0.1495167016983032,0.0384615361690521,0.0001318720460403,False,0.3541329011345219,0.002288329519450801,Grasp
929,False,32,vase,32,vase,True,0.9702025651931764,0.1458429992198944,0.1358180940151214,0.0100249052047729,2.5709965484566052e-05,False,0.35453808752025934,0.002285714285714286,Grasp
2095,False,7,cone,7,cone,True,0.969923198223114,0.1856009811162948,0.1509564816951751,0.0346444994211196,8.304722723551095e-05,False,0.3549432739059968,0.00228310502283105,Grasp
1111,False,18,night_stand,18,night_stand,True,0.969902753829956,0.2049459666013717,0.1826587915420532,0.0222871750593185,2.1474537788890306e-05,False,0.3553484602917342,0.002280501710376283,Grasp
1073,False,4,bookshelf,4,bookshelf,True,0.9697264432907104,0.1800862252712249,0.1424304693937301,0.0376557558774948,0.0001435813319403,False,0.3557536466774716,0.002277904328018223,Grasp
2270,False,5,car,5,car,True,0.9695923924446106,0.1777157187461853,0.1491050273180008,0.0286106914281845,6.755178765160963e-05,False,0.35615883306320906,0.0022753128555176336,Grasp
519,False,6,chair,6,chair,True,0.9694351553916932,0.1676045358180999,0.1443380713462829,0.023266464471817,5.8605735830497e-05,False,0.3565640194489465,0.0022727272727272726,Grasp
2042,False,23,range_hood,23,range_hood,True,0.9689972400665284,0.1519185900688171,0.1248647570610046,0.0270538330078125,0.0001497803314123,False,0.35696920583468394,0.0022701475595913734,Grasp
1405,False,14,guitar,14,guitar,True,0.9689434766769408,0.1945003420114517,0.1365964859724044,0.0579038560390472,0.0002770972496364,False,0.3573743922204214,0.0022675736961451248,Grasp
239,False,16,mantel,16,mantel,True,0.9688534140586852,0.2099281102418899,0.1856464445590973,0.0242816656827926,3.5363635106477886e-05,False,0.35777957860615883,0.0022650056625141564,Grasp
2208,False,16,mantel,16,mantel,True,0.968724012374878,0.2011407911777496,0.1840267032384872,0.0171140879392623,1.9030170733458363e-05,False,0.3581847649918963,0.0022624434389140274,Grasp
2041,False,28,table,28,table,True,0.9686551094055176,0.1909600794315338,0.1518335938453674,0.0391264855861663,0.0001285504549741,False,0.3585899513776337,0.0022598870056497176,Grasp
20,False,14,guitar,14,guitar,True,0.9684842824935912,0.1987037062644958,0.1315611004829406,0.0671426057815551,0.0003787215100601,False,0.35899513776337116,0.002257336343115124,Grasp
212,False,12,flower_pot,32,vase,False,0.9681681394577026,0.1673812717199325,0.1561373621225357,0.0112439095973968,2.1420664779725485e-05,True,0.3594003241491086,0.0033821871476888386,Grasp
1431,False,4,bookshelf,4,bookshelf,True,0.9681329131126404,0.1811842173337936,0.1584784239530563,0.0227057933807373,6.22679726802744e-05,False,0.35980551053484605,0.0033783783783783786,Grasp
376,False,16,mantel,16,mantel,True,0.968097686767578,0.1974294185638427,0.146152913570404,0.0512765049934387,0.0001610950275789,False,0.3602106969205835,0.003374578177727784,Grasp
1352,False,5,car,5,car,True,0.96795254945755,0.2135858833789825,0.179454430937767,0.0341314524412155,9.77017407421954e-05,False,0.3606158833063209,0.0033707865168539327,Grasp
2230,False,26,stairs,5,car,False,0.967914342880249,0.1983249187469482,0.1607605218887329,0.0375643968582153,8.704081119503826e-05,True,0.3610210696920583,0.004489337822671156,Grasp
1427,False,13,glass_box,13,glass_box,True,0.9678735733032228,0.2124544978141784,0.1754389405250549,0.0370155572891235,6.760632822988555e-05,False,0.36142625607779577,0.004484304932735426,Grasp
1008,False,1,bathtub,1,bathtub,True,0.967845380306244,0.1832150369882583,0.1648211777210235,0.0183938592672348,4.387109584058635e-05,False,0.3618314424635332,0.004479283314669653,Grasp
1422,False,32,vase,32,vase,True,0.9678331613540648,0.1588035672903061,0.1463748663663864,0.0124287009239196,3.281039244029671e-05,False,0.36223662884927066,0.0044742729306487695,Grasp
1404,False,4,bookshelf,4,bookshelf,True,0.9676762223243712,0.2130695432424545,0.1611086875200271,0.0519608557224273,0.0001977003121282,False,0.3626418152350081,0.004469273743016759,Grasp
289,False,23,range_hood,23,range_hood,True,0.967557966709137,0.1935943216085434,0.1571980863809585,0.0363962352275848,8.976492244983092e-05,False,0.36304700162074555,0.004464285714285714,Grasp
199,False,32,vase,32,vase,True,0.9674277901649476,0.1553297489881515,0.1473468542098999,0.0079828947782516,2.30280256801052e-05,False,0.363452188006483,0.004459308807134894,Grasp
1552,False,32,vase,32,vase,True,0.9672608971595764,0.1636712551116943,0.1532314121723175,0.0104398429393768,2.188646067224909e-05,False,0.36385737439222043,0.004454342984409799,Grasp
80,False,29,tent,29,tent,True,0.9672176837921144,0.210487887263298,0.1865084767341613,0.0239794105291366,3.3711672585923225e-05,False,0.3642625607779579,0.004449388209121246,Grasp
374,False,28,table,28,table,True,0.967047929763794,0.1782784163951873,0.1626911908388137,0.0155872255563735,3.3983244065893814e-05,False,0.3646677471636953,0.0044444444444444444,Grasp
1185,False,25,sofa,25,sofa,True,0.9669638872146606,0.1957518756389618,0.1359747797250747,0.059777095913887,0.0002724312653299,False,0.36507293354943277,0.004439511653718091,Grasp
1815,False,17,monitor,17,monitor,True,0.9669328927993774,0.1921631246805191,0.1483071446418762,0.0438559800386428,0.0001291231892537,False,0.36547811993517015,0.004434589800443459,Grasp
2276,False,23,range_hood,23,range_hood,True,0.9668462872505188,0.1598196029663086,0.1379588693380355,0.021860733628273,0.0001029972700052,False,0.3658833063209076,0.004429678848283499,Grasp
628,False,2,bed,2,bed,True,0.9667814373970032,0.2170423120260238,0.1843702346086502,0.0326720774173736,8.147543121594936e-05,False,0.36628849270664504,0.004424778761061947,Grasp
1322,False,23,range_hood,23,range_hood,True,0.9667177200317384,0.1698148697614669,0.1471187621355056,0.0226961076259613,8.571348735131323e-05,False,0.3666936790923825,0.004419889502762431,Grasp
989,False,28,table,28,table,True,0.9664917588233948,0.1875707656145095,0.1714534014463424,0.0161173641681671,3.328446109662764e-05,False,0.36709886547811993,0.004415011037527594,Grasp
541,False,28,table,28,table,True,0.9664322137832642,0.1820456683635711,0.1603161543607711,0.0217295140027999,5.608804349321872e-05,False,0.3675040518638574,0.004410143329658214,Grasp
1599,False,13,glass_box,13,glass_box,True,0.9661645889282228,0.2174955606460571,0.1750610619783401,0.0424344986677169,0.0001238913246197,False,0.3679092382495948,0.004405286343612335,Grasp
1992,False,24,sink,24,sink,True,0.9658305644989014,0.2103624790906906,0.165465772151947,0.0448967069387435,0.00020280656463,False,0.36831442463533226,0.0044004400440044,Grasp
793,False,16,mantel,16,mantel,True,0.9658194780349731,0.2185997515916824,0.1993390172719955,0.0192607343196868,3.0481403882731684e-05,False,0.3687196110210697,0.004395604395604396,Grasp
311,False,20,piano,20,piano,True,0.9657576680183412,0.2259441018104553,0.1744019091129303,0.051542192697525,0.0001370586978737,False,0.36912479740680715,0.0043907793633369925,Grasp
1653,False,16,mantel,16,mantel,True,0.9657324552536012,0.2224175930023193,0.2005974054336547,0.0218201875686645,3.4993347071576864e-05,False,0.3695299837925446,0.0043859649122807015,Grasp
624,False,23,range_hood,23,range_hood,True,0.9656809568405152,0.1961615085601806,0.1697978228330612,0.0263636857271194,5.255208816379309e-05,False,0.36993517017828204,0.004381161007667032,Grasp
2148,False,7,cone,7,cone,True,0.9653958082199096,0.1966477632522583,0.1499078720808029,0.0467398911714553,0.0001418931205989,False,0.3703403565640194,0.00437636761487965,Grasp
2196,False,23,range_hood,23,range_hood,True,0.965277135372162,0.1898489296436309,0.151800200343132,0.0380487293004989,0.0001272861118195,False,0.37074554294975687,0.004371584699453552,Grasp
464,False,13,glass_box,13,glass_box,True,0.9652532339096068,0.2239304780960083,0.1854370385408401,0.0384934395551681,6.760207179468125e-05,False,0.3711507293354943,0.004366812227074236,Grasp
918,False,30,toilet,30,toilet,True,0.9648671746253968,0.176725149154663,0.1504872143268585,0.0262379348278045,8.743954094825312e-05,False,0.37155591572123176,0.004362050163576881,Grasp
1893,False,4,bookshelf,4,bookshelf,True,0.9645763635635376,0.2280552685260772,0.1989365518093109,0.0291187167167663,4.220594200887717e-05,False,0.3719611021069692,0.004357298474945534,Grasp
1051,False,15,lamp,15,lamp,True,0.9643620252609252,0.1794095933437347,0.1541461497545242,0.0252634435892105,9.751096513355152e-05,False,0.37236628849270664,0.004352557127312296,Grasp
346,False,16,mantel,16,mantel,True,0.9643366932868958,0.1956859827041626,0.1481233388185501,0.0475626438856124,0.0002075739757856,False,0.3727714748784441,0.004347826086956522,Grasp
1107,False,5,car,5,car,True,0.9643011093139648,0.2150198519229889,0.1683514863252639,0.0466683655977249,0.0001309730869252,False,0.37317666126418153,0.004343105320304018,Grasp
581,False,4,bookshelf,4,bookshelf,True,0.9641439914703368,0.2171467244625091,0.1729767620563507,0.0441699624061584,0.0001393899874528,False,0.373581847649919,0.004338394793926247,Grasp
83,False,16,mantel,16,mantel,True,0.9640704989433287,0.1807490438222885,0.1650624424219131,0.0156866014003753,4.294536120141856e-05,False,0.3739870340356564,0.004333694474539545,Grasp
2203,False,5,car,5,car,True,0.9640445113182068,0.1896139979362487,0.1531383842229843,0.0364756137132644,0.0001782400358933,False,0.37439222042139386,0.004329004329004329,Grasp
1570,False,20,piano,20,piano,True,0.9640341997146606,0.216485396027565,0.1369604021310806,0.0795249938964843,0.0004249756166245,False,0.3747974068071313,0.004324324324324324,Grasp
1127,False,27,stool,27,stool,True,0.963942289352417,0.2374686300754547,0.1967025399208068,0.0407660901546478,8.867879660101607e-05,False,0.3752025931928687,0.004319654427645789,Grasp
146,False,32,vase,32,vase,True,0.9634171724319458,0.164769634604454,0.1568487584590912,0.0079208761453628,2.752402906480711e-05,False,0.37560777957860614,0.004314994606256742,Grasp
66,False,4,bookshelf,4,bookshelf,True,0.9633923172950744,0.1940969675779342,0.1413368880748748,0.0527600795030593,0.0003775742370635,False,0.3760129659643436,0.004310344827586207,Grasp
1558,False,32,vase,32,vase,True,0.96331787109375,0.1992227733135223,0.1772938817739486,0.0219288915395736,5.008891821489669e-05,False,0.376418152350081,0.004305705059203444,Grasp
1863,False,32,vase,32,vase,True,0.9632619619369508,0.1797204315662384,0.1701619178056717,0.0095585137605667,2.431887514831033e-05,False,0.37682333873581847,0.004301075268817204,Grasp
0,False,4,bookshelf,4,bookshelf,True,0.9630509614944458,0.2283810973167419,0.188871294260025,0.0395098030567169,0.0001184793218271,False,0.3772285251215559,0.004296455424274973,Grasp
1041,False,16,mantel,16,mantel,True,0.9628811478614808,0.2254116535186767,0.2020767927169799,0.0233348608016967,3.741398177226074e-05,False,0.37763371150729336,0.004291845493562232,Grasp
279,False,4,bookshelf,4,bookshelf,True,0.9625798463821412,0.2380097806453704,0.2146473228931427,0.0233624577522277,4.079643986187875e-05,False,0.3780388978930308,0.004287245444801715,Grasp
1403,False,1,bathtub,1,bathtub,True,0.9625692367553712,0.2184354066848755,0.1763435751199722,0.0420918315649032,0.0001390778925269,False,0.37844408427876824,0.004282655246252677,Grasp
1376,False,1,bathtub,1,bathtub,True,0.9623777270317078,0.2428810745477676,0.2169398367404937,0.0259412378072738,3.788741014432162e-05,False,0.3788492706645057,0.0042780748663101605,Grasp
9,False,13,glass_box,13,glass_box,True,0.962372362613678,0.2254576385021209,0.1772316545248031,0.0482259839773178,0.0001932777668116,False,0.37925445705024313,0.004273504273504274,Grasp
1598,False,6,chair,6,chair,True,0.962356984615326,0.240351915359497,0.1764408200979232,0.0639110952615737,0.0001795935386326,False,0.3796596434359806,0.004268943436499467,Grasp
1565,False,32,vase,32,vase,True,0.9623236656188964,0.1815787255764007,0.1714911460876464,0.0100875794887542,2.616160963953007e-05,False,0.38006482982171796,0.0042643923240938165,Grasp
411,False,32,vase,32,vase,True,0.9618844389915466,0.2029975056648254,0.1841297745704651,0.0188677310943603,5.949998376308941e-05,False,0.3804700162074554,0.004259850905218318,Grasp
973,False,28,table,28,table,True,0.9616172313690186,0.1929272711277008,0.1628149896860122,0.0301122814416885,0.0001265194732695,False,0.38087520259319285,0.00425531914893617,Grasp
1291,False,5,car,5,car,True,0.9615939855575562,0.1825945675373077,0.1228304579854011,0.0597641095519065,0.0004514009342528,False,0.3812803889789303,0.004250797024442083,Grasp
74,False,22,radio,22,radio,True,0.9614965319633484,0.2255776822566986,0.1730629205703735,0.052514761686325,0.0001669004268478,False,0.38168557536466774,0.004246284501061571,Grasp
142,False,5,car,5,car,True,0.9612576961517334,0.2351143658161163,0.2040747553110122,0.031039610505104,9.16154749575071e-05,False,0.3820907617504052,0.0042417815482502655,Grasp
1804,False,23,range_hood,23,range_hood,True,0.9612095355987548,0.2059968709945678,0.1731804609298706,0.0328164100646972,0.0001333628606516,False,0.3824959481361426,0.00423728813559322,Grasp
862,False,28,table,28,table,True,0.9611145257949828,0.2160727977752685,0.1971255838871002,0.0189472138881683,3.5460518120089546e-05,False,0.38290113452188007,0.004232804232804233,Grasp
1137,False,3,bench,3,bench,True,0.961092174053192,0.2150934934616089,0.188211441040039,0.0268820524215698,8.89137591002509e-05,False,0.3833063209076175,0.004228329809725159,Grasp
675,False,28,table,28,table,True,0.9609493017196656,0.2196615487337112,0.1876497864723205,0.0320117622613906,0.0001138488369178,False,0.38371150729335496,0.004223864836325237,Grasp
1334,False,28,table,28,table,True,0.9608780145645142,0.1981999576091766,0.1732077151536941,0.0249922424554824,9.11135648493655e-05,False,0.3841166936790924,0.004219409282700422,Grasp
1070,False,16,mantel,16,mantel,True,0.9608678817749025,0.2406713217496872,0.2177715450525283,0.0228997766971588,4.023660585517064e-05,False,0.38452188006482985,0.004214963119072708,Grasp
403,False,5,car,5,car,True,0.9601985216140748,0.2125387787818908,0.167385846376419,0.0451529324054718,0.0002083854196825,False,0.38492706645056723,0.004210526315789474,Grasp
320,False,12,flower_pot,32,vase,False,0.960191547870636,0.1953223198652267,0.1816017180681228,0.0137206017971038,3.5330187529325485e-05,True,0.3853322528363047,0.005257623554153523,Grasp
1106,False,23,range_hood,23,range_hood,True,0.960188329219818,0.2439027428627014,0.2032964676618576,0.0406062752008438,0.0002034998324234,False,0.3857374392220421,0.005252100840336135,Grasp
2139,False,6,chair,6,chair,True,0.9599318504333496,0.1983180195093155,0.1728881597518921,0.0254298597574234,0.000125474500237,False,0.38614262560777957,0.005246589716684155,Grasp
295,False,20,piano,20,piano,True,0.9598522186279296,0.2230651378631591,0.1651259660720825,0.0579391717910766,0.0002891951298806,False,0.386547811993517,0.005241090146750524,Grasp
2076,False,28,table,28,table,True,0.9597018361091614,0.2040895521640777,0.1836379468441009,0.0204516053199768,7.955190812936053e-05,False,0.38695299837925445,0.005235602094240838,Grasp
1991,False,20,piano,20,piano,True,0.95962393283844,0.2683953940868377,0.2193778157234192,0.0490175783634185,0.0001021511052385,False,0.3873581847649919,0.005230125523012552,Grasp
439,False,20,piano,20,piano,True,0.9595856070518494,0.250426709651947,0.1914782375097274,0.0589484721422195,0.0001742726017255,False,0.38776337115072934,0.00522466039707419,Grasp
2110,False,13,glass_box,13,glass_box,True,0.9595688581466676,0.2560461163520813,0.216226726770401,0.0398193895816803,9.324018901679663e-05,False,0.3881685575364668,0.005219206680584551,Grasp
1569,False,14,guitar,14,guitar,True,0.959425449371338,0.2571181058883667,0.1954542398452758,0.0616638660430908,0.0001844725338742,False,0.38857374392220423,0.005213764337851929,Grasp
1076,False,23,range_hood,23,range_hood,True,0.9594091773033142,0.2138460576534271,0.1918478906154632,0.0219981670379638,7.463376823579893e-05,False,0.3889789303079417,0.005208333333333333,Grasp
67,False,23,range_hood,23,range_hood,True,0.9593482613563538,0.2509694099426269,0.2087891399860382,0.0421802699565887,8.21964131318964e-05,False,0.3893841166936791,0.005202913631633715,Grasp
1304,False,20,piano,20,piano,True,0.9593195915222168,0.2277046144008636,0.1971392929553985,0.030565321445465,9.190785931423306e-05,False,0.3897893030794165,0.005197505197505198,Grasp
1877,False,14,guitar,14,guitar,True,0.9592956304550172,0.2272679060697555,0.1607576161623001,0.0665102899074554,0.0004107372078578,False,0.39019448946515395,0.005192107995846314,Grasp
1034,False,14,guitar,14,guitar,True,0.959261119365692,0.2244620770215988,0.1518784016370773,0.0725836753845214,0.0004369098460301,False,0.3905996758508914,0.005186721991701245,Grasp
607,False,4,bookshelf,4,bookshelf,True,0.9591677188873292,0.2489552944898605,0.2080842703580856,0.0408710241317749,9.40463287406601e-05,False,0.39100486223662884,0.0051813471502590676,Grasp
112,False,32,vase,32,vase,True,0.9589549899101256,0.2087710499763488,0.1907991021871566,0.0179719477891922,5.63606881769374e-05,False,0.3914100486223663,0.005175983436853002,Grasp
895,False,23,range_hood,23,range_hood,True,0.9587953090667723,0.2025654762983322,0.1748278737068176,0.0277376025915145,9.724283154355362e-05,False,0.3918152350081037,0.005170630816959669,Grasp
16,False,21,plant,21,plant,True,0.9587513208389282,0.2105785012245178,0.1930504143238067,0.017528086900711,4.5604585466207936e-05,False,0.39222042139384117,0.005165289256198347,Grasp
2284,False,16,mantel,16,mantel,True,0.9587414860725404,0.2410695999860763,0.2190676480531692,0.0220019519329071,4.806671131518669e-05,False,0.3926256077795786,0.005159958720330237,Grasp
1554,False,2,bed,2,bed,True,0.9585445523262024,0.2629315853118896,0.2026303261518478,0.0603012591600418,0.0002280897897435,False,0.39303079416531606,0.005154639175257732,Grasp
2090,False,32,vase,32,vase,True,0.9584383964538574,0.1935277283191681,0.1802213937044143,0.0133063346147537,4.4437958422349766e-05,False,0.3934359805510535,0.005149330587023687,Grasp
1525,False,14,guitar,14,guitar,True,0.958437204360962,0.2347051203250885,0.1969089955091476,0.0377961248159408,9.774979844223708e-05,False,0.39384116693679094,0.0051440329218107,Grasp
415,False,32,vase,32,vase,True,0.9579467177391052,0.2169369459152221,0.2024177312850952,0.0145192146301269,3.797288809437305e-05,False,0.3942463533225284,0.0051387461459403904,Grasp
1241,False,20,piano,20,piano,True,0.9579262733459472,0.2339689433574676,0.1755307018756866,0.058438241481781,0.0001633494102861,False,0.3946515397082658,0.00513347022587269,Grasp
2147,False,7,cone,7,cone,True,0.9577370285987854,0.2261604368686676,0.1673081368207931,0.0588523000478744,0.0002958337427116,False,0.3950567260940032,0.005128205128205128,Grasp
1364,False,2,bed,2,bed,True,0.9576199650764464,0.2303145229816436,0.2071727067232132,0.0231418162584304,7.471536810044199e-05,False,0.39546191247974066,0.005122950819672131,Grasp
1253,False,13,glass_box,13,glass_box,True,0.9575979113578796,0.2601331174373626,0.2196559607982635,0.0404771566390991,0.0001159760140581,False,0.3958670988654781,0.00511770726714432,Grasp
2185,False,6,chair,6,chair,True,0.9575082063674928,0.2486105412244796,0.1936532407999038,0.0549573004245758,0.0002364495449,False,0.39627228525121555,0.005112474437627812,Grasp
1069,False,9,desk,28,table,False,0.9574922919273376,0.2270054519176483,0.1976989805698394,0.0293064713478088,9.707349090604112e-05,True,0.396677471636953,0.006128702757916241,Grasp
745,False,28,table,28,table,True,0.9573608040809632,0.2096034884452819,0.1708550155162811,0.0387484729290008,0.0002140909491572,False,0.39708265802269044,0.006122448979591836,Grasp
1468,False,32,vase,32,vase,True,0.9572756290435792,0.1904524266719818,0.1835012584924698,0.006951168179512,2.478569331287872e-05,False,0.3974878444084279,0.0061162079510703364,Grasp
1548,False,28,table,28,table,True,0.9569905400276184,0.2398591190576553,0.205679565668106,0.0341795533895492,0.000119357209769,False,0.3978930307941653,0.006109979633401222,Grasp
1530,False,21,plant,21,plant,True,0.9569135308265686,0.2509567737579345,0.2096678614616394,0.0412889122962951,8.842339593684301e-05,False,0.39829821717990277,0.006103763987792472,Grasp
2216,False,5,car,5,car,True,0.9567962884902954,0.2450335025787353,0.2027353197336197,0.0422981828451156,0.0001343575568171,False,0.3987034035656402,0.006097560975609756,Grasp
733,False,24,sink,24,sink,True,0.9566833972930908,0.2251561880111694,0.1951041370630264,0.030052050948143,8.963024447439238e-05,False,0.39910858995137766,0.006091370558375634,Grasp
1414,False,2,bed,2,bed,True,0.9566336274147034,0.2359736561775207,0.144110307097435,0.0918633490800857,0.0006431743968278,False,0.39951377633711505,0.006085192697768763,Grasp
1201,False,2,bed,2,bed,True,0.956620752811432,0.2662403881549835,0.2312850654125213,0.0349553227424621,7.497823389712721e-05,False,0.3999189627228525,0.0060790273556231,Grasp
1646,False,23,range_hood,23,range_hood,True,0.956568956375122,0.19607013463974,0.1632064878940582,0.0328636467456817,0.0002211028186138,False,0.40032414910858993,0.006072874493927126,Grasp
504,False,3,bench,3,bench,True,0.956381380558014,0.2418269664049148,0.1944059282541275,0.0474210381507873,0.0001668106269789,False,0.4007293354943274,0.006066734074823054,Grasp
657,False,32,vase,32,vase,True,0.9558127522468568,0.2076316773891449,0.1967356353998184,0.0108960419893264,2.3485952624469064e-05,False,0.4011345218800648,0.006060606060606061,Grasp
1391,False,5,car,5,car,True,0.9554701447486876,0.2443016022443771,0.1996645033359527,0.0446370989084243,0.0001791384856915,False,0.40153970826580226,0.006054490413723511,Grasp
512,False,28,table,28,table,True,0.9554458856582642,0.2290235161781311,0.2082529813051223,0.0207705348730087,4.5138214773032814e-05,False,0.4019448946515397,0.006048387096774193,Grasp
2038,False,32,vase,32,vase,True,0.9553680419921876,0.2239266037940979,0.2073680758476257,0.0165585279464721,4.417765012476593e-05,False,0.40235008103727715,0.006042296072507553,Grasp
1869,False,17,monitor,17,monitor,True,0.9547404646873474,0.2801372110843658,0.2467299997806549,0.0334072113037109,5.502709973370656e-05,False,0.4027552674230146,0.006036217303822937,Grasp
186,False,5,car,5,car,True,0.9545072317123412,0.2569574117660522,0.1697040051221847,0.0872534066438674,0.0005451052566058,False,0.40316045380875204,0.006030150753768844,Grasp
1175,False,13,glass_box,13,glass_box,True,0.9544471502304076,0.2720982730388641,0.2104277461767196,0.0616705268621444,0.0002241488546133,False,0.4035656401944895,0.006024096385542169,Grasp
1920,False,28,table,28,table,True,0.9543784856796264,0.2647776007652282,0.2200686037540435,0.0447089970111846,0.0001663921866565,False,0.4039708265802269,0.006018054162487462,Grasp
192,False,23,range_hood,23,range_hood,True,0.9542211294174194,0.2124446183443069,0.1789416670799255,0.0335029512643814,0.0001545800914755,False,0.40437601296596437,0.006012024048096192,Grasp
778,False,14,guitar,14,guitar,True,0.954066276550293,0.2806281149387359,0.2120878398418426,0.0685402750968933,0.0002893912605941,False,0.40478119935170176,0.006006006006006006,Grasp
990,False,32,vase,32,vase,True,0.9540128111839294,0.2046894878149032,0.1930567771196365,0.0116327106952667,5.19348650414031e-05,False,0.4051863857374392,0.006,Grasp
1670,False,5,car,5,car,True,0.9539302587509156,0.2832691073417663,0.2358351349830627,0.0474339723587036,0.0001644893054617,False,0.40559157212317665,0.005994005994005994,Grasp
604,False,4,bookshelf,4,bookshelf,True,0.9537324905395508,0.2664622068405151,0.222422569990158,0.044039636850357,0.0001067928460543,False,0.4059967585089141,0.005988023952095809,Grasp
1182,False,9,desk,9,desk,True,0.9534493684768676,0.266408771276474,0.2381329387426376,0.0282758325338363,7.263137376867235e-05,False,0.40640194489465153,0.005982053838484547,Grasp
1573,False,16,mantel,16,mantel,True,0.953304409980774,0.2665437459945678,0.2300361096858978,0.03650763630867,0.0001158662926172,False,0.406807131280389,0.00597609561752988,Grasp
632,False,13,glass_box,13,glass_box,True,0.9531481862068176,0.2689286172389984,0.2225201725959777,0.0464084446430206,0.0001471208088332,False,0.4072123176661264,0.005970149253731343,Grasp
1890,False,20,piano,20,piano,True,0.9529419541358948,0.2672929167747497,0.2151574939489364,0.0521354228258132,0.0002215750719187,False,0.40761750405186387,0.005964214711729622,Grasp
767,False,6,chair,6,chair,True,0.9529398083686828,0.2737725973129272,0.2340446859598159,0.0397279113531112,0.0001295627298532,False,0.4080226904376013,0.005958291956305859,Grasp
1600,False,31,tv_stand,31,tv_stand,True,0.952703893184662,0.2340323328971862,0.2087507396936416,0.0252815932035446,9.571838018018752e-05,False,0.40842787682333875,0.005952380952380952,Grasp
1423,False,32,vase,32,vase,True,0.9526932239532472,0.2223390340805053,0.1982840150594711,0.0240550190210342,9.801593114389108e-05,False,0.4088330632090762,0.005946481665014866,Grasp
413,False,28,table,28,table,True,0.9525530338287354,0.2285396754741668,0.2058111578226089,0.0227285176515579,0.0001094992039725,False,0.40923824959481364,0.005940594059405941,Grasp
1553,False,32,vase,32,vase,True,0.952195167541504,0.2451280653476715,0.2270725220441818,0.0180555433034896,4.8588786739856005e-05,False,0.40964343598055103,0.005934718100890208,Grasp
1773,False,32,vase,32,vase,True,0.9520223736763,0.2043272852897644,0.1957229971885681,0.0086042881011962,3.74880364688579e-05,False,0.4100486223662885,0.005928853754940711,Grasp
724,False,17,monitor,17,monitor,True,0.9518028497695924,0.2371282279491424,0.2100278288125991,0.0271003991365432,0.0001224498264491,False,0.4104538087520259,0.005923000987166831,Grasp
316,False,0,airplane,0,airplane,True,0.9515780806541444,0.2480385601520538,0.179788663983345,0.0682498961687088,0.0004060144419781,False,0.41085899513776336,0.005917159763313609,Grasp
1277,False,32,vase,32,vase,True,0.9515512585639954,0.2370023131370544,0.208403080701828,0.0285992324352264,7.546559209004045e-05,False,0.4112641815235008,0.005911330049261084,Grasp
125,False,17,monitor,17,monitor,True,0.951444447040558,0.2566649913787842,0.2168238162994384,0.0398411750793457,0.0001935000473167,False,0.41166936790923825,0.005905511811023622,Grasp
1981,False,26,stairs,26,stairs,True,0.9513646364212036,0.2541087567806244,0.1788890957832336,0.0752196609973907,0.0005186437629163,False,0.4120745542949757,0.0058997050147492625,Grasp
185,False,4,bookshelf,4,bookshelf,True,0.9511215686798096,0.2405315339565277,0.2100428491830825,0.0304886847734451,0.0001577486109454,False,0.41247974068071314,0.005893909626719057,Grasp
1244,False,5,car,5,car,True,0.9509191513061525,0.2861019968986511,0.2203788757324218,0.0657231211662292,0.0003914930275641,False,0.4128849270664506,0.005888125613346418,Grasp
1822,False,23,range_hood,23,range_hood,True,0.950710117816925,0.2739019393920898,0.2253294885158538,0.0485724508762359,0.0001593028282513,False,0.413290113452188,0.0058823529411764705,Grasp
412,False,10,door,10,door,True,0.950688898563385,0.2197833061218261,0.1993744969367981,0.020408809185028,7.96837339294143e-05,False,0.41369529983792547,0.005876591576885406,Grasp
1849,False,32,vase,32,vase,True,0.9504261016845704,0.2131680250167846,0.2014586180448532,0.0117094069719314,4.6500234020641074e-05,False,0.4141004862236629,0.005870841487279843,Grasp
679,False,32,vase,32,vase,True,0.9503806233406068,0.2369309365749359,0.2245821207761764,0.0123488157987594,3.0895756935933605e-05,False,0.4145056726094003,0.005865102639296188,Grasp
435,False,4,bookshelf,4,bookshelf,True,0.9497793316841124,0.2592450082302093,0.229399099946022,0.0298459082841873,0.0001402643392793,False,0.41491085899513774,0.005859375,Grasp
818,False,32,vase,32,vase,True,0.9497108459472656,0.2217251807451248,0.2081945091485977,0.0135306715965271,6.699745426885784e-05,False,0.4153160453808752,0.005853658536585366,Grasp
1957,False,23,range_hood,23,range_hood,True,0.9496596455574036,0.277184247970581,0.2025391310453415,0.0746451169252395,0.0003741808468475,False,0.41572123176661263,0.005847953216374269,Grasp
43,False,23,range_hood,23,range_hood,True,0.9494659304618835,0.2586755454540252,0.21382936835289,0.0448461771011352,0.0001940652146004,False,0.4161264181523501,0.005842259006815969,Grasp
2193,False,13,glass_box,13,glass_box,True,0.9492977261543274,0.2736541330814361,0.2301269918680191,0.043527141213417,0.0001746868656482,False,0.4165316045380875,0.005836575875486381,Grasp
991,False,31,tv_stand,31,tv_stand,True,0.9492213129997252,0.2395599633455276,0.2155185788869857,0.0240413844585418,9.484899055678396e-05,False,0.41693679092382496,0.0058309037900874635,Grasp
2180,False,2,bed,2,bed,True,0.948862612247467,0.3080728054046631,0.2416542172431945,0.0664185881614685,0.0003278663498349,False,0.4173419773095624,0.005825242718446602,Grasp
1354,False,9,desk,9,desk,True,0.9487130045890808,0.2748191058635711,0.2247210294008255,0.0500980764627456,0.0002312129363417,False,0.41774716369529985,0.005819592628516004,Grasp
453,False,32,vase,32,vase,True,0.9486355185508728,0.2226120829582214,0.2114026844501495,0.0112093985080719,3.962851405958645e-05,False,0.4181523500810373,0.005813953488372093,Grasp
1826,False,32,vase,32,vase,True,0.9484601616859436,0.2215131372213363,0.2078965753316879,0.0136165618896484,6.469290383392945e-05,False,0.41855753646677474,0.005808325266214908,Grasp
640,False,31,tv_stand,31,tv_stand,True,0.9481424689292908,0.2637112140655517,0.2299860417842865,0.0337251722812652,0.0001462748768972,False,0.4189627228525122,0.005802707930367505,Grasp
1967,False,14,guitar,14,guitar,True,0.9481407403945924,0.2821096777915954,0.2389465868473053,0.0431630909442901,0.0001654298248467,False,0.41936790923824957,0.005797101449275362,Grasp
1119,False,5,car,5,car,True,0.9479429721832277,0.2207520753145218,0.1632384806871414,0.0575135946273803,0.0004816461878363,False,0.419773095623987,0.005791505791505791,Grasp
482,False,13,glass_box,13,glass_box,True,0.9479287266731262,0.2715938091278076,0.1995829194784164,0.0720108896493911,0.0004685373860411,False,0.42017828200972446,0.0057859209257473485,Grasp
1281,False,25,sofa,25,sofa,True,0.9478908777236938,0.2796238660812378,0.2438289076089859,0.0357949584722518,0.0001148444571299,False,0.4205834683954619,0.005780346820809248,Grasp
1555,False,25,sofa,25,sofa,True,0.9475706219673156,0.2869408726692199,0.2289575785398483,0.0579832941293716,0.0002946275053545,False,0.42098865478119935,0.005774783445620789,Grasp
1458,False,2,bed,2,bed,True,0.9475461840629578,0.2982112467288971,0.2552660703659057,0.0429451763629913,0.0001584753481438,False,0.4213938411669368,0.0057692307692307696,Grasp
476,False,28,table,28,table,True,0.947546124458313,0.2283339649438858,0.1885858029127121,0.0397481620311737,0.0002770096762105,False,0.42179902755267423,0.005763688760806916,Grasp
584,False,13,glass_box,13,glass_box,True,0.9473780989646912,0.2988664805889129,0.2296220809221267,0.0692443996667862,0.0002945069863926,False,0.4222042139384117,0.005758157389635317,Grasp
1359,False,18,night_stand,28,table,False,0.9473610520362854,0.2881753444671631,0.2457301020622253,0.0424452424049377,0.0001702015142655,True,0.4226094003241491,0.006711409395973154,Grasp
1083,False,28,table,28,table,True,0.947138786315918,0.2533261179924011,0.2149142324924469,0.0384118854999542,0.0001824278588173,False,0.42301458670988656,0.006704980842911878,Grasp
271,False,29,tent,29,tent,True,0.9471325874328612,0.3178024888038635,0.2415914982557296,0.0762109905481338,0.0002925068256445,False,0.423419773095624,0.0066985645933014355,Grasp
429,False,28,table,28,table,True,0.9471162557601928,0.281160295009613,0.2236671894788742,0.0574931055307388,0.000353757495759,False,0.42382495948136145,0.006692160611854685,Grasp
216,False,24,sink,24,sink,True,0.946864902973175,0.2903304398059845,0.2566665410995483,0.0336638987064361,9.948216757038608e-05,False,0.42423014586709884,0.0066857688634192934,Grasp
1532,False,23,range_hood,23,range_hood,True,0.9463701248168944,0.3032689690589905,0.2498741000890731,0.0533948689699173,0.000232140024309,False,0.4246353322528363,0.006679389312977099,Grasp
1424,False,1,bathtub,1,bathtub,True,0.94627183675766,0.2730375826358795,0.236862227320671,0.0361753553152084,0.0001603787532076,False,0.4250405186385737,0.00667302192564347,Grasp
1859,False,15,lamp,15,lamp,True,0.9461759328842164,0.2836751937866211,0.2484586536884308,0.0352165400981903,9.8988224635832e-05,False,0.42544570502431117,0.006666666666666667,Grasp
111,False,29,tent,29,tent,True,0.94611793756485,0.3075812458992004,0.2619656026363373,0.0456156432628631,9.853964729700238e-05,False,0.4258508914100486,0.006660323501427212,Grasp
831,False,5,car,5,car,True,0.9459535479545592,0.2734348475933075,0.1835021823644638,0.0899326652288436,0.000652304443065,False,0.42625607779578606,0.006653992395437262,Grasp
1789,False,10,door,10,door,True,0.9458816647529602,0.2391924709081649,0.2173766195774078,0.0218158513307571,9.74623326328583e-05,False,0.4266612641815235,0.006647673314339981,Grasp
2259,False,4,bookshelf,4,bookshelf,True,0.9458531141281128,0.252413660287857,0.2341900914907455,0.0182235687971115,6.749849126208574e-05,False,0.42706645056726095,0.006641366223908918,Grasp
638,False,16,mantel,16,mantel,True,0.9456351399421692,0.2723885774612427,0.2132237702608108,0.0591648072004318,0.000329007190885,False,0.4274716369529984,0.006635071090047393,Grasp
1914,False,32,vase,32,vase,True,0.9455763697624208,0.2431367039680481,0.2290811538696289,0.0140555500984191,4.936807090416551e-05,False,0.42787682333873583,0.006628787878787879,Grasp
1792,False,9,desk,9,desk,True,0.9454761147499084,0.2676945924758911,0.2314546406269073,0.0362399518489837,0.0001712358935037,False,0.4282820097244733,0.006622516556291391,Grasp
1150,False,20,piano,20,piano,True,0.9454192519187928,0.3282389044761657,0.2727402448654175,0.0554986596107482,0.0001276788243558,False,0.4286871961102107,0.006616257088846881,Grasp
742,False,13,glass_box,13,glass_box,True,0.9453354477882384,0.291902482509613,0.2399545758962631,0.0519479066133499,0.0002206145727541,False,0.4290923824959481,0.0066100094428706326,Grasp
773,False,4,bookshelf,4,bookshelf,True,0.9452324509620668,0.3277689814567566,0.290640264749527,0.0371287167072296,7.748435746179894e-05,False,0.42949756888168555,0.006603773584905661,Grasp
134,True,5,bottle,32,vase,,0.9449324011802672,0.265438973903656,0.2506594359874725,0.0147795379161834,4.224732037982904e-05,True,0.429902755267423,0.007540056550424128,Grasp
1631,False,6,chair,6,chair,True,0.9447863698005676,0.3192556798458099,0.2424605041742324,0.0767951756715774,0.0003712963080033,False,0.43030794165316044,0.007532956685499058,Grasp
2125,False,32,vase,32,vase,True,0.9441245794296264,0.2269665896892547,0.209307923913002,0.0176586657762527,0.0001038504269672,False,0.4307131280388979,0.007525870178739417,Grasp
595,False,15,lamp,15,lamp,True,0.9440374970436096,0.229549378156662,0.1484595686197281,0.0810898095369339,0.0008896538638509,False,0.43111831442463533,0.007518796992481203,Grasp
1868,False,28,table,28,table,True,0.9440368413925172,0.2736872732639313,0.2491398602724075,0.0245474129915237,8.748031541472301e-05,False,0.4315235008103728,0.007511737089201878,Grasp
131,False,13,glass_box,13,glass_box,True,0.9435405135154724,0.3226708769798279,0.2723466753959656,0.0503242015838623,0.0001831226836657,False,0.4319286871961102,0.0075046904315197,Grasp
214,False,23,range_hood,23,range_hood,True,0.9432809948921204,0.2789759635925293,0.2258467227220535,0.0531292408704757,0.0003041651216335,False,0.43233387358184766,0.007497656982193065,Grasp
1755,False,11,dresser,11,dresser,True,0.943244218826294,0.3205946683883667,0.2880602180957794,0.0325344502925872,6.386214954545721e-05,False,0.4327390599675851,0.00749063670411985,Grasp
1436,False,5,car,5,car,True,0.942825734615326,0.2943975925445556,0.2254580557346344,0.0689395368099212,0.0004833285347558,False,0.43314424635332255,0.007483629560336763,Grasp
1963,False,32,vase,32,vase,True,0.9421265125274658,0.2780364751815796,0.2445073872804641,0.0335290879011154,0.0001199413381982,False,0.43354943273906,0.007476635514018692,Grasp
1072,False,23,range_hood,23,range_hood,True,0.9419355392456056,0.2596030831336975,0.2304556667804718,0.0291474163532257,0.0001480775972595,False,0.4339546191247974,0.007469654528478058,Grasp
1153,False,4,bookshelf,4,bookshelf,True,0.9418250918388368,0.2522643804550171,0.2266435474157333,0.0256208330392837,0.0001371701218886,False,0.4343598055105348,0.007462686567164179,Grasp
468,False,1,bathtub,1,bathtub,True,0.9417068362236024,0.3025555610656738,0.2588106095790863,0.0437449514865875,0.0001876337919384,False,0.43476499189627227,0.007455731593662628,Grasp
2120,False,9,desk,9,desk,True,0.9416812062263488,0.2874759137630462,0.2480475455522537,0.0394283682107925,0.0001395501458318,False,0.4351701782820097,0.0074487895716946,Grasp
881,False,5,car,5,car,True,0.9415643811225892,0.3087931275367737,0.2539567351341247,0.0548363924026489,0.0002364887768635,False,0.43557536466774716,0.0074418604651162795,Grasp
1823,False,32,vase,32,vase,True,0.9415011405944824,0.2784406840801239,0.2453987598419189,0.0330419242382049,0.0001211509807035,False,0.4359805510534846,0.007434944237918215,Grasp
744,False,15,lamp,15,lamp,True,0.9406625628471376,0.2863808274269104,0.1804258078336715,0.1059550195932388,0.0006340903928503,False,0.43638573743922204,0.007428040854224698,Grasp
2156,False,13,glass_box,13,glass_box,True,0.9404345154762268,0.3225413560867309,0.2645884156227112,0.0579529404640197,0.0002998881100211,False,0.4367909238249595,0.0074211502782931356,Grasp
1375,False,25,sofa,30,toilet,False,0.9404147863388062,0.3004857301712036,0.2368132323026657,0.0636724978685379,0.0002565946488175,True,0.43719611021069693,0.008341056533827619,Grasp
1644,False,31,tv_stand,31,tv_stand,True,0.9402734637260436,0.3176843523979187,0.2792422771453857,0.0384420752525329,0.0001406003866577,False,0.4376012965964344,0.008333333333333333,Grasp
1476,False,5,car,5,car,True,0.940195858478546,0.3438762426376343,0.2903055250644684,0.0535707175731658,0.0001755274861352,False,0.4380064829821718,0.008325624421831638,Grasp
244,False,30,toilet,30,toilet,True,0.9401094317436218,0.2950765788555145,0.1895194500684738,0.1055571287870407,0.0009530985262244,False,0.43841166936790926,0.00831792975970425,Grasp
1615,False,28,table,28,table,True,0.9400561451911926,0.3607292175292969,0.2937485873699188,0.066980630159378,0.0002290003321832,False,0.43881685575364665,0.008310249307479225,Grasp
1697,False,2,bed,2,bed,True,0.9398767352104188,0.2829424440860748,0.2368974238634109,0.0460450202226638,0.000201206683414,False,0.4392220421393841,0.008302583025830259,Grasp
1814,False,14,guitar,14,guitar,True,0.9396184682846068,0.2841212153434753,0.2439287006855011,0.0401925146579742,0.0002105376916006,False,0.43962722852512154,0.008294930875576038,Grasp
299,False,5,car,5,car,True,0.9393889307975768,0.3018018305301666,0.2397176176309585,0.062084212899208,0.0004418733878992,False,0.440032414910859,0.008287292817679558,Grasp
102,False,7,cone,7,cone,True,0.9392311573028564,0.2990609109401703,0.2263310402631759,0.0727298706769943,0.0003536339208949,False,0.4404376012965964,0.00827966881324747,Grasp
866,False,16,mantel,16,mantel,True,0.9391010403633118,0.3709861040115356,0.3154338896274566,0.0555522143840789,0.0001119225853472,False,0.44084278768233387,0.008272058823529412,Grasp
1928,False,15,lamp,15,lamp,True,0.9390213489532472,0.3356479406356811,0.2719824910163879,0.0636654496192932,0.0002524844894651,False,0.4412479740680713,0.008264462809917356,Grasp
1866,False,23,range_hood,23,range_hood,True,0.9387436509132384,0.3383151888847351,0.2843891978263855,0.0539259910583496,0.0001945362600963,False,0.44165316045380876,0.008256880733944955,Grasp
1301,False,4,bookshelf,4,bookshelf,True,0.9385868906974792,0.2994774580001831,0.2731275558471679,0.0263499021530151,0.0001051170620485,False,0.4420583468395462,0.008249312557286892,Grasp
1652,False,16,mantel,16,mantel,True,0.9383679628372192,0.353204607963562,0.3163565099239349,0.036848098039627,9.852258517639711e-05,False,0.44246353322528365,0.008241758241758242,Grasp
714,False,23,range_hood,23,range_hood,True,0.9383636713027954,0.3321541249752044,0.288931667804718,0.0432224571704864,0.000158133872901,False,0.4428687196110211,0.008234217749313814,Grasp
1899,False,4,bookshelf,4,bookshelf,True,0.9383521676063538,0.3558416366577148,0.2744193077087402,0.0814223289489746,0.0004615116340573,False,0.44327390599675853,0.008226691042047532,Grasp
1144,False,32,vase,32,vase,True,0.93832266330719,0.2739355564117431,0.2504320740699768,0.0235034823417663,0.0001035995519487,False,0.4436790923824959,0.00821917808219178,Grasp
1202,False,4,bookshelf,4,bookshelf,True,0.9381909966468812,0.2867986559867859,0.2439162582159042,0.0428823977708816,0.0002822053502313,False,0.44408427876823336,0.008211678832116789,Grasp
396,False,12,flower_pot,32,vase,False,0.9378622174263,0.274076372385025,0.2540933489799499,0.019983023405075,6.668078276561573e-05,True,0.4444894651539708,0.009115770282588878,Grasp
1867,False,17,monitor,17,monitor,True,0.9378042221069336,0.3164381384849548,0.2731255292892456,0.0433126091957092,0.0001841705379774,False,0.44489465153970825,0.009107468123861567,Grasp
561,False,21,plant,21,plant,True,0.9377685189247132,0.2809889316558838,0.2558461129665375,0.0251428186893463,8.60170039231889e-05,False,0.4452998379254457,0.009099181073703366,Grasp
975,False,25,sofa,25,sofa,True,0.9376538395881652,0.3273657560348511,0.2860515713691711,0.0413141846656799,0.0001592857006471,False,0.44570502431118314,0.00909090909090909,Grasp
1118,False,25,sofa,25,sofa,True,0.9374499320983888,0.3026476502418518,0.2352531254291534,0.0673945248126983,0.0005784945678897,False,0.4461102106969206,0.009082652134423252,Grasp
1054,False,13,glass_box,13,glass_box,True,0.9374411702156068,0.353435069322586,0.2781552970409393,0.0752797722816467,0.0003003815945703,False,0.446515397082658,0.009074410163339383,Grasp
819,False,31,tv_stand,31,tv_stand,True,0.9364241361618042,0.3102830052375793,0.255094975233078,0.0551880300045013,0.0002611921227071,False,0.44692058346839547,0.009066183136899365,Grasp
1925,False,32,vase,32,vase,True,0.936339557170868,0.2851201593875885,0.2637285590171814,0.0213916003704071,0.0001091769445338,False,0.4473257698541329,0.009057971014492754,Grasp
309,False,17,monitor,17,monitor,True,0.9362174272537231,0.3285077512264251,0.2377819120883941,0.090725839138031,0.0007270267233252,False,0.44773095623987036,0.00904977375565611,Grasp
2101,False,4,bookshelf,4,bookshelf,True,0.9361640810966492,0.3326323628425598,0.2898857295513153,0.0427466332912445,0.0001577213552081,False,0.4481361426256078,0.009041591320072333,Grasp
2033,False,16,mantel,16,mantel,True,0.9360954761505128,0.3366313576698303,0.2693618834018707,0.0672694742679596,0.0004295579856261,False,0.4485413290113452,0.009033423667570008,Grasp
930,False,5,car,5,car,True,0.9358165860176086,0.3439103364944458,0.2945021390914917,0.0494081974029541,0.0002051626215688,False,0.44894651539708263,0.009025270758122744,Grasp
21,False,4,bookshelf,4,bookshelf,True,0.9353306293487548,0.3360268175601959,0.2921547293663025,0.0438720881938934,0.0001327552745351,False,0.4493517017828201,0.009017132551848512,Grasp
2092,False,30,toilet,30,toilet,True,0.9348801970481871,0.2678366601467132,0.190671905875206,0.0771647542715072,0.0006510675302706,False,0.4497568881685575,0.009009009009009009,Grasp
1143,False,28,table,28,table,True,0.9347872734069824,0.3125849664211273,0.2813053131103515,0.0312796533107757,0.0001489155256422,False,0.45016207455429497,0.009000900090009001,Grasp
987,False,4,bookshelf,4,bookshelf,True,0.9346808791160583,0.3206470608711242,0.2693259418010711,0.0513211190700531,0.0002195791603298,False,0.4505672609400324,0.008992805755395683,Grasp
1450,False,14,guitar,14,guitar,True,0.9346612691879272,0.3383371531963348,0.3020058572292328,0.036331295967102,0.0001417426683474,False,0.45097244732576985,0.008984725965858042,Grasp
2209,False,3,bench,3,bench,True,0.9343010783195496,0.3511449098587036,0.2919908761978149,0.0591540336608886,0.0002689182874746,False,0.4513776337115073,0.008976660682226212,Grasp
1058,False,32,vase,32,vase,True,0.9341946244239808,0.2947941422462463,0.2729300260543823,0.021864116191864,7.03493642504327e-05,False,0.45178282009724474,0.008968609865470852,Grasp
356,False,18,night_stand,18,night_stand,True,0.9341658353805542,0.3691883683204651,0.3139300048351288,0.0552583634853363,0.0001620865805307,False,0.4521880064829822,0.008960573476702509,Grasp
1568,False,13,glass_box,13,glass_box,True,0.934128761291504,0.3577052652835846,0.2760967314243316,0.0816085338592529,0.0004172905755694,False,0.45259319286871963,0.008952551477170993,Grasp
1949,False,32,vase,32,vase,True,0.9335711002349854,0.2949465215206146,0.2779196500778198,0.0170268714427948,6.826773460488766e-05,False,0.4529983792544571,0.008944543828264758,Grasp
179,False,23,range_hood,23,range_hood,True,0.9333590269088744,0.2934694290161133,0.2593656480312347,0.0341037809848785,0.0001837811869336,False,0.4534035656401945,0.008936550491510277,Grasp
134,False,2,bed,2,bed,True,0.9331769943237304,0.323186844587326,0.2825555503368377,0.0406312942504882,0.0001952613383764,False,0.4538087520259319,0.008928571428571428,Grasp
531,False,31,tv_stand,31,tv_stand,True,0.933072865009308,0.3432405591011047,0.3103280961513519,0.0329124629497528,9.279674850404264e-05,False,0.45421393841166935,0.008920606601248885,Grasp
1994,False,28,table,28,table,True,0.932898998260498,0.3062405288219452,0.277032732963562,0.0292077958583831,0.0001596073125256,False,0.4546191247974068,0.008912655971479501,Grasp
1608,False,28,table,28,table,True,0.9326149821281432,0.2704614400863647,0.2226375788450241,0.0478238612413406,0.0004268438206054,False,0.45502431118314424,0.008904719501335707,Grasp
1015,False,4,bookshelf,4,bookshelf,True,0.9325750470161438,0.389677882194519,0.3288207054138183,0.0608571767807006,0.0001997438521357,False,0.4554294975688817,0.008896797153024912,Grasp
103,True,10,cup,32,vase,,0.9325661063194276,0.2772055268287658,0.2604002952575683,0.0168052315711975,6.908932846272364e-05,True,0.4558346839546191,0.009777777777777778,Grasp
362,False,32,vase,32,vase,True,0.9325182437896729,0.3478326797485351,0.3089056611061096,0.0389270186424255,8.286019874503836e-05,False,0.45623987034035657,0.009769094138543518,Grasp
2260,False,9,desk,9,desk,True,0.932289183139801,0.3404842615127563,0.2699683606624603,0.070515900850296,0.0004080184444319,False,0.456645056726094,0.009760425909494233,Grasp
254,False,1,bathtub,1,bathtub,True,0.9317075610160828,0.3621334433555603,0.2963921427726745,0.0657413005828857,0.0003765269939322,False,0.45705024311183146,0.00975177304964539,Grasp
656,False,29,tent,30,toilet,False,0.9316892623901368,0.3185646831989288,0.231387197971344,0.0871774852275848,0.0005751850549131,True,0.4574554294975689,0.010628875110717449,Grasp
1343,False,20,piano,20,piano,True,0.9315919876098632,0.3932713568210602,0.308878481388092,0.0843928754329681,0.0003382410795893,False,0.45786061588330634,0.010619469026548672,Grasp
1258,False,20,piano,20,piano,True,0.9313068389892578,0.3626475632190704,0.2605201005935669,0.1021274626255035,0.0006706958520226,False,0.4582658022690438,0.010610079575596816,Grasp
1484,False,34,xbox,31,tv_stand,False,0.9311866164207458,0.3579031825065613,0.3133040368556976,0.0445991456508636,0.0001995073980651,True,0.4586709886547812,0.011484098939929329,Grasp
1332,False,32,vase,32,vase,True,0.9308463335037231,0.3217760324478149,0.278107225894928,0.0436688065528869,0.000202272014576,False,0.4590761750405186,0.01147396293027361,Grasp
1521,False,30,toilet,30,toilet,True,0.930838942527771,0.3340011537075043,0.2383642494678497,0.0956369042396545,0.0006473385728895,False,0.45948136142625606,0.01146384479717813,Grasp
1178,False,4,bookshelf,4,bookshelf,True,0.9307746291160583,0.3675515651702881,0.3345302641391754,0.0330213010311126,0.0001215384909301,False,0.4598865478119935,0.01145374449339207,Grasp
959,False,33,wardrobe,4,bookshelf,False,0.9304160475730896,0.3044794797897339,0.2674016058444977,0.0370778739452362,0.0002646169450599,True,0.46029173419773095,0.01232394366197183,Grasp
1825,False,25,sofa,25,sofa,True,0.9301943182945251,0.3766445517539978,0.3360048234462738,0.040639728307724,9.732401667861268e-05,False,0.4606969205834684,0.012313104661389622,Grasp
1356,False,31,tv_stand,31,tv_stand,True,0.9289456009864808,0.347042977809906,0.2656218111515045,0.0814211666584014,0.0004269212076906,False,0.46110210696920584,0.012302284710017574,Grasp
1977,False,32,vase,32,vase,True,0.9288833737373352,0.2850269079208374,0.2731411457061767,0.0118857622146606,5.408816650742665e-05,False,0.4615072933549433,0.012291483757682178,Grasp
1326,False,29,tent,29,tent,True,0.9285998344421388,0.4143363237380981,0.3325400948524475,0.0817962288856506,0.0002698874450288,False,0.4619124797406807,0.012280701754385965,Grasp
725,False,25,sofa,25,sofa,True,0.9284421801567078,0.3465867042541504,0.2926428318023681,0.0539438724517822,0.0002649522502906,False,0.46231766612641817,0.012269938650306749,Grasp
1032,False,25,sofa,25,sofa,True,0.9282095432281494,0.2986927330493927,0.2539910078048706,0.044701725244522,0.000460024602944,False,0.4627228525121556,0.012259194395796848,Grasp
1590,False,30,toilet,30,toilet,True,0.9282047152519226,0.3634730279445648,0.2932223975658417,0.0702506303787231,0.0003040099400095,False,0.46312803889789306,0.012248468941382326,Grasp
1130,False,31,tv_stand,31,tv_stand,True,0.9278064370155334,0.3646800518035888,0.3018163740634918,0.062863677740097,0.0002099672565236,False,0.46353322528363045,0.012237762237762238,Grasp
2096,False,14,guitar,14,guitar,True,0.9275701642036438,0.3390742838382721,0.2600862681865692,0.0789880156517028,0.000504812283907,False,0.4639384116693679,0.01222707423580786,Grasp
176,True,5,bottle,32,vase,,0.927424967288971,0.3160551190376282,0.2962647676467895,0.0197903513908386,8.083428838290274e-05,True,0.46434359805510533,0.013089005235602094,Grasp
2187,False,31,tv_stand,31,tv_stand,True,0.9273170828819276,0.3333557248115539,0.256604790687561,0.0767509341239929,0.000573999423068,False,0.4647487844408428,0.013077593722755012,Grasp
1386,False,23,range_hood,23,range_hood,True,0.9271264672279358,0.3209325075149536,0.2914987802505493,0.0294337272644042,0.0001600941322976,False,0.4651539708265802,0.013066202090592335,Grasp
572,False,1,bathtub,1,bathtub,True,0.927072823047638,0.3167514204978943,0.2611958682537079,0.0555555522441864,0.0003488228248897,False,0.46555915721231766,0.013054830287206266,Grasp
682,False,16,mantel,16,mantel,True,0.9267624616622924,0.3914321064949035,0.3500075340270996,0.0414245724678039,0.0001304160541621,False,0.4659643435980551,0.013043478260869565,Grasp
2245,False,28,table,28,table,True,0.9267008900642396,0.3120611310005188,0.2566237449645996,0.0554373860359191,0.0004535581392701,False,0.46636952998379255,0.013032145960034752,Grasp
262,False,7,cone,7,cone,True,0.9264041185379028,0.2990848124027252,0.2285404801368713,0.0705443322658538,0.0006613648147322,False,0.46677471636953,0.013020833333333334,Grasp
197,False,31,tv_stand,4,bookshelf,False,0.9258533120155334,0.3492699563503265,0.3199424147605896,0.0293275415897369,0.0001329391961917,True,0.46717990275526744,0.013876843018213356,Grasp
695,False,23,range_hood,23,range_hood,True,0.92582768201828,0.4178355038166046,0.3737576901912689,0.0440778136253356,0.0001345197670161,False,0.4675850891410049,0.01386481802426343,Grasp
678,False,21,plant,21,plant,True,0.92571759223938,0.2780062854290008,0.2498341798782348,0.0281721055507659,0.0002835431951098,False,0.4679902755267423,0.013852813852813853,Grasp
1551,False,0,airplane,0,airplane,True,0.9253109693527222,0.3259739279747009,0.2411078363656997,0.0848660916090011,0.0007160524837672,False,0.4683954619124797,0.01384083044982699,Grasp
2028,False,13,glass_box,13,glass_box,True,0.9251638650894164,0.4335457980632782,0.3207450211048126,0.1128007769584655,0.0005214528064243,False,0.46880064829821716,0.013828867761452032,Grasp
1286,False,15,lamp,15,lamp,True,0.9248828291893004,0.2827984094619751,0.2181514352560043,0.0646469742059707,0.000650213623885,False,0.4692058346839546,0.013816925734024179,Grasp
1718,False,32,vase,32,vase,True,0.9242281913757324,0.33637735247612,0.3119042515754699,0.02447310090065,7.491460564779118e-05,False,0.46961102106969205,0.013805004314063849,Grasp
1224,False,7,cone,7,cone,True,0.9238774180412292,0.3094291687011719,0.2665822505950928,0.0428469181060791,0.0003205765387974,False,0.4700162074554295,0.013793103448275862,Grasp
11,False,28,table,28,table,True,0.9238550662994384,0.382934957742691,0.3020333647727966,0.0809015929698944,0.0005085108568891,False,0.47042139384116693,0.013781223083548665,Grasp
3,False,6,chair,6,chair,True,0.9237817525863647,0.4010657668113708,0.2719814479351043,0.1290843188762664,0.0008201989112421,False,0.4708265802269044,0.013769363166953529,Grasp
1712,False,20,piano,20,piano,True,0.9235750436782836,0.4221778512001037,0.3696810603141784,0.0524967908859252,0.000198324516532,False,0.4712317666126418,0.013757523645743766,Grasp
1065,False,28,table,28,table,True,0.9230472445487976,0.3576704263687134,0.3081853985786438,0.0494850277900695,0.0002263843198306,False,0.47163695299837927,0.013745704467353952,Grasp
1426,False,32,vase,32,vase,True,0.9228058457374572,0.3432940542697906,0.3127938508987427,0.0305002033710479,0.0001238178811036,False,0.4720421393841167,0.013733905579399141,Grasp
149,False,16,mantel,16,mantel,True,0.9225769639015198,0.4231421947479248,0.3208555877208709,0.1022866070270538,0.0006510122329927,False,0.47244732576985415,0.0137221269296741,Grasp
1993,False,32,vase,32,vase,True,0.9223953485488892,0.3433556854724884,0.2807794511318207,0.0625762343406677,0.0004302937595639,False,0.4728525121555916,0.013710368466152529,Grasp
1669,False,2,bed,2,bed,True,0.9222348928451538,0.3357605338096618,0.237833634018898,0.0979268997907638,0.0010300402063876,False,0.473257698541329,0.0136986301369863,Grasp
1148,False,4,bookshelf,4,bookshelf,True,0.9219337701797484,0.3363521099090576,0.2994776964187622,0.0368744134902954,0.0002188812650274,False,0.47366288492706643,0.013686911890504704,Grasp
1535,False,5,car,5,car,True,0.9218677282333374,0.4481720328330993,0.3716292381286621,0.0765427947044372,0.000383610400604,False,0.4740680713128039,0.013675213675213675,Grasp
159,False,9,desk,9,desk,True,0.9214011430740356,0.4072646796703338,0.3000199198722839,0.1072447597980499,0.0008743410580791,False,0.4744732576985413,0.013663535439795047,Grasp
1726,False,2,bed,2,bed,True,0.9213552474975586,0.3550266027450561,0.3112398982048034,0.0437867045402526,0.000330417882651,False,0.47487844408427876,0.013651877133105802,Grasp
1978,False,16,mantel,16,mantel,True,0.9212706685066224,0.3627089560031891,0.2805179059505462,0.0821910500526428,0.0006728637381456,False,0.4752836304700162,0.013640238704177323,Grasp
1538,False,30,toilet,30,toilet,True,0.9211777448654176,0.4024288952350616,0.3056577742099762,0.0967711210250854,0.0006485951016657,False,0.47568881685575365,0.013628620102214651,Grasp
2059,False,14,guitar,14,guitar,True,0.920598804950714,0.3894009292125702,0.3382078111171722,0.0511931180953979,0.0002445130085106,False,0.4760940032414911,0.013617021276595745,Grasp
1311,False,32,vase,32,vase,True,0.9202174544334412,0.3664308786392212,0.3393884897232055,0.0270423889160156,0.0001039145427057,False,0.47649918962722854,0.013605442176870748,Grasp
1887,False,32,vase,32,vase,True,0.9200686812400818,0.3601607084274292,0.3363580107688904,0.0238026976585388,0.0001096078558475,False,0.476904376012966,0.013593882752761258,Grasp
1851,False,31,tv_stand,31,tv_stand,True,0.9198375940322876,0.4443118572235107,0.3910437226295471,0.0532681345939636,0.000160822586622,False,0.4773095623987034,0.013582342954159592,Grasp
509,False,9,desk,9,desk,True,0.9196437001228333,0.3430008292198181,0.2783788442611694,0.0646219849586486,0.000500367488712,False,0.47771474878444087,0.013570822731128074,Grasp
1620,False,16,mantel,16,mantel,True,0.9194405674934388,0.3709070682525635,0.3240386545658111,0.0468684136867523,0.0002531059726607,False,0.47811993517017826,0.013559322033898305,Grasp
927,False,18,night_stand,18,night_stand,True,0.919306218624115,0.4308735728263855,0.3812446594238281,0.0496289134025573,0.0002096861135214,False,0.4785251215559157,0.013547840812870448,Grasp
2115,False,9,desk,9,desk,True,0.9188390970230104,0.4355798661708832,0.3649420738220215,0.0706377923488617,0.0002779625065159,False,0.47893030794165314,0.01353637901861252,Grasp
76,True,5,bottle,32,vase,,0.9185311198234558,0.3455665707588196,0.32426518201828,0.0213013887405395,9.507079812465236e-05,True,0.4793354943273906,0.014370245139475908,Grasp
270,False,18,night_stand,18,night_stand,True,0.9184009432792664,0.4762299656867981,0.4235219657421112,0.0527079999446868,0.0001161719410447,False,0.47974068071312803,0.014358108108108109,Grasp
8,True,5,bottle,32,vase,,0.917376697063446,0.389151930809021,0.3617924749851227,0.0273594558238983,7.814310083631426e-05,True,0.4801458670988655,0.015189873417721518,Grasp
182,False,5,car,5,car,True,0.916615903377533,0.3585587441921234,0.232633352279663,0.1259253919124603,0.001544628990814,False,0.4805510534846029,0.01517706576728499,Grasp
1864,False,4,bookshelf,4,bookshelf,True,0.9164870381355286,0.33336341381073,0.2703838944435119,0.062979519367218,0.000523266440723,False,0.48095623987034036,0.015164279696714406,Grasp
2228,False,4,bookshelf,4,bookshelf,True,0.9164831042289734,0.4374335408210754,0.3319695889949798,0.1054639518260955,0.0009869828354567,False,0.4813614262560778,0.015151515151515152,Grasp
998,False,5,car,5,car,True,0.916157603263855,0.3585578799247741,0.2296561002731323,0.1289017796516418,0.0013423437485471,False,0.48176661264181525,0.015138772077375946,Grasp
1688,False,14,guitar,14,guitar,True,0.9159661531448364,0.3702885508537292,0.3224168419837951,0.047871708869934,0.0002962086291518,False,0.4821717990275527,0.015126050420168067,Grasp
873,False,28,table,28,table,True,0.9158251881599426,0.3232238590717315,0.2642391324043274,0.0589847266674041,0.0005940395058132,False,0.48257698541329014,0.015113350125944584,Grasp
980,False,4,bookshelf,4,bookshelf,True,0.9157345294952391,0.4227753579616546,0.3369203209877014,0.0858550369739532,0.0003553066344466,False,0.4829821717990275,0.015100671140939598,Grasp
1760,False,11,dresser,11,dresser,True,0.9154824018478394,0.4426042437553406,0.4040933549404144,0.0385108888149261,0.0001247683248948,False,0.48338735818476497,0.015088013411567477,Grasp
1542,False,18,night_stand,18,night_stand,True,0.915158748626709,0.4674920439720154,0.4255500435829162,0.0419420003890991,0.000111578781798,False,0.4837925445705024,0.01507537688442211,Grasp
164,False,23,range_hood,23,range_hood,True,0.914968967437744,0.4905267357826233,0.4104042053222656,0.0801225304603576,0.0002677695010788,False,0.48419773095623986,0.01506276150627615,Grasp
1461,False,23,range_hood,23,range_hood,True,0.9148038625717164,0.3559431135654449,0.2994323372840881,0.0565107762813568,0.0003849438508041,False,0.4846029173419773,0.015050167224080268,Grasp
2253,False,20,piano,20,piano,True,0.9147264361381532,0.3877699971199035,0.3221870362758636,0.0655829608440399,0.0003826554166153,False,0.48500810372771475,0.015037593984962405,Grasp
1350,False,14,guitar,26,stairs,False,0.9143492579460144,0.4496342837810516,0.3576441705226898,0.0919901132583618,0.0003189687267877,True,0.4854132901134522,0.015859766277128547,Grasp
34,False,28,table,28,table,True,0.9141321182250975,0.3811786472797394,0.3406909108161926,0.0404877364635467,0.0002578888088464,False,0.48581847649918963,0.0158465387823186,Grasp
210,False,23,range_hood,23,range_hood,True,0.9140230417251588,0.3124932050704956,0.2625545859336853,0.0499386191368103,0.0004789490776602,False,0.4862236628849271,0.015833333333333335,Grasp
815,False,31,tv_stand,31,tv_stand,True,0.913926899433136,0.3419431447982788,0.2803206443786621,0.0616225004196167,0.000681189529132,False,0.4866288492706645,0.01582014987510408,Grasp
1888,False,20,piano,20,piano,True,0.9133267402648926,0.4226142466068268,0.3714553117752075,0.0511589348316192,0.0002213216066593,False,0.48703403565640196,0.015806988352745424,Grasp
1584,False,10,door,10,door,True,0.9128172397613524,0.3316789269447326,0.3028809428215027,0.0287979841232299,0.0002474569773767,False,0.4874392220421394,0.015793848711554447,Grasp
1708,False,28,table,28,table,True,0.9127245545387268,0.355315089225769,0.33452108502388,0.020794004201889,0.0001168395683635,False,0.4878444084278768,0.015780730897009966,Grasp
1487,False,18,night_stand,18,night_stand,True,0.912708580493927,0.4033254086971283,0.3429421484470367,0.0603832602500915,0.0004380154423415,False,0.48824959481361424,0.015767634854771784,Grasp
2100,False,5,car,5,car,True,0.9124404191970824,0.4540966749191284,0.3828295469284057,0.0712671279907226,0.0003204905951861,False,0.4886547811993517,0.015754560530679935,Grasp
2123,False,29,tent,29,tent,True,0.9123640656471252,0.466551810503006,0.3935785591602325,0.0729732513427734,0.0003259829536546,False,0.48905996758508913,0.015741507870753936,Grasp
2158,False,9,desk,9,desk,True,0.911191999912262,0.3303700387477875,0.2629468739032745,0.0674231648445129,0.0007079396164044,False,0.48946515397082657,0.015728476821192054,Grasp
313,False,28,table,28,table,True,0.9111608862876892,0.4982556998729706,0.3934943675994873,0.1047613322734832,0.0004928785492666,False,0.489870340356564,0.015715467328370553,Grasp
1742,False,25,sofa,25,sofa,True,0.9106748700141908,0.3748674392700195,0.2993255853652954,0.0755418539047241,0.0006519402959384,False,0.49027552674230146,0.015702479338842976,Grasp
985,False,32,vase,32,vase,True,0.9103578329086304,0.3641234934329986,0.3152275383472442,0.0488959550857543,0.0003461533924564,False,0.4906807131280389,0.01568951279933939,Grasp
1248,False,4,bookshelf,4,bookshelf,True,0.9103510975837708,0.3325482904911041,0.2950118780136108,0.0375364124774932,0.000344027794199,False,0.49108589951377635,0.015676567656765675,Grasp
324,False,20,piano,20,piano,True,0.9096403121948242,0.5044975280761719,0.3764533698558807,0.1280441582202911,0.0005555169773288,False,0.4914910858995138,0.015663643858202802,Grasp
698,False,26,stairs,26,stairs,True,0.9095755219459534,0.4511899352073669,0.3657763004302978,0.085413634777069,0.0004045818059239,False,0.49189627228525123,0.015650741350906095,Grasp
1238,False,32,vase,32,vase,True,0.9095175862312316,0.3371040523052215,0.3201380968093872,0.0169659554958343,0.0001159775492851,False,0.4923014586709887,0.015637860082304528,Grasp
2163,False,28,table,28,table,True,0.9093136787414552,0.3978909254074096,0.359125554561615,0.0387653708457946,0.0002032510674325,False,0.49270664505672607,0.015625,Grasp
1635,False,1,bathtub,1,bathtub,True,0.9093058705329896,0.4073884785175323,0.2903750538825989,0.1170134246349334,0.0011114245280623,False,0.4931118314424635,0.015612161051766639,Grasp
555,False,27,stool,27,stool,True,0.9091294407844543,0.4865529239177704,0.4342305958271026,0.0523223280906677,0.0001568045263411,False,0.49351701782820095,0.015599343185550082,Grasp
45,True,5,bottle,32,vase,,0.9076930284500122,0.4801907837390899,0.4300338923931122,0.0501568913459777,0.0001447020622435,True,0.4939222042139384,0.016406890894175553,Grasp
489,False,27,stool,27,stool,True,0.9075965881347656,0.4998632669448852,0.4335117638111114,0.0663515031337738,0.0002538281842134,False,0.49432739059967584,0.01639344262295082,Grasp
1959,False,32,vase,32,vase,True,0.9073834419250488,0.4271297454833984,0.3786889016628265,0.0484408438205719,0.0003029013168998,False,0.4947325769854133,0.01638001638001638,Grasp
510,False,28,table,28,table,True,0.9068990349769592,0.3975949287414551,0.3508491516113281,0.0467457771301269,0.0002645390923134,False,0.49513776337115073,0.016366612111292964,Grasp
1314,False,4,bookshelf,4,bookshelf,True,0.9067566394805908,0.4194433093070984,0.352848619222641,0.0665946900844574,0.0005230666138231,False,0.4955429497568882,0.016353229762878167,Grasp
1207,False,31,tv_stand,31,tv_stand,True,0.9065398573875428,0.4123905301094055,0.3373056054115295,0.0750849246978759,0.0006618454353883,False,0.4959481361426256,0.016339869281045753,Grasp
686,False,32,vase,32,vase,True,0.906504452228546,0.383733332157135,0.3428975343704223,0.0408357977867126,0.0002538961416576,False,0.49635332252836306,0.0163265306122449,Grasp
349,False,1,bathtub,1,bathtub,True,0.9051881432533264,0.5125893354415894,0.4572600722312927,0.0553292632102966,0.0001315057597821,False,0.4967585089141005,0.01631321370309951,Grasp
71,False,31,tv_stand,31,tv_stand,True,0.9050991535186768,0.3710039556026459,0.3191262185573578,0.051877737045288,0.0004713313828688,False,0.49716369529983795,0.016299918500407497,Grasp
1508,False,9,desk,9,desk,True,0.9048581123352052,0.4712521731853485,0.3367062211036682,0.1345459520816803,0.0013616735814139,False,0.49756888168557534,0.016286644951140065,Grasp
1369,False,21,plant,21,plant,True,0.9041131138801576,0.4884170293807983,0.4288417994976043,0.0595752298831939,0.0002384725958108,False,0.4979740680713128,0.01627339300244101,Grasp
926,False,1,bathtub,1,bathtub,True,0.9038874506950378,0.4522911310195923,0.3605149090290069,0.0917762219905853,0.0005591433146037,False,0.4983792544570502,0.016260162601626018,Grasp
497,False,31,tv_stand,31,tv_stand,True,0.9017904996871948,0.5338670015335083,0.4513095021247864,0.0825574994087219,0.0002644331252668,False,0.49878444084278767,0.016246953696181964,Grasp
1189,False,11,dresser,11,dresser,True,0.9016861319541932,0.5146573781967163,0.4424789845943451,0.0721783936023712,0.0003122033958788,False,0.4991896272285251,0.016233766233766232,Grasp
2215,False,9,desk,9,desk,True,0.9009105563163756,0.4305735826492309,0.2989894151687622,0.1315841674804687,0.0009466154151596,False,0.49959481361426256,0.016220600162206,Grasp
454,False,9,desk,9,desk,True,0.900839865207672,0.439827561378479,0.3942491114139557,0.0455784499645233,0.0003177511971443,False,0.5,0.01620745542949757,Grasp
1453,False,20,piano,20,piano,True,0.9005299806594849,0.3661449253559112,0.1989383101463318,0.1672066152095794,0.0023957733064889,False,0.5004051863857374,0.016194331983805668,Grasp
694,False,18,night_stand,18,night_stand,True,0.9004220962524414,0.4258102178573608,0.3667881190776825,0.0590220987796783,0.0003489296359475,False,0.5008103727714749,0.016181229773462782,Grasp
856,False,4,bookshelf,4,bookshelf,True,0.9002388715744019,0.4069816470146179,0.3667307198047638,0.0402509272098541,0.0003483147593215,False,0.5012155591572123,0.016168148746968473,Grasp
1229,False,4,bookshelf,4,bookshelf,True,0.8995077610015869,0.4090307056903839,0.3404665291309356,0.0685641765594482,0.0006396264652721,False,0.5016207455429498,0.01615508885298869,Grasp
681,False,23,range_hood,23,range_hood,True,0.8990728259086609,0.3868315517902374,0.3411431610584259,0.0456883907318115,0.0003941339091397,False,0.5020259319286872,0.016142050040355124,Grasp
2197,False,5,car,5,car,True,0.8986867666244507,0.5055712461471558,0.424415111541748,0.0811561346054077,0.000482031609863,False,0.5024311183144247,0.016129032258064516,Grasp
1919,False,31,tv_stand,31,tv_stand,True,0.898622989654541,0.4522249698638916,0.3813118040561676,0.070913165807724,0.0004459920746739,False,0.502836304700162,0.016116035455278,Grasp
1926,False,31,tv_stand,31,tv_stand,True,0.8985785841941833,0.5639665126800537,0.4871470928192138,0.0768194198608398,0.0002425366692477,False,0.5032414910858996,0.01610305958132045,Grasp
194,False,1,bathtub,1,bathtub,True,0.8983399271965027,0.5221160054206848,0.4416403770446777,0.080475628376007,0.0004167135921306,False,0.5036466774716369,0.016090104585679808,Grasp
1046,False,18,night_stand,18,night_stand,True,0.8982893228530884,0.50506991147995,0.4526741206645965,0.0523957908153533,0.0002691016707103,False,0.5040518638573744,0.01607717041800643,Grasp
2119,False,25,sofa,25,sofa,True,0.8981485366821289,0.4916220605373382,0.4287226498126983,0.0628994107246398,0.0003185878449585,False,0.5044570502431118,0.01606425702811245,Grasp
1064,False,11,dresser,11,dresser,True,0.8980793952941895,0.5211970210075378,0.4713882803916931,0.0498087406158447,0.0001521035737823,False,0.5048622366288493,0.016051364365971106,Grasp
2277,False,23,range_hood,23,range_hood,True,0.897956907749176,0.3652390837669372,0.3242090940475464,0.0410299897193908,0.0004138082731515,False,0.5052674230145867,0.01603849238171612,Grasp
1325,False,32,vase,32,vase,True,0.8977325558662415,0.3465844988822937,0.3227521479129791,0.0238323509693145,0.0002780561917461,False,0.5056726094003241,0.016025641025641024,Grasp
847,False,30,toilet,30,toilet,True,0.8972935080528259,0.5681646466255188,0.4674161374568939,0.1007485091686248,0.0005421654204837,False,0.5060777957860616,0.016012810248198558,Grasp
717,False,1,bathtub,1,bathtub,True,0.8971653580665588,0.5611230731010437,0.4744283258914947,0.0866947472095489,0.0004024913941975,False,0.506482982171799,0.016,Grasp
889,False,18,night_stand,18,night_stand,True,0.896919310092926,0.4774351716041565,0.4054736495018005,0.0719615221023559,0.0004164019483141,False,0.5068881685575365,0.01598721023181455,Grasp
2114,False,4,bookshelf,4,bookshelf,True,0.8968136310577393,0.3817298114299774,0.3242850601673126,0.0574447512626647,0.0006095200660638,False,0.5072933549432739,0.01597444089456869,Grasp
899,False,2,bed,2,bed,True,0.896524965763092,0.4518088400363922,0.3737492859363556,0.0780595541000366,0.0007264881860464,False,0.5076985413290114,0.01596169193934557,Grasp
1134,False,28,table,28,table,True,0.8964081406593323,0.4163809418678283,0.3347364366054535,0.0816445052623748,0.0007344433106482,False,0.5081037277147488,0.01594896331738437,Grasp
1540,False,21,plant,21,plant,True,0.8963625431060791,0.4725655913352966,0.4256241619586944,0.0469414293766021,0.0002019306848524,False,0.5085089141004863,0.01593625498007968,Grasp
1444,False,9,desk,9,desk,True,0.8959136009216309,0.4320923089981079,0.3269604742527008,0.1051318347454071,0.0009411798091605,False,0.5089141004862237,0.01592356687898089,Grasp
1628,False,11,dresser,11,dresser,True,0.895607054233551,0.4842030107975006,0.447726845741272,0.0364761650562286,0.0001854922011261,False,0.5093192868719612,0.015910898965791568,Grasp
1018,False,32,vase,32,vase,True,0.8954185843467712,0.3491298854351043,0.3257560133934021,0.0233738720417022,0.0002255749277537,False,0.5097244732576985,0.01589825119236884,Grasp
1916,False,32,vase,32,vase,True,0.8950773477554321,0.420497328042984,0.3667146563529968,0.0537826716899871,0.0003588710387703,False,0.5101296596434359,0.015885623510722795,Grasp
1165,False,9,desk,9,desk,True,0.8947901129722595,0.4268116354942322,0.3153037130832672,0.1115079224109649,0.0009931528475135,False,0.5105348460291734,0.015873015873015872,Grasp
1586,False,32,vase,29,tent,False,0.8943576216697693,0.532314658164978,0.415143758058548,0.11717090010643,0.0007237273966893,True,0.5109400324149108,0.016653449643140365,Grasp
242,False,21,plant,21,plant,True,0.8937666416168213,0.423158198595047,0.3760660588741302,0.0470921397209167,0.0002970330824609,False,0.5113452188006483,0.01664025356576862,Grasp
706,False,33,wardrobe,4,bookshelf,False,0.8936452865600586,0.4396103024482727,0.4080343842506408,0.0315759181976318,0.0002219591551693,True,0.5117504051863857,0.01741884402216944,Grasp
14,True,5,bottle,32,vase,,0.8935871124267578,0.4671082496643066,0.40692338347435,0.0601848661899566,0.0002827056159731,True,0.5121555915721232,0.01819620253164557,Grasp
143,True,5,bottle,32,vase,,0.8935102820396423,0.485872745513916,0.4369049668312073,0.0489677786827087,0.0001925014948938,True,0.5125607779578606,0.018972332015810278,Grasp
2040,False,14,guitar,14,guitar,True,0.8934131860733032,0.475629061460495,0.2980851531028747,0.1775439083576202,0.0018008705228567,False,0.5129659643435981,0.018957345971563982,Grasp
1720,False,32,vase,32,vase,True,0.893285870552063,0.3515051007270813,0.3325487375259399,0.0189563632011413,0.0002113969094352,False,0.5133711507293355,0.018942383583267563,Grasp
2052,False,16,mantel,16,mantel,True,0.8930048942565918,0.5031595230102539,0.3967913389205932,0.1063681840896606,0.0007142999675124,False,0.513776337115073,0.01892744479495268,Grasp
1754,False,16,mantel,16,mantel,True,0.8928865790367126,0.5531365275382996,0.4692519307136535,0.083884596824646,0.0004141862154938,False,0.5141815235008104,0.018912529550827423,Grasp
1290,False,23,range_hood,23,range_hood,True,0.8923670649528503,0.4530556499958038,0.3713616132736206,0.0816940367221832,0.0006217115442268,False,0.5145867098865479,0.01889763779527559,Grasp
171,True,10,cup,32,vase,,0.8920378088951111,0.4095061123371124,0.3821423649787903,0.0273637473583221,0.0001537837233627,True,0.5149918962722853,0.01966955153422502,Grasp
1112,False,27,stool,27,stool,True,0.8916528820991516,0.5352862477302551,0.4508071839809418,0.0844790637493133,0.0004739083233289,False,0.5153970826580226,0.019654088050314465,Grasp
99,True,5,bottle,32,vase,,0.8907383680343628,0.4661124646663666,0.4346705377101898,0.0314419269561767,0.000176601592102,True,0.5158022690437601,0.0204241948153967,Re-scan
458,False,31,tv_stand,31,tv_stand,True,0.8904742002487183,0.4336352348327636,0.3425295650959015,0.0911056697368621,0.0010418763849884,False,0.5162074554294975,0.02040816326530612,Re-scan
68,False,14,guitar,14,guitar,True,0.8897790312767029,0.5360448956489563,0.4083223044872284,0.1277225911617279,0.0008984925807453,False,0.516612641815235,0.0203921568627451,Re-scan
325,False,5,car,5,car,True,0.8897591233253479,0.5454083681106567,0.4228426218032837,0.122565746307373,0.0007697558612562,False,0.5170178282009724,0.02037617554858934,Re-scan
871,False,21,plant,21,plant,True,0.8896439671516418,0.5634521245956421,0.4698221385478973,0.0936299860477447,0.0004198515671305,False,0.5174230145867099,0.020360219263899765,Re-scan
112,True,5,bottle,32,vase,,0.8895091414451599,0.4661467373371124,0.4197019040584564,0.046444833278656,0.0002045807777903,True,0.5178282009724473,0.02112676056338028,Re-scan
1379,False,18,night_stand,18,night_stand,True,0.8895049095153809,0.5692830085754395,0.4714889228343963,0.097794085741043,0.0004605792928487,False,0.5182333873581848,0.02111024237685692,Re-scan
304,False,32,vase,32,vase,True,0.8893098831176758,0.58523029088974,0.4915764629840851,0.0936538279056549,0.000499919464346,False,0.5186385737439222,0.02109375,Re-scan
771,False,18,night_stand,18,night_stand,True,0.8883747458457947,0.4654333591461181,0.3913417160511017,0.0740916430950164,0.0005916875670664,False,0.5190437601296597,0.02107728337236534,Re-scan
1681,False,11,dresser,11,dresser,True,0.8881438374519348,0.5565608739852905,0.520376980304718,0.0361838936805725,0.0001417864841641,False,0.5194489465153971,0.02106084243369735,Re-scan
1983,False,5,car,5,car,True,0.8871882557868958,0.4513930678367615,0.3105762600898742,0.1408168077468872,0.0015474773244932,False,0.5198541329011345,0.021044427123928292,Re-scan
1195,False,29,tent,29,tent,True,0.8870462775230408,0.5110292434692383,0.4221311211585998,0.0888981223106384,0.0007255325326696,False,0.520259319286872,0.02102803738317757,Re-scan
269,False,25,sofa,25,sofa,True,0.8865690231323242,0.5328748226165771,0.4132574200630188,0.1196174025535583,0.000900761806406,False,0.5206645056726094,0.021011673151750974,Re-scan
1038,False,21,plant,21,plant,True,0.885783314704895,0.3756930828094482,0.3449736535549164,0.0307194292545318,0.0004230708582326,False,0.5210696920583469,0.020995334370139968,Re-scan
1292,False,9,desk,9,desk,True,0.8850691318511963,0.5490164160728455,0.3918516039848327,0.1571648120880127,0.0013854097342118,False,0.5214748784440842,0.02097902097902098,Re-scan
911,False,32,vase,32,vase,True,0.8846506476402283,0.398423820734024,0.3776815831661224,0.0207422375679016,0.0001943829993251,False,0.5218800648298217,0.02096273291925466,Re-scan
1662,False,11,dresser,11,dresser,True,0.884627640247345,0.5772939920425415,0.4849599599838257,0.0923340320587158,0.0004293073143344,False,0.5222852512155591,0.02094647013188518,Re-scan
351,False,24,sink,24,sink,True,0.8844757676124573,0.4566856026649475,0.396512895822525,0.0601727068424224,0.0004299004795029,False,0.5226904376012966,0.020930232558139535,Re-scan
1068,False,28,table,28,table,True,0.8843919634819031,0.4586705565452575,0.4001402556896209,0.0585303008556366,0.0004931710427626,False,0.523095623987034,0.020914020139426802,Re-scan
879,False,26,stairs,26,stairs,True,0.8840991854667664,0.626043438911438,0.5230512619018555,0.1029921770095825,0.0004730245855171,False,0.5235008103727715,0.02089783281733746,Re-scan
1249,False,6,chair,6,chair,True,0.883930504322052,0.6108245849609375,0.4646977484226227,0.1461268365383148,0.0008908976451493,False,0.5239059967585089,0.02088167053364269,Re-scan
964,False,17,monitor,17,monitor,True,0.8837456107139587,0.5166642069816589,0.4513056576251983,0.0653585493564605,0.000427994178608,False,0.5243111831442464,0.020865533230293665,Re-scan
1900,False,16,mantel,16,mantel,True,0.8833705186843872,0.5603329539299011,0.4591369032859802,0.1011960506439209,0.0007968000718392,False,0.5247163695299838,0.02084942084942085,Re-scan
88,True,5,bottle,32,vase,,0.8833433985710144,0.4553235471248626,0.4219971895217895,0.0333263576030731,0.0002241658366983,True,0.5251215559157212,0.021604938271604937,Re-scan
495,False,17,monitor,17,monitor,True,0.8832432627677917,0.505257248878479,0.4272429645061493,0.0780142843723297,0.0006306223804131,False,0.5255267423014587,0.02158828064764842,Re-scan
619,False,6,chair,6,chair,True,0.883158802986145,0.5102002620697021,0.4129974544048309,0.0972028076648712,0.000910947448574,False,0.5259319286871961,0.02157164869029276,Re-scan
570,False,28,table,28,table,True,0.8826139569282532,0.4445238709449768,0.3733097016811371,0.0712141692638397,0.0006900938460603,False,0.5263371150729336,0.02155504234026174,Re-scan
722,False,25,sofa,25,sofa,True,0.8822987079620361,0.5255295038223267,0.3944107294082641,0.1311187744140625,0.0013259032275527,False,0.526742301458671,0.021538461538461538,Re-scan
1982,False,27,stool,27,stool,True,0.8820871114730835,0.5473697185516357,0.4327951371669769,0.1145745813846588,0.0005999655695632,False,0.5271474878444085,0.021521906225980016,Re-scan
693,False,1,bathtub,17,monitor,False,0.8819111585617065,0.5157445669174194,0.4303689002990722,0.0853756666183471,0.0006799546536058,True,0.5275526742301458,0.02227342549923195,Re-scan
1302,False,9,desk,9,desk,True,0.8818153142929077,0.5687033534049988,0.4965697824954986,0.0721335709095001,0.0004321377782616,False,0.5279578606158833,0.022256331542594012,Re-scan
50,True,6,bowl,29,tent,,0.8816708326339722,0.5720839500427246,0.4368274211883545,0.1352565288543701,0.0009642470977269,True,0.5283630470016207,0.023006134969325152,Re-scan
38,True,20,laptop,29,tent,,0.8798259496688843,0.6173504590988159,0.503390908241272,0.1139595508575439,0.0008256982546299,True,0.5287682333873582,0.02375478927203065,Re-scan
2183,False,18,night_stand,18,night_stand,True,0.8797759413719177,0.6013326644897461,0.5483677387237549,0.0529649257659912,0.0001973829639609,False,0.5291734197730956,0.023736600306278714,Re-scan
2082,False,20,piano,20,piano,True,0.8793171644210815,0.6176920533180237,0.4996124804019928,0.1180795729160308,0.0004720530996564,False,0.529578606158833,0.023718439173680182,Re-scan
1142,False,4,bookshelf,4,bookshelf,True,0.8790403008460999,0.5892655849456787,0.5487708449363708,0.0404947400093078,0.0001547813444631,False,0.5299837925445705,0.023700305810397553,Re-scan
1236,False,23,range_hood,23,range_hood,True,0.8789573311805725,0.5692245364189148,0.4798388481140136,0.0893856883049011,0.0005854276241734,False,0.5303889789303079,0.023682200152788387,Re-scan
938,False,18,night_stand,18,night_stand,True,0.8788608908653259,0.5465125441551208,0.455791175365448,0.0907213687896728,0.0004734816320706,False,0.5307941653160454,0.02366412213740458,Re-scan
2151,False,25,sofa,25,sofa,True,0.8787527084350586,0.5541170239448547,0.4751001596450805,0.0790168642997741,0.0006217269110493,False,0.5311993517017828,0.02364607170099161,Re-scan
173,True,5,bottle,32,vase,,0.8784626722335815,0.4991313219070434,0.4644863903522491,0.0346449315547943,0.0001654144725762,True,0.5316045380875203,0.024390243902439025,Re-scan
1818,False,21,plant,21,plant,True,0.878332257270813,0.4679259657859802,0.4246436655521393,0.0432823002338409,0.0002994313254021,False,0.5320097244732577,0.024371667936024372,Re-scan
738,False,6,chair,6,chair,True,0.8779063820838928,0.5511505007743835,0.4338018894195556,0.1173486113548278,0.0011132539948448,False,0.5324149108589952,0.0243531202435312,Re-scan
759,False,14,guitar,14,guitar,True,0.8776912093162537,0.4789220094680786,0.3900872766971588,0.0888347327709198,0.0008825191762298,False,0.5328200972447326,0.024334600760456272,Re-scan
2140,False,18,night_stand,18,night_stand,True,0.8776244521141052,0.6197826862335205,0.5418362021446228,0.0779464840888977,0.0003472855314612,False,0.5332252836304701,0.0243161094224924,Re-scan
84,True,5,bottle,32,vase,,0.8775104284286499,0.491065502166748,0.4619649350643158,0.0291005671024322,0.0001885952515294,True,0.5336304700162074,0.025056947608200455,Re-scan
160,True,5,bottle,32,vase,,0.8774870038032532,0.5119103193283081,0.4675567150115967,0.0443536043167114,0.000283373374259,True,0.534035656401945,0.025796661608497723,Re-scan
1757,False,31,tv_stand,31,tv_stand,True,0.8774441480636597,0.5211578011512756,0.4132192730903625,0.107938528060913,0.0008876969804987,False,0.5344408427876823,0.02577710386656558,Re-scan
802,False,14,guitar,14,guitar,True,0.8771646618843079,0.5647866725921631,0.4499247968196869,0.1148618757724762,0.0007929833373054,False,0.5348460291734197,0.025757575757575757,Re-scan
1103,False,21,plant,21,plant,True,0.8771291971206665,0.564681887626648,0.4709576070308685,0.0937242805957794,0.0005429603043012,False,0.5352512155591572,0.025738077214231644,Re-scan
746,False,30,toilet,30,toilet,True,0.8750917911529541,0.5764740705490112,0.4860905706882477,0.0903834998607635,0.0006256609922274,False,0.5356564019448946,0.025718608169440244,Re-scan
1612,False,11,dresser,11,dresser,True,0.8743864297866821,0.6047333478927612,0.5515899062156677,0.0531434416770935,0.000196367749595,False,0.5360615883306321,0.025699168556311415,Re-scan
2064,False,28,table,28,table,True,0.8742498755455017,0.4652184247970581,0.3900339603424072,0.0751844644546508,0.0007986890268512,False,0.5364667747163695,0.0256797583081571,Re-scan
1133,False,29,tent,29,tent,True,0.874009370803833,0.4621855318546295,0.3602543771266937,0.1019311547279357,0.0011471171164885,False,0.536871961102107,0.025660377358490565,Re-scan
1410,False,21,plant,21,plant,True,0.8739316463470459,0.4375540614128113,0.3983349502086639,0.0392191112041473,0.0004050706629641,False,0.5372771474878444,0.02564102564102564,Re-scan
1171,False,21,plant,21,plant,True,0.8735772967338562,0.4386748075485229,0.411474198102951,0.0272006094455719,0.0002279916516272,False,0.5376823338735819,0.02562170308967596,Re-scan
1278,False,28,table,28,table,True,0.8733400106430054,0.5066321492195129,0.4440305829048157,0.0626015663146972,0.0005304049118421,False,0.5380875202593193,0.025602409638554216,Re-scan
67,True,5,bottle,32,vase,,0.87325519323349,0.4781158566474914,0.4449909031391144,0.033124953508377,0.0002585634647402,True,0.5384927066450568,0.02633559066967645,Re-scan
385,False,9,desk,28,table,False,0.873042106628418,0.5121986269950867,0.4412255883216858,0.0709730386734008,0.0005650913226418,True,0.5388978930307942,0.02706766917293233,Re-scan
3,True,5,bottle,32,vase,,0.8724752068519592,0.5337680578231812,0.4818608164787292,0.0519072413444519,0.0002701788616832,True,0.5393030794165316,0.02779864763335838,Re-scan
395,False,17,monitor,17,monitor,True,0.8721132278442383,0.6387078166007996,0.5438754558563232,0.0948323607444763,0.0006244191899895,False,0.539708265802269,0.027777777777777776,Re-scan
257,False,27,stool,32,vase,False,0.8718849420547485,0.6187245845794678,0.5428689122200012,0.0758556723594665,0.0004612017364706,True,0.5401134521880064,0.028507126781695424,Re-scan
2210,False,31,tv_stand,31,tv_stand,True,0.8717476725578308,0.5536288619041443,0.4680741131305694,0.0855547487735748,0.0005588003550656,False,0.5405186385737439,0.02848575712143928,Re-scan
1303,False,16,mantel,16,mantel,True,0.8716632723808289,0.6116246581077576,0.483528584241867,0.1280960738658905,0.0010566356359049,False,0.5409238249594813,0.02846441947565543,Re-scan
983,False,20,piano,20,piano,True,0.8714699745178223,0.6296097636222839,0.4467803537845611,0.1828294098377227,0.0012533528497442,False,0.5413290113452188,0.02844311377245509,Re-scan
305,False,32,vase,32,vase,True,0.8713459372520447,0.5741804242134094,0.4955048263072967,0.0786755979061126,0.0003880255389958,False,0.5417341977309562,0.028421839940164548,Re-scan
332,False,31,tv_stand,31,tv_stand,True,0.8711357712745667,0.6303225755691528,0.5722194910049438,0.0581030845642089,0.0002085323212668,False,0.5421393841166937,0.028400597907324365,Re-scan
924,False,28,table,28,table,True,0.8710339665412903,0.4583598673343658,0.3827743828296661,0.0755854845046997,0.0009471993544138,False,0.5425445705024311,0.028379387602688575,Re-scan
166,False,14,guitar,14,guitar,True,0.8704232573509216,0.5961692333221436,0.4826743602752685,0.113494873046875,0.0007403782219626,False,0.5429497568881686,0.028358208955223882,Re-scan
77,True,5,bottle,32,vase,,0.8701523542404175,0.5995332598686218,0.539341151714325,0.0601921081542968,0.0002614851400721,True,0.543354943273906,0.029082774049217,Re-scan
2143,False,4,bookshelf,4,bookshelf,True,0.8697982430458069,0.4375627040863037,0.3875848352909088,0.0499778687953949,0.0006627107504755,False,0.5437601296596435,0.029061102831594635,Re-scan
539,False,11,dresser,11,dresser,True,0.86960369348526,0.6164693832397461,0.567729115486145,0.048740267753601,0.0002363467938266,False,0.5441653160453809,0.029039463886820552,Re-scan
1397,False,9,desk,9,desk,True,0.8692435026168823,0.625182032585144,0.5108628869056702,0.1143191456794738,0.0008027384756132,False,0.5445705024311183,0.029017857142857144,Re-scan
2021,False,8,curtain,8,curtain,True,0.8689176440238953,0.5699391961097717,0.3594997227191925,0.2104394733905792,0.0015510744415223,False,0.5449756888168558,0.02899628252788104,Re-scan
2189,False,30,toilet,30,toilet,True,0.8678261637687683,0.5740344524383545,0.4187200963497162,0.1553143560886383,0.0017190636135637,False,0.5453808752025932,0.02897473997028232,Re-scan
217,False,26,stairs,26,stairs,True,0.8678058981895447,0.6420023441314697,0.424973577260971,0.2170287668704986,0.0017273107077926,False,0.5457860615883307,0.028953229398663696,Re-scan
1124,False,30,toilet,6,chair,False,0.8676996231079102,0.4679306447505951,0.3153965175151825,0.1525341272354126,0.001961539266631,True,0.546191247974068,0.02967359050445104,Re-scan
2046,False,14,guitar,14,guitar,True,0.8669741153717041,0.6216790676116943,0.4387131333351135,0.1829659342765808,0.0015873875236138,False,0.5465964343598055,0.029651593773165306,Re-scan
1139,False,24,sink,16,mantel,False,0.866715669631958,0.6562354564666748,0.5633947253227234,0.0928407311439514,0.0004073206800967,True,0.5470016207455429,0.03037037037037037,Re-scan
153,True,5,bottle,32,vase,,0.8667130470275879,0.5737522840499878,0.5300430059432983,0.0437092781066894,0.0001405198418069,True,0.5474068071312804,0.031088082901554404,Re-scan
104,True,5,bottle,32,vase,,0.866701602935791,0.5446532964706421,0.4816248118877411,0.063028484582901,0.000369588349713,True,0.5478119935170178,0.031804733727810654,Re-scan
1383,False,20,piano,20,piano,True,0.8663380146026611,0.6733272671699524,0.5498688220977783,0.123458445072174,0.0007345495396293,False,0.5482171799027553,0.031781226903178125,Re-scan
2031,False,18,night_stand,18,night_stand,True,0.8660642504692078,0.5968935489654541,0.4914263486862182,0.1054672002792358,0.0006676586344838,False,0.5486223662884927,0.03175775480059084,Re-scan
1206,False,32,vase,32,vase,True,0.8657636046409607,0.5546810030937195,0.4807598292827606,0.0739211738109588,0.0002944557054433,False,0.5490275526742301,0.03173431734317343,Re-scan
1193,False,27,stool,27,stool,True,0.8655548691749573,0.6264410614967346,0.5159295201301575,0.1105115413665771,0.0006883720052428,False,0.5494327390599676,0.03171091445427729,Re-scan
1787,False,28,table,28,table,True,0.8650697469711304,0.4884467720985412,0.4039223492145538,0.0845244228839874,0.0008985536405816,False,0.549837925445705,0.03168754605747973,Re-scan
1902,False,19,person,19,person,True,0.8650579452514648,0.6290544271469116,0.4887756109237671,0.1402788162231445,0.0010952717857435,False,0.5502431118314425,0.03166421207658321,Re-scan
102,True,20,laptop,29,tent,,0.864078938961029,0.6885888576507568,0.5849884748458862,0.1036003828048706,0.0005377840716391,True,0.5506482982171799,0.03237674760853569,Re-scan
1505,False,26,stairs,26,stairs,True,0.8639744520187378,0.4970548450946808,0.3864106833934784,0.1106441617012023,0.0013043078361079,False,0.5510534846029174,0.03235294117647059,Re-scan
145,True,5,bottle,32,vase,,0.8639727830886841,0.5738669037818909,0.5366594195365906,0.0372074842453002,0.0001833649148466,True,0.5514586709886548,0.03306392358559882,Re-scan
133,True,5,bottle,32,vase,,0.8638495802879333,0.5577993988990784,0.5183016061782837,0.0394977927207946,0.0001963349059224,True,0.5518638573743923,0.033773861967694566,Re-scan
48,True,5,bottle,32,vase,,0.8626511096954346,0.656022310256958,0.5748416781425476,0.0811806321144104,0.0003154093283228,True,0.5522690437601296,0.034482758620689655,Re-scan
11,True,5,bottle,32,vase,,0.8626184463500977,0.5850372314453125,0.5220246911048889,0.0630125403404235,0.0003088097146246,True,0.5526742301458671,0.03519061583577713,Re-scan
1795,False,31,tv_stand,31,tv_stand,True,0.8622288703918457,0.5428025722503662,0.4672436416149139,0.0755589306354522,0.0005910865729674,False,0.5530794165316045,0.035164835164835165,Re-scan
691,False,25,sofa,25,sofa,True,0.862227737903595,0.483825147151947,0.3975919187068939,0.0862332284450531,0.0009766801958903,False,0.553484602917342,0.03513909224011713,Re-scan
322,False,32,vase,32,vase,True,0.8618770837783813,0.6574476361274719,0.5332469344139099,0.124200701713562,0.0006771909538656,False,0.5538897893030794,0.03511338697878566,Re-scan
559,False,23,range_hood,23,range_hood,True,0.8613874316215515,0.411153107881546,0.3475798368453979,0.063573271036148,0.0009910991648212,False,0.5542949756888168,0.03508771929824561,Re-scan
1284,False,34,xbox,17,monitor,False,0.8608866930007935,0.6236317157745361,0.5245106220245361,0.09912109375,0.0009139390895143,True,0.5547001620745543,0.03579254930606282,Re-scan
467,False,9,desk,9,desk,True,0.8600325584411621,0.6120318174362183,0.4837488532066345,0.1282829642295837,0.0009656755137257,False,0.5551053484602917,0.03576642335766423,Re-scan
1213,False,8,curtain,8,curtain,True,0.8599717617034912,0.5523020029067993,0.4592138230800628,0.0930881798267364,0.0008234304841607,False,0.5555105348460292,0.03574033552151714,Re-scan
431,False,30,toilet,30,toilet,True,0.8598026633262634,0.4399801194667816,0.3554393351078033,0.0845407843589782,0.001277555595152,False,0.5559157212317666,0.03571428571428571,Re-scan
644,False,20,piano,20,piano,True,0.8595046997070312,0.6544895172119141,0.5718216300010681,0.0826678872108459,0.000560866552405,False,0.5563209076175041,0.035688273852876914,Re-scan
1667,False,21,plant,21,plant,True,0.8587794303894043,0.487027108669281,0.4280029535293579,0.059024155139923,0.0005597889539785,False,0.5567260940032415,0.03566229985443959,Re-scan
762,False,11,dresser,11,dresser,True,0.8579512238502502,0.6763672828674316,0.6166613101959229,0.0597059726715087,0.0003460191364865,False,0.557131280388979,0.03563636363636364,Re-scan
780,False,23,range_hood,24,sink,False,0.8575448393821716,0.5896099805831909,0.4726406335830688,0.116969347000122,0.0008910204051062,True,0.5575364667747164,0.036337209302325583,Re-scan
1285,False,30,toilet,30,toilet,True,0.8571439981460571,0.4716714024543762,0.3842023313045501,0.087469071149826,0.0011102750431746,False,0.5579416531604539,0.03631082062454612,Re-scan
1269,False,22,radio,22,radio,True,0.8569929599761963,0.5957369208335876,0.4261645972728729,0.1695723235607147,0.0014846912818029,False,0.5583468395461912,0.036284470246734396,Re-scan
1479,False,23,range_hood,23,range_hood,True,0.8568720817565918,0.6767616868019104,0.527128279209137,0.1496334075927734,0.0011645231861621,False,0.5587520259319287,0.03625815808556925,Re-scan
68,True,10,cup,32,vase,,0.856717050075531,0.501772403717041,0.4679924547672272,0.0337799489498138,0.0001542540994705,True,0.5591572123176661,0.03695652173913044,Re-scan
361,False,16,mantel,16,mantel,True,0.8564879894256592,0.7026622891426086,0.5741644501686096,0.128497838973999,0.0007269120542332,False,0.5595623987034035,0.036929761042722664,Re-scan
1166,False,32,vase,32,vase,True,0.8563992977142334,0.5887302756309509,0.5336109399795532,0.0551193356513977,0.0002295936865266,False,0.559967585089141,0.03690303907380608,Re-scan
1581,False,20,piano,16,mantel,False,0.8556051850318909,0.595515251159668,0.4586578011512756,0.1368574500083923,0.0011798914056271,True,0.5603727714748784,0.03759942154736081,Re-scan
1512,False,0,airplane,0,airplane,True,0.8551496267318726,0.7256601452827454,0.5520691275596619,0.1735910177230835,0.0013091202126815,False,0.5607779578606159,0.03757225433526012,Re-scan
1786,False,20,piano,20,piano,True,0.8549724221229553,0.7873513698577881,0.7037063837051392,0.0836449861526489,0.0003744830319192,False,0.5611831442463533,0.03754512635379061,Re-scan
1854,False,32,vase,32,vase,True,0.854938805103302,0.5786766409873962,0.530453085899353,0.0482235550880432,0.0003774590149987,False,0.5615883306320908,0.03751803751803752,Re-scan
2032,False,20,piano,20,piano,True,0.8545810580253601,0.6127710342407227,0.4483490288257599,0.1644220054149627,0.0013795238919556,False,0.5619935170178282,0.03749098774333093,Re-scan
1546,False,20,piano,20,piano,True,0.8544005751609802,0.64902263879776,0.4727963507175445,0.1762262880802154,0.0013010099064558,False,0.5623987034035657,0.037463976945244955,Re-scan
947,False,7,cone,7,cone,True,0.853881299495697,0.5879821181297302,0.4720965623855591,0.1158855557441711,0.0012152243871241,False,0.5628038897893031,0.037437005039596835,Re-scan
670,False,18,night_stand,18,night_stand,True,0.8526780605316162,0.6519767642021179,0.5366343855857849,0.115342378616333,0.0007744943141005,False,0.5632090761750406,0.03741007194244604,Re-scan
1480,False,17,monitor,17,monitor,True,0.8523815870285034,0.7258896827697754,0.6435976624488831,0.0822920203208923,0.0004687581676989,False,0.563614262560778,0.037383177570093455,Re-scan
1428,False,21,plant,32,vase,False,0.8522657752037048,0.6245108842849731,0.5786446928977966,0.0458661913871765,0.0002526515745557,True,0.5640194489465153,0.03807471264367816,Re-scan
12,True,5,bottle,32,vase,,0.8519308567047119,0.5824398994445801,0.5386019945144653,0.0438379049301147,0.0002343616797588,True,0.5644246353322528,0.038765254845656856,Re-scan
1762,False,9,desk,9,desk,True,0.8504859209060669,0.7048057317733765,0.5702010989189148,0.1346046328544616,0.0009021684527397,False,0.5648298217179902,0.03873744619799139,Re-scan
1550,False,4,bookshelf,31,tv_stand,False,0.849460244178772,0.5311033129692078,0.4452890753746032,0.0858142375946044,0.000990966334939,True,0.5652350081037277,0.03942652329749104,Re-scan
1950,False,4,bookshelf,4,bookshelf,True,0.8494296073913574,0.495301216840744,0.4337289035320282,0.0615723133087158,0.0007767911301925,False,0.5656401944894651,0.03939828080229226,Re-scan
2218,False,16,mantel,16,mantel,True,0.8491567969322205,0.6305225491523743,0.5211578607559204,0.1093646883964538,0.0008318411419168,False,0.5660453808752026,0.03937007874015748,Re-scan
1503,False,14,guitar,14,guitar,True,0.8490729928016663,0.5709052085876465,0.4970735311508178,0.0738316774368286,0.0006216798792593,False,0.56645056726094,0.03934191702432046,Re-scan
184,False,25,sofa,25,sofa,True,0.8485807776451111,0.5069019198417664,0.436662882566452,0.0702390372753143,0.000891619012691,False,0.5668557536466775,0.039313795568263046,Re-scan
86,True,20,laptop,29,tent,,0.8481948375701904,0.7857097387313843,0.6517492532730103,0.133960485458374,0.0007034905138425,True,0.5672609400324149,0.04,Re-scan
166,True,5,bottle,32,vase,,0.8475685119628906,0.7469011545181274,0.6455579400062561,0.1013432145118713,0.000570525357034,True,0.5676661264181524,0.04068522483940043,Re-scan
1889,False,4,bookshelf,4,bookshelf,True,0.8471159934997559,0.7121140360832214,0.5906856060028076,0.1214284300804138,0.0008055698126554,False,0.5680713128038898,0.04065620542082739,Re-scan
1732,False,16,mantel,16,mantel,True,0.846438467502594,0.6400136947631836,0.5547998547554016,0.0852138400077819,0.0005610636435449,False,0.5684764991896273,0.040627227369921595,Re-scan
1683,False,28,table,28,table,True,0.8463878035545349,0.5426015853881836,0.4493149816989898,0.0932866036891937,0.0010029484983533,False,0.5688816855753647,0.0405982905982906,Re-scan
124,True,5,bottle,32,vase,,0.846296489238739,0.6062328219413757,0.546421229839325,0.0598115921020507,0.000341130857123,True,0.5692868719611021,0.04128113879003559,Re-scan
1194,False,17,monitor,17,monitor,True,0.8462809920310974,0.7807634472846985,0.6446366310119629,0.1361268162727356,0.0008199862204492,False,0.5696920583468396,0.041251778093883355,Re-scan
529,False,4,bookshelf,4,bookshelf,True,0.8462625741958618,0.5862022638320923,0.5577142834663391,0.0284879803657531,0.0001986240386031,False,0.570097244732577,0.0412224591329069,Re-scan
1723,False,31,tv_stand,31,tv_stand,True,0.8461494445800781,0.7323795557022095,0.6376580595970154,0.094721496105194,0.0005511545459739,False,0.5705024311183144,0.041193181818181816,Re-scan
707,False,32,vase,32,vase,True,0.8460343480110168,0.6358794569969177,0.5715914368629456,0.0642880201339721,0.0003328226448502,False,0.5709076175040518,0.0411639460610362,Re-scan
1771,False,5,car,5,car,True,0.8449919819831848,0.5439134836196899,0.34063720703125,0.2032762765884399,0.0027364427223801,False,0.5713128038897893,0.04113475177304964,Re-scan
1486,False,21,plant,21,plant,True,0.8447465896606445,0.6906781196594238,0.6162230372428894,0.0744550824165344,0.0004054865567013,False,0.5717179902755267,0.041105598866052445,Re-scan
183,False,1,bathtub,1,bathtub,True,0.8442859053611755,0.6160696744918823,0.5465129613876343,0.069556713104248,0.0006294010090641,False,0.5721231766612642,0.04107648725212465,Re-scan
389,False,22,radio,22,radio,True,0.8442107439041138,0.6447126865386963,0.4607298672199249,0.1839828193187713,0.0020320205949246,False,0.5725283630470016,0.04104741684359519,Re-scan
827,False,13,glass_box,13,glass_box,True,0.8437120318412781,0.7020596265792847,0.6350706219673157,0.066989004611969,0.0003456940758042,False,0.5729335494327391,0.04101838755304102,Re-scan
1231,False,31,tv_stand,4,bookshelf,False,0.8430776596069336,0.5754330158233643,0.5182039141654968,0.0572291016578674,0.0004756116541102,True,0.5733387358184765,0.04169611307420495,Re-scan
164,True,18,keyboard,8,curtain,,0.8430259227752686,0.5574671626091003,0.4455909729003906,0.1118761897087097,0.0010427762754261,True,0.5737439222042139,0.0423728813559322,Re-scan
1939,False,31,tv_stand,4,bookshelf,False,0.8429834842681885,0.4532570242881775,0.4042890071868896,0.0489680171012878,0.0007742596208117,True,0.5741491085899514,0.043048694424841216,Re-scan
163,True,20,laptop,6,chair,,0.8429571986198425,0.6506766080856323,0.4224060177803039,0.2282705903053283,0.0024649125989526,True,0.5745542949756888,0.04372355430183357,Re-scan
574,False,31,tv_stand,31,tv_stand,True,0.8426907658576965,0.6627007126808167,0.5427058935165405,0.1199948191642761,0.0008856956264935,False,0.5749594813614263,0.04369274136715997,Re-scan
340,False,31,tv_stand,31,tv_stand,True,0.842538595199585,0.7077102065086365,0.600388765335083,0.1073214411735534,0.0006872618687339,False,0.5753646677471637,0.04366197183098591,Re-scan
375,False,17,monitor,17,monitor,True,0.8421729803085327,0.5854535102844238,0.4981078803539276,0.0873456299304962,0.0008632575627416,False,0.5757698541329012,0.043631245601688955,Re-scan
1048,False,9,desk,9,desk,True,0.8416990041732788,0.729120671749115,0.4161944091320038,0.3129262626171112,0.0028075785376131,False,0.5761750405186385,0.04360056258790436,Re-scan
101,True,5,bottle,32,vase,,0.8410536646842957,0.6496415734291077,0.591401994228363,0.0582395792007446,0.0002700044424273,True,0.576580226904376,0.04427266338721012,Re-scan
1050,False,28,table,28,table,True,0.8402149677276611,0.5572965145111084,0.496161550283432,0.0611349642276763,0.0006331647164188,False,0.5769854132901134,0.04424157303370786,Re-scan
939,False,11,dresser,11,dresser,True,0.8400944471359253,0.5865209102630615,0.5234709978103638,0.0630499124526977,0.0006475162226706,False,0.5773905996758509,0.04421052631578947,Re-scan
41,False,18,night_stand,28,table,False,0.8398355841636658,0.6439824104309082,0.5582416653633118,0.0857407450675964,0.0005943238502368,True,0.5777957860615883,0.04488078541374474,Re-scan
234,False,17,monitor,17,monitor,True,0.8392384052276611,0.7178705930709839,0.6101418137550354,0.1077287793159484,0.0007709962665103,False,0.5782009724473258,0.04484933426769446,Re-scan
857,False,20,piano,25,sofa,False,0.8390445113182068,0.5360814332962036,0.4141322076320648,0.1219492256641388,0.0019977644551545,True,0.5786061588330632,0.04551820728291316,Re-scan
56,False,33,wardrobe,24,sink,False,0.8381571769714355,0.7807498574256897,0.6551470756530762,0.1256027817726135,0.0008373467135243,True,0.5790113452188006,0.04618614415675298,Re-scan
153,False,20,piano,28,table,False,0.8381292223930359,0.8598021864891052,0.7458955645561218,0.1139066219329834,0.0006299166125245,True,0.5794165316045381,0.04685314685314685,Re-scan
586,False,16,mantel,16,mantel,True,0.8378194570541382,0.830700159072876,0.6346926093101501,0.1960075497627258,0.0015005936147645,False,0.5798217179902755,0.04682040531097135,Re-scan
626,False,34,xbox,34,xbox,True,0.8376283645629883,0.6250573396682739,0.5233785510063171,0.1016787886619567,0.0009717464563436,False,0.580226904376013,0.0467877094972067,Re-scan
2,False,2,bed,2,bed,True,0.8376132249832153,0.8194622993469238,0.7122013568878174,0.1072609424591064,0.0006844987510703,False,0.5806320907617504,0.04675505931612003,Re-scan
84,False,31,tv_stand,3,bench,False,0.8354546427726746,0.5069278478622437,0.4317005276679992,0.0752273201942443,0.0009477446437813,True,0.5810372771474879,0.04741980474198047,Re-scan
82,True,5,bottle,32,vase,,0.8351716995239258,0.6581127643585205,0.5992373824119568,0.0588753819465637,0.0003752917109522,True,0.5814424635332253,0.04808362369337979,Re-scan
95,True,5,bottle,32,vase,,0.8341966271400452,0.7298749685287476,0.6425236463546753,0.0873513221740722,0.0004339316510595,True,0.5818476499189628,0.04874651810584958,Re-scan
591,False,12,flower_pot,21,plant,False,0.8340179324150085,0.5557518005371094,0.5188050270080566,0.0369467735290527,0.0002858103835023,True,0.5822528363047001,0.049408489909533754,Re-scan
358,False,14,guitar,14,guitar,True,0.833673894405365,0.7717338800430298,0.5831100940704346,0.1886237859725952,0.0014492480549961,False,0.5826580226904376,0.04937413073713491,Re-scan
1172,False,31,tv_stand,31,tv_stand,True,0.8334874510765076,0.5827697515487671,0.4767143428325653,0.1060554087162017,0.0012538948794826,False,0.583063209076175,0.04933981931897151,Re-scan
129,False,16,mantel,16,mantel,True,0.8334690928459167,0.7251569628715515,0.5856205224990845,0.139536440372467,0.001175369718112,False,0.5834683954619124,0.049305555555555554,Re-scan
419,False,11,dresser,11,dresser,True,0.8334245085716248,0.7345789670944214,0.6544089317321777,0.0801700353622436,0.0004318912688177,False,0.5838735818476499,0.049271339347675226,Re-scan
1676,False,4,bookshelf,4,bookshelf,True,0.832073450088501,0.8698664307594299,0.7845470309257507,0.0853193998336792,0.0003402280563022,False,0.5842787682333873,0.049237170596393896,Re-scan
2200,False,1,bathtub,1,bathtub,True,0.8317652940750122,0.6816295385360718,0.515084445476532,0.1665450930595398,0.0015988355735316,False,0.5846839546191248,0.0492030492030492,Re-scan
878,False,2,bed,25,sofa,False,0.8316317796707153,0.6511053442955017,0.5611627697944641,0.0899425745010376,0.0009595519513823,True,0.5850891410048622,0.04986149584487535,Re-scan
593,False,23,range_hood,23,range_hood,True,0.8315737247467041,0.5076789855957031,0.4464689493179321,0.0612100362777709,0.0008261873153969,False,0.5854943273905997,0.04982698961937716,Re-scan
1695,False,28,table,28,table,True,0.8312402367591858,0.5789709091186523,0.5008206367492676,0.0781502723693847,0.0008857634384185,False,0.5858995137763371,0.04979253112033195,Re-scan
19,False,30,toilet,30,toilet,True,0.8309511542320251,0.7411118745803833,0.5751739740371704,0.1659379005432129,0.0013233701465651,False,0.5863047001620746,0.0497581202487906,Re-scan
613,False,26,stairs,26,stairs,True,0.8307411670684814,0.721756100654602,0.5333725214004517,0.1883835792541504,0.0015640869969502,False,0.586709886547812,0.049723756906077346,Re-scan
158,False,5,car,25,sofa,False,0.8304144740104675,0.7640883922576904,0.6079328060150146,0.1561555862426757,0.0013909501722082,True,0.5871150729335495,0.05037957211870255,Re-scan
10,True,5,bottle,32,vase,,0.8294233083724976,0.6643531918525696,0.6055229306221008,0.0588302612304687,0.0003018057614099,True,0.5875202593192869,0.05103448275862069,Re-scan
704,False,29,tent,29,tent,True,0.8293453454971313,0.7947657704353333,0.6851120591163635,0.1096537113189697,0.0005840057856403,False,0.5879254457050244,0.05099931082012405,Re-scan
1037,False,21,plant,21,plant,True,0.8289099931716919,0.7544013857841492,0.6134810447692871,0.140920341014862,0.0012738219229504,False,0.5883306320907618,0.05096418732782369,Re-scan
477,False,31,tv_stand,18,night_stand,False,0.8274677991867065,0.8109188675880432,0.6471968293190002,0.1637220382690429,0.0011605838080868,True,0.5887358184764991,0.051617343427391604,Re-scan
1200,False,4,bookshelf,4,bookshelf,True,0.8265219926834106,0.5040619373321533,0.4314320385456085,0.0726298987865448,0.0012100546155124,False,0.5891410048622366,0.0515818431911967,Re-scan
169,False,4,bookshelf,4,bookshelf,True,0.826145589351654,0.6195423007011414,0.524867832660675,0.0946744680404663,0.0009379558032378,False,0.589546191247974,0.05154639175257732,Re-scan
1022,False,31,tv_stand,31,tv_stand,True,0.8259373307228088,0.5258567929267883,0.4525716006755829,0.0732851922512054,0.0011315614683553,False,0.5899513776337115,0.05151098901098901,Re-scan
140,True,5,bottle,32,vase,,0.8258012533187866,0.701460599899292,0.6385780572891235,0.0628825426101684,0.000375504954718,True,0.5903565640194489,0.05216197666437886,Re-scan
808,False,32,vase,32,vase,True,0.8257895708084106,0.7076237797737122,0.5812342166900635,0.1263895630836486,0.001228698878549,False,0.5907617504051864,0.05212620027434842,Re-scan
152,True,10,cup,32,vase,,0.8257620334625244,0.6643648743629456,0.5890213251113892,0.0753435492515564,0.0005846027052029,True,0.5911669367909238,0.05277587388622344,Re-scan
788,False,11,dresser,11,dresser,True,0.8257490992546082,0.6841057538986206,0.6080172657966614,0.0760884881019592,0.0006269299192354,False,0.5915721231766613,0.05273972602739726,Re-scan
32,True,5,bottle,32,vase,,0.825205385684967,0.7194828987121582,0.6493397355079651,0.0701431632041931,0.0003806792665272,True,0.5919773095623987,0.053388090349075976,Re-scan
22,True,5,bottle,32,vase,,0.8251400589942932,0.7059769034385681,0.6527864336967468,0.0531904697418212,0.0003495062410365,True,0.5923824959481362,0.054035567715458276,Re-scan
1972,False,11,dresser,11,dresser,True,0.8244912624359131,0.7057328820228577,0.629554033279419,0.0761788487434387,0.0006416912656277,False,0.5927876823338736,0.053998632946001365,Re-scan
149,True,5,bottle,32,vase,,0.8243969678878784,0.6725718975067139,0.615488588809967,0.0570833086967468,0.0004558298096526,True,0.593192868719611,0.0546448087431694,Re-scan
1943,False,31,tv_stand,31,tv_stand,True,0.8240188360214233,0.5517063140869141,0.4543651938438415,0.0973411202430725,0.0012831955682486,False,0.5935980551053485,0.05460750853242321,Re-scan
2250,False,11,dresser,11,dresser,True,0.8238155245780945,0.7878627181053162,0.7208040952682495,0.0670586228370666,0.0004019318439532,False,0.5940032414910859,0.054570259208731244,Re-scan
2285,False,20,piano,23,range_hood,False,0.8236079812049866,0.8079164028167725,0.6438267230987549,0.1640896797180175,0.001265610801056,True,0.5944084278768234,0.05521472392638037,Re-scan
167,True,5,bottle,32,vase,,0.8234301209449768,0.651585042476654,0.6031561493873596,0.0484288930892944,0.0003282092802692,True,0.5948136142625607,0.055858310626702996,Re-scan
481,False,5,car,29,tent,False,0.8220752477645874,0.5973288416862488,0.4005967676639557,0.1967320740222931,0.0028792070224881,True,0.5952188006482982,0.05650102110279102,Re-scan
1750,False,21,plant,21,plant,True,0.8208103179931641,0.5596933960914612,0.5206798911094666,0.0390135049819946,0.0003739426319953,False,0.5956239870340356,0.05646258503401361,Re-scan
1449,False,9,desk,9,desk,True,0.8204443454742432,0.7581604719161987,0.5873510241508484,0.1708094477653503,0.0014816062757745,False,0.5960291734197731,0.05642420122365738,Re-scan
333,False,20,piano,20,piano,True,0.8204237222671509,0.6319150328636169,0.4004500210285187,0.2314650118350982,0.003024521516636,False,0.5964343598055105,0.05638586956521739,Re-scan
373,False,23,range_hood,16,mantel,False,0.8203391432762146,0.550005316734314,0.4917633831501007,0.0582419335842132,0.0008842161623761,True,0.596839546191248,0.05702647657841141,Re-scan
80,True,5,bottle,32,vase,,0.8203175067901611,0.7752429246902466,0.7124740481376648,0.0627688765525817,0.000275940488791,True,0.5972447325769854,0.057666214382632294,Re-scan
1897,False,17,monitor,17,monitor,True,0.8197673559188843,0.7282837629318237,0.5928504467010498,0.1354333162307739,0.0013894502772018,False,0.5976499189627229,0.0576271186440678,Re-scan
511,False,20,piano,20,piano,True,0.8193406462669373,0.913828670978546,0.7188456654548645,0.1949830055236816,0.0015538950683549,False,0.5980551053484603,0.05758807588075881,Re-scan
2265,False,20,piano,20,piano,True,0.8189224600791931,0.6444311141967773,0.4679301381111145,0.1765009760856628,0.0021582904737442,False,0.5984602917341977,0.05754908598510494,Re-scan
323,False,31,tv_stand,4,bookshelf,False,0.8184149861335754,0.68634033203125,0.59991854429245,0.0864217877388,0.0008247746154665,True,0.5988654781199352,0.058186738836265225,Re-scan
523,False,34,xbox,34,xbox,True,0.8179097771644592,0.6709413528442383,0.6147106289863586,0.0562307238578796,0.0004636495141312,False,0.5992706645056726,0.0581473968897904,Re-scan
57,True,20,laptop,29,tent,,0.8178726434707642,0.8279641270637512,0.7177906632423401,0.1101734638214111,0.0007116958731785,True,0.5996758508914101,0.05878378378378379,Re-scan
966,False,11,dresser,11,dresser,True,0.8178426623344421,0.7569388151168823,0.6961909532546997,0.0607478618621826,0.0002810241130646,False,0.6000810372771475,0.0587440918298447,Re-scan
615,False,25,sofa,25,sofa,True,0.81782466173172,0.6504587531089783,0.5411232113838196,0.1093355417251586,0.0014511968474835,False,0.600486223662885,0.058704453441295545,Re-scan
127,True,5,bottle,32,vase,,0.8174087405204773,0.6265000104904175,0.5627819299697876,0.0637180805206298,0.0005372632876969,True,0.6008914100486223,0.05933917734322319,Re-scan
786,False,23,range_hood,23,range_hood,True,0.8168535232543945,0.512847363948822,0.4457836449146271,0.0670637190341949,0.0010979311773553,False,0.6012965964343598,0.05929919137466307,Re-scan
1582,False,32,vase,32,vase,True,0.8166046738624573,0.6237949728965759,0.5741636753082275,0.0496312975883483,0.0004730254004243,False,0.6017017828200972,0.05925925925925926,Re-scan
1692,False,31,tv_stand,31,tv_stand,True,0.8163304328918457,0.5402717590332031,0.4778818190097809,0.0623899400234222,0.0008053433848544,False,0.6021069692058347,0.059219380888290714,Re-scan
1094,False,9,desk,9,desk,True,0.8157946467399597,0.6994792222976685,0.6244408488273621,0.0750383734703064,0.0006655033212155,False,0.6025121555915721,0.05917955615332885,Re-scan
1140,False,21,plant,21,plant,True,0.8157067894935608,0.7595906257629395,0.6578525900840759,0.1017380356788635,0.0006245708791539,False,0.6029173419773096,0.05913978494623656,Re-scan
1317,False,11,dresser,11,dresser,True,0.8156651854515076,0.833011269569397,0.7227040529251099,0.1103072166442871,0.000800545734819,False,0.603322528363047,0.05910006715916723,Re-scan
147,True,5,bottle,32,vase,,0.8155291676521301,0.7586987018585205,0.6845685243606567,0.0741301774978637,0.0004410122637636,True,0.6037277147487844,0.059731543624161075,Re-scan
151,True,5,bottle,32,vase,,0.814845621585846,0.7563994526863098,0.6937254071235657,0.0626740455627441,0.0003645137767307,True,0.6041329011345219,0.060362173038229376,Re-scan
53,True,5,bottle,32,vase,,0.8147420287132263,0.7112430334091187,0.64822918176651,0.0630138516426086,0.000430366868386,True,0.6045380875202593,0.06099195710455764,Re-scan
545,False,11,dresser,11,dresser,True,0.8141788244247437,0.8252166509628296,0.7490296959877014,0.0761869549751281,0.0003720976528711,False,0.6049432739059968,0.06095110515740121,Re-scan
2122,False,12,flower_pot,21,plant,False,0.8141400814056396,0.5199843645095825,0.4916008114814758,0.0283835530281066,0.0004211687773931,True,0.6053484602917342,0.06157965194109773,Re-scan
41,True,5,bottle,32,vase,,0.8140912652015686,0.6148993372917175,0.579606294631958,0.0352930426597595,0.0003175676101818,True,0.6057536466774717,0.06220735785953177,Re-scan
317,False,11,dresser,11,dresser,True,0.8134317994117737,0.6284135580062866,0.5631435513496399,0.0652700066566467,0.0008540452690795,False,0.6061588330632091,0.06216577540106952,Re-scan
1437,False,4,bookshelf,4,bookshelf,True,0.8127574324607849,0.8003589510917664,0.6796643137931824,0.1206946372985839,0.0009869505884125,False,0.6065640194489466,0.06212424849699399,Re-scan
450,False,5,car,5,car,True,0.8124920129776001,0.8553954362869263,0.725269079208374,0.1301263570785522,0.0011142831062898,False,0.606969205834684,0.062082777036048066,Re-scan
768,False,23,range_hood,23,range_hood,True,0.8121308088302612,0.5994459986686707,0.5270134806632996,0.0724325180053711,0.000911203562282,False,0.6073743922204214,0.06204136090727151,Re-scan
1511,False,27,stool,27,stool,True,0.8119017481803894,0.8682858943939209,0.643599808216095,0.2246860861778259,0.0018705736147239,False,0.6077795786061588,0.062,Re-scan
655,False,7,cone,7,cone,True,0.8118918538093567,0.5476608872413635,0.431446760892868,0.1162141263484954,0.0019273104844614,False,0.6081847649918962,0.061958694203864094,Re-scan
1472,False,20,piano,20,piano,True,0.811646580696106,0.8093830347061157,0.6937615871429443,0.1156214475631713,0.0008627798524685,False,0.6085899513776337,0.061917443408788284,Re-scan
357,False,9,desk,9,desk,True,0.8115783929824829,0.747606635093689,0.6369529962539673,0.1106536388397216,0.0009352586930617,False,0.6089951377633711,0.06187624750499002,Re-scan
1394,False,13,glass_box,13,glass_box,True,0.8112649321556091,0.7713141441345215,0.7022883296012878,0.0690258145332336,0.0006328901508823,False,0.6094003241491086,0.061835106382978726,Re-scan
1777,False,5,car,5,car,True,0.8108867406845093,0.7253618240356445,0.5823682546615601,0.1429935693740844,0.0012441377621144,False,0.609805510534846,0.061794019933554815,Re-scan
498,False,11,dresser,11,dresser,True,0.810551643371582,0.8365495204925537,0.7694295048713684,0.0671200156211853,0.0003885958285536,False,0.6102106969205835,0.061752988047808766,Re-scan
751,False,23,range_hood,23,range_hood,True,0.8097857236862183,0.5849062204360962,0.5059212446212769,0.0789849758148193,0.0010164275299757,False,0.6106158833063209,0.0617120106171201,Re-scan
636,False,23,range_hood,23,range_hood,True,0.8097764253616333,0.5223451852798462,0.43886798620224,0.0834771990776062,0.0013757987180724,False,0.6110210696920584,0.0616710875331565,Re-scan
147,False,12,flower_pot,21,plant,False,0.8091687560081482,0.5371216535568237,0.4979390203952789,0.0391826331615448,0.0005980363930575,True,0.6114262560777958,0.062292909211398274,Re-scan
1632,False,21,plant,19,person,False,0.8085724115371704,0.6998502016067505,0.5950579643249512,0.1047922372817993,0.0010482233483344,True,0.6118314424635333,0.06291390728476821,Re-scan
87,True,5,bottle,32,vase,,0.8083197474479675,0.850490927696228,0.757596492767334,0.092894434928894,0.0004936084151268,True,0.6122366288492707,0.06353408338848444,Re-scan
639,False,17,monitor,17,monitor,True,0.8078556060791016,0.6760507822036743,0.53375244140625,0.1422983407974243,0.0015797748928889,False,0.6126418152350082,0.06349206349206349,Re-scan
1045,False,31,tv_stand,3,bench,False,0.8072254061698914,0.663893461227417,0.5285547971725464,0.1353386640548706,0.0015722140669822,True,0.6130470016207455,0.06411103767349637,Re-scan
46,True,5,bottle,32,vase,,0.8064276576042175,0.7724260687828064,0.6599576473236084,0.112468421459198,0.0007643600110895,True,0.6134521880064829,0.06472919418758256,Re-scan
997,False,21,plant,21,plant,True,0.8061515688896179,0.738715648651123,0.6157283186912537,0.1229873299598693,0.0008277576998807,False,0.6138573743922204,0.06468646864686468,Re-scan
702,False,4,bookshelf,4,bookshelf,True,0.8057028651237488,0.7030624151229858,0.6398866772651672,0.0631757378578186,0.0006126238731667,False,0.6142625607779578,0.06464379947229551,Re-scan
1529,False,16,mantel,16,mantel,True,0.8051185011863708,0.8370335102081299,0.7397456765174866,0.0972878336906433,0.0007847450324334,False,0.6146677471636953,0.06460118655240607,Re-scan
430,False,12,flower_pot,32,vase,False,0.8049830198287964,0.599407970905304,0.5056626796722412,0.0937452912330627,0.0013458683388307,True,0.6150729335494327,0.06521739130434782,Re-scan
1685,False,28,table,28,table,True,0.8045629858970642,0.6116762161254883,0.5233266949653625,0.0883495211601257,0.0012641560751944,False,0.6154781199351702,0.065174456879526,Re-scan
1715,False,4,bookshelf,4,bookshelf,True,0.804105281829834,0.7280967235565186,0.6458090543746948,0.0822876691818237,0.0008093158248811,False,0.6158833063209076,0.06513157894736842,Re-scan
1100,False,11,dresser,11,dresser,True,0.8029358983039856,0.8810224533081055,0.8102861642837524,0.070736289024353,0.0003487844660412,False,0.6162884927066451,0.0650887573964497,Re-scan
173,False,19,person,19,person,True,0.8020206689834595,0.7695273160934448,0.5213193893432617,0.2482079267501831,0.0022252714261412,False,0.6166936790923825,0.06504599211563732,Re-scan
138,True,5,bottle,32,vase,,0.801959753036499,0.7226828336715698,0.6729360818862915,0.0497467517852783,0.0003264853439759,True,0.61709886547812,0.06565988181221274,Re-scan
1465,False,31,tv_stand,31,tv_stand,True,0.8019282221794128,0.656440019607544,0.5597842335700989,0.096655786037445,0.0012063470203429,False,0.6175040518638574,0.06561679790026247,Re-scan
1648,False,28,table,28,table,True,0.8017479181289673,0.6844494342803955,0.6134372353553772,0.0710121989250183,0.0007462344947271,False,0.6179092382495948,0.06557377049180328,Re-scan
1711,False,29,tent,29,tent,True,0.8014689087867737,0.8575834035873413,0.7386367917060852,0.1189466118812561,0.0007958729402162,False,0.6183144246353323,0.0655307994757536,Re-scan
2050,False,21,plant,21,plant,True,0.8011365532875061,0.5397213697433472,0.5061916708946228,0.0335296988487243,0.0004709575441665,False,0.6187196110210696,0.06548788474132286,Re-scan
1363,False,18,night_stand,18,night_stand,True,0.8003381490707397,0.7800309062004089,0.691870927810669,0.0881599783897399,0.0009264982072636,False,0.6191247974068071,0.06544502617801047,Re-scan
874,False,10,door,10,door,True,0.7989681363105774,0.8740846514701843,0.701447069644928,0.1726375818252563,0.0012678109342232,False,0.6195299837925445,0.06540222367560497,Re-scan
782,False,31,tv_stand,31,tv_stand,True,0.7987531423568726,0.7059814929962158,0.6150820255279541,0.0908994674682617,0.0009876335971057,False,0.619935170178282,0.06535947712418301,Re-scan
1985,False,14,guitar,14,guitar,True,0.7981173992156982,0.9545949697494508,0.6026416420936584,0.3519533276557922,0.0033297145273536,False,0.6203403565640194,0.06531678641410843,Re-scan
141,True,5,bottle,32,vase,,0.7980073690414429,0.7533930540084839,0.6860813498497009,0.0673117041587829,0.0004707883053924,True,0.6207455429497569,0.06592689295039164,Re-scan
795,False,9,desk,29,tent,False,0.7965566515922546,0.9064134955406188,0.7427123188972473,0.1637011766433715,0.0012817605165764,True,0.6211507293354943,0.06653620352250489,Re-scan
631,False,28,table,28,table,True,0.7963472008705139,0.7711542248725891,0.6668012142181396,0.1043530106544494,0.0011100692208856,False,0.6215559157212318,0.06649282920469361,Re-scan
1494,False,24,sink,24,sink,True,0.7946211099624634,0.8518495559692383,0.693986177444458,0.1578633785247802,0.0011878034565597,False,0.6219611021069692,0.06644951140065146,Re-scan
1116,False,18,night_stand,18,night_stand,True,0.7942957282066345,0.8998892307281494,0.815911054611206,0.0839781761169433,0.0004856730811297,False,0.6223662884927067,0.06640625,Re-scan
577,False,11,dresser,11,dresser,True,0.7936607003211975,0.8642457723617554,0.7896542549133301,0.0745915174484252,0.0004808111989405,False,0.6227714748784441,0.06636304489264802,Re-scan
637,False,31,tv_stand,31,tv_stand,True,0.7933745980262756,0.6615685224533081,0.5151122808456421,0.146456241607666,0.0023523846175521,False,0.6231766612641815,0.06631989596879063,Re-scan
1621,False,11,dresser,11,dresser,True,0.793246865272522,0.8703588247299194,0.7928438782691956,0.0775149464607238,0.0004421617195475,False,0.623581847649919,0.06627680311890838,Re-scan
200,False,11,dresser,11,dresser,True,0.7929472327232361,0.8423736691474915,0.7660009264945984,0.076372742652893,0.000439054419985,False,0.6239870340356564,0.06623376623376623,Re-scan
1096,False,28,table,28,table,True,0.7921110987663269,0.6589993238449097,0.5973740220069885,0.0616253018379211,0.000640332698822,False,0.6243922204213939,0.06619078520441272,Re-scan
1191,False,2,bed,2,bed,True,0.791964590549469,0.8717877864837646,0.7534289360046387,0.1183588504791259,0.0008478455129079,False,0.6247974068071313,0.06614785992217899,Re-scan
1714,False,3,bench,3,bench,True,0.7914417386054993,0.8418400287628174,0.5632091164588928,0.2786309123039245,0.002545007970184,False,0.6252025931928687,0.0661049902786779,Re-scan
623,False,22,radio,10,door,False,0.7912405133247375,0.842592716217041,0.6105612516403198,0.2320314645767212,0.0024613074492663,True,0.6256077795786061,0.0667098445595855,Re-scan
658,False,9,desk,9,desk,True,0.7912362813949585,0.9342352151870728,0.7340796589851379,0.2001555562019348,0.001534657087177,False,0.6260129659643436,0.06666666666666667,Re-scan
1758,False,18,night_stand,18,night_stand,True,0.7906584143638611,0.650094747543335,0.5466864705085754,0.1034082770347595,0.0015407836763188,False,0.626418152350081,0.0666235446313066,Re-scan
885,False,18,night_stand,18,night_stand,True,0.7904649972915649,0.813106894493103,0.6800222396850586,0.1330846548080444,0.0013520488282665,False,0.6268233387358185,0.06658047834518423,Re-scan
2201,False,28,table,28,table,True,0.7902600765228271,0.608910322189331,0.5440987944602966,0.0648115277290344,0.0009425901807844,False,0.6272285251215559,0.0665374677002584,Re-scan
1842,False,13,glass_box,11,dresser,False,0.7900777459144592,0.8791986703872681,0.7710440754890442,0.1081545948982238,0.0008111366187222,True,0.6276337115072933,0.0671400903808909,Re-scan
689,False,21,plant,21,plant,True,0.7897565960884094,0.6642025113105774,0.5927713513374329,0.0714311599731445,0.0006191309075802,False,0.6280388978930308,0.06709677419354838,Re-scan
2238,False,21,plant,21,plant,True,0.7893130779266357,0.6779893040657043,0.5076477527618408,0.1703415513038635,0.0026311993133276,False,0.6284440842787682,0.0670535138620245,Re-scan
1736,False,21,plant,21,plant,True,0.7891854643821716,0.6255042552947998,0.5820012092590332,0.0435030460357666,0.0004638183454517,False,0.6288492706645057,0.06701030927835051,Re-scan
69,True,5,bottle,32,vase,,0.7891402244567871,0.7462269067764282,0.6643902659416199,0.0818366408348083,0.0008141748839989,True,0.6292544570502431,0.06761107533805538,Re-scan
1475,False,11,dresser,11,dresser,True,0.7887819409370422,0.9017496705055236,0.8145486116409302,0.0872010588645935,0.0005102387513034,False,0.6296596434359806,0.06756756756756757,Re-scan
247,False,21,plant,21,plant,True,0.7886000871658325,0.7883826494216919,0.5776064991950989,0.210776150226593,0.002238672459498,False,0.630064829821718,0.06752411575562701,Re-scan
1044,False,21,plant,21,plant,True,0.7877393960952759,0.8162943124771118,0.7291663289070129,0.0871279835700988,0.0004996350617147,False,0.6304700162074555,0.06748071979434447,Re-scan
1220,False,0,airplane,0,airplane,True,0.7875285744667053,0.935177445411682,0.777341365814209,0.1578360795974731,0.0013952706940472,False,0.6308752025931929,0.0674373795761079,Re-scan
72,True,5,bottle,32,vase,,0.787440836429596,0.799688458442688,0.7069134712219238,0.0927749872207641,0.0007303328602574,True,0.6312803889789304,0.06803594351732992,Re-scan
35,False,20,piano,17,monitor,False,0.7872069478034973,0.861717164516449,0.7085496783256531,0.1531674861907959,0.001635932130739,True,0.6316855753646677,0.0686337395766517,Re-scan
944,False,11,dresser,11,dresser,True,0.7862622141838074,0.9848062992095948,0.893039345741272,0.0917669534683227,0.0004274998791515,False,0.6320907617504052,0.0685897435897436,Re-scan
1353,False,11,dresser,11,dresser,True,0.7857650518417358,0.798552393913269,0.7294197678565979,0.0691326260566711,0.000669635424856,False,0.6324959481361426,0.06854580397181294,Re-scan
258,False,11,dresser,11,dresser,True,0.7855158448219299,0.7519698143005371,0.6956651210784912,0.0563046932220459,0.0005161190056242,False,0.63290113452188,0.06850192061459667,Re-scan
65,True,5,bottle,32,vase,,0.7851393222808838,0.708311140537262,0.6423479914665222,0.0659631490707397,0.0008197861607186,True,0.6333063209076175,0.0690978886756238,Re-scan
1245,False,11,dresser,11,dresser,True,0.7841818928718567,0.736851692199707,0.6694057583808899,0.0674459338188171,0.0006295621278695,False,0.6337115072933549,0.06905370843989769,Re-scan
1164,False,24,sink,24,sink,True,0.784057080745697,0.8763214349746704,0.6768050193786621,0.1995164155960083,0.002075633732602,False,0.6341166936790924,0.06900958466453674,Re-scan
1636,False,27,stool,27,stool,True,0.7838034629821777,0.7790592312812805,0.6472532153129578,0.1318060159683227,0.0014499670360237,False,0.6345218800648298,0.06896551724137931,Re-scan
1109,False,23,range_hood,23,range_hood,True,0.7836427092552185,0.6036112308502197,0.5302625298500061,0.0733487010002136,0.0012273315805941,False,0.6349270664505673,0.06892150606253988,Re-scan
1154,False,8,curtain,8,curtain,True,0.7836415767669678,0.878171443939209,0.7793046236038208,0.0988668203353881,0.0005727834068238,False,0.6353322528363047,0.06887755102040816,Re-scan
1504,False,20,piano,20,piano,True,0.783399224281311,1.0314797163009644,0.8662296533584595,0.1652500629425048,0.0014765388332307,False,0.6357374392220422,0.06883365200764818,Re-scan
1228,False,11,dresser,11,dresser,True,0.7830788493156433,0.925622820854187,0.8642035722732544,0.0614192485809326,0.0003305591526441,False,0.6361426256077796,0.06878980891719745,Re-scan
2241,False,25,sofa,25,sofa,True,0.7822136878967285,0.8352420330047607,0.660490870475769,0.1747511625289917,0.0021061734296381,False,0.6365478119935171,0.06874602164226608,Re-scan
96,True,18,keyboard,8,curtain,,0.7816489934921265,0.6211718916893005,0.4868707358837127,0.1343011558055877,0.0021480086725205,True,0.6369529983792545,0.0693384223918575,Re-scan
272,False,1,bathtub,1,bathtub,True,0.7803066372871399,0.9966432452201844,0.8788882493972778,0.1177549958229065,0.0009984797798097,False,0.6373581847649918,0.06929434202161475,Re-scan
1566,False,7,cone,29,tent,False,0.7802475094795227,0.8797469139099121,0.6626896858215332,0.2170572280883789,0.0017986472230404,True,0.6377633711507293,0.0698856416772554,Re-scan
1858,False,23,range_hood,23,range_hood,True,0.7792449593544006,0.7781286835670471,0.6956141591072083,0.0825145244598388,0.0009525530040264,False,0.6381685575364667,0.06984126984126984,Re-scan
73,True,5,bottle,32,vase,,0.7784238457679749,0.8327681422233582,0.7534840106964111,0.079284131526947,0.0005476508522406,True,0.6385737439222042,0.07043147208121828,Re-scan
2044,False,29,tent,29,tent,True,0.7779361605644226,0.9494075775146484,0.4877389073371887,0.4616686701774597,0.0043284576386213,False,0.6389789303079416,0.07038681039949271,Re-scan
1443,False,22,radio,2,bed,False,0.7775853872299194,1.005814790725708,0.8451023101806641,0.1607124805450439,0.0012358266394585,True,0.6393841166936791,0.07097591888466413,Re-scan
1614,False,21,plant,21,plant,True,0.7774711847305298,0.8750598430633545,0.7159632444381714,0.1590965986251831,0.0015576642472296,False,0.6397893030794165,0.07093096896770108,Re-scan
136,False,17,monitor,17,monitor,True,0.7769010663032532,0.981825351715088,0.864786684513092,0.1170386672019958,0.0010172498878091,False,0.640194489465154,0.07088607594936709,Re-scan
579,False,17,monitor,17,monitor,True,0.7766385674476624,0.9940028190612792,0.8910555839538574,0.1029472351074218,0.000671217974741,False,0.6405996758508914,0.07084123972169513,Re-scan
565,False,4,bookshelf,4,bookshelf,True,0.776215136051178,0.8355491161346436,0.7454025745391846,0.0901465415954589,0.000844968133606,False,0.6410048622366289,0.07079646017699115,Re-scan
157,True,10,cup,32,vase,,0.775910496711731,0.6694582104682922,0.5883758664131165,0.0810823440551757,0.0009277259814552,True,0.6414100486223663,0.07138344914718889,Re-scan
1677,False,11,dresser,11,dresser,True,0.7750193476676941,0.8015329241752625,0.7466714382171631,0.0548614859580993,0.0003978867607656,False,0.6418152350081038,0.07133838383838384,Re-scan
245,False,12,flower_pot,21,plant,False,0.7747685313224792,0.5841398239135742,0.5523532629013062,0.031786561012268,0.0004590867902152,True,0.6422204213938412,0.07192429022082018,Re-scan
643,False,32,vase,32,vase,True,0.7747440934181213,0.6307028532028198,0.5946733355522156,0.0360295176506042,0.000405635946663,False,0.6426256077795786,0.07187894073139975,Re-scan
108,True,5,bottle,32,vase,,0.7747422456741333,0.9813560247421264,0.7616146206855774,0.219741404056549,0.0016484226798638,True,0.643030794165316,0.07246376811594203,Re-scan
1276,False,20,piano,20,piano,True,0.7745952010154724,1.002507209777832,0.8627631068229675,0.1397441029548645,0.0011805926915258,False,0.6434359805510534,0.07241813602015114,Re-scan
2053,False,1,bathtub,1,bathtub,True,0.7729984521865845,0.9410055875778198,0.7740270495414734,0.1669785380363464,0.0014896148350089,False,0.6438411669367909,0.0723725613593455,Re-scan
252,False,32,vase,32,vase,True,0.7723212838172913,0.8520876169204712,0.7575510144233704,0.0945366024971008,0.0006515595596283,False,0.6442463533225283,0.07232704402515723,Re-scan
2211,False,21,plant,21,plant,True,0.7719174027442932,0.5806647539138794,0.5405498147010803,0.040114939212799,0.0006917510763742,False,0.6446515397082658,0.07228158390949088,Re-scan
1857,False,11,dresser,11,dresser,True,0.7718478441238403,0.8177415728569031,0.717885434627533,0.0998561382293701,0.0009968609083443,False,0.6450567260940032,0.0722361809045226,Re-scan
2113,False,28,table,9,desk,False,0.7714121341705322,0.7418626546859741,0.6556800603866577,0.0861825942993164,0.0009381295531056,True,0.6454619124797407,0.07281858129315756,Re-scan
920,False,7,cone,7,cone,True,0.7713539600372314,0.6233585476875305,0.527981162071228,0.0953773856163024,0.0016647959128022,False,0.6458670988654781,0.07277289836888332,Re-scan
828,False,3,bench,31,tv_stand,False,0.7709541916847229,0.8261394500732422,0.727818489074707,0.0983209609985351,0.000725355639588,True,0.6462722852512156,0.07335423197492164,Re-scan
206,False,11,dresser,11,dresser,True,0.76982182264328,0.7606383562088013,0.6905322670936584,0.0701060891151428,0.0008062521228566,False,0.646677471636953,0.07330827067669173,Re-scan
1788,False,10,door,10,door,True,0.7695460915565491,0.6796211004257202,0.6078205704689026,0.0718005299568176,0.0007243858999572,False,0.6470826580226904,0.07326236693800876,Re-scan
1483,False,21,plant,21,plant,True,0.7695315480232239,0.5485888123512268,0.5101723670959473,0.0384164452552795,0.0007610091706737,False,0.6474878444084279,0.07321652065081352,Re-scan
314,False,11,dresser,11,dresser,True,0.7690919637680054,0.8060449361801147,0.7473812699317932,0.0586636662483215,0.0006455167895182,False,0.6478930307941653,0.07317073170731707,Re-scan
1727,False,24,sink,24,sink,True,0.7677189111709595,0.7632642984390259,0.6306347250938416,0.1326295733451843,0.0017058461671695,False,0.6482982171799028,0.073125,Re-scan
1764,False,15,lamp,21,plant,False,0.7670590877532959,0.7149860858917236,0.6565550565719604,0.0584310293197631,0.0005545816384255,True,0.6487034035656402,0.07370393504059962,Re-scan
732,False,33,wardrobe,33,wardrobe,True,0.7670349478721619,0.9404547810554504,0.8446487784385681,0.0958060026168823,0.0007251107017509,False,0.6491085899513777,0.07365792759051186,Re-scan
329,False,28,table,28,table,True,0.7666388154029846,0.6888400316238403,0.5700564980506897,0.1187835335731506,0.0017734003486111,False,0.649513776337115,0.07361197754210855,Re-scan
765,False,15,lamp,24,sink,False,0.7665298581123352,0.9644966721534728,0.8147622346878052,0.1497344374656677,0.0012874761596322,True,0.6499189627228525,0.07418952618453865,Re-scan
1267,False,31,tv_stand,11,dresser,False,0.7661278247833252,0.954086184501648,0.8472098708152771,0.1068763136863708,0.0008070681942626,True,0.6503241491085899,0.07476635514018691,Re-scan
1226,False,11,dresser,11,dresser,True,0.7660150527954102,0.7894282341003418,0.728605329990387,0.0608229041099548,0.0005832972819916,False,0.6507293354943274,0.074719800747198,Re-scan
125,True,5,bottle,32,vase,,0.7658188939094543,0.8691847920417786,0.7687552571296692,0.1004295349121093,0.0009086179779842,True,0.6511345218800648,0.07529558182949596,Re-scan
113,True,5,bottle,32,vase,,0.7652664184570312,0.8217864632606506,0.7462438941001892,0.0755425691604614,0.0006344060529954,True,0.6515397082658023,0.07587064676616916,Re-scan
935,False,18,night_stand,18,night_stand,True,0.7651016712188721,0.8994715809822083,0.840964674949646,0.0585069060325622,0.0003791993658524,False,0.6519448946515397,0.07582349285270354,Re-scan
276,False,32,vase,32,vase,True,0.7635841965675354,1.0828216075897217,0.9886655211448668,0.0941560864448547,0.0005568237975239,False,0.6523500810372771,0.07577639751552795,Re-scan
659,False,10,door,8,curtain,False,0.7634099125862122,0.7780998945236206,0.6682370901107788,0.1098628044128418,0.0009566289954818,True,0.6527552674230146,0.07635009310986965,Re-scan
932,False,12,flower_pot,21,plant,False,0.7632538080215454,0.8510719537734985,0.76539146900177,0.0856804847717285,0.0006329842144623,True,0.653160453808752,0.07692307692307693,Re-scan
734,False,13,glass_box,11,dresser,False,0.7626805305480957,0.7113664150238037,0.6592140793800354,0.0521523356437683,0.0007002084166742,True,0.6535656401944895,0.07749535027898326,Re-scan
108,False,33,wardrobe,33,wardrobe,True,0.7625637650489807,0.9905946850776672,0.8882976770401001,0.1022970080375671,0.0007690106867812,False,0.6539708265802269,0.07744733581164807,Re-scan
7,True,5,bottle,32,vase,,0.7622833847999573,0.888219952583313,0.8097584843635559,0.078461468219757,0.0005691939732059,True,0.6543760129659644,0.07801857585139318,Re-scan
75,True,5,bottle,32,vase,,0.7621234059333801,0.8762789368629456,0.7664722800254822,0.1098066568374633,0.0009598428732715,True,0.6547811993517018,0.07858910891089109,Re-scan
1095,False,20,piano,20,piano,True,0.7616342306137085,0.8242210149765015,0.6302208304405212,0.1940001845359802,0.0025976439937949,False,0.6551863857374393,0.07854050711193568,Re-scan
1703,False,32,vase,32,vase,True,0.7614171504974365,0.692419171333313,0.6410727500915527,0.0513464212417602,0.0005673078703694,False,0.6555915721231766,0.07849196538936959,Re-scan
208,False,14,guitar,14,guitar,True,0.7613793015480042,0.9572147130966188,0.730873167514801,0.2263415455818176,0.0020397056359797,False,0.6559967585089141,0.07844348363187152,Re-scan
2248,False,23,range_hood,23,range_hood,True,0.7606841325759888,0.7172163724899292,0.5655984282493591,0.15161794424057,0.0022954631131142,False,0.6564019448946515,0.07839506172839507,Re-scan
1523,False,31,tv_stand,31,tv_stand,True,0.7601435780525208,0.932915210723877,0.7643446326255798,0.1685705780982971,0.0015112909022718,False,0.656807131280389,0.0783466995681678,Re-scan
115,True,5,bottle,32,vase,,0.7596286535263062,0.8165767788887024,0.7532539963722229,0.0633227825164794,0.0005778713384643,True,0.6572123176661264,0.07891491985203453,Re-scan
6,True,18,keyboard,10,door,,0.7592931985855103,0.6143990755081177,0.5291529893875122,0.0852460861206054,0.0015865246532484,True,0.6576175040518638,0.07948243992606285,Re-scan
618,False,25,sofa,25,sofa,True,0.7585049867630005,0.6141103506088257,0.4567578136920929,0.1573525369167328,0.0031696970108896,False,0.6580226904376013,0.07943349753694581,Re-scan
1389,False,21,plant,26,stairs,False,0.7573687434196472,0.8366259932518005,0.6254610419273376,0.2111649513244629,0.0027130472008138,True,0.6584278768233387,0.08,Re-scan
2116,False,21,plant,21,plant,True,0.757317841053009,1.016990065574646,0.7692448496818542,0.2477452158927917,0.0022928502876311,False,0.6588330632090762,0.07995079950799508,Re-scan
274,False,20,piano,20,piano,True,0.7566602230072021,1.1518428325653076,1.0364751815795898,0.1153676509857177,0.0008869764860719,False,0.6592382495948136,0.07990165949600492,Re-scan
2226,False,18,night_stand,18,night_stand,True,0.7552706003189087,0.7891253232955933,0.6999157667160034,0.0892095565795898,0.0010826799552887,False,0.6596434359805511,0.07985257985257985,Re-scan
1577,False,28,table,28,table,True,0.7548404932022095,0.641904354095459,0.5571692585945129,0.084735095500946,0.0014693449484184,False,0.6600486223662885,0.0798035604665439,Re-scan
2048,False,20,piano,20,piano,True,0.7548224925994873,1.0142176151275637,0.8184605836868286,0.1957570314407348,0.002008609008044,False,0.660453808752026,0.07975460122699386,Re-scan
2186,False,12,flower_pot,32,vase,False,0.7547756433486938,0.5970368385314941,0.5418097376823425,0.0552271008491516,0.0011148995254188,True,0.6608589951377634,0.08031882280809319,Re-scan
757,False,11,dresser,11,dresser,True,0.7544906139373779,0.9576855897903442,0.8471996784210205,0.1104859113693237,0.0007342264871113,False,0.6612641815235009,0.08026960784313726,Re-scan
35,True,5,bottle,32,vase,,0.7541618943214417,0.9095672965049744,0.8536165952682495,0.0559507012367248,0.0003280245291534,True,0.6616693679092382,0.08083282302510716,Re-scan
2175,False,21,plant,21,plant,True,0.7539913654327393,0.9548567533493042,0.8405377268791199,0.1143190264701843,0.0009545641369186,False,0.6620745542949756,0.08078335373317014,Re-scan
1545,False,1,bathtub,1,bathtub,True,0.7537233233451843,0.7008535861968994,0.5236203074455261,0.1772332787513733,0.0033745465334504,False,0.6624797406807131,0.08073394495412844,Re-scan
40,True,5,bottle,32,vase,,0.7529703378677368,0.9784352779388428,0.898460865020752,0.0799744129180908,0.0003490198869258,True,0.6628849270664505,0.0812958435207824,Re-scan
1013,False,9,desk,28,table,False,0.7528798580169678,0.6399281024932861,0.5613223314285278,0.0786057710647583,0.0013501786161214,True,0.663290113452188,0.08185705558949298,Re-scan
685,False,25,sofa,25,sofa,True,0.7526664137840271,0.7241289615631104,0.5985462665557861,0.1255826950073242,0.0018992323894053,False,0.6636952998379254,0.08180708180708181,Re-scan
285,False,18,night_stand,18,night_stand,True,0.7526262402534485,1.072337985038757,0.881358802318573,0.1909791827201843,0.0017016727942973,False,0.6641004862236629,0.08175716900549115,Re-scan
2000,False,23,range_hood,21,plant,False,0.7525638937950134,1.084991455078125,0.8958843350410461,0.1891071200370788,0.0014889328740537,True,0.6645056726094003,0.08231707317073171,Re-scan
253,False,20,piano,20,piano,True,0.7518911361694336,0.9205043315887452,0.7668705582618713,0.1536337733268737,0.0017652903916314,False,0.6649108589951378,0.08226691042047532,Re-scan
1021,False,18,night_stand,31,tv_stand,False,0.751640260219574,0.7793939113616943,0.687742292881012,0.0916516184806823,0.0010077374754473,True,0.6653160453808752,0.0828258221680877,Re-scan
1442,False,20,piano,20,piano,True,0.7512842416763306,0.8799539804458618,0.6268408894538879,0.2531130909919739,0.0035281567834317,False,0.6657212317666127,0.08277541083384053,Re-scan
1344,False,31,tv_stand,31,tv_stand,True,0.7512174844741821,0.65349942445755,0.5763593912124634,0.0771400332450866,0.0012623697984963,False,0.6661264181523501,0.0827250608272506,Re-scan
535,False,31,tv_stand,31,tv_stand,True,0.7508236765861511,1.0594209432601929,0.8731952905654907,0.1862256526947021,0.001408243086189,False,0.6665316045380876,0.08267477203647416,Re-scan
1796,False,31,tv_stand,31,tv_stand,True,0.7507519125938416,0.7801986932754517,0.5918973088264465,0.1883013844490051,0.0026247275527566,False,0.666936790923825,0.08262454434993925,Re-scan
405,False,21,plant,21,plant,True,0.7497401833534241,0.6519386768341064,0.6174269318580627,0.0345117449760437,0.0004772743559442,False,0.6673419773095624,0.08257437765634487,Re-scan
1527,False,21,plant,21,plant,True,0.74786776304245,0.614825963973999,0.5532798767089844,0.0615460872650146,0.001152895973064,False,0.6677471636952999,0.0825242718446602,Re-scan
417,False,18,night_stand,18,night_stand,True,0.747509777545929,0.8414480686187744,0.69647216796875,0.1449759006500244,0.0018990044482052,False,0.6681523500810372,0.08247422680412371,Re-scan
1901,False,21,plant,21,plant,True,0.7466480135917664,0.9273651838302612,0.7994781136512756,0.1278870701789856,0.0012109584640711,False,0.6685575364667747,0.08242424242424243,Re-scan
1012,False,15,lamp,31,tv_stand,False,0.7465477585792542,1.0981690883636477,1.003791093826294,0.0943779945373535,0.0006124019855633,True,0.6689627228525121,0.08298001211387038,Re-scan
501,False,21,plant,21,plant,True,0.7462965846061707,1.01663076877594,0.8099293112754822,0.2067014575004577,0.0016540882643312,False,0.6693679092382496,0.08292978208232446,Re-scan
1739,False,21,plant,21,plant,True,0.7459016442298889,0.9431524872779846,0.788540244102478,0.1546122431755066,0.0016235192306339,False,0.669773095623987,0.08287961282516637,Re-scan
142,True,18,keyboard,8,curtain,,0.7454334497451782,0.9708718061447144,0.7813165187835693,0.189555287361145,0.0017868801951408,True,0.6701782820097245,0.08343409915356712,Re-scan
37,True,5,bottle,32,vase,,0.745316207408905,0.8601612448692322,0.7631641626358032,0.0969970822334289,0.0011489178286865,True,0.6705834683954619,0.08398791540785498,Re-scan
79,True,5,bottle,32,vase,,0.7450354695320129,0.9034112095832824,0.8235512971878052,0.0798599123954773,0.0007101199007593,True,0.6709886547811994,0.08454106280193237,Re-scan
237,False,11,dresser,11,dresser,True,0.7448828220367432,0.8306620717048645,0.7719957232475281,0.0586663484573364,0.0006207600235939,False,0.6713938411669368,0.08449004224502112,Re-scan
2109,False,21,plant,21,plant,True,0.7446391582489014,0.753910481929779,0.6648972034454346,0.0890132784843444,0.0008528213365934,False,0.6717990275526742,0.08443908323281062,Re-scan
51,False,28,table,28,table,True,0.7437307238578796,0.9542351961135864,0.8472689986228943,0.1069661974906921,0.0008460842072963,False,0.6722042139384117,0.08438818565400844,Re-scan
1741,False,34,xbox,34,xbox,True,0.7434945702552795,1.0945446491241455,0.8467118740081787,0.2478327751159668,0.0020253502298146,False,0.6726094003241491,0.08433734939759036,Re-scan
1802,False,21,plant,21,plant,True,0.7434177398681641,0.7007741928100586,0.6367293000221252,0.0640448927879333,0.0007229760522022,False,0.6730145867098866,0.08428657435279951,Re-scan
1217,False,20,piano,20,piano,True,0.7431085109710693,1.078077793121338,0.9274691343307496,0.1506086587905883,0.0016148823779076,False,0.673419773095624,0.0842358604091456,Re-scan
1911,False,4,bookshelf,4,bookshelf,True,0.7424052357673645,0.919324517250061,0.6604541540145874,0.2588703632354736,0.0031505946535617,False,0.6738249594813615,0.0841852074564041,Re-scan
26,True,5,bottle,32,vase,,0.7423847317695618,0.8911371827125549,0.7981562614440918,0.0929809212684631,0.0009454161045141,True,0.6742301458670988,0.08473557692307693,Re-scan
359,False,9,desk,9,desk,True,0.7421996593475342,1.0658485889434814,0.9380788803100586,0.1277697086334228,0.0009579579927958,False,0.6746353322528363,0.08468468468468468,Re-scan
175,True,5,bottle,32,vase,,0.7420558333396912,0.9410861730575562,0.842014491558075,0.0990716814994812,0.000855044578202,True,0.6750405186385737,0.08523409363745499,Re-scan
1463,False,31,tv_stand,31,tv_stand,True,0.7405266165733337,1.0066202878952026,0.8459187150001526,0.16070157289505,0.0012108598602935,False,0.6754457050243112,0.08518296340731854,Re-scan
1952,False,23,range_hood,23,range_hood,True,0.739298939704895,1.1392252445220947,1.0058754682540894,0.1333497762680053,0.0008438702207058,False,0.6758508914100486,0.08513189448441247,Re-scan
111,True,18,keyboard,8,curtain,,0.7392770648002625,0.7451596260070801,0.590118944644928,0.1550406813621521,0.0018584509380161,True,0.6762560777957861,0.08568004793289395,Re-scan
1052,False,4,bookshelf,4,bookshelf,True,0.7391833662986755,0.6471613645553589,0.5866196155548096,0.0605417490005493,0.0011606056941673,False,0.6766612641815235,0.08562874251497006,Re-scan
2157,False,33,wardrobe,33,wardrobe,True,0.7389395236968994,1.049235463142395,0.9511549472808838,0.0980805158615112,0.0007967638084664,False,0.6770664505672609,0.08557749850388989,Re-scan
203,False,22,radio,34,xbox,False,0.738508939743042,0.8936387896537781,0.8081257343292236,0.0855130553245544,0.001021381933242,True,0.6774716369529984,0.0861244019138756,Re-scan
2060,False,20,piano,20,piano,True,0.7384939789772034,1.100959300994873,0.9774086475372314,0.1235506534576416,0.0010421387851238,False,0.6778768233387358,0.08607292289300658,Re-scan
25,False,21,plant,21,plant,True,0.7376086115837097,1.1014190912246704,0.8631749749183655,0.2382441163063049,0.0015443147858604,False,0.6782820097244733,0.08602150537634409,Re-scan
1661,False,4,bookshelf,4,bookshelf,True,0.7374261021614075,1.0417883396148682,0.8846124410629272,0.1571758985519409,0.0018049725331366,False,0.6786871961102107,0.08597014925373134,Re-scan
15,True,5,bottle,32,vase,,0.737053632736206,0.923249900341034,0.8381869196891785,0.0850629806518554,0.0006531436811201,True,0.6790923824959482,0.08651551312649165,Re-scan
596,False,13,glass_box,13,glass_box,True,0.7370080947875977,1.0353083610534668,0.954939067363739,0.0803692936897277,0.0005494158831425,False,0.6794975688816856,0.086463923673226,Re-scan
1063,False,21,plant,21,plant,True,0.7369775772094727,0.7683699131011963,0.7111914157867432,0.0571784973144531,0.0006523651536554,False,0.679902755267423,0.0864123957091776,Re-scan
1935,False,8,curtain,8,curtain,True,0.7366745471954346,0.9402363300323486,0.7648706436157227,0.1753656864166259,0.0015001809224486,False,0.6803079416531604,0.08636092912447886,Re-scan
2252,False,17,monitor,17,monitor,True,0.7357299327850342,0.92215096950531,0.7783905267715454,0.1437604427337646,0.0017548202304169,False,0.6807131280388979,0.08630952380952381,Re-scan
92,False,9,desk,9,desk,True,0.7352123260498047,0.9464192390441896,0.7212352752685547,0.2251839637756347,0.0024618017487227,False,0.6811183144246353,0.08625817965496728,Re-scan
29,True,10,cup,27,stool,,0.7350479364395142,1.0213124752044678,0.8885858654975891,0.1327266097068786,0.0009895784314721,True,0.6815235008103727,0.08680142687277051,Re-scan
1409,False,11,dresser,11,dresser,True,0.7335818409919739,0.9541321396827698,0.8804365396499634,0.0736956000328064,0.0006406155298464,False,0.6819286871961102,0.08674985145573381,Re-scan
673,False,34,xbox,34,xbox,True,0.7333516478538513,0.881294846534729,0.7887117266654968,0.0925831198692321,0.0009731316240504,False,0.6823338735818476,0.08669833729216152,Re-scan
52,True,5,bottle,32,vase,,0.731827437877655,0.9350537061691284,0.8570506572723389,0.0780030488967895,0.0005837463540956,True,0.6827390599675851,0.08724035608308606,Re-scan
59,False,33,wardrobe,34,xbox,False,0.7315738797187805,0.834963858127594,0.7113800048828125,0.1235838532447815,0.0018744115950539,True,0.6831442463533225,0.08778173190984578,Re-scan
119,True,18,keyboard,8,curtain,,0.7307177782058716,0.9817118048667908,0.7723982930183411,0.2093135118484497,0.0019897888414561,True,0.68354943273906,0.08832246591582692,Re-scan
2225,False,12,flower_pot,21,plant,False,0.7304078936576843,0.8806273341178894,0.7848380208015442,0.0957893133163452,0.0007159377564676,True,0.6839546191247974,0.08886255924170616,Re-scan
1567,False,28,table,28,table,True,0.7294409871101379,0.684228777885437,0.6123587489128113,0.0718700289726257,0.0012558526359498,False,0.6843598055105349,0.08880994671403197,Re-scan
1575,False,20,piano,20,piano,True,0.7293302416801453,1.197886943817139,0.8309682607650757,0.366918683052063,0.0030808814335614,False,0.6847649918962723,0.08875739644970414,Re-scan
2035,False,4,bookshelf,4,bookshelf,True,0.7289854884147644,0.8745527267456055,0.793952226638794,0.0806005001068115,0.0009325594874098,False,0.6851701782820098,0.08870490833826139,Re-scan
42,True,18,keyboard,8,curtain,,0.7279815673828125,0.7101737856864929,0.5745664834976196,0.1356073021888733,0.0021956784185022,True,0.6855753646677472,0.08924349881796691,Re-scan
525,False,31,tv_stand,31,tv_stand,True,0.727702260017395,1.1656763553619385,1.002456545829773,0.1632198095321655,0.0011902856640517,False,0.6859805510534847,0.08919078558771412,Re-scan
1439,False,11,dresser,11,dresser,True,0.7276319265365601,0.8069876432418823,0.7505077719688416,0.0564798712730407,0.0005578754353336,False,0.686385737439222,0.08913813459268005,Re-scan
463,False,21,plant,21,plant,True,0.7273821830749512,0.660043478012085,0.6114006638526917,0.0486428141593933,0.0008486633887514,False,0.6867909238249594,0.08908554572271386,Re-scan
1337,False,21,plant,21,plant,True,0.727149486541748,0.7105656862258911,0.6331384181976318,0.0774272680282592,0.0011855505872517,False,0.6871961102106969,0.08903301886792453,Re-scan
2084,False,25,sofa,25,sofa,True,0.7266713976860046,0.7103458642959595,0.5983558297157288,0.1119900345802307,0.0020144579466432,False,0.6876012965964343,0.08898055391868002,Re-scan
1767,False,28,table,28,table,True,0.7263233065605164,0.704196572303772,0.6000108122825623,0.1041857600212097,0.0018419368425384,False,0.6880064829821718,0.08892815076560659,Re-scan
246,False,4,bookshelf,10,door,False,0.7260766625404358,0.7044565081596375,0.668138861656189,0.0363176465034484,0.0005410628509707,True,0.6884116693679092,0.0894643908181283,Re-scan
1330,False,6,chair,6,chair,True,0.7256858348846436,0.9078757762908936,0.5958220362663269,0.3120537400245666,0.0045946724712848,False,0.6888168557536467,0.08941176470588236,Re-scan
1940,False,9,desk,9,desk,True,0.7253282070159912,0.8017318844795227,0.6834290623664856,0.1183028221130371,0.0018849020125344,False,0.6892220421393841,0.08935920047031158,Re-scan
823,False,11,dresser,11,dresser,True,0.7247911691665649,0.8505731821060181,0.7971439361572266,0.0534292459487915,0.0006103650084696,False,0.6896272285251216,0.08930669800235018,Re-scan
1855,False,23,range_hood,23,range_hood,True,0.7234755754470825,0.6314548254013062,0.5921021103858948,0.0393527150154113,0.0007878899341449,False,0.690032414910859,0.0892542571931885,Re-scan
1209,False,14,guitar,14,guitar,True,0.7229790687561035,0.9230432510375975,0.7465028166770935,0.1765404343605041,0.0022864993661642,False,0.6904376012965965,0.0892018779342723,Re-scan
1398,False,21,plant,21,plant,True,0.7228267788887024,0.9654544591903688,0.7302312254905701,0.2352232336997985,0.0029325592331588,False,0.6908427876823339,0.08914956011730206,Re-scan
157,False,21,plant,21,plant,True,0.7212321162223816,1.056204319000244,0.8026148676872253,0.2535894513130188,0.0020012494642287,False,0.6912479740680713,0.08909730363423213,Re-scan
1413,False,25,sofa,25,sofa,True,0.7208975553512573,0.686754584312439,0.5180713534355164,0.1686832308769226,0.003514367621392,False,0.6916531604538088,0.08904510837727006,Re-scan
126,True,10,cup,32,vase,,0.7199923396110535,0.8787258267402649,0.809158980846405,0.0695668458938598,0.0005008448497392,True,0.6920583468395461,0.0895784543325527,Re-scan
161,True,5,bottle,32,vase,,0.7196678519248962,0.9500539898872375,0.8288424611091614,0.1212115287780761,0.0012793641071766,True,0.6924635332252836,0.0901111761263897,Re-scan
256,False,23,range_hood,23,range_hood,True,0.7188686728477478,0.98446524143219,0.8214929103851318,0.1629723310470581,0.0017049650195986,False,0.692868719611021,0.09005847953216374,Re-scan
118,False,21,plant,21,plant,True,0.7183748483657837,0.9344587326049804,0.8142621517181396,0.1201965808868408,0.0014111584750935,False,0.6932739059967585,0.09000584453535944,Re-scan
1892,False,9,desk,9,desk,True,0.7175013422966003,1.19780433177948,0.8808863162994385,0.3169180154800415,0.0030581450555473,False,0.6936790923824959,0.08995327102803738,Re-scan
1017,False,11,dresser,11,dresser,True,0.7173956036567688,1.0826067924499512,0.9961682558059692,0.0864385366439819,0.0006755721406079,False,0.6940842787682334,0.08990075890251022,Re-scan
1907,False,31,tv_stand,31,tv_stand,True,0.7170363664627075,1.1694425344467163,0.9786542057991028,0.1907883286476135,0.0014403074746951,False,0.6944894651539708,0.08984830805134189,Re-scan
1687,False,24,sink,24,sink,True,0.7169210910797119,1.3037474155426023,1.1329264640808103,0.170820951461792,0.0009710870799608,False,0.6948946515397083,0.08979591836734693,Re-scan
1474,False,16,mantel,4,bookshelf,False,0.716536283493042,1.1051852703094482,0.9810210466384888,0.1241642236709594,0.0010263258591294,True,0.6952998379254457,0.09032634032634032,Re-scan
1425,False,3,bench,3,bench,True,0.7165042757987976,1.1050362586975098,0.8762875199317932,0.2287487387657165,0.0022301897406578,False,0.6957050243111832,0.09027373325567851,Re-scan
167,False,4,bookshelf,4,bookshelf,True,0.7165039777755737,1.196346402168274,0.9551638960838318,0.2411825060844421,0.0023076175712049,False,0.6961102106969206,0.09022118742724097,Re-scan
408,False,26,stairs,26,stairs,True,0.7163615226745605,1.0194674730300903,0.8491606712341309,0.1703068017959594,0.0018353998893871,False,0.696515397082658,0.09016870273414776,Re-scan
2112,False,23,range_hood,23,range_hood,True,0.7163019776344299,0.8826357126235962,0.7008031606674194,0.1818325519561767,0.0023597930558025,False,0.6969205834683955,0.09011627906976744,Re-scan
2141,False,11,dresser,18,night_stand,False,0.7154026031494141,0.9213410019874572,0.7939397692680359,0.1274012327194214,0.0015193331055343,True,0.6973257698541329,0.0906449738524114,Re-scan
409,False,14,guitar,14,guitar,True,0.714525043964386,0.922776460647583,0.7580514550209045,0.1647250056266784,0.0020202407613396,False,0.6977309562398704,0.09059233449477352,Re-scan
1664,False,3,bench,9,desk,False,0.7142149209976196,1.172909379005432,1.0269256830215454,0.1459836959838867,0.0011836745543405,True,0.6981361426256077,0.09112013929193268,Re-scan
150,True,5,bottle,32,vase,,0.7138271927833557,0.958440601825714,0.8780685067176819,0.0803720951080322,0.0007187711307778,True,0.6985413290113452,0.09164733178654293,Re-scan
1158,False,30,toilet,30,toilet,True,0.7136951088905334,0.9530712962150574,0.7047088742256165,0.2483624219894409,0.002871386706829,False,0.6989465153970826,0.09159420289855072,Re-scan
1146,False,4,bookshelf,31,tv_stand,False,0.713632345199585,0.8057487607002258,0.6795188188552856,0.1262299418449401,0.0018023519078269,True,0.6993517017828201,0.0921205098493627,Re-scan
1477,False,8,curtain,8,curtain,True,0.7126453518867493,0.8970867395401001,0.7142215371131897,0.1828652024269104,0.0021485947072505,False,0.6997568881685575,0.09206716850028952,Re-scan
1402,False,18,night_stand,24,sink,False,0.7125941514968872,1.2555112838745115,1.095397710800171,0.1601135730743408,0.0012123546330258,True,0.700162074554295,0.09259259259259259,Re-scan
1775,False,31,tv_stand,31,tv_stand,True,0.712475597858429,1.061880111694336,0.7154184579849243,0.3464616537094116,0.0036596280988305,False,0.7005672609400324,0.09253903990746096,Re-scan
1057,False,22,radio,8,curtain,False,0.7114710807800293,0.9635068774223328,0.7816727757453918,0.1818341016769409,0.0020241411402821,True,0.7009724473257699,0.0930635838150289,Re-scan
608,False,7,cone,7,cone,True,0.711410403251648,0.9036296010017396,0.7594881057739258,0.1441414952278137,0.0018701083026826,False,0.7013776337115073,0.09300982091276719,Re-scan
602,False,20,piano,25,sofa,False,0.7112195491790771,0.7735196948051453,0.6291512846946716,0.1443684101104736,0.0030213871505111,True,0.7017828200972447,0.09353348729792148,Re-scan
2199,False,18,night_stand,11,dresser,False,0.7107815146446228,0.933032214641571,0.8677804470062256,0.0652517676353454,0.0007444187067449,True,0.7021880064829822,0.09405654933641085,Re-scan
583,False,23,range_hood,16,mantel,False,0.7102138996124268,0.6565616130828857,0.5732966661453247,0.083264946937561,0.0018265036633238,True,0.7025931928687196,0.09457900807381776,Re-scan
130,True,5,bottle,32,vase,,0.7098251581192017,0.9586976766586304,0.8041733503341675,0.1545243263244629,0.0019253947539255,True,0.7029983792544571,0.09510086455331412,Re-scan
1617,False,6,chair,6,chair,True,0.709726870059967,1.2168704271316528,0.7828350067138672,0.4340354204177856,0.0034883432090282,False,0.7034035656401945,0.09504608294930876,Re-scan
1932,False,18,night_stand,18,night_stand,True,0.7096495032310486,1.093235731124878,1.0161288976669312,0.0771068334579467,0.0006792722269892,False,0.703808752025932,0.09499136442141623,Re-scan
1502,False,9,desk,28,table,False,0.7091838717460632,0.9510731101036072,0.754708468914032,0.1963646411895752,0.0021506850607693,True,0.7042139384116693,0.09551208285385501,Re-scan
66,True,5,bottle,32,vase,,0.7085909843444824,0.998956024646759,0.8844941258430481,0.1144618988037109,0.0012649144046008,True,0.7046191247974068,0.09603220241518114,Re-scan
98,True,6,bowl,29,tent,,0.7081931829452515,0.8175933361053467,0.5131796598434448,0.3044136762619018,0.0049266964197158,True,0.7050243111831442,0.09655172413793103,Re-scan
491,False,11,dresser,31,tv_stand,False,0.7081888914108276,1.3537617921829224,1.2054170370101929,0.1483447551727295,0.000818622414954,True,0.7054294975688817,0.09707064905226881,Re-scan
1944,False,20,piano,20,piano,True,0.7079561352729797,0.9886135458946228,0.8218768835067749,0.1667366623878479,0.0022604493424296,False,0.7058346839546191,0.09701492537313433,Re-scan
2108,False,17,monitor,17,monitor,True,0.7076376080513,1.1543687582015991,0.9403062462806702,0.2140625119209289,0.0020473625045269,False,0.7062398703403565,0.09695926563396443,Re-scan
612,False,1,bathtub,2,bed,False,0.7066084742546082,1.2356761693954468,1.0049103498458862,0.2307658195495605,0.0022088780533522,True,0.706645056726094,0.09747706422018348,Re-scan
846,False,31,tv_stand,18,night_stand,False,0.703693687915802,1.060818791389465,0.8529172539710999,0.2079015374183654,0.0018704805988818,True,0.7070502431118314,0.09799426934097422,Re-scan
893,False,23,range_hood,16,mantel,False,0.7026565670967102,1.002375841140747,0.7995583415031433,0.2028174996376037,0.0024486242327839,True,0.7074554294975689,0.09851088201603665,Re-scan
393,False,2,bed,2,bed,True,0.7026113271713257,1.238290309906006,1.0555942058563232,0.1826961040496826,0.0015428336337208,False,0.7078606158833063,0.09845449341728678,Re-scan
852,False,18,night_stand,18,night_stand,True,0.7009701132774353,1.0363976955413818,0.9330357313156128,0.103361964225769,0.0008868591394275,False,0.7082658022690438,0.09839816933638444,Re-scan
202,False,13,glass_box,13,glass_box,True,0.7009570002555847,1.100813865661621,0.9914631843566896,0.1093506813049316,0.0009575893636792,False,0.7086709886547812,0.09834190966266437,Re-scan
1746,False,6,chair,6,chair,True,0.7005892395973206,0.9938608407974244,0.8189589381217957,0.1749019026756286,0.0021911410149186,False,0.7090761750405187,0.09828571428571428,Re-scan
94,True,20,laptop,2,bed,,0.7001053094863892,1.135946273803711,0.7006435990333557,0.4353026747703552,0.0051285275258123,True,0.7094813614262561,0.09880068532267276,Re-scan
1696,False,23,range_hood,23,range_hood,True,0.6998225450515747,0.9237567186355592,0.780465841293335,0.1432908773422241,0.0023655905388295,False,0.7098865478119936,0.09874429223744292,Re-scan
265,False,2,bed,2,bed,True,0.6994134187698364,1.153133749961853,0.8826495409011841,0.2704842090606689,0.0031173645984381,False,0.710291734197731,0.09868796349115802,Re-scan
61,True,18,keyboard,8,curtain,,0.6993612051010132,1.0504554510116575,0.837311327457428,0.2131441235542297,0.0023403221275657,True,0.7106969205834684,0.09920182440136831,Re-scan
833,False,32,vase,32,vase,True,0.6988590955734253,0.7461161613464355,0.7002585530281067,0.0458576083183288,0.0007006407249718,False,0.7111021069692058,0.09914529914529914,Re-scan
18,False,18,night_stand,18,night_stand,True,0.6986589431762695,1.199150562286377,0.9680925011634828,0.2310580611228943,0.002061486011371,False,0.7115072933549432,0.09908883826879271,Re-scan
1965,False,12,flower_pot,32,vase,False,0.6984809041023254,1.1075186729431152,0.9889540672302246,0.1185646057128906,0.0009198698680847,True,0.7119124797406807,0.099601593625498,Re-scan
1027,False,21,plant,21,plant,True,0.6973191499710083,0.8228510022163391,0.6293728351593018,0.1934781670570373,0.003192460630089,False,0.7123176661264181,0.09954493742889647,Re-scan
1501,False,13,glass_box,8,curtain,False,0.6966192722320557,0.8396929502487183,0.6457226276397705,0.1939703226089477,0.0031334983650594,True,0.7127228525121556,0.10005685048322911,Re-scan
1698,False,31,tv_stand,31,tv_stand,True,0.6965157985687256,1.2240872383117676,1.079248309135437,0.1448389291763305,0.000943754101172,False,0.713128038897893,0.1,Re-scan
720,False,18,night_stand,18,night_stand,True,0.6961301565170288,0.8048309087753296,0.7264723181724548,0.0783585906028747,0.0011466064024716,False,0.7135332252836305,0.09994321408290743,Re-scan
1572,False,31,tv_stand,31,tv_stand,True,0.6957752108573914,0.8646503686904907,0.7886018753051758,0.0760484933853149,0.0008768234984017,False,0.7139384116693679,0.09988649262202043,Re-scan
1268,False,4,bookshelf,4,bookshelf,True,0.6952270865440369,1.3088433742523191,1.0142700672149658,0.2945733070373535,0.0023034994956105,False,0.7143435980551054,0.09982983550765741,Re-scan
1460,False,32,vase,32,vase,True,0.6944850087165833,1.1710805892944336,1.0824953317642212,0.0885852575302124,0.0005957187386229,False,0.7147487844408428,0.09977324263038549,Re-scan
1097,False,18,night_stand,11,dresser,False,0.6944575309753418,1.087820529937744,1.0168415307998655,0.0709789991378784,0.0007023157086223,True,0.7151539708265803,0.10028328611898017,Re-scan
785,False,26,stairs,20,piano,False,0.694437563419342,1.1676619052886963,0.866622269153595,0.3010396361351013,0.0029833430889993,True,0.7155591572123177,0.10079275198187995,Re-scan
2124,False,23,range_hood,23,range_hood,True,0.6941148638725281,0.6724177598953247,0.6187992691993713,0.0536184906959533,0.0011383392848074,False,0.715964343598055,0.1007357102433503,Re-scan
156,True,5,bottle,32,vase,,0.6940540671348572,1.0200198888778689,0.9190652966499328,0.1009545922279357,0.0010032036807388,True,0.7163695299837926,0.10124434389140272,Re-scan
900,False,11,dresser,11,dresser,True,0.6937327980995178,1.065561294555664,0.991773247718811,0.073788046836853,0.0006257434142753,False,0.7167747163695299,0.10118711136235162,Re-scan
1203,False,5,car,5,car,True,0.6937214732170105,0.8562837839126587,0.6395934820175171,0.2166903018951416,0.0036918262485414,False,0.7171799027552674,0.10112994350282486,Re-scan
1865,False,28,table,28,table,True,0.6937093734741211,0.9942029714584352,0.7935466170310974,0.2006563544273376,0.0025372360832989,False,0.7175850891410048,0.10107284020327499,Re-scan
1108,False,31,tv_stand,31,tv_stand,True,0.6925023794174194,1.2127325534820557,1.0239349603652954,0.1887975931167602,0.0013464409857988,False,0.7179902755267423,0.1010158013544018,Re-scan
1876,False,32,vase,32,vase,True,0.6917166709899902,0.9527984857559204,0.8539428114891052,0.0988556742668151,0.0012313557090237,False,0.7183954619124797,0.10095882684715173,Re-scan
1090,False,30,toilet,30,toilet,True,0.6910579204559326,1.0981978178024292,0.7823882102966309,0.3158096075057983,0.0035720756277441,False,0.7188006482982172,0.10090191657271702,Re-scan
1183,False,19,person,19,person,True,0.6904079914093018,1.1549911499023438,0.9722720980644226,0.1827190518379211,0.0016634960193186,False,0.7192058346839546,0.10084507042253521,Re-scan
2023,False,18,night_stand,18,night_stand,True,0.6902405619621277,0.8332192897796631,0.6730014681816101,0.1602178215980529,0.0026864008978009,False,0.7196110210696921,0.10078828828828829,Re-scan
1562,False,5,car,30,toilet,False,0.6896066665649414,1.1625947952270508,0.9059346914291382,0.2566601037979126,0.0026987297460436,True,0.7200162074554295,0.10129431626336523,Re-scan
109,True,6,bowl,29,tent,,0.6877539157867432,1.2317397594451904,0.9673429131507874,0.2643968462944031,0.0022735225502401,True,0.720421393841167,0.10179977502812149,Re-scan
459,False,20,piano,25,sofa,False,0.6871811151504517,1.1990069150924685,1.0750186443328855,0.1239882707595825,0.0010770630324259,True,0.7208265802269044,0.10230466554243957,Re-scan
91,True,5,bottle,32,vase,,0.6870760917663574,1.0298925638198853,0.9202947616577148,0.1095978021621704,0.0009566567605361,True,0.7212317666126418,0.10280898876404494,Re-scan
59,True,5,bottle,32,vase,,0.6863232254981995,1.0393240451812744,0.9213295578956604,0.117994487285614,0.0011581827420741,True,0.7216369529983793,0.10331274564851207,Re-scan
64,True,5,bottle,32,vase,,0.6862190961837769,1.0935070514678955,0.9848737120628356,0.1086333394050598,0.0008667660295031,True,0.7220421393841167,0.10381593714927048,Re-scan
1170,False,4,bookshelf,4,bookshelf,True,0.6861510276794434,1.2268977165222168,0.9378246068954468,0.28907310962677,0.0028584215324372,False,0.7224473257698542,0.10375771172181716,Re-scan
1607,False,27,stool,26,stairs,False,0.6860752701759338,0.8868416547775269,0.7159746885299683,0.1708669662475586,0.0022957150358706,True,0.7228525121555915,0.10426008968609865,Re-scan
106,False,21,plant,21,plant,True,0.6855636835098267,1.1376545429229736,0.93071711063385,0.2069374322891235,0.0019263123394921,False,0.723257698541329,0.10420168067226891,Re-scan
2207,False,11,dresser,34,xbox,False,0.682196855545044,1.099067449569702,1.0039546489715576,0.0951128005981445,0.0007557320059277,True,0.7236628849270664,0.10470324748040313,Re-scan
1831,False,21,plant,19,person,False,0.6814382672309875,0.9876348972320556,0.8348314166069031,0.1528034806251526,0.0020392981823533,True,0.7240680713128039,0.10520425293788473,Re-scan
2182,False,26,stairs,26,stairs,True,0.6791461706161499,0.9319572448730468,0.6359478831291199,0.296009361743927,0.0043427357450127,False,0.7244732576985413,0.10514541387024609,Re-scan
135,True,6,bowl,12,flower_pot,,0.6782341599464417,1.0488396883010864,0.7835496664047241,0.2652900218963623,0.0029223586898297,True,0.7248784440842788,0.10564561207378424,Re-scan
169,True,6,bowl,32,vase,,0.6780214309692383,0.7342966198921204,0.6678892374038696,0.0664073824882507,0.0012218600604683,True,0.7252836304700162,0.10614525139664804,Re-scan
948,False,11,dresser,11,dresser,True,0.6773792505264282,1.1361008882522583,1.0776976346969604,0.0584032535552978,0.0004041157953906,False,0.7256888168557536,0.10608598548297041,Re-scan
931,False,9,desk,9,desk,True,0.676422119140625,1.2968610525131226,0.8854684829711914,0.4113925695419311,0.0036280103959143,False,0.7260940032414911,0.10602678571428571,Re-scan
1847,False,3,bench,28,table,False,0.6750618815422058,0.8088923692703247,0.7224047183990479,0.0864876508712768,0.0015467264456674,True,0.7264991896272285,0.10652537646402677,Re-scan
56,True,5,bottle,32,vase,,0.6749622225761414,1.1401755809783936,1.019468903541565,0.1207066774368286,0.0009406805038452,True,0.726904376012966,0.10702341137123746,Re-scan
2244,False,23,range_hood,23,range_hood,True,0.6748550534248352,1.316261887550354,1.102002501487732,0.214259386062622,0.0018067943165078,False,0.7273095623987034,0.10696378830083565,Re-scan
1709,False,27,stool,21,plant,False,0.6746842861175537,1.0816911458969116,0.909491777420044,0.1721993684768676,0.0019814069382846,True,0.7277147487844409,0.10746102449888642,Re-scan
1336,False,33,wardrobe,33,wardrobe,True,0.6746514439582825,1.1942341327667236,1.0533088445663452,0.1409252882003784,0.0010083320084959,False,0.7281199351701783,0.10740122426266,Re-scan
642,False,17,monitor,17,monitor,True,0.6734248995780945,1.2574549913406372,1.058748483657837,0.1987065076828003,0.0022994473110884,False,0.7285251215559158,0.10734149054505006,Re-scan
5,True,20,laptop,6,chair,,0.6722854971885681,1.2584054470062256,0.8769149780273438,0.3814904689788818,0.004015979822725,True,0.7289303079416531,0.10783768760422457,Re-scan
1469,False,1,bathtub,1,bathtub,True,0.6720491051673889,1.055600881576538,0.861509382724762,0.1940914988517761,0.0025004972703754,False,0.7293354943273906,0.10777777777777778,Re-scan
552,False,26,stairs,26,stairs,True,0.6719920039176941,1.2170603275299072,0.9493507742881776,0.2677095532417297,0.0024634581059217,False,0.729740680713128,0.10771793448084398,Re-scan
18,True,10,cup,32,vase,,0.6717475652694702,1.1493852138519287,1.0351442098617554,0.1142410039901733,0.0010484828380867,True,0.7301458670988655,0.10821309655937847,Re-scan
1753,False,9,desk,28,table,False,0.6712890863418579,0.8123279213905334,0.7472655773162842,0.0650623440742492,0.0010280230781063,True,0.7305510534846029,0.10870770937326678,Re-scan
224,False,20,piano,20,piano,True,0.6705165505409241,1.391931414604187,1.1817620992660522,0.2101693153381347,0.0018690644064918,False,0.7309562398703403,0.10864745011086474,Re-scan
105,True,18,keyboard,8,curtain,,0.667547881603241,1.3307280540466309,1.0862982273101809,0.2444298267364502,0.001804276718758,True,0.7313614262560778,0.10914127423822714,Re-scan
822,False,9,desk,25,sofa,False,0.6671066284179688,1.1939594745635986,1.007728099822998,0.1862313747406005,0.0022994303144514,True,0.7317666126418152,0.10963455149501661,Re-scan
1962,False,13,glass_box,13,glass_box,True,0.6668767929077148,1.2220529317855835,1.1101336479187012,0.1119192838668823,0.0009096887661144,False,0.7321717990275527,0.10957387935805202,Re-scan
172,False,15,lamp,32,vase,False,0.6659391522407532,1.1172809600830078,0.889898419380188,0.2273825407028198,0.0025544587988406,True,0.7325769854132901,0.11006637168141593,Re-scan
189,False,29,tent,29,tent,True,0.6657961010932922,1.1711281538009644,1.0447851419448853,0.1263430118560791,0.0011467023286968,False,0.7329821717990276,0.11000552791597568,Re-scan
39,True,5,bottle,32,vase,,0.6642560958862305,1.1664273738861084,1.0313243865966797,0.1351029872894287,0.0010921220527961,True,0.733387358184765,0.11049723756906077,Re-scan
1259,False,13,glass_box,13,glass_box,True,0.6642388105392456,1.131534457206726,1.035204529762268,0.096329927444458,0.0010675718076527,False,0.7337925445705025,0.11043622308117063,Re-scan
263,False,20,piano,20,piano,True,0.6635758280754089,1.32313072681427,1.1418074369430542,0.1813232898712158,0.0019048601388931,False,0.7341977309562399,0.11037527593818984,Re-scan
810,False,23,range_hood,23,range_hood,True,0.6628754734992981,0.8703639507293701,0.7012453079223633,0.1691186428070068,0.0031778854317963,False,0.7346029173419774,0.11031439602868175,Re-scan
154,True,10,cup,32,vase,,0.6626876592636108,0.8424861431121826,0.7753564715385437,0.0671296715736389,0.000773413456045,True,0.7350081037277147,0.11080485115766263,Re-scan
1536,False,22,radio,11,dresser,False,0.6619070768356323,1.216796875,1.0740151405334473,0.1427817344665527,0.0012703901156783,True,0.7354132901134521,0.11129476584022038,Re-scan
78,False,21,plant,27,stool,False,0.6610610485076904,1.2540075778961182,1.1041288375854492,0.1498787403106689,0.0013811736134812,True,0.7358184764991896,0.11178414096916299,Re-scan
756,False,28,table,28,table,True,0.6610361933708191,0.83506178855896,0.7490906715393066,0.0859711170196533,0.0013360637240111,False,0.736223662884927,0.11172261970280682,Re-scan
1671,False,31,tv_stand,31,tv_stand,True,0.6601317524909973,1.3024559020996094,1.1851437091827393,0.1173121929168701,0.0006911651580594,False,0.7366288492706645,0.11166116611661166,Re-scan
187,False,23,range_hood,23,range_hood,True,0.65995854139328,0.764202356338501,0.6096848845481873,0.1545174717903137,0.0032190659549087,False,0.7370340356564019,0.11159978009895546,Re-scan
597,False,11,dresser,11,dresser,True,0.6596794724464417,1.222421646118164,1.1064459085464478,0.1159757375717163,0.0010553307365626,False,0.7374392220421394,0.11153846153846154,Re-scan
148,True,18,keyboard,8,curtain,,0.6595456004142761,0.7951763868331909,0.6758197546005249,0.119356632232666,0.0023043400142341,True,0.7378444084278768,0.11202635914332784,Re-scan
663,False,18,night_stand,18,night_stand,True,0.6588003635406494,1.0733962059020996,0.9970124363899232,0.0763837695121765,0.0008222946198657,False,0.7382495948136143,0.1119648737650933,Re-scan
31,True,6,bowl,29,tent,,0.6587358117103577,1.281552791595459,1.03406023979187,0.2474925518035888,0.001902682473883,True,0.7386547811993517,0.11245200219418541,Re-scan
1624,False,11,dresser,11,dresser,True,0.6586945056915283,1.1831705570220947,1.0926374197006226,0.0905331373214721,0.0008016356150619,False,0.7390599675850892,0.11239035087719298,Re-scan
645,False,8,curtain,8,curtain,True,0.6581460237503052,0.9405847787857056,0.7089861035346985,0.231598675251007,0.0033148913644254,False,0.7394651539708266,0.11232876712328767,Re-scan
741,False,21,plant,21,plant,True,0.657403290271759,0.6991583704948425,0.656548023223877,0.0426103472709655,0.0009436549735255,False,0.7398703403565641,0.11226725082146768,Re-scan
131,True,5,bottle,32,vase,,0.6568942070007324,1.1693954467773438,1.053695559501648,0.1156998872756958,0.0010352222016081,True,0.7402755267423015,0.11275314723590586,Re-scan
1339,False,21,plant,21,plant,True,0.6560787558555603,0.8364968299865723,0.781792163848877,0.0547046661376953,0.0008731569396331,False,0.7406807131280388,0.11269146608315099,Re-scan
803,False,21,plant,21,plant,True,0.6560770869255066,0.7260144948959351,0.671741247177124,0.054273247718811,0.0010903931688517,False,0.7410858995137763,0.11262985237834883,Re-scan
811,False,19,person,21,plant,False,0.6554132699966431,1.061795711517334,0.9581067562103271,0.1036889553070068,0.0010661522392183,True,0.7414910858995137,0.11311475409836065,Re-scan
100,True,10,cup,32,vase,,0.6547849178314209,0.8746494054794312,0.8297836780548096,0.0448657274246215,0.0004082207451574,True,0.7418962722852512,0.113599126160568,Re-scan
1136,False,9,desk,28,table,False,0.6545984745025635,1.0338811874389648,0.9234701991081238,0.110410988330841,0.0012265929253771,True,0.7423014586709886,0.11408296943231441,Re-scan
2233,False,9,desk,9,desk,True,0.6545708775520325,1.1069269180297852,1.0205137729644775,0.0864131450653076,0.000864909728989,False,0.7427066450567261,0.11402073104200763,Re-scan
2030,False,13,glass_box,13,glass_box,True,0.6537864804267883,1.118080735206604,0.9490252137184144,0.1690555214881897,0.0023405253887176,False,0.7431118314424635,0.11395856052344602,Re-scan
371,False,9,desk,9,desk,True,0.6533280611038208,1.0368038415908811,0.8584479689598083,0.178355872631073,0.0029708023648709,False,0.743517017828201,0.11389645776566758,Re-scan
758,False,21,plant,32,vase,False,0.6528952717781067,1.0312634706497192,0.890582263469696,0.1406812071800232,0.001816083677113,True,0.7439222042139384,0.11437908496732026,Re-scan
97,True,5,bottle,32,vase,,0.6527106761932373,1.3292324542999268,1.1614441871643066,0.1677882671356201,0.0012043125461786,True,0.7443273905996759,0.11486118671747414,Re-scan
478,False,31,tv_stand,31,tv_stand,True,0.6521949768066406,0.9475024938583374,0.7840119004249573,0.1634905934333801,0.0022121819201856,False,0.7447325769854133,0.1147986942328618,Re-scan
710,False,18,night_stand,18,night_stand,True,0.6520536541938782,1.0512089729309082,0.9082837104797364,0.1429252624511718,0.0017891104798763,False,0.7451377633711507,0.11473626971179988,Re-scan
1077,False,34,xbox,34,xbox,True,0.6516584157943726,1.0058939456939695,0.8075523972511292,0.1983415484428405,0.0025811814703047,False,0.7455429497568882,0.11467391304347826,Re-scan
2188,False,32,vase,15,lamp,False,0.6514595746994019,1.1851545572280884,1.031147599220276,0.1540069580078125,0.0016226358711719,True,0.7459481361426256,0.11515480717001629,Re-scan
2025,False,32,vase,32,vase,True,0.6510725617408752,0.9868701696395874,0.910370945930481,0.0764992237091064,0.000713299785275,False,0.7463533225283631,0.11509229098805646,Re-scan
1585,False,31,tv_stand,31,tv_stand,True,0.6506160497665405,0.9065067768096924,0.7614519000053406,0.1450548768043518,0.0017631230875849,False,0.7467585089141004,0.11502984264785676,Re-scan
128,False,32,vase,32,vase,True,0.6503445506095886,0.6723552346229553,0.6307048201560974,0.0416504144668579,0.0009722954710014,False,0.747163695299838,0.11496746203904555,Re-scan
319,False,12,flower_pot,21,plant,False,0.6500030755996704,0.7820084095001221,0.7088266015052795,0.0731818079948425,0.0013710337225347,True,0.7475688816855753,0.11544715447154472,Re-scan
60,True,5,bottle,32,vase,,0.6497306823730469,1.0958154201507568,0.9121965765953064,0.1836188435554504,0.0023102525155991,True,0.7479740680713128,0.11592632719393282,Re-scan
368,False,9,desk,9,desk,True,0.6495744585990906,1.221513271331787,1.061463713645935,0.160049557685852,0.0015245793620124,False,0.7483792544570502,0.11586356253383866,Re-scan
47,True,5,bottle,32,vase,,0.649470329284668,1.3316850662231443,1.1816174983978271,0.1500675678253173,0.0010509892599657,True,0.7487844408427877,0.11634199134199134,Re-scan
219,False,23,range_hood,23,range_hood,True,0.6492812037467957,0.7359764575958252,0.6506197452545166,0.0853567123413086,0.0018605564255267,False,0.7491896272285251,0.11627906976744186,Re-scan
1611,False,12,flower_pot,21,plant,False,0.6485899686813354,0.9291831254959106,0.8701283931732178,0.0590547323226928,0.0005904427380301,True,0.7495948136142626,0.11675675675675676,Re-scan
1580,False,13,glass_box,13,glass_box,True,0.6484885215759277,1.242007613182068,1.1109349727630615,0.1310726404190063,0.0012670789146795,False,0.75,0.1166936790923825,Re-scan
1528,False,9,desk,28,table,False,0.6483970880508423,1.104971408843994,0.964853823184967,0.1401175856590271,0.0014723079511895,True,0.7504051863857374,0.117170626349892,Re-scan
1362,False,20,piano,20,piano,True,0.6463760733604431,1.257357835769653,1.0264570713043213,0.230900764465332,0.0026813002768903,False,0.7508103727714749,0.11710739341608203,Re-scan
945,False,19,person,21,plant,False,0.6455732583999634,0.8720864653587341,0.7371692061424255,0.1349172592163086,0.0023677630815654,True,0.7512155591572123,0.11758360302049622,Re-scan
44,True,18,keyboard,8,curtain,,0.6452723145484924,0.9583917260169984,0.7663416862487793,0.192050039768219,0.0029213754460215,True,0.7516207455429498,0.11805929919137466,Re-scan
1452,False,27,stool,15,lamp,False,0.6451389789581299,0.8357065320014954,0.7046437859535217,0.1310627460479736,0.0026878206990659,True,0.7520259319286872,0.11853448275862069,Re-scan
1743,False,8,curtain,8,curtain,True,0.6449258923530579,0.9703214168548584,0.8861621022224426,0.0841593146324157,0.0009201656794175,False,0.7524311183144247,0.11847065158858373,Re-scan
69,False,17,monitor,17,monitor,True,0.6443915963172913,1.3762011528015137,1.1781370639801023,0.1980640888214111,0.0018933006795123,False,0.752836304700162,0.11840688912809473,Re-scan
1710,False,6,chair,27,stool,False,0.6436884999275208,1.0648188591003418,0.8827348351478577,0.1820840239524841,0.0022303042933344,True,0.7532414910858996,0.11888111888111888,Re-scan
0,True,20,laptop,6,chair,,0.6436175107955933,1.3689827919006348,0.8576931357383728,0.511289656162262,0.0048867058940231,True,0.7536466774716369,0.11935483870967742,Re-scan
1254,False,22,radio,31,tv_stand,False,0.6427867412567139,1.4082961082458496,1.1725223064422607,0.2357738018035888,0.0017194126266986,True,0.7540518638573744,0.11982804943578722,Re-scan
46,False,11,dresser,11,dresser,True,0.640243411064148,1.186803102493286,0.926051378250122,0.260751724243164,0.0037861308082938,False,0.7544570502431118,0.11976369495166488,Re-scan
1042,False,21,plant,21,plant,True,0.6388164162635803,0.8308844566345215,0.7531953454017639,0.0776891112327575,0.0012154498836025,False,0.7548622366288493,0.11969940955448202,Re-scan
894,False,13,glass_box,13,glass_box,True,0.6386445760726929,1.2577996253967283,1.1260433197021484,0.13175630569458,0.0013331670779734,False,0.7552674230145867,0.11963519313304721,Re-scan
1169,False,20,piano,21,plant,False,0.6378042101860046,1.278754711151123,1.1384401321411133,0.1403145790100097,0.0010417723096907,True,0.7556726094003241,0.12010723860589813,Re-scan
170,True,5,bottle,32,vase,,0.6375084519386292,1.4849567413330078,1.295176982879639,0.1897797584533691,0.0012358471285551,True,0.7560777957860616,0.12057877813504823,Re-scan
81,True,18,keyboard,8,curtain,,0.6371661424636841,0.7194482684135437,0.565833568572998,0.1536146998405456,0.0033745034597814,True,0.756482982171799,0.12104981253347616,Re-scan
522,False,32,vase,32,vase,True,0.6368176937103271,0.9198371767997742,0.8515567779541016,0.0682803988456726,0.0007073178421705,False,0.7568881685575365,0.12098501070663811,Re-scan
85,True,18,keyboard,8,curtain,,0.6365955471992493,0.9975392818450928,0.7913373708724976,0.2062019109725952,0.003312457120046,True,0.7572933549432739,0.12145532370251472,Re-scan
705,False,28,table,28,table,True,0.6363524198532104,0.7666735649108887,0.6894322037696838,0.0772413611412048,0.0015642542857676,False,0.7576985413290114,0.1213903743315508,Re-scan
146,True,5,bottle,32,vase,,0.6358358263969421,1.2125505208969116,1.0742192268371582,0.1383312940597534,0.0010337762068957,True,0.7581037277147488,0.12185996793158739,Re-scan
121,True,6,bowl,29,tent,,0.6350210905075073,1.062350869178772,0.7023957967758179,0.3599550724029541,0.0052105314098298,True,0.7585089141004863,0.12232905982905982,Re-scan
136,True,5,bottle,32,vase,,0.6347253322601318,1.4050863981246948,1.2110202312469482,0.1940661668777465,0.0016272149514406,True,0.7589141004862237,0.12279765082754938,Re-scan
2195,False,32,vase,32,vase,True,0.6334669589996338,1.0644893646240234,0.9420474171638488,0.1224419474601745,0.0016587215941399,False,0.7593192868719612,0.12273212379935966,Re-scan
1199,False,33,wardrobe,33,wardrobe,True,0.6332823038101196,1.0981292724609375,1.0024330615997314,0.095696210861206,0.0008575542015023,False,0.7597244732576985,0.12266666666666666,Re-scan
1840,False,23,range_hood,23,range_hood,True,0.6332116723060608,0.7097563743591309,0.6129209995269775,0.0968353748321533,0.0022893524728715,False,0.7601296596434359,0.12260127931769722,Re-scan
1214,False,11,dresser,11,dresser,True,0.6330320239067078,1.27335524559021,1.1886296272277832,0.0847256183624267,0.0007438990869559,False,0.7605348460291734,0.12253596164091636,Re-scan
680,False,23,range_hood,16,mantel,False,0.6328497529029846,0.7391291260719299,0.6125746965408325,0.1265544295310974,0.0029503460973501,True,0.7609400324149108,0.12300319488817892,Re-scan
592,False,8,curtain,8,curtain,True,0.6324173808097839,1.26816725730896,1.083848237991333,0.1843190193176269,0.0013440891634672,False,0.7613452188006483,0.12293773283661522,Re-scan
2278,False,18,night_stand,18,night_stand,True,0.6323185563087463,1.0098366737365725,0.8128402233123779,0.1969964504241943,0.0029881761875003,False,0.7617504051863857,0.12287234042553191,Re-scan
543,False,22,radio,33,wardrobe,False,0.6320039629936218,1.1226449012756348,0.9666872024536132,0.1559576988220214,0.0018745886627584,True,0.7621555915721232,0.12333864965443912,Re-scan
735,False,10,door,10,door,True,0.6312907338142395,1.5588619709014893,1.1898701190948486,0.3689918518066406,0.0026724967174232,False,0.7625607779578606,0.12327311370882041,Re-scan
377,False,34,xbox,34,xbox,True,0.6303117275238037,1.0590497255325315,0.9371073842048644,0.1219423413276672,0.001553178532049,False,0.7629659643435981,0.12320764737121614,Re-scan
165,False,11,dresser,11,dresser,True,0.6299915909767151,1.1447696685791016,1.0545074939727783,0.0902621746063232,0.0008857605280354,False,0.7633711507293355,0.12314225053078556,Re-scan
1219,False,23,range_hood,23,range_hood,True,0.6296799778938293,0.7513684034347534,0.6887028813362122,0.0626655220985412,0.0013325663749128,False,0.763776337115073,0.12307692307692308,Re-scan
2077,False,31,tv_stand,31,tv_stand,True,0.6286269426345825,1.0098390579223633,0.8363432288169861,0.1734958291053772,0.0023693642579019,False,0.7641815235008104,0.12301166489925769,Re-scan
474,False,19,person,19,person,True,0.6285265684127808,0.9910444021224976,0.7946500182151794,0.1963943839073181,0.002622471190989,False,0.7645867098865479,0.12294647588765235,Re-scan
54,True,10,cup,32,vase,,0.6275113224983215,0.980204701423645,0.9069061875343324,0.0732985138893127,0.0008639828301966,True,0.7649918962722853,0.12341101694915255,Re-scan
984,False,18,night_stand,18,night_stand,True,0.6263846158981323,1.1047669649124146,0.9212409257888794,0.1835260391235351,0.0023352995049208,False,0.7653970826580226,0.12334568554790895,Re-scan
288,False,31,tv_stand,4,bookshelf,False,0.6259981989860535,0.7886749505996704,0.6677860617637634,0.1208888888359069,0.0026091872714459,True,0.7658022690437601,0.12380952380952381,Re-scan
2008,False,34,xbox,34,xbox,True,0.6259801387786865,1.4905757904052734,1.127846121788025,0.3627296686172485,0.0029153188224881,False,0.7662074554294975,0.12374405076679006,Re-scan
1591,False,26,stairs,27,stool,False,0.6259287595748901,0.8337125778198242,0.6031727194786072,0.230539858341217,0.0044059921056032,True,0.766612641815235,0.12420718816067654,Re-scan
1009,False,1,bathtub,1,bathtub,True,0.6255894303321838,0.7020969986915588,0.4968065917491913,0.2052904069423675,0.0048093767836689,False,0.7670178282009724,0.12414157422081352,Re-scan
2261,False,11,dresser,11,dresser,True,0.6254109144210815,0.9723060131072998,0.9106708765029908,0.061635136604309,0.0006104577332735,False,0.7674230145867099,0.12407602956705385,Re-scan
4,True,6,bowl,29,tent,,0.6247109770774841,1.1402554512023926,0.8720555901527405,0.2681998610496521,0.003579453099519,True,0.7678282009724473,0.12453825857519789,Re-scan
77,False,7,cone,7,cone,True,0.6245155930519104,0.9058369398117064,0.7204704284667969,0.1853665113449096,0.0038196963723748,False,0.7682333873581848,0.12447257383966245,Re-scan
841,False,11,dresser,11,dresser,True,0.6239393353462219,1.3086400032043457,1.1773415803909302,0.1312984228134155,0.0011652725515887,False,0.7686385737439222,0.12440695835529784,Re-scan
576,False,13,glass_box,13,glass_box,True,0.6238293051719666,1.2314636707305908,1.134488224983215,0.0969754457473754,0.0010740633588284,False,0.7690437601296597,0.12434141201264488,Re-scan
172,True,10,cup,32,vase,,0.6235267519950867,1.3454490900039673,1.1370078325271606,0.2084412574768066,0.0013366915518417,True,0.7694489465153971,0.12480252764612954,Re-scan
1912,False,20,piano,20,piano,True,0.6234270334243774,1.2399134635925293,0.9852903485298156,0.2546231150627136,0.0032814817968755,False,0.7698541329011345,0.12473684210526316,Re-scan
1690,False,9,desk,9,desk,True,0.6233962774276733,1.0764468908309937,0.7745161056518555,0.3019307851791382,0.0046307160519063,False,0.770259319286872,0.12467122567069963,Re-scan
797,False,9,desk,9,desk,True,0.6230432987213135,1.1418229341506958,0.9956315755844116,0.1461913585662841,0.001747019123286,False,0.7706645056726094,0.12460567823343849,Re-scan
2137,False,18,night_stand,18,night_stand,True,0.6225678324699402,1.087479591369629,1.0288759469985962,0.0586036443710327,0.0005701183108612,False,0.7710696920583469,0.12454019968470835,Re-scan
654,False,32,vase,32,vase,True,0.6218521595001221,1.170853853225708,1.0035054683685305,0.1673483848571777,0.001973383128643,False,0.7714748784440842,0.12447478991596639,Re-scan
268,False,18,night_stand,18,night_stand,True,0.6204684376716614,1.1773757934570312,1.005417823791504,0.1719579696655273,0.0020678350701928,False,0.7718800648298217,0.12440944881889764,Re-scan
2015,False,17,monitor,17,monitor,True,0.6201521158218384,0.8569276332855225,0.5760796070098877,0.2808480262756347,0.00563041632995,False,0.7722852512155591,0.12434417628541448,Re-scan
1686,False,13,glass_box,13,glass_box,True,0.618656575679779,1.265315055847168,1.1417644023895264,0.1235506534576416,0.0013741380535066,False,0.7726904376012966,0.124278972207656,Re-scan
205,False,21,plant,21,plant,True,0.6185621619224548,0.8303546905517578,0.7576403617858887,0.0727143287658691,0.0010607949225232,False,0.773095623987034,0.12421383647798742,Re-scan
1342,False,0,airplane,0,airplane,True,0.6182411909103394,1.5029246807098389,1.280979871749878,0.2219448089599609,0.0023429857101291,False,0.7735008103727715,0.12414876898899947,Re-scan
1987,False,8,curtain,8,curtain,True,0.6181412935256958,0.972902774810791,0.7931116223335266,0.1797911524772644,0.0025940500199794,False,0.7739059967585089,0.12408376963350785,Re-scan
106,True,10,cup,32,vase,,0.6180710792541504,0.8959740400314331,0.8074425458908081,0.088531494140625,0.0012507156934589,True,0.7743111831442464,0.12454212454212454,Re-scan
120,True,10,cup,32,vase,,0.6156037449836731,1.0625009536743164,0.9615016579627992,0.1009992957115173,0.0013654771028086,True,0.7747163695299838,0.125,Re-scan
629,False,11,dresser,11,dresser,True,0.6149665713310242,1.278793215751648,1.113262176513672,0.165531039237976,0.0018599523464217,False,0.7751215559157212,0.12493465760585468,Re-scan
2093,False,31,tv_stand,31,tv_stand,True,0.6149066090583801,1.27758526802063,1.153290629386902,0.124294638633728,0.0011285124346613,False,0.7755267423014587,0.12486938349007315,Re-scan
598,False,21,plant,21,plant,True,0.6144247651100159,1.0349229574203491,0.8981103897094727,0.1368125677108764,0.0015682112425565,False,0.7759319286871961,0.12480417754569191,Re-scan
1784,False,14,guitar,14,guitar,True,0.6142117381095886,1.0204596519470217,0.830927312374115,0.1895323395729065,0.0031122625805437,False,0.7763371150729336,0.12473903966597077,Re-scan
2273,False,31,tv_stand,31,tv_stand,True,0.6139505505561829,1.237622857093811,1.0579774379730225,0.1796454191207885,0.0020432132296264,False,0.776742301458671,0.12467396974439228,Re-scan
1790,False,31,tv_stand,31,tv_stand,True,0.6137517690658569,1.5753039121627808,1.4065778255462646,0.1687260866165161,0.0011783643858507,False,0.7771474878444085,0.1246089676746611,Re-scan
936,False,30,toilet,30,toilet,True,0.6137409806251526,1.3117101192474363,1.0227841138839722,0.2889260053634643,0.0037080615293234,False,0.7775526742301458,0.12454403335070349,Re-scan
653,False,24,sink,24,sink,True,0.6131467223167419,1.4130070209503174,1.1603162288665771,0.2526907920837402,0.0024307409767061,False,0.7779578606158833,0.12447916666666667,Re-scan
193,False,21,plant,26,stairs,False,0.6130926012992859,1.2103359699249268,1.0356366634368896,0.1746993064880371,0.0020538438111543,True,0.7783630470016207,0.12493492972410203,Re-scan
397,False,21,plant,21,plant,True,0.612793505191803,1.142845630645752,0.9996042251586914,0.1432414054870605,0.0012956677237525,False,0.7787682333873582,0.12486992715920915,Re-scan
982,False,23,range_hood,16,mantel,False,0.6115219593048096,1.2051947116851809,1.0827970504760742,0.1223976612091064,0.0013955632457509,True,0.7791734197730956,0.12532501300052,Re-scan
977,False,11,dresser,11,dresser,True,0.6112837791442871,1.493796467781067,1.2781965732574463,0.2155998945236206,0.0018580155447125,False,0.779578606158833,0.12525987525987525,Re-scan
2056,False,19,person,19,person,True,0.6096289753913879,1.5029630661010742,1.2818721532821655,0.2210909128189087,0.0021184587385505,False,0.7799837925445705,0.1251948051948052,Re-scan
2078,False,23,range_hood,23,range_hood,True,0.6091259717941284,0.709255576133728,0.6195714473724365,0.0896841287612915,0.002199589041993,False,0.7803889789303079,0.12512980269989615,Re-scan
327,False,23,range_hood,23,range_hood,True,0.6087788939476013,1.3385204076766968,1.0643117427825928,0.274208664894104,0.0033632731065154,False,0.7807941653160454,0.12506486766995328,Re-scan
1843,False,33,wardrobe,33,wardrobe,True,0.6082138419151306,1.1694716215133667,1.0144155025482178,0.1550561189651489,0.0016822409816086,False,0.7811993517017828,0.125,Re-scan
118,True,5,bottle,32,vase,,0.6075055599212646,1.1185619831085205,1.0366125106811523,0.0819494724273681,0.0008780155912972,True,0.7816045380875203,0.12545360290305857,Re-scan
1271,False,25,sofa,25,sofa,True,0.6072676181793213,1.3135907649993896,1.0746151208877563,0.2389756441116333,0.0030040482524782,False,0.7820097244732577,0.12538860103626942,Re-scan
13,True,10,cup,32,vase,,0.6066940426826477,0.7392724752426147,0.683542013168335,0.0557304620742797,0.0012233603047206,True,0.7824149108589952,0.1258415328845158,Re-scan
293,False,8,curtain,8,curtain,True,0.6045274138450623,1.1074546575546265,0.9455419778823853,0.1619126796722412,0.0019003221532329,False,0.7828200972447326,0.12577639751552794,Re-scan
1366,False,21,plant,21,plant,True,0.6043898463249207,1.1382842063903809,0.953648030757904,0.1846361756324768,0.0025711467023938,False,0.7832252836304701,0.12571132953957578,Re-scan
1036,False,13,glass_box,33,wardrobe,False,0.6043846607208252,1.2739615440368652,1.0938947200775146,0.1800668239593505,0.001775354379788,True,0.7836304700162074,0.12616339193381593,Re-scan
1988,False,1,bathtub,1,bathtub,True,0.6041423082351685,1.1161985397338867,0.9387750029563904,0.1774235367774963,0.0025425001513212,False,0.784035656401945,0.12609819121447027,Re-scan
188,False,4,bookshelf,4,bookshelf,True,0.6040235161781311,1.1322380304336548,0.9776738286018372,0.1545642018318176,0.0021007668692618,False,0.7844408427876823,0.12603305785123967,Re-scan
2029,False,18,night_stand,11,dresser,False,0.6033031940460205,0.8891059160232544,0.8305755257606506,0.0585303902626037,0.0009955833666026,True,0.7848460291734197,0.12648425400103253,Re-scan
1066,False,24,sink,11,dresser,False,0.6029860377311707,1.410821795463562,1.2655928134918213,0.1452289819717407,0.0013188617303967,True,0.7852512155591572,0.12693498452012383,Re-scan
37,False,32,vase,32,vase,True,0.6029377579689026,0.7872193455696106,0.731286346912384,0.0559329986572265,0.0009415774256922,False,0.7856564019448946,0.12686952037132543,Re-scan
30,True,5,bottle,32,vase,,0.6024411916732788,1.2518819570541382,1.0879359245300293,0.1639460325241089,0.0017117757815867,True,0.7860615883306321,0.12731958762886597,Re-scan
2098,False,28,table,3,bench,False,0.6023568511009216,1.0134674310684204,0.8734331727027893,0.1400342583656311,0.001770157017745,True,0.7864667747163695,0.12776919113858837,Re-scan
404,False,2,bed,28,table,False,0.6015364527702332,1.078168869018555,0.8986268639564514,0.1795420050621032,0.0026608181651681,True,0.786871961102107,0.1282183316168898,Re-scan
8,False,23,range_hood,16,mantel,False,0.601128876209259,0.7265871167182922,0.6297739744186401,0.0968131422996521,0.0024785171262919,True,0.7872771474878444,0.12866700977869275,Re-scan
139,True,5,bottle,32,vase,,0.6007524132728577,0.8907176852226257,0.7094846367835999,0.1812330484390258,0.0037435062695294,True,0.7876823338735819,0.12911522633744857,Re-scan
1659,False,21,plant,21,plant,True,0.600297749042511,1.3136581182479858,1.0104373693466189,0.3032207489013672,0.0036596949212253,False,0.7880875202593193,0.12904884318766066,Re-scan
132,False,10,door,8,curtain,False,0.6001274585723877,0.8340237140655518,0.7686977982521057,0.065325915813446,0.0011119007831439,True,0.7884927066450568,0.12949640287769784,Re-scan
145,False,23,range_hood,23,range_hood,True,0.5996464490890503,0.6997910737991333,0.6195515394210815,0.0802395343780517,0.0019496589666232,False,0.7888978930307942,0.12942989214175654,Re-scan
1856,False,12,flower_pot,21,plant,False,0.5993207693099976,0.9147570133209229,0.8107352256774902,0.1040217876434326,0.0014123646542429,True,0.7893030794165316,0.12987679671457905,Re-scan
251,False,29,tent,29,tent,True,0.5991547703742981,1.1027956008911133,0.8410056829452515,0.2617899179458618,0.0039883679710328,False,0.789708265802269,0.1298101590559261,Re-scan
1287,False,20,piano,20,piano,True,0.599113941192627,1.38623046875,0.923824667930603,0.462405800819397,0.0052968608215451,False,0.7901134521880064,0.12974358974358974,Re-scan
688,False,9,desk,9,desk,True,0.5979956388473511,1.3632659912109375,1.1779658794403076,0.1853001117706298,0.001867507584393,False,0.7905186385737439,0.12967708867247565,Re-scan
122,False,20,piano,20,piano,True,0.5954228043556213,1.4109392166137695,0.9059278964996338,0.5050113201141357,0.0056420359760522,False,0.7909238249594813,0.12961065573770492,Re-scan
978,False,32,vase,27,stool,False,0.5949646234512329,1.1564728021621704,1.033214807510376,0.1232579946517944,0.0015145308570936,True,0.7913290113452188,0.1300563236047107,Re-scan
2066,False,32,vase,32,vase,True,0.5948138236999512,0.990724802017212,0.9099375605583192,0.0807872414588928,0.0009954990819096,False,0.7917341977309562,0.1299897645854657,Re-scan
1345,False,32,vase,32,vase,True,0.5945031642913818,1.1637002229690552,1.0055150985717771,0.1581851243972778,0.0016923209186643,False,0.7921393841166937,0.129923273657289,Re-scan
648,False,20,piano,20,piano,True,0.5942643880844116,1.377129316329956,1.072400450706482,0.3047288656234741,0.0037254784256219,False,0.7925445705024311,0.12985685071574643,Re-scan
571,False,4,bookshelf,4,bookshelf,True,0.5942506194114685,1.0603971481323242,0.8917543888092041,0.1686427593231201,0.0028904019854962,False,0.7929497568881686,0.12979049565661727,Re-scan
471,False,1,bathtub,2,bed,False,0.5938133001327515,1.113994002342224,0.8676121830940247,0.2463818192481994,0.0035613945219665,True,0.793354943273906,0.1302349336057201,Re-scan
1778,False,29,tent,29,tent,True,0.5937924385070801,1.1737775802612305,0.9675227403640748,0.2062548398971557,0.002762789838016,False,0.7937601296596435,0.13016845329249618,Re-scan
995,False,17,monitor,11,dresser,False,0.5931969285011292,1.650790095329285,1.3955914974212646,0.25519859790802,0.0021792594343423,True,0.7941653160453809,0.1306122448979592,Re-scan
363,False,18,night_stand,11,dresser,False,0.5928638577461243,1.161489486694336,1.0675039291381836,0.0939855575561523,0.0010335284750908,True,0.7945705024311183,0.13105558388577257,Re-scan
1256,False,31,tv_stand,31,tv_stand,True,0.5925785899162292,1.4839513301849363,1.3276749849319458,0.1562763452529907,0.0011911590117961,False,0.7949756888168558,0.1309887869520897,Re-scan
160,False,10,door,10,door,True,0.5925281643867493,0.7609505653381348,0.6923051476478577,0.0686454176902771,0.0013545278925448,False,0.7953808752025932,0.13092205807437596,Re-scan
79,False,9,desk,11,dresser,False,0.5921359062194824,1.566556453704834,1.3476359844207764,0.2189204692840576,0.0016952874138951,True,0.7957860615883307,0.13136456211812628,Re-scan
117,True,18,keyboard,8,curtain,,0.5921000242233276,1.4684906005859375,1.268484592437744,0.2000060081481933,0.0017111172201111,True,0.796191247974068,0.13180661577608144,Re-scan
548,False,30,toilet,17,monitor,False,0.5914311408996582,1.1843812465667725,0.937427580356598,0.2469536662101745,0.0035075431223958,True,0.7965964343598055,0.13224821973550355,Re-scan
1062,False,18,night_stand,11,dresser,False,0.590880811214447,0.9130487442016602,0.8047440052032471,0.108304738998413,0.0020151955541223,True,0.7970016207455429,0.13268937468225725,Re-scan
107,True,10,cup,12,flower_pot,,0.5906490087509155,1.381213903427124,1.0271927118301392,0.3540211915969848,0.0038017593324184,True,0.7974068071312804,0.133130081300813,Re-scan
1564,False,18,night_stand,18,night_stand,True,0.5906205177307129,0.9747062921524048,0.87785404920578,0.0968522429466247,0.0015290189767256,False,0.7978119935170178,0.13306246825799897,Re-scan
1668,False,32,vase,32,vase,True,0.5890510082244873,0.7427943348884583,0.6794748902320862,0.063319444656372,0.0014161312719807,False,0.7982171799027553,0.132994923857868,Re-scan
804,False,20,piano,20,piano,True,0.5882776379585266,1.278390645980835,0.9007384181022644,0.3776522278785705,0.0055012535303831,False,0.7986223662884927,0.13292744799594114,Re-scan
1126,False,21,plant,21,plant,True,0.5878980159759521,1.2484554052352903,1.0343618392944336,0.2140935659408569,0.0023755622096359,False,0.7990275526742301,0.1328600405679513,Re-scan
1125,False,31,tv_stand,31,tv_stand,True,0.5873684883117676,1.430079221725464,1.2202544212341309,0.209824800491333,0.0017962240381166,False,0.7994327390599676,0.13279270146984287,Re-scan
38,False,23,range_hood,23,range_hood,True,0.587318480014801,0.8900321125984192,0.7663542032241821,0.123677909374237,0.0022484385408461,False,0.799837925445705,0.13272543059777103,Re-scan
614,False,13,glass_box,18,night_stand,False,0.5869938731193542,1.374016046524048,1.1886167526245115,0.1853992938995361,0.0017646348569542,True,0.8002431118314425,0.1331645569620253,Re-scan
1958,False,12,flower_pot,12,flower_pot,True,0.5866826772689819,0.8522147536277771,0.7204763293266296,0.1317384243011474,0.0024471643846482,False,0.8006482982171799,0.13309716599190283,Re-scan
28,True,6,bowl,12,flower_pot,,0.5852599143981934,0.7978759407997131,0.7231811881065369,0.0746947526931762,0.0016198579687625,True,0.8010534846029174,0.13353566009104703,Re-scan
1942,False,28,table,28,table,True,0.5851780772209167,1.3939356803894043,1.1689988374710083,0.224936842918396,0.002003856934607,False,0.8014586709886548,0.13346814964610718,Re-scan
1305,False,8,curtain,10,door,False,0.5847736597061157,1.371631145477295,1.0811039209365845,0.2905272245407104,0.0032244231551885,True,0.8018638573743923,0.13390601313794845,Re-scan
16,True,10,cup,29,tent,,0.5845525860786438,1.4538390636444092,1.0852466821670532,0.3685923814773559,0.003674499457702,True,0.8022690437601296,0.13434343434343435,Re-scan
1186,False,22,radio,22,radio,True,0.5841522812843323,1.1117514371871948,0.8644733428955078,0.247278094291687,0.0039491676725447,False,0.8026742301458671,0.13427561837455831,Re-scan
836,False,31,tv_stand,4,bookshelf,False,0.5840842127799988,1.336890459060669,1.0603903532028198,0.2765001058578491,0.0031485268846154,True,0.8030794165316045,0.13471241170534815,Re-scan
891,False,31,tv_stand,4,bookshelf,False,0.5840606093406677,1.278266429901123,1.196313738822937,0.081952691078186,0.0007958689238876,True,0.803484602917342,0.13514876449823499,Re-scan
775,False,21,plant,21,plant,True,0.5835129618644714,1.3053185939788818,0.99367755651474,0.3116410374641418,0.0033477579709142,False,0.8038897893030794,0.1350806451612903,Re-scan
2142,False,33,wardrobe,33,wardrobe,True,0.5831151604652405,1.3589050769805908,1.173731803894043,0.1851732730865478,0.0019025747897103,False,0.8042949756888168,0.1350125944584383,Re-scan
563,False,10,door,8,curtain,False,0.582918643951416,1.1759943962097168,0.9892141819000244,0.1867802143096923,0.0017694103298708,True,0.8047001620745543,0.13544813695871097,Re-scan
564,False,9,desk,9,desk,True,0.5812491178512573,1.3512096405029297,1.0598171949386597,0.29139244556427,0.0037336554378271,False,0.8051053484602917,0.13537996980372421,Re-scan
1348,False,18,night_stand,18,night_stand,True,0.5808590054512024,1.2448890209197998,1.1121809482574463,0.1327080726623535,0.0010836094152182,False,0.8055105348460292,0.13531187122736418,Re-scan
55,True,6,bowl,12,flower_pot,,0.5808339715003967,0.8043195009231567,0.7344321608543396,0.0698873400688171,0.0012788705062121,True,0.8059157212317666,0.13574660633484162,Re-scan
1975,False,19,person,21,plant,False,0.580818772315979,1.1429189443588257,0.9781367778778076,0.164782166481018,0.0020816007163375,True,0.8063209076175041,0.13618090452261306,Re-scan
17,True,6,bowl,12,flower_pot,,0.5806591510772705,1.3453922271728516,1.0875756740570068,0.2578165531158447,0.0025837989524006,True,0.8067260940032415,0.1366147664490206,Re-scan
1246,False,20,piano,20,piano,True,0.5801480412483215,1.5937719345092771,1.4045380353927612,0.1892338991165161,0.0017407790292054,False,0.807131280388979,0.13654618473895583,Re-scan
72,False,13,glass_box,13,glass_box,True,0.5800454616546631,1.375717043876648,1.2238500118255615,0.1518670320510864,0.001679292297922,False,0.8075364667747164,0.1364776718514802,Re-scan
213,False,13,glass_box,33,wardrobe,False,0.5786636471748352,1.3103296756744385,1.1721429824829102,0.1381866931915283,0.0013611444737762,True,0.8079416531604539,0.13691073219658978,Re-scan
126,False,9,desk,18,night_stand,False,0.5781422257423401,1.4822824001312256,1.2808222770690918,0.2014601230621338,0.0017505108844488,True,0.8083468395461912,0.13734335839598996,Re-scan
100,False,12,flower_pot,21,plant,False,0.5774180293083191,1.2701301574707031,1.1036953926086426,0.1664347648620605,0.0016528444830328,True,0.8087520259319287,0.1377755511022044,Re-scan
2065,False,11,dresser,11,dresser,True,0.5765848755836487,1.41527259349823,1.2872854471206665,0.1279871463775634,0.0010535080218687,False,0.8091572123176661,0.13770655983975963,Re-scan
1938,False,13,glass_box,13,glass_box,True,0.5757737755775452,1.2942838668823242,1.156818985939026,0.1374648809432983,0.0016896519809961,False,0.8095623987034035,0.13763763763763764,Re-scan
27,True,5,bottle,32,vase,,0.5757441520690918,1.129392147064209,1.0258625745773315,0.1035295724868774,0.0016071415739133,True,0.809967585089141,0.13806903451725863,Re-scan
1915,False,13,glass_box,13,glass_box,True,0.575335681438446,1.3911789655685425,1.2193872928619385,0.171791672706604,0.0016982002416625,False,0.8103727714748784,0.138,Re-scan
1539,False,24,sink,16,mantel,False,0.574289858341217,1.5390266180038452,1.258010983467102,0.2810156345367431,0.0028887400403618,True,0.8107779578606159,0.13843078460769614,Re-scan
1903,False,23,range_hood,17,monitor,False,0.5735132694244385,1.3913222551345823,1.140483856201172,0.2508383989334106,0.0028624201659113,True,0.8111831442463533,0.13886113886113885,Re-scan
425,False,17,monitor,17,monitor,True,0.57334965467453,1.4645206928253174,1.1705243587493896,0.2939963340759277,0.0034303746651858,False,0.8115883306320908,0.13879181228157764,Re-scan
2118,False,24,sink,24,sink,True,0.5723360776901245,1.5109153985977173,1.283996820449829,0.2269185781478881,0.0021975135896354,False,0.8119935170178282,0.13872255489021956,Re-scan
1190,False,17,monitor,17,monitor,True,0.5719553828239441,1.5866751670837402,1.274478316307068,0.3121968507766723,0.0031060236506164,False,0.8123987034035657,0.13865336658354116,Re-scan
621,False,11,dresser,11,dresser,True,0.57164466381073,1.206035614013672,1.0919049978256226,0.1141306161880493,0.0013446486555039,False,0.8128038897893031,0.13858424725822532,Re-scan
2237,False,28,table,28,table,True,0.5696231722831726,0.9458285570144652,0.832094669342041,0.1137338876724243,0.0021057273261249,False,0.8132090761750406,0.13851519681116092,Re-scan
1390,False,18,night_stand,28,table,False,0.5695517659187317,1.4155316352844238,1.1950230598449707,0.2205085754394531,0.0021271628793329,True,0.813614262560778,0.1389442231075697,Re-scan
353,False,13,glass_box,33,wardrobe,False,0.5691208243370056,1.40600323677063,1.2415499687194824,0.1644532680511474,0.0012726072454825,True,0.8140194489465153,0.13937282229965156,Re-scan
2251,False,20,piano,20,piano,True,0.5684351325035095,1.66465163230896,1.3288540840148926,0.3357975482940674,0.0025922351051121,False,0.8144246353322528,0.13930348258706468,Re-scan
326,False,26,stairs,29,tent,False,0.5676834583282471,1.7264342308044434,1.4304043054580688,0.2960299253463745,0.0026199822314083,True,0.8148298217179902,0.13973147687717555,Re-scan
830,False,5,car,5,car,True,0.5662428736686707,1.5458581447601318,1.3284896612167358,0.217368483543396,0.002184618730098,False,0.8152350081037277,0.139662027833002,Re-scan
122,True,5,bottle,32,vase,,0.5662373900413513,1.394012689590454,1.2301937341690063,0.1638189554214477,0.0015358623350039,True,0.8156401944894651,0.14008941877794337,Re-scan
1309,False,31,tv_stand,18,night_stand,False,0.5662296414375305,1.373530387878418,1.1958342790603638,0.1776961088180542,0.0018696635961532,True,0.8160453808752026,0.14051638530287985,Re-scan
1296,False,31,tv_stand,4,bookshelf,False,0.5659765005111694,0.8981443643569946,0.7130197286605835,0.1851246356964111,0.0038133971393108,True,0.81645056726094,0.14094292803970224,Re-scan
777,False,16,mantel,31,tv_stand,False,0.5651334524154663,1.1750487089157104,0.9807977080345154,0.194251000881195,0.0025646784342825,True,0.8168557536466775,0.14136904761904762,Re-scan
1563,False,13,glass_box,13,glass_box,True,0.5649755597114563,1.238553762435913,1.1425845623016355,0.0959692001342773,0.0011740685440599,False,0.8172609400324149,0.1412989588497769,Re-scan
178,False,23,range_hood,23,range_hood,True,0.563930332660675,0.7603920698165894,0.6514416337013245,0.1089504361152648,0.0024133552797138,False,0.8176661264181524,0.14122893954410307,Re-scan
460,False,14,guitar,14,guitar,True,0.563361406326294,1.2707631587982178,0.98806232213974,0.2827008366584778,0.0042019127868115,False,0.8180713128038898,0.1411589895988113,Re-scan
33,True,20,laptop,10,door,,0.5628750324249268,1.479521870613098,1.0447653532028198,0.4347565174102783,0.0044010076671838,True,0.8184764991896273,0.14158415841584157,Re-scan
812,False,7,cone,21,plant,False,0.5627810955047607,1.4159698486328125,1.0769805908203125,0.3389892578125,0.0034354624804109,True,0.8188816855753647,0.14200890648193965,Re-scan
1861,False,28,table,28,table,True,0.5611942410469055,1.1123722791671753,0.8591419458389282,0.253230333328247,0.0040115360170602,False,0.8192868719611021,0.14193867457962414,Re-scan
766,False,32,vase,32,vase,True,0.5607931017875671,0.9982970952987672,0.8071852922439575,0.1911118030548095,0.0034607197158038,False,0.8196920583468396,0.14186851211072665,Re-scan
21,True,20,laptop,6,chair,,0.560422420501709,1.3341825008392334,0.8130137920379639,0.5211687088012695,0.0068154511973261,True,0.820097244732577,0.1422924901185771,Re-scan
2164,False,18,night_stand,18,night_stand,True,0.5600939989089966,0.8661062717437744,0.7639452815055847,0.1021609902381897,0.0021783064585179,False,0.8205024311183144,0.14222222222222222,Re-scan
1819,False,31,tv_stand,25,sofa,False,0.5586420297622681,1.2843958139419556,1.0489177703857422,0.2354780435562133,0.0031905204523354,True,0.8209076175040518,0.14264560710760119,Re-scan
950,False,18,night_stand,11,dresser,False,0.5585940480232239,1.081714391708374,1.0037037134170532,0.0780106782913208,0.0007442815112881,True,0.8213128038897893,0.14306857424765665,Re-scan
2204,False,4,bookshelf,4,bookshelf,True,0.5584874153137207,1.5404515266418457,1.1737931966781616,0.3666583299636841,0.0034514912404119,False,0.8217179902755267,0.14299802761341224,Re-scan
1634,False,9,desk,9,desk,True,0.5584741234779358,1.465996265411377,1.2981990575790403,0.1677972078323364,0.0019111507572233,False,0.8221231766612642,0.1429275505174963,Re-scan
2079,False,23,range_hood,23,range_hood,True,0.5584319233894348,0.7199200391769409,0.6397761106491089,0.080143928527832,0.0020927274599671,False,0.8225283630470016,0.14285714285714285,Re-scan
1772,False,28,table,9,desk,False,0.5582312941551208,1.3601021766662598,1.147007942199707,0.2130942344665527,0.002438670489937,True,0.8229335494327391,0.1432791728212703,Re-scan
161,False,9,desk,9,desk,True,0.5574246644973755,1.1386604309082031,0.6538379788398743,0.4848224520683288,0.007152734324336,False,0.8233387358184765,0.14320866141732283,Re-scan
201,False,13,glass_box,13,glass_box,True,0.5573773980140686,1.2983250617980957,1.103077411651611,0.1952476501464843,0.0026904826518148,False,0.8237439222042139,0.14313821938022628,Re-scan
83,True,5,bottle,32,vase,,0.5567823648452759,1.270321249961853,1.1562391519546509,0.1140820980072021,0.0012427985202521,True,0.8241491085899514,0.14355948869223206,Re-scan
306,False,21,plant,21,plant,True,0.5565743446350098,1.160592794418335,0.9562830328941344,0.2043097615242004,0.0032755804713815,False,0.8245542949756888,0.14348894348894348,Re-scan
736,False,11,dresser,11,dresser,True,0.5560137033462524,1.6201910972595217,1.4145495891571045,0.205641508102417,0.0015657821204513,False,0.8249594813614263,0.14341846758349705,Re-scan
1513,False,32,vase,12,flower_pot,False,0.5547245144844055,0.931395947933197,0.8578948378562927,0.0735011100769043,0.0010254490189254,True,0.8253646677471637,0.14383897889052527,Re-scan
1174,False,18,night_stand,31,tv_stand,False,0.5544554591178894,1.4060027599334717,1.2327055931091309,0.1732971668243408,0.0017536397790536,True,0.8257698541329012,0.14425907752698724,Re-scan
2160,False,9,desk,9,desk,True,0.5532504916191101,1.4216301441192627,1.1860824823379517,0.235547661781311,0.002814078470692,False,0.8261750405186385,0.1441883276115743,Re-scan
1141,False,24,sink,6,chair,False,0.5510334372520447,1.2658510208129885,1.0116214752197266,0.2542295455932617,0.0034787743352353,True,0.826580226904376,0.14460784313725492,Re-scan
1316,False,4,bookshelf,10,door,False,0.5499281883239746,1.3127896785736084,1.1269928216934204,0.185796856880188,0.0018293651519343,True,0.8269854132901134,0.14502694757471826,Re-scan
338,False,21,plant,21,plant,True,0.548385739326477,1.1671645641326904,1.0112818479537964,0.155882716178894,0.0014103242428973,False,0.8273905996758509,0.14495592556317335,Re-scan
1931,False,3,bench,10,door,False,0.5482842326164246,1.4919114112854004,1.0437628030776978,0.4481486082077026,0.0056488690897822,True,0.8277957860615883,0.14537444933920704,Re-scan
401,False,20,piano,20,piano,True,0.5481942296028137,1.686150312423706,1.4994688034057615,0.1866815090179443,0.0014893797924742,False,0.8282009724473258,0.14530332681017613,Re-scan
1705,False,22,radio,13,glass_box,False,0.5478782653808594,1.2802271842956543,1.1018387079238892,0.1783884763717651,0.0024846468586474,True,0.8286061588330632,0.14572127139364302,Re-scan
1300,False,18,night_stand,28,table,False,0.5473392605781555,0.9287828207015992,0.757530152797699,0.1712526679039001,0.0032229537609964,True,0.8290113452188006,0.14613880742913002,Re-scan
992,False,25,sofa,20,piano,False,0.5471579432487488,1.6581785678863523,1.4223005771636963,0.2358779907226562,0.001978505635634,True,0.8294165316045381,0.14655593551538837,Re-scan
298,False,18,night_stand,18,night_stand,True,0.5470790863037109,1.6173031330108645,1.4709861278533936,0.1463170051574707,0.0009896003175526,False,0.8298217179902755,0.146484375,Re-scan
117,False,21,plant,21,plant,True,0.5466656684875488,1.6356524229049685,1.269897699356079,0.3657547235488891,0.0030618412420153,False,0.830226904376013,0.14641288433382138,Re-scan
784,False,23,range_hood,23,range_hood,True,0.5465694665908813,1.5176907777786257,1.2681947946548462,0.2494959831237793,0.0024350597523152,False,0.8306320907617504,0.14634146341463414,Re-scan
1473,False,28,table,28,table,True,0.54518061876297,0.9940592050552368,0.8776947259902954,0.1163644790649414,0.0019293568329885,False,0.8310372771474879,0.1462701121404193,Re-scan
456,False,1,bathtub,2,bed,False,0.5449811816215515,0.8720507621765137,0.7605191469192505,0.1115316152572631,0.002349400660023,True,0.8314424635332253,0.1466861598440546,Re-scan
1321,False,28,table,3,bench,False,0.544692873954773,0.8256672620773315,0.7322064638137817,0.0934607982635498,0.0020297914743423,True,0.8318476499189628,0.14710180224062347,Re-scan
24,True,18,keyboard,10,door,,0.5441272854804993,0.9628385305404664,0.758524477481842,0.2043140530586242,0.0035170933697372,True,0.8322528363047001,0.14751703992210322,Re-scan
1625,False,22,radio,22,radio,True,0.5437706112861633,1.633758544921875,1.3978676795959473,0.2358908653259277,0.0021677680779248,False,0.8326580226904376,0.14744525547445256,Re-scan
2269,False,11,dresser,11,dresser,True,0.54300856590271,1.4578267335891724,1.3538676500320437,0.1039590835571289,0.0009259214275516,False,0.833063209076175,0.14737354085603113,Re-scan
1986,False,2,bed,1,bathtub,False,0.5426545739173889,1.3684333562850952,1.1581631898880005,0.2102701663970947,0.0027950576040893,True,0.8334683954619124,0.14778804083616917,Re-scan
386,False,4,bookshelf,4,bookshelf,True,0.5424496531486511,1.3565785884857178,0.9532962441444396,0.4032823443412781,0.0053503112867474,False,0.8338735818476499,0.1477162293488824,Re-scan
104,False,13,glass_box,13,glass_box,True,0.5420737862586975,1.439566135406494,1.2990593910217283,0.1405067443847656,0.0015344383427873,False,0.8342787682333873,0.14764448761534726,Re-scan
1895,False,13,glass_box,13,glass_box,True,0.5419592261314392,1.3414058685302734,1.178064227104187,0.1633416414260864,0.0021928281057626,False,0.8346839546191248,0.14757281553398058,Re-scan
90,True,10,cup,12,flower_pot,,0.5416449308395386,1.0310553312301636,0.930085837841034,0.1009694933891296,0.00115428538993,True,0.8350891410048622,0.14798641436196022,Re-scan
2,True,5,bottle,32,vase,,0.5410172343254089,1.3121223449707031,1.1594318151474,0.1526905298233032,0.001522792619653,True,0.8354943273905997,0.1483996120271581,Re-scan
294,False,9,desk,9,desk,True,0.5403264760971069,1.6394565105438232,1.393202543258667,0.2462539672851562,0.0021737590432167,False,0.8358995137763371,0.14832767813863307,Re-scan
140,False,21,plant,21,plant,True,0.5398878455162048,1.1442137956619265,1.042271852493286,0.1019419431686401,0.000862366927322,False,0.8363047001620746,0.14825581395348839,Re-scan
178,True,18,keyboard,8,curtain,,0.5394546389579773,1.7683473825454712,1.4287785291671753,0.3395688533782959,0.00258997711353,True,0.836709886547812,0.1486682808716707,Re-scan
215,False,8,curtain,8,curtain,True,0.5391287803649902,1.130151629447937,0.9622979760169984,0.1678536534309387,0.0026098689995706,False,0.8371150729335495,0.14859632139399806,Re-scan
132,True,20,laptop,10,door,,0.5385518670082092,1.2223787307739258,0.8396686315536499,0.3827100992202759,0.0054565691389143,True,0.8375202593192869,0.1490082244799226,Re-scan
761,False,13,glass_box,13,glass_box,True,0.5383665561676025,1.2601587772369385,1.131136178970337,0.1290225982666015,0.0020033635664731,False,0.8379254457050244,0.14893617021276595,Re-scan
1351,False,28,table,28,table,True,0.5376906394958496,0.8487908840179443,0.7511592507362366,0.0976316332817077,0.0020817483309656,False,0.8383306320907618,0.14886418559690673,Re-scan
1834,False,32,vase,32,vase,True,0.5365272164344788,1.5385922193527222,1.3548818826675415,0.1837103366851806,0.0015080262674018,False,0.8387358184764991,0.14879227053140096,Re-scan
622,False,18,night_stand,31,tv_stand,False,0.5363502502441406,1.3702449798583984,1.2039291858673096,0.1663157939910888,0.0019888228271156,True,0.8391410048622366,0.14920328343795267,Re-scan
567,False,23,range_hood,16,mantel,False,0.5363414287567139,1.0334653854370115,0.8865883946418762,0.1468769907951355,0.0026437481865286,True,0.839546191247974,0.14961389961389962,Re-scan
708,False,22,radio,13,glass_box,False,0.536087691783905,1.233378767967224,1.0962034463882446,0.1371753215789795,0.0018317688954994,True,0.8399513776337115,0.15002411963338158,Ask for help
1272,False,3,bench,25,sofa,False,0.5352310538291931,0.7896292209625244,0.6285326480865479,0.1610965728759765,0.0037853019312024,True,0.8403565640194489,0.15043394406943106,Ask for help
912,False,2,bed,2,bed,True,0.5342872738838196,1.208754062652588,0.8901091814041138,0.3186448812484741,0.0047340979799628,False,0.8407617504051864,0.15036144578313254,Ask for help
1407,False,33,wardrobe,33,wardrobe,True,0.5340545177459717,1.6850388050079346,1.4912573099136353,0.1937814950942993,0.0015211654826998,False,0.8411669367909238,0.15028901734104047,Ask for help
378,False,11,dresser,11,dresser,True,0.5336649417877197,0.938069760799408,0.829890251159668,0.1081795096397399,0.0021470545325428,False,0.8415721231766613,0.15021665864227252,Ask for help
1816,False,17,monitor,23,range_hood,False,0.5331718921661377,1.6506588459014893,1.3740302324295044,0.2766286134719848,0.0024818941019475,True,0.8419773095623987,0.15062560153994226,Ask for help
1618,False,21,plant,21,plant,True,0.5330406427383423,1.0273739099502563,0.9340524077415466,0.0933215022087097,0.0012032798258587,False,0.8423824959481362,0.15055315055315055,Ask for help
73,False,31,tv_stand,31,tv_stand,True,0.5329930186271667,0.7576470375061035,0.6301683783531189,0.1274786591529846,0.0031644275877624,False,0.8427876823338736,0.15048076923076922,Ask for help
1168,False,18,night_stand,18,night_stand,True,0.5326501727104187,1.5927467346191406,1.4699989557266235,0.122747778892517,0.0009500624146312,False,0.843192868719611,0.15040845747236906,Ask for help
2280,False,13,glass_box,13,glass_box,True,0.5321617722511292,1.4161036014556885,1.0807981491088867,0.3353054523468017,0.0037584514357149,False,0.8435980551053485,0.15033621517771373,Ask for help
62,True,18,keyboard,10,door,,0.532140851020813,0.7647777795791626,0.6465021967887878,0.1182755827903747,0.0026905578561127,True,0.8440032414910859,0.15074411905904944,Ask for help
236,False,3,bench,3,bench,True,0.5319175124168396,1.4388941526412964,1.0975167751312256,0.3413773775100708,0.0038590754847973,False,0.8444084278768234,0.15067178502879078,Ask for help
248,False,28,table,2,bed,False,0.5317884683609009,0.9769356846809388,0.7931694388389587,0.1837662458419799,0.0031634755432605,True,0.8448136142625607,0.1510791366906475,Ask for help
1493,False,1,bathtub,1,bathtub,True,0.5317681431770325,1.0888259410858154,0.8344563245773315,0.2543696165084839,0.0044121020473539,False,0.8452188006482982,0.15100671140939598,Ask for help
1803,False,28,table,28,table,True,0.5303686857223511,1.4575382471084597,1.283159613609314,0.1743786334991455,0.001505380612798,False,0.8456239870340356,0.1509343555342597,Ask for help
1848,False,13,glass_box,13,glass_box,True,0.5298599004745483,1.3894141912460327,1.215070128440857,0.1743440628051757,0.0021778200753033,False,0.8460291734197731,0.15086206896551724,Ask for help
1000,False,19,person,32,vase,False,0.5296210050582886,1.2545294761657717,0.9860353469848632,0.2684941291809082,0.0037743381690233,True,0.8464343598055105,0.15126854954523697,Ask for help
367,False,17,monitor,17,monitor,True,0.5295719504356384,1.6198137998580933,1.380132079124451,0.2396817207336425,0.002561833942309,False,0.846839546191248,0.15119617224880383,Ask for help
158,True,6,bowl,32,vase,,0.5291473269462585,0.8133344054222107,0.7508427500724792,0.0624916553497314,0.0011036851210519,True,0.8472447325769854,0.1516021042563367,Ask for help
165,True,6,bowl,7,cone,,0.5286344289779663,1.1947767734527588,0.9351954460144044,0.2595813274383545,0.0042096525430679,True,0.8476499189627229,0.15200764818355642,Ask for help
554,False,16,mantel,16,mantel,True,0.5286331176757812,1.4421603679656982,1.1541284322738647,0.2880319356918335,0.0037352400831878,False,0.8480551053484603,0.15193502150023888,Ask for help
443,False,21,plant,21,plant,True,0.5267348885536194,1.462662935256958,1.2568281888961792,0.2058347463607788,0.0023999782279133,False,0.8484602917341977,0.1518624641833811,Ask for help
162,False,18,night_stand,11,dresser,False,0.5265250205993652,1.0109705924987793,0.9355183839797974,0.0754522085189819,0.0012819622643291,True,0.8488654781199352,0.1522673031026253,Ask for help
801,False,16,mantel,34,xbox,False,0.5257138609886169,1.6504158973693848,1.394880771636963,0.2555351257324219,0.002389948349446,True,0.8492706645056726,0.15267175572519084,Ask for help
520,False,23,range_hood,16,mantel,False,0.5246894359588623,0.7250474691390991,0.6027055382728577,0.1223419308662414,0.0031324871815741,True,0.8496758508914101,0.1530758226037196,Ask for help
223,False,11,dresser,18,night_stand,False,0.5245324373245239,1.3459932804107666,1.129401922225952,0.2165913581848144,0.0029780550394207,True,0.8500810372771475,0.1534795042897998,Ask for help
1765,False,27,stool,26,stairs,False,0.5239585041999817,1.5872801542282104,1.2787398099899292,0.3085403442382812,0.003049821127206,True,0.850486223662885,0.15388280133396856,Ask for help
2219,False,21,plant,0,airplane,False,0.5233751535415649,1.5906882286071775,0.8104431629180908,0.7802450656890869,0.0088947806507349,True,0.8508914100486223,0.15428571428571428,Ask for help
243,False,18,night_stand,28,table,False,0.5223116874694824,1.014651656150818,0.8458089828491211,0.1688426733016967,0.0028633656911551,True,0.8512965964343598,0.1546882436934793,Ask for help
1514,False,27,stool,27,stool,True,0.5222005844116211,1.383427381515503,1.0749434232711792,0.3084839582443237,0.0033862879499793,False,0.8517017828200972,0.15461465271170313,Ask for help
1085,False,9,desk,18,night_stand,False,0.5221970677375793,1.577106475830078,1.2646924257278442,0.3124140501022339,0.0031678958330303,True,0.8521069692058347,0.15501664289110795,Ask for help
2268,False,5,car,1,bathtub,False,0.522181510925293,1.3832309246063232,1.153871774673462,0.2293591499328613,0.0027922145090997,True,0.8525121555915721,0.15541825095057035,Ask for help
2069,False,20,piano,28,table,False,0.5196278691291809,1.5636193752288818,1.2145811319351196,0.3490382432937622,0.0040741022676229,True,0.8529173419773096,0.15581947743467933,Ask for help
837,False,11,dresser,11,dresser,True,0.5193122625350952,1.1921128034591677,1.0238770246505735,0.1682357788085937,0.002646135399118,False,0.853322528363047,0.1557454890788224,Ask for help
1833,False,20,piano,25,sofa,False,0.5192340016365051,1.1325877904891968,0.800058901309967,0.3325288891792297,0.0055650072172284,True,0.8537277147487844,0.15614617940199335,Ask for help
1960,False,9,desk,9,desk,True,0.5191608667373657,1.7917811870574951,1.5413193702697754,0.2504618167877197,0.0019841964822262,False,0.8541329011345219,0.15607210626185958,Ask for help
155,True,20,laptop,29,tent,,0.5187637805938721,1.5837825536727903,0.898144543170929,0.6856380105018616,0.0075066909193992,True,0.8545380875202593,0.15647226173541964,Ask for help
107,False,18,night_stand,18,night_stand,True,0.5182235836982727,1.287623167037964,1.1593722105026243,0.1282509565353393,0.0015278722858056,False,0.8549432739059968,0.15639810426540285,Ask for help
230,False,31,tv_stand,4,bookshelf,False,0.5171133279800415,0.9646115899086,0.8325302004814148,0.132081389427185,0.0022153758909553,True,0.8553484602917342,0.1567977261961156,Ask for help
1537,False,23,range_hood,16,mantel,False,0.516359806060791,0.7944061756134033,0.6943804621696472,0.1000257134437561,0.0022893180139362,True,0.8557536466774717,0.1571969696969697,Ask for help
713,False,20,piano,9,desk,False,0.5161135792732239,1.3171395063400269,0.8259769678115845,0.4911625385284424,0.0068635824136435,True,0.8561588330632091,0.1575958353052532,Ask for help
949,False,31,tv_stand,31,tv_stand,True,0.515799880027771,0.982704758644104,0.8288237452507019,0.1538810133934021,0.002530672121793,False,0.8565640194489466,0.1575212866603595,Ask for help
560,False,31,tv_stand,31,tv_stand,True,0.515507698059082,1.58894145488739,1.3907649517059326,0.1981765031814575,0.001978968270123,False,0.856969205834684,0.1574468085106383,Ask for help
1319,False,19,person,0,airplane,False,0.5155045986175537,1.4263739585876465,0.8883339166641235,0.538040041923523,0.0069810231216251,True,0.8573743922204214,0.15784499054820417,Ask for help
1049,False,13,glass_box,13,glass_box,True,0.515241801738739,1.499502420425415,1.368070125579834,0.131432294845581,0.0013726255856454,False,0.8577795786061588,0.15777042985356637,Ask for help
1227,False,11,dresser,18,night_stand,False,0.5149064660072327,1.1891796588897705,1.122508883476257,0.0666707754135131,0.0009204736561514,True,0.8581847649918962,0.15816808309726157,Ask for help
971,False,20,piano,20,piano,True,0.5148984789848328,1.5434587001800537,1.0819896459579468,0.4614690542221069,0.004731978289783,False,0.8585899513776337,0.15809344030202926,Ask for help
620,False,21,plant,12,flower_pot,False,0.5136046409606934,1.066317439079285,0.9486567378044128,0.1176607012748718,0.0016673451755195,True,0.8589951377633711,0.15849056603773584,Ask for help
1882,False,33,wardrobe,33,wardrobe,True,0.5124146342277527,1.7438126802444458,1.3788630962371826,0.3649495840072632,0.0032528117299079,False,0.8594003241491086,0.15841584158415842,Ask for help
1279,False,20,piano,20,piano,True,0.5116848945617676,1.5169470310211182,1.0734219551086426,0.4435250759124756,0.0058302478864789,False,0.859805510534846,0.1583411875589067,Ask for help
286,False,31,tv_stand,31,tv_stand,True,0.5115453004837036,1.7586534023284912,1.375467300415039,0.3831861019134521,0.0027973288670182,False,0.8602106969205835,0.15826660386245878,Ask for help
1184,False,11,dresser,18,night_stand,False,0.5111250281333923,1.2095379829406738,1.1296132802963257,0.0799247026443481,0.0009980419417843,True,0.8606158833063209,0.1586629001883239,Ask for help
176,False,8,curtain,17,monitor,False,0.510870099067688,1.0101139545440674,0.8104013204574585,0.1997126340866089,0.0039263870567083,True,0.8610210696920584,0.15905882352941175,Ask for help
1626,False,9,desk,25,sofa,False,0.5100882053375244,1.033820629119873,0.6797674298286438,0.3540531992912292,0.0060676806606352,True,0.8614262560777958,0.15945437441204138,Ask for help
1999,False,33,wardrobe,33,wardrobe,True,0.5099245309829712,1.4900743961334229,1.2314844131469729,0.2585899829864502,0.0029306304641067,False,0.8618314424635333,0.15937940761636107,Ask for help
1810,False,4,bookshelf,4,bookshelf,True,0.509391725063324,1.5823428630828855,1.4112305641174316,0.1711122989654541,0.0018331591272726,False,0.8622366288492707,0.15930451127819548,Ask for help
2144,False,18,night_stand,18,night_stand,True,0.5090948343276978,1.1364046335220337,1.0487465858459473,0.0876580476760864,0.0010479420889168,False,0.8626418152350082,0.1592296852982621,Ask for help
1306,False,9,desk,9,desk,True,0.5090768933296204,0.9568924903869628,0.6139811277389526,0.3429113626480102,0.0063809482380747,False,0.8630470016207455,0.1591549295774648,Ask for help
1976,False,19,person,19,person,True,0.5086728930473328,1.132369041442871,0.8753529787063599,0.2570160627365112,0.003961176611483,False,0.8634521880064829,0.15908024401689347,Ask for help
347,False,31,tv_stand,31,tv_stand,True,0.5083124041557312,1.054136037826538,0.8482117056846619,0.2059243321418762,0.0036100950092077,False,0.8638573743922204,0.15900562851782363,Ask for help
538,False,28,table,28,table,True,0.508000910282135,1.601726531982422,1.2230216264724731,0.3787049055099487,0.0038458940107375,False,0.8642625607779578,0.1589310829817159,Ask for help
58,False,28,table,28,table,True,0.5074185729026794,1.073399782180786,0.9041696190834044,0.1692301630973816,0.0031611758749932,False,0.8646677471636953,0.15885660731021556,Ask for help
92,True,5,bottle,32,vase,,0.5069948434829712,1.4352599382400513,1.2554736137390137,0.1797863245010376,0.0016618978697806,True,0.8650729335494327,0.1592505854800937,Ask for help
493,False,31,tv_stand,2,bed,False,0.5054393410682678,1.5066577196121216,1.390951156616211,0.1157065629959106,0.0012667325790971,True,0.8654781199351702,0.1596441947565543,Ask for help
1808,False,31,tv_stand,31,tv_stand,True,0.5040861368179321,1.5425337553024292,1.344033122062683,0.1985006332397461,0.0021286255214363,False,0.8658833063209076,0.15956948993916706,Ask for help
843,False,19,person,19,person,True,0.5034905672073364,1.5022153854370115,1.2785722017288208,0.2236431837081909,0.002454696688801,False,0.8662884927066451,0.15949485500467728,Ask for help
1811,False,23,range_hood,23,range_hood,True,0.5025712847709656,1.4604451656341553,1.1446325778961182,0.3158125877380371,0.0037781016435474,False,0.8666936790923825,0.15942028985507245,Ask for help
1597,False,21,plant,21,plant,True,0.5017938613891602,1.192598819732666,1.1033663749694824,0.0892324447631836,0.0009494419791735,False,0.86709886547812,0.15934579439252336,Ask for help
2045,False,23,range_hood,23,range_hood,True,0.5015298128128052,0.7380436062812805,0.667172908782959,0.0708706974983215,0.0018206171225756,False,0.8675040518638574,0.15927136851938348,Ask for help
1917,False,4,bookshelf,4,bookshelf,True,0.5011601448059082,0.929360568523407,0.8064895272254944,0.1228710412979126,0.0023114418145269,False,0.8679092382495948,0.1591970121381886,Ask for help
1766,False,34,xbox,34,xbox,True,0.5002054572105408,1.302866816520691,1.1715693473815918,0.1312974691390991,0.0015731594758108,False,0.8683144246353323,0.15912272515165657,Ask for help
575,False,5,car,5,car,True,0.4995696544647217,1.253994703292847,1.005532145500183,0.2484625577926635,0.0035430325660854,False,0.8687196110210696,0.15904850746268656,Ask for help
2138,False,9,desk,28,table,False,0.4991929531097412,1.3898942470550537,1.169691801071167,0.2202024459838867,0.0029778417665511,True,0.8691247974068071,0.15944055944055943,Ask for help
1478,False,27,stool,27,stool,True,0.4982380867004394,1.1429486274719238,0.9380934834480286,0.2048551440238952,0.0029207582119852,False,0.8695299837925445,0.15936626281453867,Ask for help
1583,False,4,bookshelf,31,tv_stand,False,0.497284859418869,1.596071720123291,1.30476975440979,0.291301965713501,0.0031611246522516,True,0.869935170178282,0.15975780158360503,Ask for help
1053,False,11,dresser,18,night_stand,False,0.4955050945281982,1.0861878395080566,0.8979542255401611,0.1882336139678955,0.0026069802697747,True,0.8703403565640194,0.1601489757914339,Ask for help
503,False,20,piano,20,piano,True,0.495282769203186,1.6365680694580078,1.417484998703003,0.2190830707550048,0.0025485635269433,False,0.8707455429497569,0.16007445323406236,Ask for help
1524,False,17,monitor,17,monitor,True,0.4951528310775757,0.969462275505066,0.7824364304542542,0.1870258450508117,0.0033724450040608,False,0.8711507293354943,0.16,Ask for help
1663,False,1,bathtub,25,sofa,False,0.4949522316455841,1.3796629905700684,1.1330393552780151,0.2466236352920532,0.0034076031297445,True,0.8715559157212318,0.1603905160390516,Ask for help
1035,False,19,person,0,airplane,False,0.4948458969593048,1.3402330875396729,1.017695069313049,0.3225380182266235,0.0049111968837678,True,0.8719611021069692,0.1607806691449814,Ask for help
2001,False,18,night_stand,11,dresser,False,0.4948355555534363,1.059178590774536,0.9491242170333862,0.1100543737411499,0.0019180830568075,True,0.8723662884927067,0.1611704598235021,Ask for help
1719,False,3,bench,3,bench,True,0.4946074783802032,1.894012212753296,1.329634428024292,0.5643777847290039,0.0049040145240724,False,0.8727714748784441,0.16109563602599813,Ask for help
25,True,6,bowl,12,flower_pot,,0.494039922952652,1.1262412071228027,0.9147985577583312,0.2114426493644714,0.0024897933471947,True,0.8731766612641815,0.1614849187935035,Ask for help
1416,False,19,person,19,person,True,0.4938960969448089,1.7261133193969729,1.4778441190719604,0.2482692003250122,0.0019342311425134,False,0.873581847649919,0.1614100185528757,Ask for help
1761,False,17,monitor,17,monitor,True,0.4933235943317413,1.827179193496704,1.4844332933425903,0.3427459001541137,0.0033010891638696,False,0.8739870340356564,0.16133518776077885,Ask for help
1930,False,27,stool,26,stairs,False,0.4927759170532226,1.2778971195220947,1.0701717138290403,0.2077254056930542,0.0030647369567304,True,0.8743922204213939,0.16172381835032437,Ask for help
952,False,16,mantel,19,person,False,0.4922959804534912,1.586449384689331,1.332724690437317,0.2537246942520141,0.0026636437978595,True,0.8747974068071313,0.1621120889300602,Ask for help
1805,False,19,person,19,person,True,0.4916560649871826,1.1442081928253174,0.9288007020950316,0.2154074907302856,0.0025944898370653,False,0.8752025931928687,0.16203703703703703,Ask for help
1262,False,21,plant,31,tv_stand,False,0.4897458553314209,1.5570744276046753,1.306044578552246,0.2510298490524292,0.0029175984673202,True,0.8756077795786061,0.16242480333179085,Ask for help
1674,False,21,plant,21,plant,True,0.4892308712005615,1.0788459777832031,0.8513997197151184,0.2274462580680847,0.003502425039187,False,0.8760129659643436,0.16234967622571692,Ask for help
526,False,10,door,10,door,True,0.489165723323822,0.9002736806869507,0.7888090014457703,0.1114646792411804,0.0021355282515287,False,0.876418152350081,0.1622746185852982,Ask for help
1446,False,26,stairs,26,stairs,True,0.4880093336105346,1.6076300144195557,1.3653234243392944,0.2423065900802612,0.0024942373856902,False,0.8768233387358185,0.1621996303142329,Ask for help
2085,False,18,night_stand,11,dresser,False,0.487955629825592,1.4059159755706787,1.3133398294448853,0.0925761461257934,0.0008508666651323,True,0.8772285251215559,0.16258660508083142,Ask for help
5,False,32,vase,32,vase,True,0.4876995086669922,1.8625781536102293,1.5975782871246338,0.2649998664855957,0.0019788048230111,False,0.8776337115072933,0.16251154201292706,Ask for help
1173,False,34,xbox,34,xbox,True,0.4876925349235534,1.042009353637695,0.8984100818634033,0.143599271774292,0.0025379925500601,False,0.8780388978930308,0.16243654822335024,Ask for help
1921,False,18,night_stand,18,night_stand,True,0.4874024987220764,1.31499445438385,1.044846534729004,0.2701479196548462,0.003899302566424,False,0.8784440842787682,0.16236162361623616,Ask for help
1721,False,31,tv_stand,31,tv_stand,True,0.4866776466369629,1.6917610168457031,1.202051877975464,0.4897091388702392,0.0051289936527609,False,0.8788492706645057,0.16228676809589673,Ask for help
743,False,11,dresser,31,tv_stand,False,0.4856056272983551,1.5067154169082642,1.308177471160889,0.1985379457473755,0.0019571806769818,True,0.8792544570502431,0.16267281105990783,Ask for help
2194,False,33,wardrobe,31,tv_stand,False,0.4854097068309784,1.723989486694336,1.5351250171661377,0.1888644695281982,0.0014122654683887,True,0.8796596434359806,0.1630584983878397,Ask for help
1713,False,17,monitor,17,monitor,True,0.4853163361549377,1.6142785549163818,1.409244179725647,0.2050343751907348,0.0021621661726385,False,0.880064829821718,0.16298342541436464,Ask for help
2161,False,28,table,3,bench,False,0.4848244488239288,1.1908193826675415,1.071982502937317,0.1188368797302246,0.001262608799152,True,0.8804700162074555,0.16336861481822365,Ask for help
1596,False,28,table,3,bench,False,0.4848029017448425,1.3114372491836548,1.172940731048584,0.1384965181350708,0.0016900498885661,True,0.8808752025931929,0.16375344986200552,Ask for help
1441,False,21,plant,21,plant,True,0.4834765493869781,1.4022939205169678,1.1564630270004272,0.2458308935165405,0.0026849247515201,False,0.8812803889789304,0.16367816091954024,Ask for help
462,False,31,tv_stand,31,tv_stand,True,0.4834346175193786,1.6840049028396606,1.3204201459884644,0.3635847568511963,0.0036710840649902,False,0.8816855753646677,0.1636029411764706,Ask for help
110,True,10,cup,32,vase,,0.4833022654056549,0.9400838613510132,0.8677172064781189,0.0723666548728942,0.001206891844049,True,0.8820907617504052,0.1639871382636656,Ask for help
748,False,21,plant,21,plant,True,0.4825745522975921,0.982504904270172,0.7575922608375549,0.2249126434326172,0.0033840427640825,False,0.8824959481361426,0.16391184573002754,Ask for help
89,True,6,bowl,29,tent,,0.4817830622196197,1.20448899269104,0.8167949318885803,0.3876940608024597,0.006113595329225,True,0.88290113452188,0.1642955484167049,Ask for help
709,False,34,xbox,34,xbox,True,0.4813213050365448,1.5451300144195557,1.3348742723464966,0.210255742073059,0.0023594091180711,False,0.8833063209076175,0.16422018348623854,Ask for help
864,False,20,piano,20,piano,True,0.4812227785587311,0.9706131219863892,0.8322967290878296,0.1383163928985595,0.0030257983598858,False,0.8837115072933549,0.16414488766620816,Ask for help
2020,False,13,glass_box,13,glass_box,True,0.4808588325977325,1.5392231941223145,1.3293639421463013,0.2098592519760131,0.002147854771465,False,0.8841166936790924,0.16406966086159486,Ask for help
55,False,17,monitor,30,toilet,False,0.4800939857959747,1.2059966325759888,0.9520792961120604,0.2539173364639282,0.0042088874615728,True,0.8845218800648298,0.16445258818140174,Ask for help
1498,False,25,sofa,18,night_stand,False,0.4797646999359131,1.7302628755569458,1.4475080966949463,0.2827547788619995,0.0025987594854086,True,0.8849270664505673,0.16483516483516483,Ask for help
1682,False,31,tv_stand,28,table,False,0.4793089628219604,1.3862383365631104,1.2147082090377808,0.1715301275253296,0.0022681925911456,True,0.8853322528363047,0.16521739130434782,Ask for help
380,False,24,sink,4,bookshelf,False,0.4781576991081238,1.5802462100982666,1.1423640251159668,0.4378821849822998,0.004933335352689,True,0.8857374392220422,0.1655992680695334,Ask for help
143,False,11,dresser,11,dresser,True,0.4779546856880188,1.5890626907348633,1.4351731538772583,0.1538895368576049,0.0014686898794025,False,0.8861426256077796,0.1655235482395976,Ask for help
45,False,11,dresser,11,dresser,True,0.4777874946594238,1.3980731964111328,1.309601664543152,0.0884715318679809,0.0011227912036702,False,0.8865478119935171,0.16544789762340037,Ask for help
800,False,12,flower_pot,21,plant,False,0.4771295487880707,1.231273174285889,1.048871636390686,0.1824015378952026,0.0025590735021978,True,0.8869529983792545,0.1658291457286432,Ask for help
14,False,25,sofa,2,bed,False,0.4766125679016113,0.9468879103660583,0.775202214717865,0.1716856956481933,0.0035253439564257,True,0.8873581847649918,0.16621004566210046,Ask for help
942,False,10,door,8,curtain,False,0.4765007793903351,0.943494200706482,0.8359479308128357,0.1075462698936462,0.0018322169780731,True,0.8877633711507293,0.16659059790050204,Ask for help
51,True,6,bowl,12,flower_pot,,0.476062536239624,1.32241952419281,1.016046404838562,0.306373119354248,0.0043161050416529,True,0.8881685575364667,0.16697080291970803,Ask for help
2129,False,22,radio,32,vase,False,0.4760623872280121,1.9336161613464355,1.593342900276184,0.3402732610702514,0.0026469135191291,True,0.8885737439222042,0.16735066119471045,Ask for help
1699,False,18,night_stand,31,tv_stand,False,0.4758808612823486,1.5776642560958862,1.3663429021835327,0.2113213539123535,0.0021012381184846,True,0.8889789303079416,0.16773017319963537,Ask for help
1725,False,22,radio,17,monitor,False,0.4745792746543884,1.641672134399414,1.3221369981765747,0.3195351362228393,0.0038489787839353,True,0.8893841166936791,0.16810933940774486,Ask for help
1909,False,15,lamp,15,lamp,True,0.4730620980262756,1.569921374320984,1.3446061611175537,0.2253152132034301,0.0024896557442843,False,0.8897893030794165,0.1680327868852459,Ask for help
2070,False,13,glass_box,33,wardrobe,False,0.4720056056976318,1.2973802089691162,1.0960530042648315,0.2013272047042846,0.00282286060974,True,0.890194489465154,0.16841147018661812,Ask for help
1159,False,31,tv_stand,31,tv_stand,True,0.4714728593826294,1.7209432125091553,1.5324140787124634,0.1885291337966919,0.0015025300672277,False,0.8905996758508914,0.16833484986351227,Ask for help
110,False,31,tv_stand,31,tv_stand,True,0.470350444316864,1.1824357509613037,1.0428194999694824,0.1396162509918213,0.0019483735086396,False,0.8910048622366289,0.16825829922692132,Ask for help
603,False,9,desk,9,desk,True,0.4703469574451446,1.1699970960617063,0.8552594780921936,0.3147376179695129,0.0051054186187684,False,0.8914100486223663,0.16818181818181818,Ask for help
168,True,5,bottle,21,plant,,0.4691853523254394,1.2881155014038086,1.108452320098877,0.1796631813049316,0.0020652094390243,True,0.8918152350081038,0.16855974557019537,Ask for help
222,False,10,door,21,plant,False,0.4673079550266266,1.1018178462982178,0.8892604112625122,0.2125574350357055,0.0035854803863912,True,0.8922204213938412,0.16893732970027248,Ask for help
1499,False,18,night_stand,18,night_stand,True,0.4672077298164367,1.321457028388977,1.0905619859695437,0.2308950424194336,0.0034689144231379,False,0.8926256077795786,0.16886064457557876,Ask for help
78,True,5,bottle,32,vase,,0.466664046049118,1.5435693264007568,1.3691962957382202,0.1743730306625366,0.0016909639816731,True,0.893030794165316,0.1692377495462795,Ask for help
1374,False,18,night_stand,18,night_stand,True,0.4666425585746765,1.7865235805511477,1.5801600217819214,0.206363558769226,0.001721050357446,False,0.8934359805510534,0.1691609977324263,Ask for help
1457,False,31,tv_stand,31,tv_stand,True,0.4647908806800842,0.9606490135192872,0.8380164504051208,0.1226325631141662,0.002218542387709,False,0.8938411669367909,0.16908431550317315,Ask for help
144,False,34,xbox,22,radio,False,0.4644394218921661,1.9793992042541504,1.742870807647705,0.2365283966064453,0.0018322076648473,True,0.8942463533225283,0.16946080652469417,Ask for help
1791,False,4,bookshelf,8,curtain,False,0.4643040895462036,1.085344910621643,0.9963748455047609,0.0889700651168823,0.0013328857021406,True,0.8946515397082658,0.16983695652173914,Ask for help
174,True,6,bowl,12,flower_pot,,0.4639785289764404,1.3578864336013794,1.0802273750305176,0.2776590585708618,0.0035097948275506,True,0.8950567260940032,0.1702127659574468,Ask for help
1693,False,32,vase,22,radio,False,0.4629130363464355,1.5770280361175537,1.2167727947235107,0.3602552413940429,0.0042137000709772,True,0.8954619124797407,0.17058823529411765,Ask for help
737,False,31,tv_stand,31,tv_stand,True,0.4625993967056274,1.0956685543060305,0.9445169568061828,0.1511515974998474,0.0020880533847957,False,0.8958670988654781,0.17051108095884215,Ask for help
1873,False,20,piano,27,stool,False,0.4621340334415436,1.741424322128296,1.4016907215118408,0.3397336006164551,0.0030634694267064,True,0.8962722852512156,0.17088607594936708,Ask for help
1820,False,2,bed,2,bed,True,0.4620746970176697,1.257674217224121,1.0460039377212524,0.2116702795028686,0.003270894754678,False,0.896677471636953,0.17080885675553548,Ask for help
1850,False,12,flower_pot,21,plant,False,0.4595967829227447,1.0590482950210571,0.956320345401764,0.1027279496192932,0.0010663751745596,True,0.8970826580226904,0.17118337850045168,Ask for help
783,False,18,night_stand,18,night_stand,True,0.4592982828617096,1.662489414215088,1.3321510553359983,0.3303383588790893,0.0033248539548367,False,0.8974878444084279,0.1711060948081264,Ask for help
1642,False,11,dresser,11,dresser,True,0.4583649337291717,1.0880409479141235,0.9921196699142456,0.0959212779998779,0.0016149011207744,False,0.8978930307941653,0.17102888086642598,Ask for help
763,False,31,tv_stand,31,tv_stand,True,0.4579479098320007,1.5563191175460815,1.2699992656707764,0.2863198518753052,0.0031209515873342,False,0.8982982171799028,0.17095173658096527,Ask for help
1020,False,18,night_stand,18,night_stand,True,0.4578933417797088,1.2236835956573486,1.0437238216400146,0.1799597740173339,0.0026375018060207,False,0.8987034035656402,0.1708746618575293,Ask for help
1749,False,21,plant,17,monitor,False,0.4573679268360138,1.274416208267212,0.9844773411750792,0.2899388670921325,0.0043406654149293,True,0.8991085899513777,0.1712483100495719,Ask for help
840,False,8,curtain,8,curtain,True,0.4558363854885101,1.4592061042785645,1.1927735805511477,0.266432523727417,0.0032740663737058,False,0.899513776337115,0.17117117117117117,Ask for help
1731,False,34,xbox,33,wardrobe,False,0.4556876420974731,1.1170734167099,1.0164624452590942,0.1006109714508056,0.0013142235111445,True,0.8999189627228525,0.1715443493921657,Ask for help
1250,False,11,dresser,11,dresser,True,0.4547871053218841,1.7167004346847534,1.5188565254211426,0.1978439092636108,0.0018282863311469,False,0.9003241491085899,0.17146714671467148,Ask for help
652,False,19,person,21,plant,False,0.4537933468818664,1.176931619644165,0.999779224395752,0.177152395248413,0.00219417642802,True,0.9007293354943274,0.17183985605038238,Ask for help
1561,False,21,plant,21,plant,True,0.4537101984024048,1.5500621795654297,1.2383229732513428,0.3117392063140869,0.0035718458238989,False,0.9011345218800648,0.17176258992805754,Ask for help
1232,False,5,car,5,car,True,0.453591376543045,1.5357136726379397,1.1249788999557495,0.4107347726821899,0.0049679991789162,False,0.9015397082658023,0.17168539325842697,Ask for help
760,False,13,glass_box,13,glass_box,True,0.4529095888137817,1.2325265407562256,1.1417995691299438,0.0907269716262817,0.0013512779260054,False,0.9019448946515397,0.17160826594788858,Ask for help
1255,False,17,monitor,11,dresser,False,0.4521262645721435,1.548624038696289,1.2999334335327148,0.2486906051635742,0.0029109083116054,True,0.9023500810372771,0.17198024247867086,Ask for help
43,True,5,bottle,32,vase,,0.4521243870258331,1.6473640203475952,1.3558955192565918,0.2914685010910034,0.0033644582144916,True,0.9027552674230146,0.17235188509874327,Ask for help
290,False,11,dresser,31,tv_stand,False,0.4521099627017975,1.5582340955734253,1.379874587059021,0.1783595085144043,0.0019239325774833,True,0.903160453808752,0.1727231942575146,Ask for help
521,False,7,cone,32,vase,False,0.452030599117279,1.0991191864013672,0.9555516839027404,0.1435675024986267,0.0026066519785672,True,0.9035656401944895,0.17309417040358743,Ask for help
1357,False,18,night_stand,13,glass_box,False,0.4513379037380218,1.313446044921875,1.224877119064331,0.0885689258575439,0.0011093340581282,True,0.9039708265802269,0.17346481398476019,Ask for help
350,False,21,plant,21,plant,True,0.4508557617664337,1.7722480297088623,1.3759102821350098,0.3963377475738525,0.0038246281910687,False,0.9043760129659644,0.17338709677419356,Ask for help
2026,False,9,desk,9,desk,True,0.4507405757904053,1.383370876312256,1.1826170682907104,0.2007538080215454,0.0029480992816388,False,0.9047811993517018,0.17330944917151814,Ask for help
207,False,18,night_stand,18,night_stand,True,0.4502985179424286,1.3017592430114746,1.0682817697525024,0.2334774732589721,0.0029875056352466,False,0.9051863857374393,0.17323187108325871,Ask for help
684,False,19,person,4,bookshelf,False,0.4487460553646087,1.6713128089904783,1.3106743097305298,0.3606384992599487,0.0038297215942293,True,0.9055915721231766,0.17360178970917226,Ask for help
1763,False,18,night_stand,11,dresser,False,0.4481396079063415,1.288644313812256,1.2042090892791748,0.084435224533081,0.0011061538243666,True,0.9059967585089141,0.17397137745974955,Ask for help
1283,False,18,night_stand,11,dresser,False,0.446381002664566,1.6101915836334229,1.486057162284851,0.1241344213485717,0.0008044086280278,True,0.9064019448946515,0.1743406347787215,Ask for help
2004,False,21,plant,21,plant,True,0.4458772838115692,1.7036781311035156,1.489315152168274,0.2143629789352417,0.0019830050878226,False,0.906807131280389,0.1742627345844504,Ask for help
470,False,23,range_hood,23,range_hood,True,0.4454990923404693,1.5388638973236084,1.2584185600280762,0.2804453372955322,0.0038546882569789,False,0.9072123176661264,0.17418490397498884,Ask for help
261,False,20,piano,20,piano,True,0.4440610408782959,1.977464199066162,1.7532984018325806,0.2241657972335815,0.0020025337580591,False,0.9076175040518638,0.17410714285714285,Ask for help
1210,False,15,lamp,15,lamp,True,0.4433432817459106,1.5097254514694214,1.10446035861969,0.4052650928497314,0.0050897314213216,False,0.9080226904376013,0.17402945113788487,Ask for help
1331,False,28,table,9,desk,False,0.4432771205902099,1.2414062023162842,0.9645301699638368,0.2768760323524475,0.0040463753975927,True,0.9084278768233387,0.1743978590544157,Ask for help
1132,False,29,tent,29,tent,True,0.4424787163734436,1.6181318759918213,1.2466764450073242,0.371455430984497,0.0043044220656156,False,0.9088330632090762,0.17432010699955416,Ask for help
1288,False,18,night_stand,11,dresser,False,0.4415875375270843,1.923965573310852,1.6689496040344238,0.2550159692764282,0.0021593442652374,True,0.9092382495948136,0.1746880570409982,Ask for help
1377,False,23,range_hood,34,xbox,False,0.4398147761821747,1.6429063081741333,1.3966575860977173,0.246248722076416,0.0020636392291635,True,0.9096434359805511,0.17505567928730512,Ask for help
834,False,20,piano,32,vase,False,0.4369603097438812,1.573396921157837,1.29568350315094,0.277713418006897,0.0033626151271164,True,0.9100486223662885,0.17542297417631345,Ask for help
2034,False,27,stool,27,stool,True,0.4369526207447052,1.702950954437256,1.3696106672286987,0.3333402872085571,0.0029924556147307,False,0.910453808752026,0.17534490431686695,Ask for help
4,False,18,night_stand,18,night_stand,True,0.4369164109230041,1.1841106414794922,1.106173038482666,0.0779376029968261,0.0011186244664713,False,0.9108589951377634,0.17526690391459074,Ask for help
159,True,18,keyboard,0,airplane,,0.4369061291217804,1.6724504232406616,1.3614286184310913,0.3110218048095703,0.0034264277201145,True,0.9112641815235009,0.17563361493997331,Ask for help
1079,False,8,curtain,8,curtain,True,0.4368143081665039,1.252842664718628,0.9849271178245544,0.2679155468940735,0.004008752759546,False,0.9116693679092382,0.17555555555555555,Ask for help
934,False,24,sink,24,sink,True,0.435844749212265,1.8093328475952148,1.545176982879639,0.2641558647155761,0.0026270586531609,False,0.9120745542949756,0.1754775655264327,Ask for help
508,False,28,table,28,table,True,0.4348747134208679,1.4901360273361206,1.2734594345092771,0.2166765928268432,0.0027206488884985,False,0.9124797406807131,0.17539964476021314,Ask for help
1609,False,13,glass_box,18,night_stand,False,0.434862732887268,1.3317638635635376,1.2306225299835205,0.101141333580017,0.0013872762210667,True,0.9128849270664505,0.17576564580559254,Ask for help
473,False,4,bookshelf,21,plant,False,0.4342029988765716,1.8134034872055051,1.380366563796997,0.4330369234085083,0.0041065327823162,True,0.913290113452188,0.17613132209405502,Ask for help
2271,False,32,vase,31,tv_stand,False,0.4328097105026245,1.9553563594818115,1.7180440425872805,0.2373123168945312,0.001942167757079,True,0.9136952998379254,0.17649667405764966,Ask for help
1091,False,27,stool,28,table,False,0.4320094883441925,1.5063796043395996,1.136507511138916,0.3698720932006836,0.0049337274394929,True,0.9141004862236629,0.1768617021276596,Ask for help
1544,False,22,radio,22,radio,True,0.4315122961997986,1.5216610431671145,1.115546464920044,0.4061145782470703,0.0055737532675266,False,0.9145056726094003,0.17678334071776694,Ask for help
1793,False,23,range_hood,20,piano,False,0.4313149452209472,1.683342218399048,1.2989788055419922,0.3843634128570556,0.004200673662126,True,0.9149108589951378,0.1771479185119575,Ask for help
1724,False,0,airplane,0,airplane,True,0.4298129677772522,1.7303178310394287,1.3949586153030396,0.3353592157363891,0.0036561698652803,False,0.9153160453808752,0.17706949977866313,Ask for help
568,False,23,range_hood,24,sink,False,0.4297425448894501,1.82275652885437,1.457816243171692,0.3649402856826782,0.0034026175271719,True,0.9157212317666127,0.17743362831858406,Ask for help
23,True,18,keyboard,8,curtain,,0.4294154644012451,1.859784841537476,1.5182089805603027,0.3415758609771728,0.0031122714281082,True,0.9161264181523501,0.17779743476337903,Ask for help
1906,False,21,plant,8,curtain,False,0.4286134839057922,1.130919098854065,0.8944151401519775,0.2365039587020874,0.0041933665052056,True,0.9165316045380876,0.1781609195402299,Ask for help
1809,False,28,table,28,table,True,0.4284479022026062,1.4067732095718384,1.2254282236099243,0.181344985961914,0.0021770191378891,False,0.916936790923825,0.1780821917808219,Ask for help
1878,False,17,monitor,27,stool,False,0.428133487701416,1.976865530014038,1.7723486423492432,0.2045168876647949,0.0014253880362957,True,0.9173419773095624,0.1784452296819788,Ask for help
696,False,27,stool,28,table,False,0.4277451634407043,1.2423582077026367,1.0344338417053225,0.2079243659973144,0.0033072670921683,True,0.9177471636952999,0.17880794701986755,Ask for help
534,False,31,tv_stand,3,bench,False,0.4262655675411224,1.164282202720642,0.8671078681945801,0.297174334526062,0.0046686315909028,True,0.9181523500810372,0.17917034421888792,Ask for help
730,False,13,glass_box,33,wardrobe,False,0.424441933631897,1.5338178873062134,1.3101184368133545,0.2236994504928589,0.0027121047023683,True,0.9185575364667747,0.1795324217026908,Ask for help
137,True,10,cup,15,lamp,,0.4241208732128143,1.3365154266357422,1.1787842512130735,0.1577311754226684,0.0020911369938403,True,0.9189627228525121,0.17989417989417988,Ask for help
905,False,29,tent,29,tent,True,0.4238853454589844,1.979633092880249,1.686296463012695,0.2933366298675537,0.002304260386154,False,0.9193679092382496,0.17981489643014545,Ask for help
177,True,20,laptop,10,door,,0.4226794242858886,1.8262251615524288,1.2478092908859253,0.5784158706665039,0.0059175072237849,True,0.919773095623987,0.1801762114537445,Ask for help
1768,False,20,piano,29,tent,False,0.4222945868968963,1.9335020780563357,1.6395727396011353,0.2939293384552002,0.0023011653684079,True,0.9201782820097245,0.1805372082782915,Ask for help
580,False,20,piano,18,night_stand,False,0.4222924411296844,1.5260459184646606,1.2984126806259155,0.2276332378387451,0.0027350333984941,True,0.9205834683954619,0.18089788732394366,Ask for help
1747,False,18,night_stand,11,dresser,False,0.4219913780689239,1.5896731615066528,1.4620766639709473,0.1275964975357055,0.0012661867076531,True,0.9209886547811994,0.18125824901011878,Ask for help
838,False,9,desk,18,night_stand,False,0.4216861128807068,1.4592195749282837,1.2034177780151367,0.255801796913147,0.0030142229516059,True,0.9213938411669368,0.18161829375549693,Ask for help
817,False,31,tv_stand,19,person,False,0.4210626184940338,1.53703510761261,1.213344931602478,0.3236901760101318,0.0040966416709125,True,0.9217990275526742,0.181978021978022,Ask for help
635,False,21,plant,12,flower_pot,False,0.4205173254013061,1.4198147058486938,1.26729416847229,0.1525205373764038,0.0018591708503663,True,0.9222042139384117,0.18233743409490333,Ask for help
452,False,4,bookshelf,4,bookshelf,True,0.4203751981258392,2.047924518585205,1.810057997703552,0.2378665208816528,0.0013366410275921,False,0.9226094003241491,0.18225735617039965,Ask for help
2126,False,9,desk,26,stairs,False,0.4203205406665802,2.054173707962036,1.2940610647201538,0.7601126432418823,0.0067761470563709,True,0.9230145867098866,0.1826163301141352,Ask for help
1313,False,8,curtain,17,monitor,False,0.4200967252254486,1.48062002658844,1.217678427696228,0.2629415988922119,0.0031792994122952,True,0.923419773095624,0.18297498903027642,Ask for help
1365,False,8,curtain,8,curtain,True,0.4197307825088501,1.2682042121887207,1.0534225702285769,0.214781641960144,0.0032617228571325,False,0.9238249594813615,0.18289473684210528,Ask for help
1089,False,1,bathtub,25,sofa,False,0.4191541373729706,1.5555319786071775,1.336533546447754,0.2189984321594238,0.0028770717326551,True,0.9242301458670988,0.1832529592284086,Ask for help
2235,False,33,wardrobe,13,glass_box,False,0.4190290868282318,1.4751956462860107,1.3475103378295898,0.1276853084564209,0.0017088308231905,True,0.9246353322528363,0.1836108676599474,Ask for help
1606,False,8,curtain,10,door,False,0.4166357815265655,1.288225173950195,1.0578080415725708,0.2304171323776245,0.0023613055236637,True,0.9250405186385737,0.18396846254927726,Ask for help
2002,False,13,glass_box,13,glass_box,True,0.4165268242359161,1.3290265798568726,1.2469465732574463,0.0820800065994262,0.0011742134811356,False,0.9254457050243112,0.18388791593695272,Ask for help
821,False,18,night_stand,18,night_stand,True,0.4163759648799896,1.3239710330963137,1.2186367511749268,0.1053342819213867,0.0011717322049662,False,0.9258508914100486,0.1838074398249453,Ask for help
1672,False,8,curtain,21,plant,False,0.4143730700016022,1.1451858282089231,0.9557018280029296,0.1894840002059936,0.0032517875079065,True,0.9262560777957861,0.18416447944007,Ask for help
1273,False,5,car,24,sink,False,0.4139632880687713,1.428044080734253,1.0114359855651855,0.4166080951690674,0.0061289789155125,True,0.9266612641815235,0.1845212068211631,Ask for help
259,False,11,dresser,11,dresser,True,0.4130166471004486,1.8425360918045044,1.6139154434204102,0.2286206483840942,0.0022392557002604,False,0.9270664505672609,0.18444055944055945,Ask for help
1055,False,11,dresser,11,dresser,True,0.4124382734298706,1.581930160522461,1.3983721733093262,0.1835579872131347,0.0019467801321297,False,0.9274716369529984,0.18435998252512015,Ask for help
1147,False,24,sink,24,sink,True,0.4124030470848083,1.6329596042633057,1.4350570440292358,0.1979025602340698,0.0023036720231175,False,0.9278768233387358,0.18427947598253275,Ask for help
54,False,34,xbox,6,chair,False,0.4115275144577026,2.02938175201416,1.456949234008789,0.5724325180053711,0.0054163727909326,True,0.9282820097244733,0.18463553033609778,Ask for help
2133,False,23,range_hood,17,monitor,False,0.4102293252944946,1.8019392490386963,1.4033901691436768,0.3985490798950195,0.0040337708778679,True,0.9286871961102107,0.1849912739965096,Ask for help
2003,False,18,night_stand,18,night_stand,True,0.4100103676319122,1.783862590789795,1.6327478885650637,0.1511147022247314,0.0013972695451229,False,0.9290923824959482,0.18491059747056257,Ask for help
1998,False,13,glass_box,11,dresser,False,0.409386396408081,1.678339600563049,1.5603114366531372,0.1180281639099121,0.0010198338422924,True,0.9294975688816856,0.18526591107236268,Ask for help
729,False,1,bathtub,1,bathtub,True,0.4079955816268921,2.0041003227233887,1.6743741035461426,0.3297262191772461,0.0031599351204931,False,0.929902755267423,0.18518518518518517,Ask for help
17,False,1,bathtub,29,tent,False,0.4072011113166809,1.2082926034927368,0.8045982718467712,0.4036943316459656,0.0069890329614281,True,0.9303079416531604,0.18554006968641115,Ask for help
2022,False,21,plant,15,lamp,False,0.4070387780666351,1.644953370094299,1.487287163734436,0.1576662063598632,0.0015252276789397,True,0.9307131280388979,0.18589464518937746,Ask for help
703,False,32,vase,32,vase,True,0.4062865674495697,1.2749311923980713,1.1223043203353882,0.1526268720626831,0.0022928109392523,False,0.9311183144246353,0.18581375108790252,Ask for help
747,False,21,plant,12,flower_pot,False,0.4062135219573974,1.5168287754058838,1.2678974866867063,0.2489312887191772,0.0027875483501702,True,0.9315235008103727,0.18616789908655937,Ask for help
1913,False,19,person,16,mantel,False,0.4061535596847534,1.5704717636108398,1.2158366441726685,0.3546351194381714,0.0048940666019916,True,0.9319286871961102,0.1865217391304348,Ask for help
1799,False,9,desk,9,desk,True,0.4054072201251983,1.5884506702423096,1.2916324138641355,0.2968182563781738,0.0037072531413286,False,0.9323338735818476,0.1864406779661017,Ask for help
428,False,11,dresser,11,dresser,True,0.405375063419342,1.579723834991455,1.44359028339386,0.1361335515975952,0.0014071452897042,False,0.9327390599675851,0.18635968722849697,Ask for help
2229,False,4,bookshelf,16,mantel,False,0.4052711129188537,1.467151165008545,1.1432746648788452,0.3238765001296997,0.0045405561104416,True,0.9331442463533225,0.18671298306556666,Ask for help
779,False,13,glass_box,13,glass_box,True,0.4039212167263031,1.292449116706848,1.222980260848999,0.0694688558578491,0.0010424591600894,False,0.93354943273906,0.18663194444444445,Ask for help
9,True,20,laptop,26,stairs,,0.4025673568248749,1.913400650024414,1.4788784980773926,0.4345221519470215,0.0037468778900802,True,0.9339546191247974,0.18698481561822125,Ask for help
1496,False,9,desk,18,night_stand,False,0.4019473195075989,1.751007080078125,1.5177701711654663,0.2332369089126587,0.0022883869241923,True,0.9343598055105349,0.1873373807458803,Ask for help
499,False,21,plant,12,flower_pot,False,0.4015181064605713,1.397260665893555,1.1862612962722778,0.2109993696212768,0.0024815313518047,True,0.9347649918962723,0.18768964022540097,Ask for help
1507,False,13,glass_box,18,night_stand,False,0.4006230235099792,1.3280413150787354,1.2172236442565918,0.1108176708221435,0.001667920849286,True,0.9351701782820098,0.18804159445407279,Ask for help
996,False,13,glass_box,13,glass_box,True,0.3988533318042755,1.3160152435302734,1.2346062660217283,0.0814089775085449,0.0010794434929266,False,0.9355753646677472,0.18796015591165008,Ask for help
1294,False,32,vase,32,vase,True,0.3986813426017761,1.2454240322113037,1.066362738609314,0.1790612936019897,0.0028061082120984,False,0.9359805510534847,0.18787878787878787,Ask for help
75,False,2,bed,9,desk,False,0.3977495431900024,1.9878697395324707,1.7185630798339844,0.2693066596984863,0.0021383222192525,True,0.936385737439222,0.18823020337516227,Ask for help
123,False,31,tv_stand,4,bookshelf,False,0.3976258039474487,1.6667340993881226,1.4022225141525269,0.2645115852355957,0.0029219528660178,True,0.9367909238249594,0.18858131487889274,Ask for help
1433,False,5,car,5,car,True,0.3975995779037475,1.6239945888519287,1.2894766330718994,0.3345179557800293,0.0041278968565166,False,0.9371961102106969,0.18849978383052313,Ask for help
1904,False,27,stool,27,stool,True,0.39693084359169,1.5112192630767822,1.1769022941589355,0.3343169689178467,0.004445606842637,False,0.9376012965964343,0.18841832324978391,Ask for help
74,True,20,laptop,8,curtain,,0.3963887095451355,1.851352572441101,1.3205089569091797,0.5308436155319214,0.0051664626225829,True,0.9380064829821718,0.18876889848812095,Ask for help
144,True,20,laptop,29,tent,,0.394852340221405,1.8609442710876465,1.5165318250656128,0.3444124460220337,0.0035258976276963,True,0.9384116693679092,0.18911917098445596,Ask for help
296,False,32,vase,15,lamp,False,0.3941477239131927,1.718284010887146,1.4673681259155271,0.2509158849716186,0.0028998411726206,True,0.9388168557536467,0.18946914113077254,Ask for help
1623,False,18,night_stand,18,night_stand,True,0.3939509391784668,1.8140389919281008,1.5766068696975708,0.2374321222305297,0.0023776404559612,False,0.9392220421393841,0.1893874029335634,Ask for help
668,False,17,monitor,17,monitor,True,0.3938218951225281,1.8590574264526367,1.559840202331543,0.2992172241210937,0.0031528314575552,False,0.9396272285251216,0.18930573523070288,Ask for help
370,False,29,tent,0,airplane,False,0.3933288156986236,1.7638587951660156,1.3103092908859253,0.4535495042800903,0.005492209456861,True,0.940032414910859,0.1896551724137931,Ask for help
551,False,13,glass_box,13,glass_box,True,0.3922167718410492,1.5396164655685425,1.3231605291366575,0.2164559364318847,0.0021532168611884,False,0.9404376012965965,0.1895734597156398,Ask for help
34,True,5,bottle,12,flower_pot,,0.390264481306076,1.6478118896484375,1.4685726165771484,0.179239273071289,0.0014978430699557,True,0.9408427876823339,0.18992248062015504,Ask for help
129,True,20,laptop,6,chair,,0.3899185359477997,2.082115173339844,1.694484829902649,0.3876303434371948,0.003110206220299,True,0.9412479740680713,0.1902712010331468,Ask for help
1794,False,26,stairs,26,stairs,True,0.3890039324760437,1.5155971050262451,1.1731045246124268,0.3424925804138183,0.004612173885107,False,0.9416531604538088,0.1901893287435456,Ask for help
1891,False,6,chair,6,chair,True,0.3861693143844604,1.429863214492798,1.2353465557098389,0.1945166587829589,0.0027220279444009,False,0.9420583468395461,0.19010752688172042,Ask for help
839,False,21,plant,12,flower_pot,False,0.3859730362892151,1.3077915906906128,1.1217124462127686,0.1860791444778442,0.0025520140770822,True,0.9424635332252836,0.19045571797076527,Ask for help
2223,False,15,lamp,32,vase,False,0.3847081661224365,1.5261735916137695,1.1880903244018557,0.338083267211914,0.0043021421879529,True,0.942868719611021,0.19080360979802322,Ask for help
2247,False,11,dresser,11,dresser,True,0.3838829100131988,1.620543360710144,1.3679420948028564,0.2526012659072876,0.0032370234839618,False,0.9432739059967585,0.19072164948453607,Ask for help
260,False,18,night_stand,18,night_stand,True,0.3837612867355346,1.2974685430526731,1.2173008918762207,0.0801676511764526,0.0012168018147349,False,0.9436790923824959,0.1906397595534564,Ask for help
156,False,1,bathtub,2,bed,False,0.3812493979930877,1.5534887313842771,1.1589559316635132,0.3945327997207641,0.0048323539085686,True,0.9440842787682334,0.19098712446351931,Ask for help
1973,False,11,dresser,18,night_stand,False,0.3807683289051056,1.5406856536865234,1.4335111379623413,0.1071745157241821,0.0009006503387354,True,0.9444894651539708,0.19133419133419133,Ask for help
1417,False,26,stairs,21,plant,False,0.3803788721561432,1.5514415502548218,1.3612827062606812,0.1901588439941406,0.0023353407159447,True,0.9448946515397083,0.1916809605488851,Ask for help
524,False,18,night_stand,13,glass_box,False,0.3798080086708069,1.4844133853912354,1.3784668445587158,0.1059465408325195,0.0011985875898972,True,0.9452998379254457,0.19202743249035575,Ask for help
58,True,6,bowl,34,xbox,,0.3792384266853332,1.9102178812026975,1.5417394638061523,0.3684784173965454,0.0033302495721727,True,0.9457050243111832,0.19237360754070265,Ask for help
71,True,5,bottle,32,vase,,0.3790351450443268,1.6272122859954834,1.2367846965789795,0.3904275894165039,0.0045508905313909,True,0.9461102106969206,0.19271948608137046,Ask for help
36,True,20,laptop,8,curtain,,0.3786022961139679,1.9836633205413816,1.2370985746383667,0.7465647459030151,0.007019376847893,True,0.946515397082658,0.1930650684931507,Ask for help
1,True,5,bottle,31,tv_stand,,0.377488374710083,2.02325177192688,1.7509469985961914,0.2723047733306885,0.0022807077039033,True,0.9469205834683955,0.19341035515618313,Ask for help
1161,False,15,lamp,12,flower_pot,False,0.3754535913467407,1.4176530838012695,1.2005356550216677,0.217117428779602,0.0030454921070486,True,0.9473257698541329,0.19375534644995723,Ask for help
20,True,6,bowl,32,vase,,0.3749397397041321,1.376560926437378,1.2305113077163696,0.1460496187210083,0.0014883551048114,True,0.9477309562398704,0.19410004275331338,Ask for help
1485,False,18,night_stand,31,tv_stand,False,0.3744389712810516,1.443873643875122,1.2620456218719482,0.1818280220031738,0.0024199681356549,True,0.9481361426256077,0.19444444444444445,Ask for help
667,False,23,range_hood,23,range_hood,True,0.3742193281650543,1.9438515901565552,1.6186463832855225,0.3252052068710327,0.0032845891546458,False,0.9485413290113452,0.1943613840239214,Ask for help
70,False,34,xbox,22,radio,False,0.3741887211799621,1.7290501594543457,1.567078948020935,0.1619712114334106,0.0013018629979342,True,0.9489465153970826,0.19470538001707943,Ask for help
1007,False,23,range_hood,32,vase,False,0.3740764558315277,1.924532175064087,1.6981152296066284,0.2264169454574585,0.0019362032180652,True,0.9493517017828201,0.19504908237302604,Ask for help
981,False,21,plant,21,plant,True,0.3734928667545318,1.8050189018249512,1.4729187488555908,0.3321001529693603,0.0034234991762787,False,0.9497568881685575,0.19496587030716722,Ask for help
437,False,32,vase,32,vase,True,0.3730411231517792,2.20133638381958,1.9421067237854004,0.2592296600341797,0.0020524195861071,False,0.950162074554295,0.19488272921108743,Ask for help
1187,False,21,plant,19,person,False,0.3719852268695831,1.5550644397735596,1.142127513885498,0.4129369258880615,0.0055703520774841,True,0.9505672609400324,0.19522591645353793,Ask for help
672,False,33,wardrobe,34,xbox,False,0.371831476688385,1.6325886249542236,1.4373397827148438,0.1952488422393798,0.0020740802865475,True,0.9509724473257699,0.19556881124840222,Ask for help
2071,False,29,tent,22,radio,False,0.3714249432086944,2.1903939247131348,1.9795531034469604,0.2108408212661743,0.0012732787290588,True,0.9513776337115073,0.19591141396933562,Ask for help
650,False,19,person,19,person,True,0.368675947189331,1.8051671981811523,1.541012167930603,0.2641550302505493,0.0027737135533243,False,0.9517828200972447,0.19582801191996593,Ask for help
53,False,11,dresser,18,night_stand,False,0.3686020076274872,1.5189563035964966,1.4095346927642822,0.1094216108322143,0.0011056931689381,True,0.9521880064829822,0.19617021276595745,Ask for help
502,False,32,vase,21,plant,False,0.3681183755397796,1.3441630601882937,1.1727701425552368,0.1713929176330566,0.002591200871393,True,0.9525931928687196,0.19651212250106337,Ask for help
2286,False,32,vase,12,flower_pot,False,0.3670802116394043,1.8642160892486568,1.6575604677200315,0.2066556215286255,0.0016021266346797,True,0.9529983792544571,0.19685374149659865,Ask for help
1929,False,25,sofa,24,sink,False,0.3666820228099823,2.249948024749756,1.878186583518982,0.3717614412307739,0.0028253465425223,True,0.9534035656401945,0.1971950701232469,Ask for help
114,True,5,bottle,12,flower_pot,,0.3666074275970459,1.5488444566726685,1.3718258142471311,0.1770186424255371,0.0020363270305097,True,0.953808752025932,0.19753610875106203,Ask for help
970,False,8,curtain,8,curtain,True,0.3665279150009155,1.8174729347229004,1.3990379571914673,0.4184349775314331,0.0045596174895763,False,0.9542139384116693,0.19745222929936307,Ask for help
740,False,21,plant,21,plant,True,0.3658647239208221,1.618096113204956,1.3709760904312134,0.2471200227737426,0.0025952598080039,False,0.9546191247974068,0.19736842105263158,Ask for help
1968,False,31,tv_stand,22,radio,False,0.3656593263149261,1.6798322200775146,1.2843505144119265,0.3954817056655884,0.004249186720699,True,0.9550243111831442,0.19770895205770048,Ask for help
1951,False,3,bench,3,bench,True,0.3641732037067413,1.952671766281128,1.722195386886597,0.2304763793945312,0.0020171413198113,False,0.9554294975688817,0.19762510602205258,Ask for help
1324,False,21,plant,21,plant,True,0.3635051846504211,1.8081283569335935,1.4297165870666504,0.3784117698669433,0.0041447547264397,False,0.9558346839546191,0.19754133107248834,Ask for help
1233,False,31,tv_stand,31,tv_stand,True,0.3609829843044281,2.0493741035461426,1.813245177268982,0.2361289262771606,0.0018497492419555,False,0.9562398703403565,0.19745762711864406,Ask for help
557,False,11,dresser,28,table,False,0.3605881035327911,1.5429821014404297,1.1493688821792605,0.3936132192611694,0.0050068143755197,True,0.956645056726094,0.1977975434138077,Ask for help
2080,False,13,glass_box,11,dresser,False,0.3605350852012634,1.368589162826538,1.2649272680282593,0.1036618947982788,0.0014773578150197,True,0.9570502431118314,0.19813717188823032,Ask for help
1005,False,11,dresser,31,tv_stand,False,0.3585540056228637,1.3358755111694336,1.1443352699279783,0.191540241241455,0.0027821224648505,True,0.9574554294975689,0.1984765129073212,Ask for help
151,False,11,dresser,11,dresser,True,0.3576581478118896,1.8555190563201904,1.6325819492340088,0.2229371070861816,0.0019693835638463,False,0.9578606158833063,0.19839255499153977,Ask for help
2111,False,28,table,3,bench,False,0.3575174808502197,1.6983274221420288,1.4243782758712769,0.2739491462707519,0.0033697979524731,True,0.9582658022690438,0.19873150105708245,Ask for help
974,False,31,tv_stand,31,tv_stand,True,0.3568874597549438,1.9417778253555296,1.7021738290786743,0.2396039962768554,0.0016786060295999,False,0.9586709886547812,0.19864750633981404,Ask for help
1610,False,9,desk,20,piano,False,0.3564804196357727,2.158381462097168,1.8304604291915891,0.3279210329055786,0.0029713360127061,True,0.9590761750405187,0.19898605830164764,Ask for help
845,False,31,tv_stand,31,tv_stand,True,0.353725790977478,1.9445528984069824,1.631135106086731,0.3134177923202514,0.0029493600595742,False,0.9594813614262561,0.19890202702702703,Ask for help
787,False,18,night_stand,11,dresser,False,0.3525580465793609,1.7002437114715576,1.5875005722045898,0.1127431392669677,0.0009820093400776,True,0.9598865478119936,0.19924018573237653,Ask for help
1852,False,22,radio,22,radio,True,0.3519025444984436,1.857899188995361,1.6874014139175415,0.1704977750778198,0.0014463750412687,False,0.960291734197731,0.1991561181434599,Ask for help
1871,False,21,plant,15,lamp,False,0.3511804044246673,1.77235746383667,1.4882415533065796,0.2841159105300903,0.0028910925611853,True,0.9606969205834684,0.19949388443694643,Ask for help
89,False,2,bed,22,radio,False,0.3508403301239013,1.6497275829315186,1.481617093086243,0.1681104898452758,0.0016389827942475,True,0.9611021069692058,0.19983136593591905,Ask for help
398,False,17,monitor,17,monitor,True,0.3507377505302429,2.2201690673828125,1.8418686389923096,0.3783004283905029,0.0032218093983829,False,0.9615072933549432,0.1997471554993679,Ask for help
1845,False,20,piano,26,stairs,False,0.3486910760402679,2.188165664672852,1.8270766735076904,0.3610889911651611,0.0024153902195394,True,0.9619124797406807,0.2000842459983151,Ask for help
582,False,26,stairs,6,chair,False,0.3481816053390503,1.779876947402954,1.4763283729553225,0.3035485744476318,0.0028294627554714,True,0.9623176661264181,0.20042105263157894,Ask for help
528,False,30,toilet,30,toilet,True,0.3464199900627136,2.0175085067749023,1.72572922706604,0.2917792797088623,0.0025494720321148,False,0.9627228525121556,0.20033670033670034,Ask for help
1415,False,28,table,28,table,True,0.3454059958457947,1.8152530193328855,1.5208359956741333,0.2944170236587524,0.0032764330971986,False,0.963128038897893,0.20025241901556584,Ask for help
921,False,33,wardrobe,22,radio,False,0.3450129926204681,1.6936014890670776,1.5093177556991575,0.1842837333679199,0.0016090380959212,True,0.9635332252836305,0.20058873002523128,Ask for help
1392,False,15,lamp,26,stairs,False,0.3444860279560089,2.064649820327759,1.6532796621322632,0.4113701581954956,0.0038624913431704,True,0.9639384116693679,0.20092475830180748,Ask for help
1211,False,31,tv_stand,31,tv_stand,True,0.3433775007724762,1.793312668800354,1.387976884841919,0.405335783958435,0.0041882111690938,False,0.9643435980551054,0.2008403361344538,Ask for help
1638,False,25,sofa,20,piano,False,0.3415844738483429,1.633500099182129,1.4116767644882202,0.2218233346939087,0.0028182391542941,True,0.9647487844408428,0.2011759764804704,Ask for help
292,False,11,dresser,29,tent,False,0.3413825631141662,1.6753238439559937,1.3951406478881836,0.28018319606781,0.0033220881596207,True,0.9651539708265803,0.20151133501259447,Ask for help
162,True,20,laptop,6,chair,,0.3399776220321655,2.069955825805664,1.6973861455917358,0.3725696802139282,0.0033093094825744,True,0.9655591572123177,0.20184641208560639,Ask for help
1198,False,23,range_hood,26,stairs,False,0.3388944566249847,2.0843138694763184,1.8122843503952024,0.2720295190811157,0.0023605141323059,True,0.965964343598055,0.20218120805369127,Ask for help
277,False,14,guitar,8,curtain,False,0.3379406929016113,1.479699969291687,1.1207382678985596,0.3589617013931274,0.0045118681155145,True,0.9663695299837926,0.20251572327044026,Ask for help
63,True,20,laptop,10,door,,0.3376419842243194,2.041532039642334,1.2468256950378418,0.7947063446044922,0.0079204607754945,True,0.9667747163695299,0.20284995808885165,Ask for help
2227,False,21,plant,21,plant,True,0.3354150950908661,1.818327784538269,1.5741024017333984,0.2442253828048706,0.002296783728525,False,0.9671799027552674,0.20276497695852536,Ask for help
218,False,15,lamp,15,lamp,True,0.33401620388031,1.7492716312408447,1.1098331212997437,0.6394385099411011,0.007671293336898,False,0.9675850891410048,0.20268006700167504,Ask for help
1293,False,13,glass_box,11,dresser,False,0.3324288427829742,1.582005262374878,1.458785057067871,0.1232202053070068,0.0013244483852759,True,0.9679902755267423,0.2030138133110088,Ask for help
2106,False,29,tent,31,tv_stand,False,0.3323037326335907,1.9538779258728027,1.6826788187026978,0.271199107170105,0.0023826051037758,True,0.9683954619124797,0.20334728033472804,Ask for help
1885,False,31,tv_stand,31,tv_stand,True,0.3320695757865906,1.8916035890579224,1.51543390750885,0.3761696815490722,0.0037111018318682,False,0.9688006482982172,0.20326223337515684,Ask for help
2170,False,12,flower_pot,32,vase,False,0.3308815360069275,1.6682641506195068,1.29953134059906,0.3687328100204468,0.0043566096574068,True,0.9692058346839546,0.2035953177257525,Ask for help
416,False,18,night_stand,18,night_stand,True,0.3307340443134308,1.9575130939483645,1.774513840675354,0.1829992532730102,0.0013873430434614,False,0.9696110210696921,0.20351023819473466,Ask for help
19,True,5,bottle,12,flower_pot,,0.330340176820755,1.6092687845230105,1.4430803060531616,0.1661884784698486,0.0016688647447153,True,0.9700162074554295,0.20384294068504594,Ask for help
627,False,31,tv_stand,5,car,False,0.329951524734497,1.8428013324737549,1.3534752130508425,0.4893261194229126,0.0051985559985041,True,0.970421393841167,0.20417536534446765,Ask for help
70,True,5,bottle,32,vase,,0.3296028077602386,1.9140167236328125,1.5057518482208252,0.4082648754119873,0.0041293948888778,True,0.9708265802269044,0.2045075125208681,Ask for help
816,False,23,range_hood,16,mantel,False,0.3294330537319183,1.6079723834991455,1.1022318601608276,0.5057405233383179,0.0065251518972218,True,0.9712317666126418,0.20483938256153525,Ask for help
139,False,10,door,21,plant,False,0.3282786309719085,1.3996484279632568,1.150423288345337,0.2492251396179199,0.0033329860307276,True,0.9716369529983793,0.20517097581317764,Ask for help
479,False,11,dresser,11,dresser,True,0.3275914490222931,1.7572671175003052,1.5871700048446655,0.1700971126556396,0.0014789508422836,False,0.9720421393841167,0.2050854522717799,Ask for help
1029,False,34,xbox,34,xbox,True,0.3254665732383728,2.097081661224365,1.798048496246338,0.2990331649780273,0.0021462915465235,False,0.9724473257698542,0.205,Ask for help
1984,False,17,monitor,11,dresser,False,0.3229608237743377,1.939219117164612,1.712346434593201,0.2268726825714111,0.0021596611477434,True,0.9728525121555915,0.2053311120366514,Ask for help
60,False,18,night_stand,18,night_stand,True,0.3224769830703735,1.8047583103179927,1.5104788541793823,0.2942794561386108,0.002995068905875,False,0.973257698541329,0.20524562864279766,Ask for help
711,False,21,plant,12,flower_pot,False,0.3215251564979553,1.8994216918945312,1.5590944290161133,0.3403272628784179,0.0025521144270896,True,0.9736628849270664,0.20557636287973366,Ask for help
1482,False,11,dresser,18,night_stand,False,0.3214146196842193,1.6420576572418213,1.5268431901931765,0.115214467048645,0.0010913168080151,True,0.9740680713128039,0.20590682196339435,Ask for help
330,False,16,mantel,16,mantel,True,0.320089727640152,1.6396828889846802,1.4055492877960205,0.2341336011886596,0.0029494592454284,False,0.9744732576985413,0.20582120582120583,Ask for help
1157,False,1,bathtub,9,desk,False,0.3183149397373199,1.9159311056137085,1.498206377029419,0.4177247285842895,0.0042727077379822,True,0.9748784440842788,0.20615128844555278,Ask for help
809,False,32,vase,12,flower_pot,False,0.3181906044483185,1.708336591720581,1.3940662145614624,0.3142703771591186,0.0031645521521568,True,0.9752836304700162,0.2064810968009971,Ask for help
33,False,31,tv_stand,1,bathtub,False,0.3181772530078888,2.0209357738494877,1.7240909337997437,0.2968448400497436,0.0027610012330114,True,0.9756888168557536,0.20681063122923588,Ask for help
49,True,5,bottle,12,flower_pot,,0.3177943825721741,1.7368147373199463,1.4673279523849487,0.2694867849349975,0.0024747648276388,True,0.9760940032414911,0.20713989207139893,Ask for help
209,False,31,tv_stand,31,tv_stand,True,0.3171940147876739,1.928699851036072,1.5433670282363892,0.3853328227996826,0.0035081203095614,False,0.9764991896272285,0.2070539419087137,Ask for help
81,False,28,table,2,bed,False,0.3165489733219147,1.5882408618927002,1.3958051204681396,0.1924357414245605,0.0019871222320944,True,0.976904376012966,0.20738282870178348,Ask for help
2205,False,6,chair,3,bench,False,0.3162960410118103,1.7775683403015137,1.362942099571228,0.4146262407302856,0.0047883628867566,True,0.9773095623987034,0.20771144278606965,Ask for help
392,False,18,night_stand,13,glass_box,False,0.3160232603549957,1.7538576126098633,1.6492501497268677,0.1046074628829956,0.0008901450200937,True,0.9777147487844409,0.20803978450062163,Ask for help
2103,False,13,glass_box,13,glass_box,True,0.3154923617839813,1.505640745162964,1.3966583013534546,0.1089824438095092,0.0011749393306672,False,0.9781199351701783,0.207953603976802,Ask for help
335,False,21,plant,26,stairs,False,0.3129072487354278,1.8780810832977293,1.4907057285308838,0.3873753547668457,0.0037048689555376,True,0.9785251215559158,0.2082815734989648,Ask for help
2134,False,1,bathtub,20,piano,False,0.3126460313796997,2.1341328620910645,1.8048622608184812,0.329270601272583,0.0030178951565176,True,0.9789303079416531,0.20860927152317882,Ask for help
1196,False,20,piano,20,piano,True,0.3118623495101928,2.016338348388672,1.7806776762008667,0.2356606721878051,0.0022842343896627,False,0.9793354943273906,0.20852296235002069,Ask for help
1295,False,9,desk,9,desk,True,0.3113252222537994,1.5664182901382446,1.2620598077774048,0.3043584823608398,0.0038484262768179,False,0.979740680713128,0.20843672456575682,Ask for help
1270,False,16,mantel,28,table,False,0.3106004297733307,2.2610976696014404,2.0033164024353027,0.2577812671661377,0.001648912904784,True,0.9801458670988655,0.20876395204630013,Ask for help
1120,False,6,chair,3,bench,False,0.3094508051872253,1.676461935043335,1.282366394996643,0.3940955400466919,0.0045308684930205,True,0.9805510534846029,0.20909090909090908,Ask for help
1894,False,16,mantel,16,mantel,True,0.3093553781509399,1.95461106300354,1.7208173274993896,0.2337937355041504,0.0018682816298678,False,0.9809562398703403,0.2090045435770343,Ask for help
634,False,31,tv_stand,31,tv_stand,True,0.3087242543697357,1.9370567798614504,1.6124975681304932,0.324559211730957,0.0024734158068895,False,0.9813614262560778,0.20891824938067713,Ask for help
422,False,32,vase,32,vase,True,0.307112455368042,2.246946096420288,1.874106168746948,0.3728399276733398,0.0023960613179951,False,0.9817666126418152,0.20883202641353693,Ask for help
1651,False,32,vase,21,plant,False,0.3064934909343719,1.7081466913223269,1.4402929544448853,0.2678537368774414,0.0029478152282536,True,0.9821717990275527,0.20915841584158415,Ask for help
179,True,18,keyboard,31,tv_stand,,0.3056564927101135,2.0926308631896973,1.6101523637771606,0.4824784994125366,0.0036805416457355,True,0.9825769854132901,0.20948453608247422,Ask for help
1745,False,33,wardrobe,16,mantel,False,0.3016775846481323,1.911769151687622,1.7034790515899658,0.2082901000976562,0.0020358376204967,True,0.9829821717990276,0.20981038746908492,Ask for help
1519,False,20,piano,22,radio,False,0.3007778823375702,1.6874265670776367,1.4149229526519775,0.2725036144256592,0.0031546778045594,True,0.983387358184765,0.21013597033374537,Ask for help
1821,False,21,plant,21,plant,True,0.2994900345802307,2.0253005027771,1.495972990989685,0.5293275117874146,0.0048346733674407,False,0.9837925445705025,0.2100494233937397,Ask for help
211,False,11,dresser,24,sink,False,0.2990885376930237,1.8972105979919436,1.6753065586090088,0.2219040393829345,0.0022656593937426,True,0.9841977309562399,0.21037463976945245,Ask for help
487,False,32,vase,32,vase,True,0.290221095085144,2.258551836013794,1.8596291542053225,0.3989226818084717,0.0026529158931225,False,0.9846029173419774,0.2102880658436214,Ask for help
1516,False,18,night_stand,11,dresser,False,0.2901635766029358,2.095989227294922,1.83603036403656,0.2599588632583618,0.0022292807698249,True,0.9850081037277147,0.21061291649526945,Ask for help
781,False,23,range_hood,26,stairs,False,0.2856585383415222,1.6336607933044434,1.2688390016555786,0.3648217916488647,0.0045945914462208,True,0.9854132901134521,0.2109375,Ask for help
790,False,23,range_hood,24,sink,False,0.2828986644744873,2.2215394973754883,1.85920512676239,0.3623343706130981,0.0026981034316122,True,0.9858184764991896,0.21126181668721744,Ask for help
1872,False,18,night_stand,13,glass_box,False,0.2792653441429138,1.820140361785889,1.635744333267212,0.1843960285186767,0.0016920847119763,True,0.986223662884927,0.2115858668857847,Ask for help
1639,False,9,desk,9,desk,True,0.2791040539741516,1.876168966293335,1.6515883207321167,0.2245806455612182,0.0022440429311245,False,0.9866288492706645,0.21149897330595482,Ask for help
2127,False,31,tv_stand,6,chair,False,0.2743273377418518,1.8173315525054927,1.405650615692139,0.4116809368133545,0.0047388761304318,True,0.9870340356564019,0.21182266009852216,Ask for help
2136,False,26,stairs,29,tent,False,0.2738765776157379,2.2964255809783936,1.7957608699798584,0.5006647109985352,0.0038442101795226,True,0.9874392220421394,0.21214608124743536,Ask for help
599,False,1,bathtub,1,bathtub,True,0.2709816098213196,1.7630164623260498,1.585323691368103,0.1776927709579467,0.0017919612582772,False,0.9878444084278768,0.21205906480721903,Ask for help
854,False,14,guitar,14,guitar,True,0.2671931087970733,1.937510132789612,1.569675087928772,0.3678350448608398,0.0035615749657154,False,0.9882495948136143,0.2119721197211972,Ask for help
687,False,1,bathtub,1,bathtub,True,0.2611385583877563,2.057583332061768,1.7949275970458984,0.2626557350158691,0.0021064174361526,False,0.9886547811993517,0.21188524590163935,Ask for help
2173,False,21,plant,7,cone,False,0.2600929141044616,2.0226597785949707,1.4555301666259766,0.5671296119689941,0.0053128888830542,True,0.9890599675850892,0.2122081114297419,Ask for help
123,True,5,bottle,21,plant,,0.2597663402557373,2.0751793384552,1.821737051010132,0.2534422874450683,0.0019266871968284,True,0.9894651539708266,0.21253071253071254,Ask for help
448,False,9,desk,9,desk,True,0.2585266232490539,2.4539060592651367,2.1691081523895264,0.2847979068756103,0.0018821005942299,False,0.9898703403565641,0.212443716741711,Ask for help
1841,False,17,monitor,17,monitor,True,0.2573637068271637,1.983203649520874,1.6719558238983154,0.3112478256225586,0.0031131643336266,False,0.9902755267423015,0.2123567921440262,Ask for help
649,False,20,piano,20,piano,True,0.2573122680187225,2.387263059616089,2.0913846492767334,0.2958784103393554,0.002143467310816,False,0.9906807131280388,0.21226993865030674,Ask for help
128,True,6,bowl,12,flower_pot,,0.2531643807888031,1.8667998313903809,1.5624990463256836,0.3043007850646972,0.0028920634649693,True,0.9910858995137763,0.21259198691741618,Ask for help
506,False,13,glass_box,31,tv_stand,False,0.2505649924278259,2.103288173675537,1.7400591373443604,0.3632290363311767,0.0031980241183191,True,0.9914910858995137,0.21291377196567224,Ask for help
1678,False,34,xbox,4,bookshelf,False,0.2503450512886047,1.888676643371582,1.5741314888000488,0.3145451545715332,0.0030323853716254,True,0.9918962722852512,0.21323529411764705,Ask for help
1266,False,32,vase,32,vase,True,0.2499749660491943,2.1787660121917725,1.9126871824264529,0.2660788297653198,0.0019251123303547,False,0.9923014586709886,0.21314822376480197,Ask for help
716,False,34,xbox,25,sofa,False,0.2471994459629058,2.022876262664795,1.744016408920288,0.2788598537445068,0.0024559323210269,True,0.9927066450567261,0.21346938775510205,Ask for help
93,True,5,bottle,31,tv_stand,,0.2451540380716323,2.491917371749878,1.9696378707885744,0.5222795009613037,0.0032616220414638,True,0.9931118314424635,0.21379028967768257,Ask for help
776,False,20,piano,2,bed,False,0.2450944483280182,2.1440625190734863,1.666106343269348,0.4779561758041382,0.0038855245802551,True,0.993517017828201,0.2141109298531811,Ask for help
651,False,1,bathtub,2,bed,False,0.2368568181991577,2.1425046920776367,1.7183200120925903,0.4241846799850464,0.0034989600535482,True,0.9939222042139384,0.2144313086017122,Ask for help
101,False,21,plant,21,plant,True,0.2329727262258529,2.134446144104004,1.8025277853012085,0.3319183588027954,0.0024219646584242,False,0.9943273905996759,0.2143439282803586,Ask for help
241,False,20,piano,24,sink,False,0.2306104749441146,2.4337713718414307,1.839141607284546,0.5946297645568848,0.0046579735353589,True,0.9947325769854133,0.21466395112016293,Ask for help
232,False,31,tv_stand,20,piano,False,0.2288534641265869,2.401465654373169,2.1455318927764893,0.2559337615966797,0.002020219573751,True,0.9951377633711507,0.21498371335504887,Ask for help
116,True,5,bottle,11,dresser,,0.2223637700080871,2.19704532623291,1.919686198234558,0.277359127998352,0.0022762231528759,True,0.9955429497568882,0.2153032153032153,Ask for help
137,False,20,piano,20,piano,True,0.220595434308052,2.14206600189209,1.717751383781433,0.4243146181106567,0.0036769309081137,False,0.9959481361426256,0.21521562245728235,Ask for help
956,False,11,dresser,11,dresser,True,0.2190621048212051,2.34114933013916,2.0937724113464355,0.2473769187927246,0.0016565873520448,False,0.9963533225283631,0.2151281008540057,Ask for help
2117,False,24,sink,31,tv_stand,False,0.2183107733726501,2.220412492752075,1.8560669422149656,0.3643455505371094,0.0025822760071605,True,0.9967585089141004,0.21544715447154472,Ask for help
1734,False,18,night_stand,18,night_stand,True,0.2071171849966049,2.2857370376586914,2.084728956222534,0.2010080814361572,0.0012425960740074,False,0.997163695299838,0.21535960991466882,Ask for help
955,False,16,mantel,11,dresser,False,0.2037354111671447,2.451356649398804,2.1789968013763428,0.2723598480224609,0.0015709025319665,True,0.9975688816855753,0.21567831031681559,Ask for help
1832,False,20,piano,21,plant,False,0.1999878138303756,2.108564853668213,1.753628492355347,0.3549363613128662,0.0030093747191131,True,0.9979740680713128,0.21599675192854242,Ask for help
855,False,11,dresser,31,tv_stand,False,0.1994729191064834,2.141641616821289,1.8867979049682615,0.2548437118530273,0.0020588343031704,True,0.9983792544570502,0.21631493506493507,Ask for help
1320,False,24,sink,21,plant,False,0.1908978372812271,2.354412078857422,1.9274874925613403,0.4269245862960815,0.0028004783671349,True,0.9987844408427877,0.21663286004056795,Ask for help
32,False,31,tv_stand,22,radio,False,0.1859679222106933,2.3366267681121826,2.0165364742279053,0.3200902938842773,0.0021826480515301,True,0.9991896272285251,0.21695052716950528,Ask for help
1197,False,3,bench,34,xbox,False,0.1745732724666595,2.4917142391204834,2.060376644134521,0.4313375949859619,0.0026974163483828,True,0.9995948136142626,0.21726793676530198,Ask for help
1138,False,33,wardrobe,22,radio,False,0.1442091017961502,2.4202609062194824,2.180912494659424,0.2393484115600586,0.0014354487648233,True,1.0,0.21758508914100486,Ask for help
