sample_idx,is_ood,true_label,true_class_name,pred_label,pred_class_name,correct,confidence,total_entropy,aleatoric,epistemic,variance
0,False,4,bookshelf,4,bookshelf,True,0.9510605931282043,0.29625236988067627,0.2819332778453827,0.014319092035293579,2.003814370254986e-05
1,False,0,airplane,0,airplane,True,0.9999746084213257,0.0003495077253319323,0.00031440024031326175,3.510748501867056e-05,6.31532187655992e-11
2,False,2,bed,2,bed,True,0.6789466738700867,1.3613234758377075,1.3191571235656738,0.04216635227203369,0.0003063337062485516
3,False,6,chair,6,chair,True,0.9915900230407715,0.06292232871055603,0.059334829449653625,0.003587499260902405,1.805601186788408e-06
4,False,18,night_stand,11,dresser,False,0.5307266116142273,0.8947603702545166,0.8772704005241394,0.017489969730377197,0.000281131622614339
5,False,32,vase,13,glass_box,False,0.2534411549568176,2.1049118041992188,2.016360282897949,0.08855152130126953,0.0006264301482588053
6,False,30,toilet,30,toilet,True,0.9996514320373535,0.0037433456163853407,0.0034504008945077658,0.0002929447218775749,6.993142065425673e-09
7,False,30,toilet,30,toilet,True,0.9998705983161926,0.0015535256825387478,0.0013417310547083616,0.00021179462783038616,2.2719888193023507e-09
8,False,23,range_hood,23,range_hood,True,0.8355526924133301,0.5759553909301758,0.5475029945373535,0.028452396392822266,0.0002830204030033201
9,False,13,glass_box,13,glass_box,True,0.9760477542877197,0.14881981909275055,0.1314072459936142,0.017412573099136353,4.5198521547717974e-05
10,False,0,airplane,0,airplane,True,0.9999343752861023,0.0008316923631355166,0.0007080469513311982,0.00012364541180431843,1.1431062763023192e-09
11,False,28,table,28,table,True,0.9932746291160583,0.04865138977766037,0.04491272196173668,0.003738667815923691,2.2943768271943554e-06
12,False,30,toilet,30,toilet,True,0.9999347925186157,0.0008016953361220658,0.0007243615691550076,7.733376696705818e-05,4.395018515790383e-10
13,False,32,vase,32,vase,True,0.95302814245224,0.2089640349149704,0.2038460373878479,0.0051179975271224976,1.8663213268155232e-05
14,False,25,sofa,2,bed,False,0.9772541522979736,0.15116280317306519,0.1419580578804016,0.009204745292663574,1.4139806808088906e-05
15,False,6,chair,6,chair,True,0.9992713928222656,0.007001813966780901,0.00668698363006115,0.00031483033671975136,1.7276294173029783e-08
16,False,21,plant,21,plant,True,0.9174739718437195,0.3510470390319824,0.33507952094078064,0.015967518091201782,4.920351420878433e-05
17,False,1,bathtub,1,bathtub,True,0.8843706250190735,0.41043785214424133,0.35577717423439026,0.054660677909851074,0.0005204420886002481
18,False,18,night_stand,18,night_stand,True,0.9373676776885986,0.3512353301048279,0.32728177309036255,0.023953557014465332,6.843917799415067e-05
19,False,30,toilet,30,toilet,True,0.9987717866897583,0.011020718142390251,0.009420367889106274,0.0016003502532839775,4.220426319534454e-07
20,False,14,guitar,14,guitar,True,0.9985345005989075,0.012939312495291233,0.01136775966733694,0.0015715528279542923,2.753968999513745e-07
21,False,4,bookshelf,4,bookshelf,True,0.9732418656349182,0.1324903517961502,0.1289568841457367,0.003533467650413513,6.875938197481446e-06
22,False,17,monitor,17,monitor,True,0.9960606694221497,0.03481985628604889,0.032572921365499496,0.0022469349205493927,5.621953391710122e-07
23,False,4,bookshelf,4,bookshelf,True,0.9541257619857788,0.26019760966300964,0.2508588135242462,0.009338796138763428,1.2588928257173393e-05
24,False,0,airplane,0,airplane,True,0.9999966025352478,5.1238857849966735e-05,4.697580516221933e-05,4.263052687747404e-06,1.5840453948534616e-12
25,False,21,plant,21,plant,True,0.8086618781089783,0.7604290246963501,0.7179661393165588,0.04246288537979126,0.00033066776813939214
26,False,16,mantel,16,mantel,True,0.9698582291603088,0.1774616241455078,0.16221995651721954,0.015241667628288269,3.092392216785811e-05
27,False,5,car,5,car,True,0.9240757822990417,0.36658549308776855,0.3497893214225769,0.01679617166519165,9.533228148939088e-05
28,False,14,guitar,14,guitar,True,0.9896973967552185,0.07821302115917206,0.07253088057041168,0.005682140588760376,3.6095764244237216e-06
29,False,2,bed,2,bed,True,0.9987491965293884,0.012216264382004738,0.010988589376211166,0.0012276750057935715,1.1150770262702281e-07
30,False,9,desk,9,desk,True,0.9942551255226135,0.04645804688334465,0.04329982399940491,0.003158222883939743,1.037795186675794e-06
31,False,5,car,5,car,True,0.9929154515266418,0.04948829859495163,0.04667549207806587,0.0028128065168857574,1.714197310320742e-06
32,False,31,tv_stand,31,tv_stand,True,0.2495863437652588,2.460948944091797,2.3919870853424072,0.06896185874938965,0.0003057420253753662
33,False,31,tv_stand,31,tv_stand,True,0.2821867763996124,2.3885533809661865,2.3420615196228027,0.04649186134338379,0.0002281918132212013
34,False,28,table,28,table,True,0.9152719378471375,0.3592243194580078,0.33823955059051514,0.020984768867492676,0.00013812996621709317
35,False,20,piano,17,monitor,False,0.8594720363616943,0.7355887293815613,0.7068230509757996,0.02876567840576172,0.000129573410958983
36,False,23,range_hood,23,range_hood,True,0.9432870745658875,0.27812182903289795,0.26413270831108093,0.013989120721817017,5.114870145916939e-05
37,False,32,vase,32,vase,True,0.5740628242492676,0.8689722418785095,0.8515209555625916,0.01745128631591797,0.00025475991424173117
38,False,23,range_hood,23,range_hood,True,0.9160499572753906,0.4319586753845215,0.4104243218898773,0.021534353494644165,7.602034020237625e-05
39,False,25,sofa,25,sofa,True,0.9964877367019653,0.029313694685697556,0.026828056201338768,0.0024856384843587875,8.511047440151742e-07
40,False,16,mantel,16,mantel,True,0.9653895497322083,0.1834695041179657,0.1740317940711975,0.009437710046768188,2.6653668101062067e-05
41,False,18,night_stand,28,table,False,0.7754498720169067,0.8041956424713135,0.7670149207115173,0.03718072175979614,0.00033658152096904814
42,False,25,sofa,25,sofa,True,0.9791048169136047,0.1291336864233017,0.12532882392406464,0.0038048624992370605,4.322297627368243e-06
43,False,23,range_hood,23,range_hood,True,0.8635290861129761,0.49208471179008484,0.46676716208457947,0.02531754970550537,0.00022842641919851303
44,False,16,mantel,16,mantel,True,0.9966874122619629,0.028581976890563965,0.02679259143769741,0.0017893854528665543,2.6055573698613443e-07
45,False,11,dresser,11,dresser,True,0.39259034395217896,1.3385862112045288,1.3119311332702637,0.026655077934265137,0.0002881761174649
46,False,11,dresser,11,dresser,True,0.7624199986457825,0.9289231300354004,0.9038968086242676,0.025026321411132812,0.00019365410844329745
47,False,0,airplane,0,airplane,True,0.9999798536300659,0.00026864674873650074,0.0002455624344293028,2.308431430719793e-05,4.9113248190568726e-11
48,False,4,bookshelf,4,bookshelf,True,0.9834760427474976,0.09249185770750046,0.089992955327034,0.002498902380466461,3.7286804399627727e-06
49,False,5,car,5,car,True,0.9895232915878296,0.07280882447957993,0.0677904561161995,0.005018368363380432,3.072223535127705e-06
50,False,16,mantel,16,mantel,True,0.9930486679077148,0.05343888700008392,0.04906891658902168,0.004369970411062241,1.9762812826229492e-06
51,False,28,table,28,table,True,0.7577980160713196,0.7897722721099854,0.7569389939308167,0.0328332781791687,0.000348838948411867
52,False,6,chair,6,chair,True,0.9998902678489685,0.0012696303892880678,0.0011754638981074095,9.416649118065834e-05,1.214703226892766e-09
53,False,11,dresser,18,night_stand,False,0.42612674832344055,1.3285057544708252,1.3035109043121338,0.024994850158691406,0.00020904530538246036
54,False,34,xbox,34,xbox,True,0.27588585019111633,2.19124698638916,2.114105463027954,0.07714152336120605,0.0004335803969297558
55,False,17,monitor,17,monitor,True,0.5293027758598328,1.6747913360595703,1.5993255376815796,0.07546579837799072,0.0005794928292743862
56,False,33,wardrobe,24,sink,False,0.7591129541397095,1.1380207538604736,1.0835753679275513,0.05444538593292236,0.0003708795120473951
57,False,20,piano,20,piano,True,0.9975484609603882,0.022957654669880867,0.021182633936405182,0.0017750207334756851,2.01620963480309e-07
58,False,28,table,28,table,True,0.489592581987381,1.0370471477508545,1.0067561864852905,0.030290961265563965,0.0004681876744143665
59,False,33,wardrobe,34,xbox,False,0.8965069055557251,0.44825273752212524,0.4324526786804199,0.015800058841705322,7.157740765251219e-05
60,False,18,night_stand,18,night_stand,True,0.6146827936172485,1.1896108388900757,1.1273343563079834,0.062276482582092285,0.0009329310269095004
61,False,30,toilet,30,toilet,True,0.9998049736022949,0.002128652995452285,0.0018515082774683833,0.0002771447179839015,9.98836036103512e-09
62,False,30,toilet,30,toilet,True,0.999735414981842,0.0029584660660475492,0.002580764004960656,0.0003777020610868931,7.640327481794884e-09
63,False,4,bookshelf,4,bookshelf,True,0.9402063488960266,0.2933008372783661,0.2868477404117584,0.006453096866607666,2.0729827156173997e-05
64,False,2,bed,2,bed,True,0.992218017578125,0.06302361935377121,0.05969982594251633,0.003323793411254883,1.289704414375592e-06
65,False,17,monitor,17,monitor,True,0.9924668669700623,0.06198282539844513,0.05815399810671806,0.003828827291727066,1.5203322618617676e-06
66,False,4,bookshelf,4,bookshelf,True,0.9839428663253784,0.09416153281927109,0.09100400656461716,0.0031575262546539307,3.737672841452877e-06
67,False,23,range_hood,23,range_hood,True,0.40538620948791504,2.151066303253174,2.0661780834198,0.08488821983337402,0.0007042058277875185
68,False,14,guitar,14,guitar,True,0.8859034776687622,0.524317741394043,0.4833359122276306,0.040981829166412354,0.00025672692572697997
69,False,17,monitor,17,monitor,True,0.8476109504699707,0.713392972946167,0.6784745454788208,0.03491842746734619,0.0001960103545570746
70,False,34,xbox,34,xbox,True,0.39463603496551514,1.6430028676986694,1.5892176628112793,0.05378520488739014,0.0005231311079114676
71,False,31,tv_stand,31,tv_stand,True,0.6641931533813477,0.7041939496994019,0.6893234848976135,0.01487046480178833,0.0002793370222207159
72,False,13,glass_box,13,glass_box,True,0.4938157796859741,1.5918223857879639,1.5426740646362305,0.0491483211517334,0.0004454122099559754
73,False,31,tv_stand,4,bookshelf,False,0.8026624321937561,0.546136736869812,0.5377079844474792,0.008428752422332764,0.00010369782103225589
74,False,22,radio,34,xbox,False,0.6657655239105225,1.1063122749328613,1.0480934381484985,0.05821883678436279,0.0004966038395650685
75,False,2,bed,9,desk,False,0.5546831488609314,1.4532045125961304,1.4011350870132446,0.05206942558288574,0.0005462827393785119
76,False,16,mantel,16,mantel,True,0.9724156856536865,0.15258494019508362,0.14479650557041168,0.007788434624671936,1.1464402632554993e-05
77,False,7,cone,7,cone,True,0.8918377161026001,0.48668336868286133,0.45450061559677124,0.03218275308609009,0.00022367502970155329
78,False,21,plant,21,plant,True,0.3598302900791168,1.558717966079712,1.4873151779174805,0.07140278816223145,0.000816191139165312
79,False,9,desk,11,dresser,False,0.6557599902153015,1.3240152597427368,1.251573920249939,0.07244133949279785,0.0004965721745975316
80,False,29,tent,29,tent,True,0.6648985147476196,1.163848638534546,1.1028460264205933,0.06100261211395264,0.0005128115299157798
81,False,28,table,18,night_stand,False,0.39430510997772217,1.4308398962020874,1.373145341873169,0.05769455432891846,0.0007869174587540329
82,False,0,airplane,0,airplane,True,0.9998074173927307,0.0021555181592702866,0.002005085814744234,0.00015043234452605247,2.3619290967502593e-09
83,False,16,mantel,16,mantel,True,0.9658779501914978,0.19232448935508728,0.17697343230247498,0.015351057052612305,4.255371823091991e-05
84,False,31,tv_stand,3,bench,False,0.7050988078117371,1.1198666095733643,1.0727171897888184,0.0471494197845459,0.0003444799513090402
85,False,5,car,5,car,True,0.9417442083358765,0.3179313838481903,0.2982347309589386,0.01969665288925171,7.196772639872506e-05
86,False,2,bed,2,bed,True,0.9972790479660034,0.02553182654082775,0.02339472807943821,0.0021370984613895416,5.261888986751728e-07
87,False,0,airplane,0,airplane,True,0.9999423027038574,0.0006651338189840317,0.000613139767665416,5.1994051318615675e-05,3.7853503664919685e-10
88,False,30,toilet,30,toilet,True,0.9998707175254822,0.0015276521444320679,0.0013485486852005124,0.00017910345923155546,1.8577605009895137e-09
89,False,2,bed,34,xbox,False,0.31066006422042847,1.937169075012207,1.8770967721939087,0.06007230281829834,0.00037080212496221066
90,False,25,sofa,25,sofa,True,0.9891960024833679,0.07661718130111694,0.07240241020917892,0.004214771091938019,2.9305681437108433e-06
91,False,16,mantel,16,mantel,True,0.9760114550590515,0.14128905534744263,0.12791258096694946,0.013376474380493164,3.611219290178269e-05
92,False,9,desk,9,desk,True,0.9555197358131409,0.262408971786499,0.2468126118183136,0.015596359968185425,4.3413459934527054e-05
93,False,25,sofa,25,sofa,True,0.9736886620521545,0.15931160748004913,0.14744816720485687,0.01186344027519226,2.498095273040235e-05
94,False,9,desk,9,desk,True,0.9520213007926941,0.2532379627227783,0.24221092462539673,0.011027038097381592,3.540297257131897e-05
95,False,30,toilet,30,toilet,True,0.9995896816253662,0.004167324863374233,0.0037284079007804394,0.00043891696259379387,2.6414397780172294e-08
96,False,9,desk,9,desk,True,0.9949572682380676,0.039195433259010315,0.03676978871226311,0.0024256445467472076,6.749454541932209e-07
97,False,30,toilet,30,toilet,True,0.9998342394828796,0.001911844010464847,0.0017107659950852394,0.00020107801537960768,2.6932807095647604e-09
98,False,30,toilet,30,toilet,True,0.9995420575141907,0.004464602563530207,0.004191968590021133,0.00027263397350907326,1.4734204079047686e-08
99,False,0,airplane,0,airplane,True,0.9999905824661255,0.000138736329972744,0.000125421880511567,1.3314449461176991e-05,1.3917719407507967e-11
100,False,12,flower_pot,19,person,False,0.37524136900901794,1.61392080783844,1.5362136363983154,0.07770717144012451,0.0008705187938176095
101,False,21,plant,6,chair,False,0.3332979381084442,2.0183615684509277,1.9247311353683472,0.09363043308258057,0.0007191588520072401
102,False,7,cone,7,cone,True,0.9853749871253967,0.09606225788593292,0.08803155273199081,0.008030705153942108,9.586683518136851e-06
103,False,16,mantel,16,mantel,True,0.9636138081550598,0.19670136272907257,0.18552535772323608,0.011176005005836487,3.523765553836711e-05
104,False,13,glass_box,13,glass_box,True,0.34489455819129944,1.7908304929733276,1.7487797737121582,0.042050719261169434,0.0003300414828117937
105,False,6,chair,6,chair,True,0.9932960271835327,0.049129001796245575,0.045964792370796204,0.0031642094254493713,1.8982539131684462e-06
106,False,21,plant,21,plant,True,0.5450368523597717,1.4194934368133545,1.361303687095642,0.0581897497177124,0.00045310365385375917
107,False,18,night_stand,18,night_stand,True,0.5364036560058594,1.4920401573181152,1.4465867280960083,0.045453429222106934,0.0003416669787839055
108,False,33,wardrobe,33,wardrobe,True,0.6114535331726074,1.297706127166748,1.261109471321106,0.03659665584564209,0.000236023886827752
109,False,3,bench,3,bench,True,0.9784618616104126,0.12514850497245789,0.11383426189422607,0.011314243078231812,2.3128481188905425e-05
110,False,31,tv_stand,31,tv_stand,True,0.6261985301971436,1.3588755130767822,1.2964692115783691,0.062406301498413086,0.0004615906218532473
111,False,29,tent,29,tent,True,0.7031465768814087,1.1734027862548828,1.1056883335113525,0.06771445274353027,0.00046126730740070343
112,False,32,vase,32,vase,True,0.8824642300605774,0.5242185592651367,0.5087657570838928,0.015452802181243896,6.503445183625445e-05
113,False,5,car,5,car,True,0.8571163415908813,0.681073009967804,0.641800582408905,0.039272427558898926,0.000245801784330979
114,False,0,airplane,0,airplane,True,0.9999447464942932,0.0007032372523099184,0.0006563036586157978,4.6933593694120646e-05,1.5679069154117542e-10
115,False,6,chair,6,chair,True,0.9975161552429199,0.022344980388879776,0.0205436572432518,0.0018013231456279755,4.155100725711236e-07
116,False,30,toilet,30,toilet,True,0.9906139373779297,0.06639128923416138,0.061466462910175323,0.0049248263239860535,3.643386207841104e-06
117,False,21,plant,21,plant,True,0.8105263710021973,0.6419237852096558,0.6075634360313416,0.03436034917831421,0.00023376598255708814
118,False,21,plant,21,plant,True,0.8439206480979919,0.4902345538139343,0.47771745920181274,0.012517094612121582,0.00011101284326286986
119,False,30,toilet,30,toilet,True,0.9998725056648254,0.0014917980879545212,0.001295094029046595,0.00019670405890792608,3.467598874706823e-09
120,False,14,guitar,14,guitar,True,0.9927726984024048,0.05786155164241791,0.0550810731947422,0.002780478447675705,6.828593086538604e-07
121,False,0,airplane,0,airplane,True,0.999091625213623,0.009282993152737617,0.008695381693542004,0.0005876114591956139,2.727873216201715e-08
122,False,20,piano,31,tv_stand,False,0.26277875900268555,2.213405132293701,2.0087478160858154,0.20465731620788574,0.0013816041173413396
123,False,31,tv_stand,16,mantel,False,0.33825597167015076,1.4626271724700928,1.411658763885498,0.05096840858459473,0.0006723875412717462
124,False,30,toilet,30,toilet,True,0.9999240636825562,0.0009441649308428168,0.0008791103027760983,6.505462806671858e-05,2.850997771197683e-10
125,False,17,monitor,17,monitor,True,0.9534599781036377,0.24287524819374084,0.22301198542118073,0.01986326277256012,5.852916001458652e-05
126,False,9,desk,18,night_stand,False,0.3503858745098114,1.8444551229476929,1.7586840391159058,0.08577108383178711,0.0007099303766153753
127,False,14,guitar,14,guitar,True,0.9953484535217285,0.03651399537920952,0.032665956765413284,0.003848038613796234,1.6828920479383669e-06
128,False,32,vase,32,vase,True,0.5510484576225281,0.8028355836868286,0.7831201553344727,0.019715428352355957,0.00033609586535021663
129,False,16,mantel,16,mantel,True,0.8694684505462646,0.611627459526062,0.5788769125938416,0.03275054693222046,0.00018241033831145614
130,False,0,airplane,0,airplane,True,0.9998000264167786,0.002203830750659108,0.001945101423189044,0.00025872932747006416,6.965765741995256e-09
131,False,13,glass_box,13,glass_box,True,0.9752565026283264,0.15598580241203308,0.14173930883407593,0.014246493577957153,2.858717016351875e-05
132,False,10,door,10,door,True,0.5640972256660461,0.8417340517044067,0.8291863799095154,0.012547671794891357,0.00016134264296852052
133,False,14,guitar,14,guitar,True,0.9957894086837769,0.035677842795848846,0.03284923732280731,0.0028286054730415344,1.2756469232044765e-06
134,False,2,bed,2,bed,True,0.7922229170799255,0.8943127989768982,0.8528130054473877,0.0414997935295105,0.0003687372081913054
135,False,17,monitor,17,monitor,True,0.9978482723236084,0.01727280393242836,0.01586019992828369,0.0014126040041446686,3.5301266620990646e-07
136,False,17,monitor,17,monitor,True,0.5689290761947632,1.5836238861083984,1.5267508029937744,0.05687308311462402,0.00044781347969546914
137,False,20,piano,30,toilet,False,0.48227643966674805,1.7862070798873901,1.6745522022247314,0.11165487766265869,0.0010023285867646337
138,False,0,airplane,0,airplane,True,0.9999527335166931,0.0006124055944383144,0.0004895228194072843,0.00012288277503103018,1.6196360919096264e-09
139,False,10,door,8,curtain,False,0.6178193688392639,1.1741275787353516,1.128208041191101,0.04591953754425049,0.00040567584801465273
140,False,21,plant,21,plant,True,0.4942295551300049,1.1574947834014893,1.1284725666046143,0.029022216796875,0.0002889159368351102
141,False,20,piano,20,piano,True,0.9988160729408264,0.011495246551930904,0.010678885504603386,0.0008163610473275185,8.082025004796378e-08
142,False,5,car,5,car,True,0.9674890637397766,0.1984625905752182,0.18855707347393036,0.009905517101287842,1.6869114915607497e-05
143,False,11,dresser,11,dresser,True,0.4923999309539795,1.509375810623169,1.4765892028808594,0.03278660774230957,0.00033291440922766924
144,False,34,xbox,22,radio,False,0.32776588201522827,2.065854787826538,1.9478689432144165,0.11798584461212158,0.000842865789309144
145,False,23,range_hood,23,range_hood,True,0.7319105267524719,0.6672356128692627,0.6127874255180359,0.05444818735122681,0.001093621482141316
146,False,32,vase,32,vase,True,0.906836211681366,0.36128467321395874,0.35600045323371887,0.005284219980239868,2.0643468815251254e-05
147,False,12,flower_pot,21,plant,False,0.6968634724617004,0.6815943717956543,0.6698105931282043,0.011783778667449951,0.00012627561227418482
148,False,5,car,5,car,True,0.9370843768119812,0.3325311541557312,0.3178780674934387,0.01465308666229248,4.3675561755662784e-05
149,False,16,mantel,16,mantel,True,0.9277459979057312,0.4091041684150696,0.38433507084846497,0.024769097566604614,7.073155575199053e-05
150,False,14,guitar,14,guitar,True,0.9931825995445251,0.05604363977909088,0.05190042778849602,0.004143211990594864,1.7172770867546205e-06
151,False,11,dresser,11,dresser,True,0.719239354133606,1.0966800451278687,1.0482224225997925,0.04845762252807617,0.0004319910076446831
152,False,2,bed,2,bed,True,0.9990901350975037,0.008036771789193153,0.006778823211789131,0.0012579485774040222,2.6961657795254723e-07
153,False,20,piano,26,stairs,False,0.20570255815982819,2.514512777328491,2.4359848499298096,0.07852792739868164,0.0003976669686380774
154,False,6,chair,6,chair,True,0.9616255760192871,0.19610083103179932,0.18519218266010284,0.010908648371696472,3.255716364947148e-05
155,False,16,mantel,16,mantel,True,0.9944133758544922,0.04412874951958656,0.04202299192547798,0.0021057575941085815,5.665051503456198e-07
156,False,1,bathtub,25,sofa,False,0.42110854387283325,1.5070571899414062,1.412405014038086,0.09465217590332031,0.0010982075473293662
157,False,21,plant,28,table,False,0.6520605683326721,1.1566660404205322,1.0638614892959595,0.09280455112457275,0.0011154994135722518
158,False,5,car,5,car,True,0.9800967574119568,0.13260485231876373,0.12627620995044708,0.00632864236831665,6.054408459021943e-06
159,False,9,desk,9,desk,True,0.9113851189613342,0.4605693221092224,0.42243367433547974,0.038135647773742676,0.00017658986325841397
160,False,10,door,10,door,True,0.6409661769866943,0.793622612953186,0.7799187898635864,0.01370382308959961,0.00015560418250970542
161,False,9,desk,28,table,False,0.3414359986782074,1.6433403491973877,1.5852850675582886,0.05805528163909912,0.0004630476178135723
162,False,18,night_stand,11,dresser,False,0.550823986530304,1.2706563472747803,1.2510932683944702,0.01956307888031006,0.0001580300449859351
163,False,25,sofa,25,sofa,True,0.9257153868675232,0.3567362129688263,0.3461558222770691,0.010580390691757202,3.8435311580542475e-05
164,False,23,range_hood,23,range_hood,True,0.2599131762981415,2.6147148609161377,2.5464279651641846,0.06828689575195312,0.00028809954528696835
165,False,11,dresser,11,dresser,True,0.6267895698547363,1.1119362115859985,1.083990454673767,0.027945756912231445,0.00022227372392080724
166,False,14,guitar,14,guitar,True,0.9875568151473999,0.09403802454471588,0.08214857429265976,0.011889450252056122,1.4616033695347141e-05
167,False,4,bookshelf,4,bookshelf,True,0.7294090390205383,1.0450621843338013,1.007713794708252,0.037348389625549316,0.00022232296760194004
168,False,30,toilet,30,toilet,True,0.9997478723526001,0.0028453865088522434,0.002561007859185338,0.0002843786496669054,7.959353176545392e-09
169,False,4,bookshelf,4,bookshelf,True,0.9453915953636169,0.25687381625175476,0.24310684204101562,0.013766974210739136,5.718889951822348e-05
170,False,7,cone,7,cone,True,0.9928438663482666,0.05079725384712219,0.04815557226538658,0.002641681581735611,1.0912488050962565e-06
171,False,30,toilet,30,toilet,True,0.9994094967842102,0.005829093046486378,0.004985443782061338,0.0008436492644250393,9.9226419081333e-08
172,False,15,lamp,15,lamp,True,0.8647536635398865,0.5865575075149536,0.5578833818435669,0.02867412567138672,0.00019144440011586994
173,False,19,person,19,person,True,0.9288023114204407,0.3728282153606415,0.3340526223182678,0.03877559304237366,0.0001677639811532572
174,False,30,toilet,30,toilet,True,0.999845564365387,0.001742964843288064,0.0015467627672478557,0.00019620207604020834,4.1002299333570136e-09
175,False,6,chair,6,chair,True,0.9998006820678711,0.002103131264448166,0.00201634643599391,8.678482845425606e-05,1.5233735384256875e-09
176,False,8,curtain,17,monitor,False,0.7111748456954956,0.8018820285797119,0.7353837490081787,0.0664982795715332,0.001184654189273715
177,False,30,toilet,30,toilet,True,0.9087737798690796,0.37887513637542725,0.3517471253871918,0.027128010988235474,0.00018215886666439474
178,False,23,range_hood,23,range_hood,True,0.9673804044723511,0.19504906237125397,0.18604016304016113,0.009008899331092834,1.4583997653971892e-05
179,False,23,range_hood,23,range_hood,True,0.9089412093162537,0.41982221603393555,0.4060342013835907,0.013788014650344849,5.3033785661682487e-05
180,False,14,guitar,14,guitar,True,0.9940321445465088,0.049931980669498444,0.045926518738269806,0.004005461931228638,1.5163022908382118e-06
181,False,25,sofa,25,sofa,True,0.994267463684082,0.045010875910520554,0.04224896430969238,0.0027619116008281708,1.0858173027372686e-06
182,False,5,car,5,car,True,0.8561268448829651,0.6435486674308777,0.6096798181533813,0.03386884927749634,0.00020358483016025275
183,False,1,bathtub,1,bathtub,True,0.5622204542160034,1.5598604679107666,1.4718900918960571,0.08797037601470947,0.0009554941789247096
184,False,25,sofa,25,sofa,True,0.9290682077407837,0.3357886075973511,0.3222472369670868,0.013541370630264282,5.128623160999268e-05
185,False,4,bookshelf,4,bookshelf,True,0.9860620498657227,0.08738195896148682,0.08311812579631805,0.004263833165168762,3.8120222143334104e-06
186,False,5,car,5,car,True,0.9861609935760498,0.09652483463287354,0.0899592936038971,0.00656554102897644,5.00767100675148e-06
187,False,23,range_hood,23,range_hood,True,0.9226742386817932,0.3738739490509033,0.35728493332862854,0.01658901572227478,6.67243730276823e-05
188,False,4,bookshelf,4,bookshelf,True,0.5411795377731323,1.3935168981552124,1.3183541297912598,0.07516276836395264,0.0007901000790297985
189,False,29,tent,18,night_stand,False,0.28190717101097107,2.04042911529541,1.9831730127334595,0.057256102561950684,0.00045706768287345767
190,False,17,monitor,17,monitor,True,0.9964003562927246,0.029463082551956177,0.027842840179800987,0.0016202423721551895,3.2101357305691636e-07
191,False,28,table,28,table,True,0.9976036548614502,0.02030094340443611,0.018048889935016632,0.0022520534694194794,6.033419026607589e-07
192,False,23,range_hood,23,range_hood,True,0.9479930996894836,0.28717711567878723,0.2732413411140442,0.013935774564743042,3.4836208214983344e-05
193,False,21,plant,21,plant,True,0.32499054074287415,1.3856723308563232,1.2903488874435425,0.09532344341278076,0.001355192856863141
194,False,1,bathtub,1,bathtub,True,0.3909591734409332,1.6918776035308838,1.624214768409729,0.06766283512115479,0.0007986088749021292
195,False,0,airplane,0,airplane,True,0.9999092817306519,0.0011154352687299252,0.001040273578837514,7.516168989241123e-05,5.181414186594679e-10
196,False,6,chair,6,chair,True,0.9994347095489502,0.005562887527048588,0.00486837700009346,0.0006945105269551277,6.309263511639074e-08
197,False,31,tv_stand,4,bookshelf,False,0.768048882484436,0.851048469543457,0.8271413445472717,0.023907124996185303,0.00016828429943416268
198,False,4,bookshelf,4,bookshelf,True,0.977732241153717,0.14589986205101013,0.1391296237707138,0.006770238280296326,6.102498900872888e-06
199,False,32,vase,32,vase,True,0.9237896800041199,0.29669010639190674,0.29126060009002686,0.005429506301879883,2.3678099751123227e-05
200,False,11,dresser,11,dresser,True,0.8753971457481384,0.5485069751739502,0.531010091304779,0.017496883869171143,8.031330798985437e-05
201,False,13,glass_box,13,glass_box,True,0.4884396493434906,1.5739936828613281,1.5338226556777954,0.040171027183532715,0.00027940174913965166
202,False,13,glass_box,13,glass_box,True,0.3699793815612793,1.8898818492889404,1.8290156126022339,0.06086623668670654,0.00043219380313530564
203,False,22,radio,34,xbox,False,0.5438234210014343,1.3491718769073486,1.3112038373947144,0.03796803951263428,0.0003798913676291704
204,False,17,monitor,17,monitor,True,0.999308168888092,0.007170164491981268,0.006575768813490868,0.0005943956784904003,2.344685867683438e-08
205,False,21,plant,21,plant,True,0.7220631837844849,0.6991195678710938,0.6828930974006653,0.016226470470428467,0.00012231549771968275
206,False,11,dresser,11,dresser,True,0.8359578251838684,0.629625678062439,0.6040402054786682,0.025585472583770752,0.00016270382911898196
207,False,18,night_stand,27,stool,False,0.7361128330230713,1.097232699394226,1.042038917541504,0.05519378185272217,0.0003288642328698188
208,False,14,guitar,14,guitar,True,0.6206615567207336,1.1535838842391968,1.062467336654663,0.09111654758453369,0.0012878236593678594
209,False,31,tv_stand,22,radio,False,0.34206557273864746,2.248706817626953,2.1732118129730225,0.07549500465393066,0.00038885799585841596
210,False,23,range_hood,23,range_hood,True,0.9528146386146545,0.2762181758880615,0.25569474697113037,0.020523428916931152,5.6181328545790166e-05
211,False,11,dresser,11,dresser,True,0.5907989740371704,1.379927158355713,1.3385688066482544,0.041358351707458496,0.0002926522574853152
212,False,12,flower_pot,32,vase,False,0.9523376822471619,0.21111854910850525,0.2049483358860016,0.006170213222503662,2.946171116491314e-05
213,False,13,glass_box,33,wardrobe,False,0.5910372138023376,1.2463877201080322,1.2151799201965332,0.031207799911499023,0.0002791029110085219
214,False,23,range_hood,23,range_hood,True,0.8954206109046936,0.44547364115715027,0.42694753408432007,0.0185261070728302,0.00010605966963339597
215,False,8,curtain,8,curtain,True,0.6527014970779419,1.0753860473632812,1.0236847400665283,0.05170130729675293,0.0005564380553551018
216,False,24,sink,24,sink,True,0.49831849336624146,1.613189935684204,1.5664429664611816,0.04674696922302246,0.0003303823177702725
217,False,26,stairs,26,stairs,True,0.9373764395713806,0.374920517206192,0.34938088059425354,0.025539636611938477,6.979104364290833e-05
218,False,15,lamp,15,lamp,True,0.7732280492782593,0.8648095726966858,0.6820198893547058,0.18278968334197998,0.0020248484797775745
219,False,23,range_hood,23,range_hood,True,0.9399541616439819,0.3057439923286438,0.29273930191993713,0.013004690408706665,3.754117278731428e-05
220,False,30,toilet,30,toilet,True,0.9999527335166931,0.0005868128500878811,0.0005442507681436837,4.2562081944197416e-05,1.7054888057366213e-10
221,False,30,toilet,30,toilet,True,0.9995681047439575,0.0045372312888503075,0.004127908498048782,0.0004093227908015251,1.631865309548175e-08
222,False,10,door,21,plant,False,0.41935083270072937,1.2053625583648682,1.1439746618270874,0.06138789653778076,0.0010400786995887756
223,False,11,dresser,18,night_stand,False,0.7498593926429749,0.9704394340515137,0.9410499334335327,0.029389500617980957,0.0001967355638043955
224,False,20,piano,31,tv_stand,False,0.28146350383758545,2.270271062850952,2.2341179847717285,0.03615307807922363,0.00018366235599387437
225,False,14,guitar,14,guitar,True,0.9925847053527832,0.060168128460645676,0.05611057206988335,0.004057556390762329,1.7891334209707566e-06
226,False,28,table,28,table,True,0.9955707788467407,0.03378240764141083,0.03153171017765999,0.0022506974637508392,7.690429129070253e-07
227,False,10,door,10,door,True,0.8750154376029968,0.5172299742698669,0.4996337294578552,0.01759624481201172,8.617665298515931e-05
228,False,5,car,5,car,True,0.9920444488525391,0.053954120725393295,0.05081596598029137,0.0031381547451019287,1.9843271275021834e-06
229,False,6,chair,6,chair,True,0.9894980788230896,0.0693712830543518,0.06657204777002335,0.0027992352843284607,2.2372569219442084e-06
230,False,31,tv_stand,4,bookshelf,False,0.5390589833259583,0.7951414585113525,0.7735626697540283,0.02157878875732422,0.0004738111747428775
231,False,21,plant,21,plant,True,0.8931642174720764,0.3546556234359741,0.3433695137500763,0.011286109685897827,0.0001129787415266037
232,False,31,tv_stand,24,sink,False,0.3356298506259918,2.032957077026367,1.9757243394851685,0.05723273754119873,0.0003083189367316663
233,False,17,monitor,17,monitor,True,0.9973045587539673,0.022980092093348503,0.02133825793862343,0.0016418341547250748,3.881317809373286e-07
234,False,17,monitor,17,monitor,True,0.9848902225494385,0.10688924789428711,0.10241075605154037,0.004478491842746735,2.999974640260916e-06
235,False,1,bathtub,1,bathtub,True,0.9317246675491333,0.33882153034210205,0.31830114126205444,0.020520389080047607,0.00010447169916005805
236,False,3,bench,3,bench,True,0.4056873619556427,2.0765416622161865,1.9680325984954834,0.10850906372070312,0.0008153993985615671
237,False,11,dresser,11,dresser,True,0.6042332053184509,0.8817880153656006,0.8623998165130615,0.019388198852539062,0.00031811886583454907
238,False,16,mantel,16,mantel,True,0.9663305282592773,0.17782887816429138,0.16818976402282715,0.009639114141464233,2.5073446522583254e-05
239,False,16,mantel,16,mantel,True,0.9338130950927734,0.3470315635204315,0.3330243229866028,0.014007240533828735,4.113011891604401e-05
240,False,2,bed,2,bed,True,0.9898504018783569,0.08254039287567139,0.07711057364940643,0.005429819226264954,3.84208078685333e-06
241,False,20,piano,17,monitor,False,0.5032130479812622,1.5895854234695435,1.4843355417251587,0.10524988174438477,0.0014610827201977372
242,False,21,plant,21,plant,True,0.7897492051124573,0.6404503583908081,0.6273369193077087,0.013113439083099365,6.677649798803031e-05
243,False,18,night_stand,18,night_stand,True,0.9171346426010132,0.39421018958091736,0.3638680875301361,0.03034210205078125,0.0001346802309853956
244,False,30,toilet,30,toilet,True,0.9989966750144958,0.009490384720265865,0.008553706109523773,0.0009366786107420921,8.80940476122305e-08
245,False,12,flower_pot,21,plant,False,0.6718447804450989,0.73026442527771,0.7197657823562622,0.010498642921447754,0.00011605229519773275
246,False,4,bookshelf,10,door,False,0.8238637447357178,0.5746545195579529,0.5566064715385437,0.01804804801940918,0.00015892308147158474
247,False,21,plant,15,lamp,False,0.7752928733825684,0.8962055444717407,0.8229901790618896,0.07321536540985107,0.0007064628880470991
248,False,28,table,2,bed,False,0.5779814720153809,1.0188785791397095,0.9615631699562073,0.0573154091835022,0.0010625849245116115
249,False,2,bed,2,bed,True,0.9977017641067505,0.021648820489645004,0.019484717398881912,0.002164103090763092,5.329548002919182e-07
250,False,2,bed,2,bed,True,0.9980927109718323,0.01755634695291519,0.0164853073656559,0.0010710395872592926,1.2635246093850583e-07
251,False,29,tent,29,tent,True,0.4850108027458191,1.2915281057357788,1.2213618755340576,0.07016623020172119,0.0009382793214172125
252,False,32,vase,32,vase,True,0.8735603094100952,0.5713229179382324,0.5523660182952881,0.018956899642944336,5.2851191867375746e-05
253,False,20,piano,20,piano,True,0.6897635459899902,1.0413862466812134,0.9748958945274353,0.06649035215377808,0.0008147985790856183
254,False,1,bathtub,1,bathtub,True,0.8159674406051636,0.8157074451446533,0.7895660400390625,0.02614140510559082,0.0001747414789861068
255,False,14,guitar,14,guitar,True,0.9675115942955017,0.21094635128974915,0.20027899742126465,0.010667353868484497,1.3851234143658075e-05
256,False,23,range_hood,30,toilet,False,0.36106500029563904,2.1364340782165527,2.053804636001587,0.08262944221496582,0.0006317156949080527
257,False,27,stool,32,vase,False,0.7642512321472168,0.941449761390686,0.9213849902153015,0.02006477117538452,9.337371011497453e-05
258,False,11,dresser,11,dresser,True,0.7779574990272522,0.8098013997077942,0.7918789386749268,0.01792246103286743,0.00010824463970493525
259,False,11,dresser,5,car,False,0.6672104001045227,1.3131359815597534,1.2517879009246826,0.0613480806350708,0.0005048927268944681
260,False,18,night_stand,18,night_stand,True,0.49108657240867615,1.1134264469146729,1.0868470668792725,0.02657938003540039,0.00035837001632899046
261,False,20,piano,11,dresser,False,0.18286475539207458,2.3363962173461914,2.2725026607513428,0.06389355659484863,0.00040472985710948706
262,False,7,cone,7,cone,True,0.98824542760849,0.07410036027431488,0.07166990637779236,0.002430453896522522,1.4026080634721438e-06
263,False,20,piano,20,piano,True,0.37455078959465027,2.2599027156829834,2.2174668312072754,0.04243588447570801,0.00023594879894517362
264,False,13,glass_box,13,glass_box,True,0.9989098310470581,0.010435028001666069,0.009477307088673115,0.0009577209129929543,9.169576742351637e-08
265,False,2,bed,2,bed,True,0.8861276507377625,0.5787777900695801,0.5311294794082642,0.04764831066131592,0.0003317439113743603
266,False,14,guitar,14,guitar,True,0.9841417074203491,0.11626788973808289,0.10933656245470047,0.006931327283382416,6.1631217249669135e-06
267,False,30,toilet,30,toilet,True,0.9998371005058289,0.0018995548598468304,0.0017689119558781385,0.00013064290396869183,1.0086446122770099e-09
268,False,18,night_stand,18,night_stand,True,0.7484074234962463,1.1264653205871582,1.0818231105804443,0.04464221000671387,0.00022528124100062996
269,False,25,sofa,25,sofa,True,0.7367276549339294,0.726535439491272,0.6665051579475403,0.06003028154373169,0.0011308699613437057
270,False,18,night_stand,18,night_stand,True,0.9395610690116882,0.3300565183162689,0.3102758824825287,0.019780635833740234,3.8003101508365944e-05
271,False,29,tent,29,tent,True,0.47505006194114685,1.8576215505599976,1.7883350849151611,0.06928646564483643,0.00042059761472046375
272,False,1,bathtub,1,bathtub,True,0.4255102872848511,1.9430415630340576,1.8750702142715454,0.06797134876251221,0.0005723526701331139
273,False,4,bookshelf,4,bookshelf,True,0.9825147390365601,0.0990704894065857,0.09543956816196442,0.003630921244621277,5.5071031965781e-06
274,False,20,piano,20,piano,True,0.3855915069580078,2.127171277999878,2.0800981521606445,0.0470731258392334,0.0002679080353118479
275,False,28,table,28,table,True,0.9982143640518188,0.01646587811410427,0.015286003239452839,0.001179874874651432,1.091537740194326e-07
276,False,32,vase,32,vase,True,0.8481391668319702,0.619293212890625,0.5992112755775452,0.020081937313079834,9.335220966022462e-05
277,False,14,guitar,8,curtain,False,0.5096261501312256,1.244781732559204,1.1927282810211182,0.05205345153808594,0.000784924952313304
278,False,30,toilet,30,toilet,True,0.9997985363006592,0.00230078655295074,0.0021207695826888084,0.00018001697026193142,2.009371558031603e-09
279,False,4,bookshelf,4,bookshelf,True,0.8913553357124329,0.571890652179718,0.5409101247787476,0.03098052740097046,0.0001229513727594167
280,False,5,car,5,car,True,0.9938442707061768,0.04585367068648338,0.04369553178548813,0.0021581389009952545,9.764071364770643e-07
281,False,2,bed,2,bed,True,0.9994181990623474,0.006141006015241146,0.0057542636059224606,0.00038674240931868553,1.4362963263181427e-08
282,False,0,airplane,0,airplane,True,0.9999072551727295,0.0010403114138171077,0.0009305467829108238,0.00010976463090628386,1.7676092811669264e-09
283,False,30,toilet,30,toilet,True,0.9998620748519897,0.0016023532953113317,0.0014570006169378757,0.000145352678373456,1.781813807610888e-09
284,False,30,toilet,30,toilet,True,0.9999390840530396,0.0007598676020279527,0.0006979473400861025,6.192026194185019e-05,2.4069174431318174e-10
285,False,18,night_stand,18,night_stand,True,0.8225570321083069,0.7758333086967468,0.7466716766357422,0.02916163206100464,0.00015548999363090843
286,False,31,tv_stand,5,car,False,0.8852680921554565,0.6232408881187439,0.5911620855331421,0.03207880258560181,0.00015938101569190621
287,False,6,chair,6,chair,True,0.9871575832366943,0.08834735304117203,0.08246031403541565,0.005887039005756378,5.708104254154023e-06
288,False,31,tv_stand,4,bookshelf,False,0.8733681440353394,0.45787957310676575,0.4423506557941437,0.01552891731262207,0.0001340065209660679
289,False,23,range_hood,23,range_hood,True,0.4604622423648834,1.4770607948303223,1.4017295837402344,0.07533121109008789,0.0010704626329243183
290,False,11,dresser,11,dresser,True,0.5728229880332947,1.3046494722366333,1.253705620765686,0.050943851470947266,0.0006290097953751683
291,False,14,guitar,14,guitar,True,0.9950341582298279,0.03663991391658783,0.03359939530491829,0.0030405186116695404,1.461491706322704e-06
292,False,11,dresser,11,dresser,True,0.7113515138626099,1.0973737239837646,1.0535787343978882,0.043794989585876465,0.00039808827568776906
293,False,8,curtain,4,bookshelf,False,0.5515820384025574,0.9598397016525269,0.9126161336898804,0.047223567962646484,0.0008349994313903153
294,False,9,desk,9,desk,True,0.2434624433517456,2.1492154598236084,2.0795276165008545,0.0696878433227539,0.0005113563383929431
295,False,20,piano,20,piano,True,0.9935065507888794,0.050221771001815796,0.04665786027908325,0.003563910722732544,1.3971254020361812e-06
296,False,32,vase,32,vase,True,0.43594053387641907,1.6378494501113892,1.5590734481811523,0.07877600193023682,0.0005452962359413505
297,False,14,guitar,14,guitar,True,0.9975009560585022,0.02262798696756363,0.020986471325159073,0.0016415156424045563,2.29262667517105e-07
298,False,18,night_stand,18,night_stand,True,0.5128009915351868,1.4852041006088257,1.4382760524749756,0.0469280481338501,0.0004429840191733092
299,False,5,car,5,car,True,0.9017334580421448,0.4520614743232727,0.4144247770309448,0.03763669729232788,0.000256783067015931
300,False,17,monitor,17,monitor,True,0.9983986616134644,0.01481336634606123,0.013787796720862389,0.001025569625198841,8.839658249826243e-08
301,False,25,sofa,25,sofa,True,0.9997304677963257,0.0028418179135769606,0.0026651464868336916,0.00017667142674326897,3.801349457432934e-09
302,False,30,toilet,30,toilet,True,0.9999418258666992,0.0007394803105853498,0.0006853563245385885,5.4123986046761274e-05,1.7429908905075564e-10
303,False,10,door,10,door,True,0.8334118127822876,0.6204285621643066,0.5957947969436646,0.02463376522064209,0.00019204430282115936
304,False,32,vase,32,vase,True,0.9217113256454468,0.41072696447372437,0.38581418991088867,0.024912774562835693,7.679120608372614e-05
305,False,32,vase,32,vase,True,0.9197729825973511,0.3263058364391327,0.3213828206062317,0.004923015832901001,1.8793078197631985e-05
306,False,21,plant,21,plant,True,0.5305500030517578,1.2237770557403564,1.1907206773757935,0.03305637836456299,0.00023857562337070704
307,False,0,airplane,0,airplane,True,0.9998522400856018,0.0017374830786138773,0.001399128814227879,0.00033835426438599825,1.0461683075391193e-08
308,False,0,airplane,0,airplane,True,0.9998508095741272,0.001757495803758502,0.001607583835721016,0.00014991196803748608,1.5315250179170903e-09
309,False,17,monitor,17,monitor,True,0.941920280456543,0.3484824299812317,0.32029980421066284,0.028182625770568848,6.807094177929685e-05
310,False,5,car,5,car,True,0.985984206199646,0.08782938867807388,0.08099846541881561,0.00683092325925827,8.869023076840676e-06
311,False,20,piano,20,piano,True,0.9905683398246765,0.07500284910202026,0.06956760585308075,0.005435243248939514,2.3835534648242174e-06
312,False,25,sofa,25,sofa,True,0.9997976422309875,0.002202204894274473,0.0020055752247571945,0.00019662966951727867,4.107423734467375e-09
313,False,28,table,28,table,True,0.9146263003349304,0.39719370007514954,0.36634203791618347,0.030851662158966064,0.0002087081375066191
314,False,11,dresser,11,dresser,True,0.7639430165290833,0.7536678910255432,0.740416944026947,0.013250946998596191,0.00013567371934186667
315,False,5,car,5,car,True,0.9944546222686768,0.04155075550079346,0.03958797827363014,0.001962777227163315,6.523310958073125e-07
316,False,0,airplane,0,airplane,True,0.9968253374099731,0.02613683044910431,0.024480536580085754,0.0016562938690185547,4.749181243823841e-07
317,False,11,dresser,11,dresser,True,0.6848880648612976,0.7629645466804504,0.74590665102005,0.01705789566040039,0.00026145551237277687
318,False,25,sofa,25,sofa,True,0.9907305836677551,0.06735443323850632,0.06440572440624237,0.0029487088322639465,1.4398823395822546e-06
319,False,12,flower_pot,21,plant,False,0.7337038516998291,0.6459777355194092,0.6376477479934692,0.008329987525939941,7.635560177732259e-05
320,False,12,flower_pot,32,vase,False,0.9677417278289795,0.163341224193573,0.15852344036102295,0.004817783832550049,8.641271961096209e-06
321,False,28,table,28,table,True,0.998377799987793,0.01469738781452179,0.013506665825843811,0.0011907219886779785,1.0944116013433813e-07
322,False,32,vase,32,vase,True,0.9493794441223145,0.2534729540348053,0.2440469115972519,0.009426042437553406,2.6281355530954897e-05
323,False,31,tv_stand,4,bookshelf,False,0.9373090863227844,0.30334946513175964,0.2908919155597687,0.012457549571990967,5.5277589126490057e-05
324,False,20,piano,20,piano,True,0.9463292956352234,0.308449387550354,0.283880352973938,0.024569034576416016,7.333354733418673e-05
325,False,5,car,5,car,True,0.7521591186523438,1.0334975719451904,0.9805212020874023,0.052976369857788086,0.00042845215648412704
326,False,26,stairs,11,dresser,False,0.32960307598114014,1.98860764503479,1.941367745399475,0.04723989963531494,0.0003175285237375647
327,False,23,range_hood,16,mantel,False,0.5362839698791504,1.6584609746932983,1.6033387184143066,0.0551222562789917,0.0004018719482701272
328,False,15,lamp,15,lamp,True,0.9838094711303711,0.11249909549951553,0.10370785742998123,0.008791238069534302,7.52729420128162e-06
329,False,28,table,28,table,True,0.9703635573387146,0.17343643307685852,0.16694030165672302,0.006496131420135498,8.121071005007252e-06
330,False,16,mantel,16,mantel,True,0.6656164526939392,1.1279104948043823,1.0335766077041626,0.09433388710021973,0.0011571448994800448
331,False,25,sofa,25,sofa,True,0.9978969097137451,0.018366720527410507,0.016862226650118828,0.0015044938772916794,3.320697885556001e-07
332,False,31,tv_stand,31,tv_stand,True,0.8353359699249268,0.7993404865264893,0.765022337436676,0.03431814908981323,0.00013427893281914294
333,False,20,piano,20,piano,True,0.5001551508903503,1.6528334617614746,1.577314853668213,0.07551860809326172,0.000736130983568728
334,False,30,toilet,30,toilet,True,0.9991611838340759,0.008256582543253899,0.007455212064087391,0.0008013704791665077,5.6460308428540884e-08
335,False,21,plant,14,guitar,False,0.8264116644859314,0.8780332803726196,0.8249410390853882,0.053092241287231445,0.00030389195308089256
336,False,14,guitar,14,guitar,True,0.9942244291305542,0.04906507581472397,0.0453658290207386,0.003699246793985367,1.3867678489987156e-06
337,False,6,chair,6,chair,True,0.9934099316596985,0.04804186522960663,0.04337148740887642,0.004670377820730209,2.793660087263561e-06
338,False,21,plant,21,plant,True,0.6054332852363586,1.0539984703063965,1.0266708135604858,0.027327656745910645,0.00016967557894531637
339,False,14,guitar,14,guitar,True,0.9884825348854065,0.08572283387184143,0.07909020036458969,0.0066326335072517395,4.147539584664628e-06
340,False,31,tv_stand,31,tv_stand,True,0.7197731137275696,1.122523546218872,1.0797178745269775,0.04280567169189453,0.00034029921516776085
341,False,5,car,5,car,True,0.9563310742378235,0.26435115933418274,0.25380104780197144,0.010550111532211304,1.7347952962154523e-05
342,False,13,glass_box,13,glass_box,True,0.9988716840744019,0.011091294698417187,0.010145477019250393,0.0009458176791667938,5.8750604381430094e-08
343,False,2,bed,2,bed,True,0.9981013536453247,0.01827460154891014,0.016843395307660103,0.0014312062412500381,1.747333584489752e-07
344,False,14,guitar,14,guitar,True,0.9838055372238159,0.11795339733362198,0.10983247309923172,0.008120924234390259,1.0325257790100295e-05
345,False,23,range_hood,23,range_hood,True,0.9406363368034363,0.33932986855506897,0.3197019696235657,0.019627898931503296,4.614946010406129e-05
346,False,16,mantel,16,mantel,True,0.9673905968666077,0.2062796652317047,0.19451044499874115,0.011769220232963562,1.752603020577226e-05
347,False,31,tv_stand,4,bookshelf,False,0.5086163878440857,0.9913730621337891,0.9618180990219116,0.02955496311187744,0.0004812348051927984
348,False,2,bed,2,bed,True,0.9984344244003296,0.01500170398503542,0.014191302470862865,0.000810401514172554,6.790470763462508e-08
349,False,1,bathtub,1,bathtub,True,0.7499509453773499,0.9843239784240723,0.9307717084884644,0.05355226993560791,0.0005298832547850907
350,False,21,plant,21,plant,True,0.5579800605773926,1.4645447731018066,1.4266026020050049,0.03794217109680176,0.00017188441415783018
351,False,24,sink,29,tent,False,0.44152459502220154,1.5602128505706787,1.494641900062561,0.06557095050811768,0.000542879686690867
352,False,14,guitar,14,guitar,True,0.9965113997459412,0.028447162359952927,0.025827111676335335,0.002620050683617592,9.055769965016225e-07
353,False,13,glass_box,33,wardrobe,False,0.5893580913543701,1.2436492443084717,1.2194578647613525,0.02419137954711914,0.00017984071746468544
354,False,6,chair,6,chair,True,0.99745112657547,0.022575609385967255,0.02135460451245308,0.0012210048735141754,1.8107904509179207e-07
355,False,14,guitar,14,guitar,True,0.9885627031326294,0.08618383854627609,0.07915852963924408,0.007025308907032013,7.734091923339292e-06
356,False,18,night_stand,18,night_stand,True,0.9605119228363037,0.24408763647079468,0.23110106587409973,0.012986570596694946,1.500365306128515e-05
357,False,9,desk,9,desk,True,0.8576540946960449,0.6630295515060425,0.6320177912712097,0.031011760234832764,0.0001846126397140324
358,False,14,guitar,14,guitar,True,0.9139934182167053,0.36471784114837646,0.328246146440506,0.03647169470787048,0.0002573838864918798
359,False,9,desk,9,desk,True,0.34521567821502686,1.988459825515747,1.9276260137557983,0.06083381175994873,0.00043749454198405147
360,False,9,desk,9,desk,True,0.9702082872390747,0.16092181205749512,0.14690101146697998,0.014020800590515137,3.0583880288759246e-05
361,False,16,mantel,16,mantel,True,0.7652817368507385,1.066826343536377,1.0217446088790894,0.0450817346572876,0.0002898693492170423
362,False,32,vase,32,vase,True,0.9399551749229431,0.2834581136703491,0.27729880809783936,0.006159305572509766,1.498943856859114e-05
363,False,18,night_stand,11,dresser,False,0.6056037545204163,0.985694169998169,0.9600315690040588,0.025662600994110107,0.00034337726538069546
364,False,0,airplane,0,airplane,True,0.9998840093612671,0.0014061162946745753,0.0013086883118376136,9.742798283696175e-05,9.802357814336915e-10
365,False,17,monitor,17,monitor,True,0.9994534254074097,0.0054948776960372925,0.00508849648758769,0.0004063812084496021,2.0600644745627505e-08
366,False,23,range_hood,23,range_hood,True,0.8928912878036499,0.5002059936523438,0.4745441675186157,0.025661826133728027,0.00013102743832860142
367,False,17,monitor,17,monitor,True,0.6491884589195251,1.2571048736572266,1.1696816682815552,0.08742320537567139,0.0009591155685484409
368,False,9,desk,9,desk,True,0.838291585445404,0.6055608987808228,0.5780614614486694,0.02749943733215332,0.00020040571689605713
369,False,2,bed,2,bed,True,0.9936294555664062,0.044718921184539795,0.04239790886640549,0.002321012318134308,1.349860212940257e-06
370,False,29,tent,25,sofa,False,0.5590059757232666,1.6150360107421875,1.5117404460906982,0.10329556465148926,0.0008702044724486768
371,False,9,desk,9,desk,True,0.5976309776306152,1.2190154790878296,1.1195123195648193,0.09950315952301025,0.0012526046484708786
372,False,14,guitar,14,guitar,True,0.9955194592475891,0.03821582347154617,0.034650616347789764,0.0035652071237564087,2.0943921299476642e-06
373,False,23,range_hood,23,range_hood,True,0.809052050113678,0.6059868335723877,0.5759670734405518,0.030019760131835938,0.00038839009357616305
374,False,28,table,28,table,True,0.9902725219726562,0.06417186558246613,0.06109633669257164,0.0030755288898944855,2.475476549079758e-06
375,False,17,monitor,17,monitor,True,0.9799895882606506,0.10750231891870499,0.10204174369573593,0.005460575222969055,9.945123565557878e-06
376,False,16,mantel,16,mantel,True,0.9649801850318909,0.19512909650802612,0.18140672147274017,0.01372237503528595,3.0348683139891364e-05
377,False,34,xbox,34,xbox,True,0.7809478044509888,0.7846667766571045,0.7536773085594177,0.030989468097686768,0.00028874020790681243
378,False,11,dresser,18,night_stand,False,0.5142605304718018,0.7757002115249634,0.7485803961753845,0.027119815349578857,0.0006322570261545479
379,False,16,mantel,16,mantel,True,0.9894048571586609,0.07721120119094849,0.069256491959095,0.007954709231853485,7.926819307613187e-06
380,False,24,sink,4,bookshelf,False,0.7989803552627563,0.9889950156211853,0.9512825608253479,0.0377124547958374,0.00018678810738492757
381,False,13,glass_box,13,glass_box,True,0.9989646077156067,0.009863462299108505,0.008145594969391823,0.0017178673297166824,3.7933656926725234e-07
382,False,25,sofa,25,sofa,True,0.9798216223716736,0.13214942812919617,0.12534670531749725,0.006802722811698914,8.307024472742341e-06
383,False,14,guitar,14,guitar,True,0.9956962466239929,0.033460598438978195,0.02922288328409195,0.004237715154886246,2.274137614222127e-06
384,False,28,table,28,table,True,0.9983276128768921,0.014722959138453007,0.013570214621722698,0.0011527445167303085,1.5791709984114277e-07
385,False,9,desk,28,table,False,0.6706423759460449,1.0110682249069214,0.9458866715431213,0.06518155336380005,0.000823630194645375
386,False,4,bookshelf,8,curtain,False,0.3843996822834015,1.5832171440124512,1.4894506931304932,0.09376645088195801,0.000946880376432091
387,False,13,glass_box,13,glass_box,True,0.9972255229949951,0.02382669784128666,0.02163093537092209,0.0021957624703645706,4.3300923380229506e-07
388,False,19,person,19,person,True,0.99092698097229,0.0687328651547432,0.06507554650306702,0.003657318651676178,1.1079927162427339e-06
389,False,22,radio,22,radio,True,0.46737292408943176,1.7151671648025513,1.5855095386505127,0.12965762615203857,0.001139022526331246
390,False,0,airplane,0,airplane,True,0.9999929070472717,0.00010581887909211218,9.80435506789945e-05,7.775328413117677e-06,5.188579167009211e-12
391,False,17,monitor,17,monitor,True,0.9978013634681702,0.019945595413446426,0.01888442598283291,0.0010611694306135178,1.3142170018909383e-07
392,False,18,night_stand,13,glass_box,False,0.3127750754356384,1.6568496227264404,1.6207528114318848,0.036096811294555664,0.0002809375582728535
393,False,2,bed,2,bed,True,0.7096449136734009,1.269633173942566,1.2224230766296387,0.047210097312927246,0.0003090168465860188
394,False,17,monitor,17,monitor,True,0.9992440938949585,0.007620683871209621,0.0072131073102355,0.0004075765609741211,1.5884042525726727e-08
395,False,17,monitor,17,monitor,True,0.9855563640594482,0.10596251487731934,0.09670805186033249,0.009254463016986847,7.950420695124194e-06
396,False,12,flower_pot,32,vase,False,0.8818542957305908,0.39250868558883667,0.38413360714912415,0.008375078439712524,7.826818182365969e-05
397,False,21,plant,21,plant,True,0.63491290807724,0.7460857629776001,0.7237199544906616,0.022365808486938477,0.0002663002524059266
398,False,17,monitor,17,monitor,True,0.852196216583252,0.7966887950897217,0.747745931148529,0.04894286394119263,0.0002115601091645658
399,False,25,sofa,25,sofa,True,0.9554239511489868,0.24404577910900116,0.23700614273548126,0.0070396363735198975,1.2749239431286696e-05
400,False,16,mantel,16,mantel,True,0.9597957134246826,0.2168336808681488,0.21018502116203308,0.006648659706115723,1.1522780368977692e-05
401,False,20,piano,20,piano,True,0.5574668049812317,1.6978694200515747,1.6268787384033203,0.0709906816482544,0.0005542514263652265
402,False,2,bed,2,bed,True,0.96900874376297,0.19494815170764923,0.1881028711795807,0.0068452805280685425,1.033228272717679e-05
403,False,5,car,5,car,True,0.9180306196212769,0.3960738778114319,0.3700072765350342,0.026066601276397705,0.0001307915517827496
404,False,2,bed,2,bed,True,0.393266499042511,2.0611090660095215,1.9963723421096802,0.06473672389984131,0.0004991916939616203
405,False,21,plant,21,plant,True,0.7032055258750916,0.7000224590301514,0.6923513412475586,0.0076711177825927734,4.323021130403504e-05
406,False,4,bookshelf,4,bookshelf,True,0.9761047959327698,0.12762591242790222,0.12528884410858154,0.0023370683193206787,4.069064289069502e-06
407,False,13,glass_box,13,glass_box,True,0.9932756423950195,0.05515395104885101,0.048793528228998184,0.006360422819852829,5.62577315577073e-06
408,False,26,stairs,26,stairs,True,0.8842271566390991,0.5466793775558472,0.5117689371109009,0.03491044044494629,0.00015391396300401539
409,False,14,guitar,8,curtain,False,0.5529617667198181,1.2405482530593872,1.162438988685608,0.0781092643737793,0.0011724100913852453
410,False,0,airplane,0,airplane,True,0.9971345663070679,0.025938576087355614,0.023678213357925415,0.0022603627294301987,4.455228861388605e-07
411,False,32,vase,32,vase,True,0.843653678894043,0.6291643381118774,0.610615074634552,0.01854926347732544,0.0001034134766086936
412,False,10,door,10,door,True,0.8403546810150146,0.5764630436897278,0.557568371295929,0.018894672393798828,0.00010326477058697492
413,False,28,table,28,table,True,0.9949889779090881,0.03680166229605675,0.034479573369026184,0.0023220889270305634,8.698067404111498e-07
414,False,6,chair,6,chair,True,0.9982830286026001,0.015199296176433563,0.014568057842552662,0.0006312383338809013,6.814605058025336e-08
415,False,32,vase,32,vase,True,0.9568616151809692,0.20511005818843842,0.19875143468379974,0.006358623504638672,1.7044683772837743e-05
416,False,18,night_stand,18,night_stand,True,0.44494926929473877,1.5421416759490967,1.5176509618759155,0.024490714073181152,0.00018450171046424657
417,False,18,night_stand,27,stool,False,0.46840783953666687,1.3383649587631226,1.2783770561218262,0.05998790264129639,0.0007499928469769657
418,False,6,chair,6,chair,True,0.9953221678733826,0.03515744209289551,0.031802188605070114,0.0033552534878253937,9.607994115867768e-07
419,False,11,dresser,11,dresser,True,0.7900050282478333,0.8802698850631714,0.8530557155609131,0.0272141695022583,0.00017620799189899117
420,False,20,piano,20,piano,True,0.997657060623169,0.022067982703447342,0.02027924172580242,0.0017887409776449203,2.592160512904229e-07
421,False,5,car,5,car,True,0.9863197207450867,0.09605920314788818,0.09040360152721405,0.005655601620674133,4.038619863422355e-06
422,False,32,vase,17,monitor,False,0.5038823485374451,1.817040205001831,1.7209184169769287,0.09612178802490234,0.0008072266937233508
423,False,0,airplane,0,airplane,True,0.9998154640197754,0.002189723076298833,0.0019996094051748514,0.00019011367112398148,1.7830357190717905e-09
424,False,0,airplane,0,airplane,True,0.9999724626541138,0.00035426070098765194,0.0003191576397512108,3.5103061236441135e-05,1.0328873173426345e-10
425,False,17,monitor,17,monitor,True,0.6800909042358398,1.1831722259521484,1.10332190990448,0.07985031604766846,0.0008403531974181533
426,False,17,monitor,17,monitor,True,0.9900798201560974,0.07760157436132431,0.07173474133014679,0.005866833031177521,2.7031587706005666e-06
427,False,2,bed,2,bed,True,0.9950709342956543,0.037639472633600235,0.03205065056681633,0.005588822066783905,4.409529537952039e-06
428,False,11,dresser,34,xbox,False,0.3717113137245178,1.480739951133728,1.425025224685669,0.05571472644805908,0.0007308973581530154
429,False,28,table,28,table,True,0.9923408031463623,0.05335652828216553,0.05008277669548988,0.003273751586675644,1.696433514553064e-06
430,False,12,flower_pot,32,vase,False,0.9187477827072144,0.3560220003128052,0.34859412908554077,0.007427871227264404,2.4461789507768117e-05
431,False,30,toilet,30,toilet,True,0.999518632888794,0.0049012224189937115,0.004628451075404882,0.00027277134358882904,6.6172596291380614e-09
432,False,16,mantel,16,mantel,True,0.9950886368751526,0.040317222476005554,0.037876468151807785,0.002440754324197769,5.349321554604103e-07
433,False,2,bed,2,bed,True,0.9994897842407227,0.00546118151396513,0.005126341246068478,0.0003348402678966522,1.029775287264556e-08
434,False,6,chair,6,chair,True,0.9992458820343018,0.007119730580598116,0.006642715074121952,0.00047701550647616386,3.695799577485559e-08
435,False,4,bookshelf,4,bookshelf,True,0.9867473840713501,0.08486050367355347,0.08089665323495865,0.003963850438594818,3.4524111924838508e-06
436,False,0,airplane,0,airplane,True,0.9997605085372925,0.0028024548664689064,0.0025870504323393106,0.00021540443412959576,3.1556666169052505e-09
437,False,32,vase,16,mantel,False,0.4623822867870331,1.7764840126037598,1.7190653085708618,0.05741870403289795,0.00044975345372222364
438,False,3,bench,3,bench,True,0.9908164739608765,0.06479103863239288,0.060503508895635605,0.0042875297367572784,2.061519126073108e-06
439,False,20,piano,20,piano,True,0.9858638048171997,0.10529188066720963,0.09864114969968796,0.0066507309675216675,4.4181006160215475e-06
440,False,23,range_hood,23,range_hood,True,0.9493026733398438,0.2851962745189667,0.2708880305290222,0.014308243989944458,2.586853770480957e-05
441,False,6,chair,6,chair,True,0.9965372681617737,0.02788553014397621,0.025980239734053612,0.0019052904099225998,6.349144427986175e-07
442,False,13,glass_box,13,glass_box,True,0.9986861348152161,0.01213373988866806,0.010992150753736496,0.0011415891349315643,1.6951635473105853e-07
443,False,21,plant,27,stool,False,0.46501266956329346,1.5919480323791504,1.5027413368225098,0.08920669555664062,0.0008936735102906823
444,False,0,airplane,0,airplane,True,0.9999111890792847,0.0009982262272387743,0.0008249405073001981,0.00017328571993857622,3.6260823232936445e-09
445,False,30,toilet,30,toilet,True,0.9980700612068176,0.017410971224308014,0.016364123672246933,0.001046847552061081,8.977702492529716e-08
446,False,13,glass_box,13,glass_box,True,0.9970851540565491,0.02557370625436306,0.023574955761432648,0.0019987504929304123,3.8783926470387087e-07
447,False,2,bed,2,bed,True,0.9825029373168945,0.1077575832605362,0.0978352427482605,0.009922340512275696,1.650685771892313e-05
448,False,9,desk,9,desk,True,0.2720806896686554,2.2928316593170166,2.2279913425445557,0.06484031677246094,0.00042341480730101466
449,False,5,car,5,car,True,0.9927120208740234,0.05062442645430565,0.04608841985464096,0.004536006599664688,5.360528575693024e-06
450,False,5,car,5,car,True,0.848588228225708,0.7422122955322266,0.6973136067390442,0.04489868879318237,0.00022137451742310077
451,False,30,toilet,30,toilet,True,0.9997587203979492,0.0027419645339250565,0.00252536335028708,0.00021660118363797665,3.193499020781587e-09
452,False,4,bookshelf,4,bookshelf,True,0.6818275451660156,1.0733096599578857,1.0324807167053223,0.04082894325256348,0.0004571164317894727
453,False,32,vase,32,vase,True,0.9451605677604675,0.23734614253044128,0.23246267437934875,0.004883468151092529,1.7924012354342267e-05
454,False,9,desk,9,desk,True,0.8053421974182129,0.8271618485450745,0.7938032746315002,0.03335857391357422,0.00027667442918755114
455,False,13,glass_box,13,glass_box,True,0.9877974987030029,0.08884446322917938,0.07953421771526337,0.009310245513916016,1.2558858543343376e-05
456,False,1,bathtub,2,bed,False,0.9184203147888184,0.44503647089004517,0.42785578966140747,0.017180681228637695,5.9924848756054416e-05
457,False,9,desk,9,desk,True,0.9817566871643066,0.12522459030151367,0.11528699845075607,0.009937591850757599,9.584356121195015e-06
458,False,31,tv_stand,31,tv_stand,True,0.7873153686523438,0.5862581133842468,0.5608827471733093,0.0253753662109375,0.0003645565884653479
459,False,20,piano,25,sofa,False,0.696980893611908,1.255989670753479,1.2157180309295654,0.040271639823913574,0.0002568758209235966
460,False,14,guitar,14,guitar,True,0.8072924613952637,0.9606661796569824,0.8983458876609802,0.0623202919960022,0.00041296181734651327
461,False,25,sofa,25,sofa,True,0.9985423684120178,0.01307586394250393,0.01218519825488329,0.0008906656876206398,9.997539507367037e-08
462,False,31,tv_stand,20,piano,False,0.22342607378959656,2.613461494445801,2.5333781242370605,0.08008337020874023,0.000347863242495805
463,False,21,plant,21,plant,True,0.7382079362869263,0.628643274307251,0.6218336820602417,0.006809592247009277,7.192807970568538e-05
464,False,13,glass_box,13,glass_box,True,0.9353452324867249,0.36630746722221375,0.344561904668808,0.02174556255340576,6.703725375700742e-05
465,False,20,piano,20,piano,True,0.997301459312439,0.025003327056765556,0.02341720461845398,0.0015861224383115768,2.0639988917992014e-07
466,False,4,bookshelf,4,bookshelf,True,0.953148365020752,0.26143190264701843,0.25251439213752747,0.008917510509490967,1.844324651756324e-05
467,False,9,desk,2,bed,False,0.21507766842842102,2.2322824001312256,2.1453492641448975,0.08693313598632812,0.0005193119868636131
468,False,1,bathtub,1,bathtub,True,0.9527724385261536,0.24798211455345154,0.23128387331962585,0.016698241233825684,6.770728214178234e-05
469,False,28,table,28,table,True,0.9955949187278748,0.03518392890691757,0.03247665613889694,0.00270727276802063,6.94305981596699e-07
470,False,23,range_hood,16,mantel,False,0.4173118770122528,1.7709577083587646,1.6751867532730103,0.0957709550857544,0.0008454686612822115
471,False,1,bathtub,1,bathtub,True,0.6424251794815063,1.1183741092681885,0.9561846852302551,0.16218942403793335,0.0021020264830440283
472,False,14,guitar,14,guitar,True,0.9975903630256653,0.020438291132450104,0.018966373056173325,0.0014719180762767792,2.2749958361600875e-07
473,False,4,bookshelf,21,plant,False,0.5666328072547913,1.053135871887207,1.022172451019287,0.030963420867919922,0.00024596357252448797
474,False,19,person,21,plant,False,0.5484222769737244,0.9995527267456055,0.9273353815078735,0.07221734523773193,0.0012374749640002847
475,False,2,bed,2,bed,True,0.9996515512466431,0.003803671570494771,0.003510203678160906,0.00029346789233386517,7.94638488343935e-09
476,False,28,table,28,table,True,0.9400293231010437,0.3384327292442322,0.32481154799461365,0.01362118124961853,3.185342939104885e-05
477,False,31,tv_stand,18,night_stand,False,0.7431802153587341,0.7683991193771362,0.7261509895324707,0.04224812984466553,0.00056362064788118
478,False,31,tv_stand,31,tv_stand,True,0.499889075756073,1.2661662101745605,1.2090522050857544,0.05711400508880615,0.0005876515642739832
479,False,11,dresser,11,dresser,True,0.41951343417167664,1.6602251529693604,1.6114046573638916,0.04882049560546875,0.0004506403929553926
480,False,25,sofa,25,sofa,True,0.9927518963813782,0.05672486498951912,0.053400736302137375,0.0033241286873817444,1.5446795487150666e-06
481,False,5,car,29,tent,False,0.7430603504180908,1.1217565536499023,1.0752290487289429,0.04652750492095947,0.00024638124159537256
482,False,13,glass_box,13,glass_box,True,0.9866012930870056,0.09424303472042084,0.08713386207818985,0.0071091726422309875,6.321657110675005e-06
483,False,17,monitor,17,monitor,True,0.9982545375823975,0.016457801684737206,0.015378269366919994,0.0010795323178172112,9.732557515462759e-08
484,False,30,toilet,30,toilet,True,0.9997708797454834,0.002569268923252821,0.0023922480177134275,0.00017702090553939342,2.511496566270921e-09
485,False,4,bookshelf,4,bookshelf,True,0.980795681476593,0.11287157237529755,0.11027450859546661,0.0025970637798309326,2.4661192128405673e-06
486,False,25,sofa,25,sofa,True,0.7604444026947021,0.6572743654251099,0.6201803088188171,0.037094056606292725,0.000632905401289463
487,False,32,vase,32,vase,True,0.8079979419708252,0.8481099605560303,0.8126162886619568,0.035493671894073486,0.00018310862651560456
488,False,20,piano,20,piano,True,0.9957569241523743,0.03539168834686279,0.032593984156847,0.002797704190015793,7.292010195669718e-07
489,False,27,stool,27,stool,True,0.817598283290863,0.8509578108787537,0.8163725733757019,0.03458523750305176,0.0001546004059491679
490,False,6,chair,6,chair,True,0.9991894364356995,0.007962147705256939,0.007450996432453394,0.000511151272803545,3.1019212087812775e-08
491,False,11,dresser,31,tv_stand,False,0.768610417842865,0.9006858468055725,0.8695325255393982,0.031153321266174316,0.00013411043619271368
492,False,25,sofa,25,sofa,True,0.9361104369163513,0.2816469669342041,0.26413145661354065,0.017515510320663452,9.772546036401764e-05
493,False,31,tv_stand,2,bed,False,0.5495882034301758,1.510029673576355,1.4587379693984985,0.051291704177856445,0.00045216723810881376
494,False,30,toilet,30,toilet,True,0.9997442364692688,0.002822790527716279,0.0026712447870522738,0.00015154574066400528,1.78914605353242e-09
495,False,17,monitor,17,monitor,True,0.9837884902954102,0.09669892489910126,0.08992616087198257,0.006772764027118683,1.0248588296235539e-05
496,False,0,airplane,0,airplane,True,0.9999538064002991,0.000594987184740603,0.0005570515058934689,3.793567884713411e-05,1.216126643832638e-10
497,False,31,tv_stand,31,tv_stand,True,0.8143121600151062,0.6453921794891357,0.6181160807609558,0.02727609872817993,0.0002334978198632598
498,False,11,dresser,11,dresser,True,0.7786290645599365,0.9278760552406311,0.8968873620033264,0.030988693237304688,0.00022826093481853604
499,False,21,plant,21,plant,True,0.4036293923854828,1.4124946594238281,1.372764229774475,0.03973042964935303,0.0003427835472393781
500,False,2,bed,2,bed,True,0.9996379017829895,0.004010174423456192,0.0036300034262239933,0.0003801709972321987,8.380452776179936e-09
501,False,21,plant,21,plant,True,0.499707967042923,1.5295978784561157,1.4631600379943848,0.06643784046173096,0.0005785516696050763
502,False,32,vase,21,plant,False,0.4226132929325104,1.4456946849822998,1.4163472652435303,0.02934741973876953,0.0001932964223669842
503,False,20,piano,11,dresser,False,0.39811521768569946,1.9282793998718262,1.8832868337631226,0.04499256610870361,0.0002658182056620717
504,False,3,bench,3,bench,True,0.5478723049163818,1.1084555387496948,1.0423818826675415,0.06607365608215332,0.0009445270407013595
505,False,25,sofa,25,sofa,True,0.9987026453018188,0.01149088703095913,0.01106787845492363,0.00042300857603549957,3.543695115126866e-08
506,False,13,glass_box,17,monitor,False,0.639449954032898,1.4242008924484253,1.3588201999664307,0.06538069248199463,0.0005282878410071135
507,False,13,glass_box,13,glass_box,True,0.9966416358947754,0.02853458933532238,0.02644287794828415,0.002091711387038231,6.965778993617278e-07
508,False,28,table,28,table,True,0.6153505444526672,1.1365008354187012,1.0918657779693604,0.04463505744934082,0.0005593061214312911
509,False,9,desk,9,desk,True,0.977115273475647,0.13796868920326233,0.1307947188615799,0.007173970341682434,9.21103037399007e-06
510,False,28,table,28,table,True,0.9806293845176697,0.10792581737041473,0.10120659321546555,0.006719224154949188,1.5025962056824937e-05
511,False,20,piano,20,piano,True,0.9925709962844849,0.058484453707933426,0.05307875573635101,0.005405697971582413,3.247578433729359e-06
512,False,28,table,28,table,True,0.9798745512962341,0.11034946888685226,0.10328240692615509,0.007067061960697174,1.5428518963744864e-05
513,False,9,desk,9,desk,True,0.9311214685440063,0.3731759786605835,0.3529563844203949,0.0202195942401886,7.129300502128899e-05
514,False,5,car,5,car,True,0.970209538936615,0.18456760048866272,0.17649109661579132,0.008076503872871399,1.386979147355305e-05
515,False,6,chair,6,chair,True,0.9949924945831299,0.03578920662403107,0.033453233540058136,0.002335973083972931,1.4374752481671749e-06
516,False,2,bed,2,bed,True,0.9984017014503479,0.014930367469787598,0.014022239483892918,0.00090812798589468,9.331392192279964e-08
517,False,14,guitar,14,guitar,True,0.9968310594558716,0.024776427075266838,0.021156810224056244,0.003619616851210594,1.854740958151524e-06
518,False,25,sofa,25,sofa,True,0.9862432479858398,0.09196221828460693,0.08824389427900314,0.0037183240056037903,2.553374542912934e-06
519,False,6,chair,6,chair,True,0.9942036271095276,0.048561256378889084,0.04530682787299156,0.003254428505897522,7.429500783473486e-07
520,False,23,range_hood,23,range_hood,True,0.8787575364112854,0.46425944566726685,0.43075937032699585,0.033500075340270996,0.0002602369640953839
521,False,7,cone,7,cone,True,0.7718524932861328,0.794452428817749,0.7290014028549194,0.06545102596282959,0.000854202953632921
522,False,32,vase,32,vase,True,0.49493277072906494,1.171541452407837,1.1176201105117798,0.05392134189605713,0.0004097946221008897
523,False,34,xbox,34,xbox,True,0.9245423078536987,0.3477279543876648,0.3303964138031006,0.01733154058456421,8.056963270064443e-05
524,False,18,night_stand,18,night_stand,True,0.40753239393234253,1.797964334487915,1.7552094459533691,0.0427548885345459,0.00025320591521449387
525,False,31,tv_stand,31,tv_stand,True,0.7961662411689758,0.9812041521072388,0.9329042434692383,0.04829990863800049,0.00021778255177196115
526,False,10,door,10,door,True,0.5477453470230103,0.8639207482337952,0.8442662954330444,0.019654452800750732,0.0002649908128660172
527,False,6,chair,6,chair,True,0.9759029746055603,0.1453581154346466,0.1337423026561737,0.0116158127784729,2.11971637327224e-05
528,False,30,toilet,30,toilet,True,0.9329090118408203,0.32822901010513306,0.2967628538608551,0.031466156244277954,0.0001649403857300058
529,False,4,bookshelf,4,bookshelf,True,0.8620836734771729,0.5559154152870178,0.5392547249794006,0.016660690307617188,9.998409223044291e-05
530,False,28,table,28,table,True,0.9757989645004272,0.1356208473443985,0.12778504192829132,0.007835805416107178,1.4917166481609456e-05
531,False,31,tv_stand,31,tv_stand,True,0.7676349878311157,0.8704891800880432,0.8334246277809143,0.037064552307128906,0.0002077943499898538
532,False,13,glass_box,13,glass_box,True,0.9925167560577393,0.05925387144088745,0.053995437920093536,0.005258433520793915,3.1333117931353627e-06
533,False,17,monitor,17,monitor,True,0.9983723759651184,0.014256944879889488,0.012613312341272831,0.0016436325386166573,3.2184797760237416e-07
534,False,31,tv_stand,4,bookshelf,False,0.5520369410514832,0.8531714677810669,0.8220935463905334,0.031077921390533447,0.0005922990967519581
535,False,31,tv_stand,27,stool,False,0.3819906413555145,2.179072856903076,2.0751235485076904,0.10394930839538574,0.0006700317026115954
536,False,17,monitor,17,monitor,True,0.9919307231903076,0.0550723560154438,0.05131269246339798,0.003759663552045822,3.2998416372720385e-06
537,False,2,bed,2,bed,True,0.9996640682220459,0.0037595066241919994,0.0035179597325623035,0.0002415468916296959,4.162678646224549e-09
538,False,28,table,26,stairs,False,0.7416344285011292,1.1665997505187988,1.1128610372543335,0.05373871326446533,0.0003407663316465914
539,False,11,dresser,11,dresser,True,0.7837129235267639,0.8869413137435913,0.8616442680358887,0.025297045707702637,0.00017337345343548805
540,False,23,range_hood,23,range_hood,True,0.9154528975486755,0.4402686059474945,0.4171871542930603,0.023081451654434204,7.311451918212697e-05
541,False,28,table,28,table,True,0.9939128756523132,0.04250480234622955,0.04098484292626381,0.001519959419965744,5.101653073324997e-07
542,False,13,glass_box,13,glass_box,True,0.9850877523422241,0.10981011390686035,0.09381640702486038,0.01599370688199997,2.1893369194003753e-05
543,False,22,radio,33,wardrobe,False,0.6271741390228271,1.1841378211975098,1.1578975915908813,0.026240229606628418,0.00020794426382053643
544,False,0,airplane,0,airplane,True,0.999997615814209,3.910382656613365e-05,3.41210761689581e-05,4.9827503971755505e-06,1.9646129341410745e-12
545,False,11,dresser,11,dresser,True,0.7898271083831787,0.8849916458129883,0.8573108315467834,0.027680814266204834,0.00016660049732308835
546,False,0,airplane,0,airplane,True,0.999997615814209,3.932003164663911e-05,3.6821587855229154e-05,2.4984437914099544e-06,3.879221705145597e-13
547,False,25,sofa,25,sofa,True,0.9986959099769592,0.01208978146314621,0.011396662332117558,0.0006931191310286522,5.0110404714587276e-08
548,False,30,toilet,17,monitor,False,0.5746281743049622,1.5138750076293945,1.4138104915618896,0.10006451606750488,0.001000469084829092
549,False,2,bed,2,bed,True,0.9993768334388733,0.0067642079666256905,0.006264261435717344,0.0004999465309083462,1.7504932614542668e-08
550,False,14,guitar,14,guitar,True,0.9847032427787781,0.1089419573545456,0.10027405619621277,0.008667901158332825,8.53708934300812e-06
551,False,13,glass_box,13,glass_box,True,0.3107115626335144,1.841576099395752,1.7841147184371948,0.05746138095855713,0.00042856702930293977
552,False,26,stairs,3,bench,False,0.6427867412567139,1.2834258079528809,1.2140436172485352,0.0693821907043457,0.0005845734849572182
553,False,0,airplane,0,airplane,True,0.9995784163475037,0.004547778982669115,0.004182344768196344,0.0003654342144727707,1.1246139131060318e-08
554,False,16,mantel,16,mantel,True,0.5236195921897888,1.3197646141052246,1.1821027994155884,0.13766181468963623,0.001651419559493661
555,False,27,stool,27,stool,True,0.7333142757415771,0.9212830066680908,0.8648306727409363,0.05645233392715454,0.0004643132269848138
556,False,16,mantel,16,mantel,True,0.9751327037811279,0.15832078456878662,0.1515512317419052,0.006769552826881409,6.205082172527909e-06
557,False,11,dresser,18,night_stand,False,0.6798524856567383,1.1219202280044556,1.068017840385437,0.053902387619018555,0.0004598032683134079
558,False,0,airplane,0,airplane,True,0.9999943375587463,8.306631934829056e-05,7.603562698932365e-05,7.030692358966917e-06,5.3562948347518624e-12
559,False,23,range_hood,23,range_hood,True,0.8829759955406189,0.42176365852355957,0.38655778765678406,0.03520587086677551,0.0004223800206091255
560,False,31,tv_stand,31,tv_stand,True,0.31619924306869507,1.9477914571762085,1.8892453908920288,0.05854606628417969,0.0004923012456856668
561,False,21,plant,21,plant,True,0.906193196773529,0.4098127484321594,0.3695499002933502,0.040262848138809204,0.0002587566268630326
562,False,30,toilet,30,toilet,True,0.9970507025718689,0.02427111752331257,0.022547056898474693,0.0017240606248378754,3.4486211575313064e-07
563,False,10,door,10,door,True,0.5882965326309204,0.7670674920082092,0.7487540245056152,0.018313467502593994,0.0003194821474608034
564,False,9,desk,9,desk,True,0.7783604860305786,0.8299261927604675,0.767894983291626,0.06203120946884155,0.0006485008052550256
565,False,4,bookshelf,4,bookshelf,True,0.9074472188949585,0.4074358344078064,0.3836332857608795,0.02380254864692688,0.00011798866034951061
566,False,5,car,5,car,True,0.988572895526886,0.07990661263465881,0.07603515684604645,0.0038714557886123657,2.458132712490624e-06
567,False,23,range_hood,23,range_hood,True,0.7538021206855774,1.0978243350982666,1.0493338108062744,0.04849052429199219,0.0003572604910004884
568,False,23,range_hood,26,stairs,False,0.3229295313358307,2.21051287651062,2.1166889667510986,0.09382390975952148,0.0006181298522278666
569,False,0,airplane,0,airplane,True,0.9999664425849915,0.00042818780639208853,0.0003715852799359709,5.660252645611763e-05,4.087458982393599e-10
570,False,28,table,28,table,True,0.8094397187232971,0.5274591445922852,0.4863847494125366,0.041074395179748535,0.0007133663166314363
571,False,4,bookshelf,19,person,False,0.4969533085823059,0.8012709021568298,0.7132221460342407,0.08804875612258911,0.002154128160327673
572,False,1,bathtub,1,bathtub,True,0.9777453541755676,0.1389860212802887,0.1291879266500473,0.009798094630241394,1.5476100088562816e-05
573,False,25,sofa,25,sofa,True,0.9928140640258789,0.05471307784318924,0.05213112384080887,0.002581954002380371,1.0348362593504135e-06
574,False,31,tv_stand,31,tv_stand,True,0.7953596711158752,0.9755057692527771,0.9249250888824463,0.05058068037033081,0.0003483502077870071
575,False,5,car,5,car,True,0.7652337551116943,0.9273188710212708,0.8604164719581604,0.06690239906311035,0.0007211830234155059
576,False,13,glass_box,13,glass_box,True,0.40283915400505066,1.4387540817260742,1.403692603111267,0.03506147861480713,0.00036842026747763157
577,False,11,dresser,11,dresser,True,0.7780355215072632,0.9202653765678406,0.8937328457832336,0.026532530784606934,0.0001651484053581953
578,False,20,piano,20,piano,True,0.9963142275810242,0.03328624740242958,0.03124530054628849,0.0020409468561410904,3.01229277965831e-07
579,False,17,monitor,17,monitor,True,0.5745881795883179,1.5429030656814575,1.4663678407669067,0.07653522491455078,0.0006727493018843234
580,False,20,piano,18,night_stand,False,0.4442618787288666,1.2761038541793823,1.2458926439285278,0.030211210250854492,0.00031810346990823746
581,False,4,bookshelf,4,bookshelf,True,0.9730843901634216,0.14356008172035217,0.1386088877916336,0.004951193928718567,1.1275183169345837e-05
582,False,26,stairs,6,chair,False,0.3097115755081177,1.9381213188171387,1.810017466545105,0.1281038522720337,0.0012114668497815728
583,False,23,range_hood,23,range_hood,True,0.8003338575363159,0.6020989418029785,0.5668453574180603,0.03525358438491821,0.0005465199938043952
584,False,13,glass_box,13,glass_box,True,0.9946935772895813,0.04238048940896988,0.038329292088747025,0.004051197320222855,2.2207664187590126e-06
585,False,5,car,5,car,True,0.9954038262367249,0.03605471923947334,0.03358199819922447,0.002472721040248871,8.848352308632457e-07
586,False,16,mantel,16,mantel,True,0.9487840533256531,0.3020756244659424,0.2854180335998535,0.016657590866088867,3.3562053431523964e-05
587,False,2,bed,2,bed,True,0.9983767867088318,0.015362136997282505,0.013173783197999,0.0021883537992835045,3.21205249065315e-07
588,False,13,glass_box,13,glass_box,True,0.9987508654594421,0.011836763471364975,0.010515016503632069,0.0013217469677329063,1.7830258514095476e-07
589,False,30,toilet,30,toilet,True,0.9999709129333496,0.00038329296512529254,0.00035254465183243155,3.0748313292860985e-05,7.32764474098424e-11
590,False,14,guitar,14,guitar,True,0.9931111931800842,0.05546224117279053,0.05134829878807068,0.004113942384719849,1.6404741245423793e-06
591,False,12,flower_pot,21,plant,False,0.827614426612854,0.47637420892715454,0.4692710041999817,0.0071032047271728516,9.073935507331043e-05
592,False,8,curtain,8,curtain,True,0.608211100101471,1.1278595924377441,1.078747034072876,0.049112558364868164,0.0003781677223742008
593,False,23,range_hood,23,range_hood,True,0.894382655620575,0.41169917583465576,0.395616739988327,0.016082435846328735,0.00013228582974988967
594,False,25,sofa,25,sofa,True,0.9583488702774048,0.21865518391132355,0.2045198529958725,0.01413533091545105,5.478639286593534e-05
595,False,15,lamp,15,lamp,True,0.9883827567100525,0.0838044062256813,0.07722973078489304,0.006574675440788269,4.189484570815694e-06
596,False,13,glass_box,11,dresser,False,0.3181115686893463,1.644080400466919,1.609035849571228,0.03504455089569092,0.00035489420406520367
597,False,11,dresser,11,dresser,True,0.7754269242286682,0.9294884204864502,0.8973696827888489,0.03211873769760132,0.00022739297128282487
598,False,21,plant,21,plant,True,0.7394325137138367,0.7492034435272217,0.7261740565299988,0.0230293869972229,0.00015607240493409336
599,False,1,bathtub,25,sofa,False,0.8249780535697937,0.7571423649787903,0.7287174463272095,0.02842491865158081,0.00021609979739878327
600,False,30,toilet,30,toilet,True,0.9999475479125977,0.0006563831120729446,0.0005924197612330317,6.396335083991289e-05,3.5918965024528404e-10
601,False,15,lamp,15,lamp,True,0.9973746538162231,0.02252758853137493,0.019915904849767685,0.0026116836816072464,7.667542263334326e-07
602,False,20,piano,25,sofa,False,0.48381996154785156,1.6244702339172363,1.5748133659362793,0.04965686798095703,0.000519901339430362
603,False,9,desk,13,glass_box,False,0.6699226498603821,1.3986724615097046,1.2443732023239136,0.15429925918579102,0.0014051360776647925
604,False,4,bookshelf,4,bookshelf,True,0.9643844962120056,0.22881075739860535,0.21968701481819153,0.009123742580413818,1.1372004337317776e-05
605,False,30,toilet,30,toilet,True,0.9997837543487549,0.0023754325229674578,0.0021349440794438124,0.0002404884435236454,5.884174036907552e-09
606,False,25,sofa,25,sofa,True,0.9838939309120178,0.09954699873924255,0.09509588032960892,0.0044511184096336365,7.031409040791914e-06
607,False,4,bookshelf,4,bookshelf,True,0.9810414910316467,0.12507054209709167,0.1201506108045578,0.0049199312925338745,4.340915893408237e-06
608,False,7,cone,7,cone,True,0.881690502166748,0.5542230606079102,0.523378849029541,0.03084421157836914,0.00017371907597407699
609,False,32,vase,32,vase,True,0.8574554920196533,0.5803483724594116,0.5683989524841309,0.011949419975280762,5.3398798627313226e-05
610,False,14,guitar,14,guitar,True,0.9983462691307068,0.014906220138072968,0.013894465751945972,0.001011754386126995,8.330417955448866e-08
611,False,16,mantel,16,mantel,True,0.9827350974082947,0.10144376754760742,0.09591655433177948,0.005527213215827942,7.78049070504494e-06
612,False,1,bathtub,2,bed,False,0.6138731837272644,1.5283093452453613,1.4353455305099487,0.0929638147354126,0.0007815961726009846
613,False,26,stairs,26,stairs,True,0.7950856685638428,0.8184899091720581,0.7298203110694885,0.08866959810256958,0.0007550495211035013
614,False,13,glass_box,18,night_stand,False,0.5189866423606873,1.143990397453308,1.1056525707244873,0.0383378267288208,0.0004173152847215533
615,False,25,sofa,25,sofa,True,0.8808156251907349,0.5234442949295044,0.493531733751297,0.029912561178207397,0.00022241285478230566
616,False,0,airplane,0,airplane,True,0.9999542832374573,0.0005944345612078905,0.0005351625150069594,5.927204620093107e-05,2.5734467334892486e-10
617,False,30,toilet,30,toilet,True,0.9998323321342468,0.0019180322997272015,0.001741880434565246,0.00017615186516195536,1.922062731196661e-09
618,False,25,sofa,25,sofa,True,0.90949547290802,0.40972793102264404,0.3930107653141022,0.01671716570854187,7.763206667732447e-05
619,False,6,chair,6,chair,True,0.9721246957778931,0.1726163923740387,0.16102036833763123,0.01159602403640747,2.2089958292781375e-05
620,False,21,plant,21,plant,True,0.6458054780960083,0.7395762205123901,0.7293488383293152,0.010227382183074951,8.664013148518279e-05
621,False,11,dresser,11,dresser,True,0.5969233512878418,1.099623441696167,1.0733063220977783,0.026317119598388672,0.0002944555599242449
622,False,18,night_stand,31,tv_stand,False,0.47259020805358887,1.3114533424377441,1.2438749074935913,0.06757843494415283,0.0009076406131498516
623,False,22,radio,4,bookshelf,False,0.3701402246952057,1.967179775238037,1.8973156213760376,0.06986415386199951,0.000561333610676229
624,False,23,range_hood,23,range_hood,True,0.5513537526130676,1.7435765266418457,1.6488285064697266,0.09474802017211914,0.0009514537523500621
625,False,28,table,28,table,True,0.998056173324585,0.016664501279592514,0.01561699714511633,0.0010475041344761848,1.5789885310368845e-07
626,False,34,xbox,34,xbox,True,0.9599657654762268,0.21020957827568054,0.19951710104942322,0.010692477226257324,2.6255125703755766e-05
627,False,31,tv_stand,30,toilet,False,0.5497048497200012,1.4295644760131836,1.2383965253829956,0.191167950630188,0.0027408222667872906
628,False,2,bed,2,bed,True,0.8190321326255798,0.9444622993469238,0.9134578108787537,0.031004488468170166,0.00016638431407045573
629,False,11,dresser,11,dresser,True,0.5267631411552429,1.3263180255889893,1.2622359991073608,0.06408202648162842,0.0009542503394186497
630,False,2,bed,2,bed,True,0.962111234664917,0.24503204226493835,0.2329355627298355,0.012096479535102844,2.3647597117815167e-05
631,False,28,table,28,table,True,0.656870424747467,1.161750316619873,1.1298949718475342,0.03185534477233887,0.000273345154710114
632,False,13,glass_box,13,glass_box,True,0.9892343878746033,0.08007417619228363,0.07224550098180771,0.007828675210475922,7.251846454892075e-06
633,False,25,sofa,25,sofa,True,0.9378611445426941,0.35077667236328125,0.3350817859172821,0.015694886445999146,4.453173460206017e-05
634,False,31,tv_stand,4,bookshelf,False,0.28871825337409973,2.125915050506592,2.0047824382781982,0.12113261222839355,0.0008546403259970248
635,False,21,plant,32,vase,False,0.4993230402469635,1.2397387027740479,1.20785653591156,0.03188216686248779,0.0003897773858625442
636,False,23,range_hood,23,range_hood,True,0.9418920278549194,0.2863582968711853,0.2695859670639038,0.016772329807281494,6.397267134161666e-05
637,False,31,tv_stand,3,bench,False,0.563351571559906,1.0800446271896362,1.0267868041992188,0.05325782299041748,0.0007766620838083327
638,False,16,mantel,16,mantel,True,0.9927687048912048,0.05739216506481171,0.05233795940876007,0.005054205656051636,2.610767978694639e-06
639,False,17,monitor,17,monitor,True,0.9295349717140198,0.2877225875854492,0.254401296377182,0.03332129120826721,0.0002465280704200268
640,False,31,tv_stand,31,tv_stand,True,0.8664724230766296,0.47437822818756104,0.4552239775657654,0.019154250621795654,0.00017912400653585792
641,False,16,mantel,16,mantel,True,0.9930503368377686,0.05380341410636902,0.05131193995475769,0.002491474151611328,8.136544238368515e-07
642,False,17,monitor,17,monitor,True,0.7347094416618347,1.1150505542755127,1.075963020324707,0.039087533950805664,0.0002835783234331757
643,False,32,vase,32,vase,True,0.6637861132621765,0.9068427085876465,0.8848379254341125,0.022004783153533936,0.00014296431618276983
644,False,20,piano,20,piano,True,0.34360477328300476,2.1583595275878906,2.125253200531006,0.033106327056884766,0.00018183553765993565
645,False,8,curtain,8,curtain,True,0.8054633140563965,0.7399610280990601,0.7070728540420532,0.032888174057006836,0.0002191692328779027
646,False,5,car,5,car,True,0.9592546224594116,0.24818000197410583,0.24002060294151306,0.008159399032592773,1.1455872481747065e-05
647,False,25,sofa,25,sofa,True,0.9907841682434082,0.0688135176897049,0.06646755337715149,0.0023459643125534058,9.930397482094122e-07
648,False,20,piano,20,piano,True,0.7761470675468445,0.776083767414093,0.7023447751998901,0.07373899221420288,0.0010216344380751252
649,False,20,piano,23,range_hood,False,0.19052274525165558,2.602703332901001,2.530332088470459,0.07237124443054199,0.0004075152100995183
650,False,19,person,14,guitar,False,0.7027248740196228,1.1599986553192139,1.0657777786254883,0.09422087669372559,0.0008554544183425605
651,False,1,bathtub,1,bathtub,True,0.8066834807395935,0.9090130925178528,0.8402042388916016,0.06880885362625122,0.0004260268178768456
652,False,19,person,19,person,True,0.7813317775726318,0.7848091125488281,0.7479694485664368,0.03683966398239136,0.00036236195592209697
653,False,24,sink,24,sink,True,0.7187018394470215,1.3433748483657837,1.2952739000320435,0.048100948333740234,0.0002941469138022512
654,False,32,vase,32,vase,True,0.9258307218551636,0.34788182377815247,0.33509117364883423,0.012790650129318237,4.062638254254125e-05
655,False,7,cone,7,cone,True,0.9696916937828064,0.15704596042633057,0.15060022473335266,0.006445735692977905,1.5766934666316956e-05
656,False,29,tent,30,toilet,False,0.8624153137207031,0.5984686017036438,0.5356898307800293,0.0627787709236145,0.0003952273982577026
657,False,32,vase,32,vase,True,0.9380213618278503,0.26465895771980286,0.25648921728134155,0.008169740438461304,4.017821993329562e-05
658,False,9,desk,9,desk,True,0.864174485206604,0.5261166095733643,0.5011596083641052,0.024957001209259033,0.00016236241208389401
659,False,10,door,8,curtain,False,0.7348749041557312,0.9162931442260742,0.8799070119857788,0.03638613224029541,0.00024248886620625854
660,False,2,bed,2,bed,True,0.9940992593765259,0.04771345853805542,0.044596195220947266,0.0031172633171081543,1.0400160590506857e-06
661,False,25,sofa,25,sofa,True,0.9980892539024353,0.016538193449378014,0.01489599421620369,0.001642199233174324,4.900537646790326e-07
662,False,25,sofa,25,sofa,True,0.9826653003692627,0.10862592607736588,0.10422487556934357,0.004401050508022308,4.386895398056367e-06
663,False,18,night_stand,18,night_stand,True,0.717484712600708,0.9381114840507507,0.9008780717849731,0.03723341226577759,0.00033604566124267876
664,False,17,monitor,17,monitor,True,0.9985127449035645,0.014036839827895164,0.013015402480959892,0.0010214373469352722,8.352139246881052e-08
665,False,20,piano,20,piano,True,0.9950954914093018,0.03960414603352547,0.03625393286347389,0.0033502131700515747,8.57805559917324e-07
666,False,14,guitar,14,guitar,True,0.9971450567245483,0.024501079693436623,0.02298443764448166,0.0015166420489549637,2.1139751993359823e-07
667,False,23,range_hood,23,range_hood,True,0.6034058332443237,1.6447383165359497,1.5613961219787598,0.08334219455718994,0.000593987584579736
668,False,17,monitor,34,xbox,False,0.7882823348045349,0.8952704668045044,0.8467764854431152,0.04849398136138916,0.0003094358544331044
669,False,14,guitar,14,guitar,True,0.9846271276473999,0.11078505218029022,0.09924536198377609,0.01153969019651413,1.4559915143763646e-05
670,False,18,night_stand,18,night_stand,True,0.9302807450294495,0.3773195147514343,0.3547760248184204,0.022543489933013916,5.558517295867205e-05
671,False,6,chair,6,chair,True,0.9951902627944946,0.035081978887319565,0.030813591554760933,0.004268387332558632,2.5861988888209453e-06
672,False,33,wardrobe,33,wardrobe,True,0.441156804561615,1.3841972351074219,1.3373103141784668,0.04688692092895508,0.0005020264652557671
673,False,34,xbox,34,xbox,True,0.93710857629776,0.30835196375846863,0.2954750955104828,0.01287686824798584,3.7662932300008833e-05
674,False,4,bookshelf,4,bookshelf,True,0.9860257506370544,0.08506055176258087,0.08149756491184235,0.0035629868507385254,3.2412408472737297e-06
675,False,28,table,28,table,True,0.9896703362464905,0.07117161899805069,0.06759260594844818,0.0035790130496025085,1.9175956822437e-06
676,False,5,car,5,car,True,0.9875515103340149,0.07685993611812592,0.06664962321519852,0.010210312902927399,2.3199334464152344e-05
677,False,14,guitar,14,guitar,True,0.9973593354225159,0.021616265177726746,0.01985037513077259,0.001765890046954155,3.3527788900755695e-07
678,False,21,plant,21,plant,True,0.836936354637146,0.457350492477417,0.4440847635269165,0.013265728950500488,0.00017366117390338331
679,False,32,vase,32,vase,True,0.9249206781387329,0.35253649950027466,0.3413890302181244,0.011147469282150269,4.1285140468971804e-05
680,False,23,range_hood,23,range_hood,True,0.8166200518608093,0.5660040974617004,0.5350086688995361,0.030995428562164307,0.0004312421951908618
681,False,23,range_hood,23,range_hood,True,0.9185823798179626,0.38356298208236694,0.3656540811061859,0.01790890097618103,8.92182215466164e-05
682,False,16,mantel,16,mantel,True,0.7969834804534912,0.8102567195892334,0.783606231212616,0.02665048837661743,0.000210511454497464
683,False,0,airplane,0,airplane,True,0.9796348810195923,0.13980215787887573,0.12989960610866547,0.009902551770210266,1.1187687960045878e-05
684,False,19,person,19,person,True,0.8057398796081543,0.8794286251068115,0.8404412865638733,0.03898733854293823,0.00020396515901666135
685,False,25,sofa,25,sofa,True,0.8236995339393616,0.7466359734535217,0.7103580832481384,0.0362778902053833,0.0002346663095522672
686,False,32,vase,32,vase,True,0.9113447070121765,0.36075764894485474,0.35355085134506226,0.0072067975997924805,3.137728708679788e-05
687,False,1,bathtub,9,desk,False,0.45732754468917847,1.817150592803955,1.7730944156646729,0.04405617713928223,0.00034706314909271896
688,False,9,desk,9,desk,True,0.8040180206298828,0.8146660327911377,0.7842276692390442,0.030438363552093506,0.0002432950132060796
689,False,21,plant,21,plant,True,0.7799567580223083,0.5542767643928528,0.5442461967468262,0.010030567646026611,0.00015807636373210698
690,False,5,car,5,car,True,0.9850032925605774,0.10416386276483536,0.09782726317644119,0.006336599588394165,5.960102498647757e-06
691,False,25,sofa,25,sofa,True,0.9658864140510559,0.19184181094169617,0.18642264604568481,0.0054191648960113525,9.28664030652726e-06
692,False,5,car,5,car,True,0.9951739311218262,0.036862682551145554,0.03508347272872925,0.0017792098224163055,5.548138233280042e-07
693,False,1,bathtub,17,monitor,False,0.83228600025177,0.7525203227996826,0.6828223466873169,0.06969797611236572,0.0004962828243151307
694,False,18,night_stand,18,night_stand,True,0.9079634547233582,0.47608497738838196,0.4550662040710449,0.021018773317337036,7.652354543097317e-05
695,False,23,range_hood,23,range_hood,True,0.348069965839386,1.8686130046844482,1.776108741760254,0.09250426292419434,0.0010959433857351542
696,False,27,stool,15,lamp,False,0.737907350063324,0.8935299515724182,0.7983983755111694,0.09513157606124878,0.0013472342398017645
697,False,4,bookshelf,4,bookshelf,True,0.8288271427154541,0.47933095693588257,0.46533986926078796,0.013991087675094604,0.00020194830722175539
698,False,26,stairs,26,stairs,True,0.9374094605445862,0.3945079445838928,0.3783987760543823,0.016109168529510498,2.895363104471471e-05
699,False,17,monitor,17,monitor,True,0.9882661700248718,0.07898038625717163,0.07108069956302643,0.007899686694145203,8.17375439510215e-06
700,False,0,airplane,0,airplane,True,0.9998611807823181,0.0015999682946130633,0.0014893454499542713,0.00011062284465879202,1.2187071352087742e-09
701,False,5,car,5,car,True,0.9894376993179321,0.07713759690523148,0.07159456610679626,0.005543030798435211,3.174811354256235e-06
702,False,4,bookshelf,4,bookshelf,True,0.797010600566864,0.8093631267547607,0.7706583142280579,0.03870481252670288,0.00030321793747134507
703,False,32,vase,12,flower_pot,False,0.3769591748714447,1.2648717164993286,1.2225879430770874,0.04228377342224121,0.0005950715858489275
704,False,29,tent,17,monitor,False,0.3202749192714691,1.920776605606079,1.8499279022216797,0.07084870338439941,0.0006448068888857961
705,False,28,table,28,table,True,0.9160759449005127,0.3602011501789093,0.34183862805366516,0.01836252212524414,0.00010404433851363137
706,False,33,wardrobe,4,bookshelf,False,0.9614641666412354,0.2061758041381836,0.20069454610347748,0.005481258034706116,1.2811335182050243e-05
707,False,32,vase,32,vase,True,0.8107203841209412,0.7840954661369324,0.7358264327049255,0.048269033432006836,0.00030726686236448586
708,False,22,radio,11,dresser,False,0.2893082797527313,1.93959379196167,1.8825846910476685,0.057009100914001465,0.00046063881018199027
709,False,34,xbox,34,xbox,True,0.7597841024398804,0.8968403339385986,0.8493008017539978,0.04753953218460083,0.0003651290026027709
710,False,18,night_stand,18,night_stand,True,0.9194516539573669,0.43754321336746216,0.40995293855667114,0.027590274810791016,9.371795022161677e-05
711,False,21,plant,12,flower_pot,False,0.40852755308151245,1.5311574935913086,1.4540544748306274,0.07710301876068115,0.0005240779719315469
712,False,6,chair,6,chair,True,0.99782794713974,0.01971803419291973,0.01899860054254532,0.0007194336503744125,5.595669350100252e-08
713,False,20,piano,9,desk,False,0.45558062195777893,1.4718856811523438,1.4026399850845337,0.06924569606781006,0.0008729958790354431
714,False,23,range_hood,23,range_hood,True,0.891828179359436,0.4901124835014343,0.46281105279922485,0.027301430702209473,0.00015335524221882224
715,False,4,bookshelf,4,bookshelf,True,0.99048912525177,0.06453630328178406,0.06196029111742973,0.0025760121643543243,1.1549007012945367e-06
716,False,34,xbox,20,piano,False,0.8376250267028809,0.8327546119689941,0.8055142164230347,0.027240395545959473,0.00010588693112367764
717,False,1,bathtub,1,bathtub,True,0.6271935105323792,1.3853609561920166,1.2972828149795532,0.08807814121246338,0.0007623668643645942
718,False,1,bathtub,1,bathtub,True,0.6653907895088196,0.9982218146324158,0.9511777758598328,0.04704403877258301,0.000694889691658318
719,False,30,toilet,30,toilet,True,0.9994563460350037,0.005440818145871162,0.005005780607461929,0.0004350375384092331,2.2527727239207707e-08
720,False,18,night_stand,18,night_stand,True,0.852918803691864,0.4576572775840759,0.42459750175476074,0.033059775829315186,0.0004381525795906782
721,False,5,car,5,car,True,0.9805669784545898,0.12571869790554047,0.11381721496582031,0.011901482939720154,1.810813046176918e-05
722,False,25,sofa,31,tv_stand,False,0.4037656784057617,1.5029479265213013,1.4495512247085571,0.05339670181274414,0.0006429237546399236
723,False,4,bookshelf,4,bookshelf,True,0.9910549521446228,0.06149742752313614,0.05920059606432915,0.0022968314588069916,1.2359380434645573e-06
724,False,17,monitor,17,monitor,True,0.9917436242103577,0.06561557203531265,0.06198908016085625,0.0036264918744564056,1.2799786190953455e-06
725,False,25,sofa,25,sofa,True,0.9931648969650269,0.05055587366223335,0.048349589109420776,0.0022062845528125763,8.909840403248381e-07
726,False,2,bed,2,bed,True,0.9960973858833313,0.033340372145175934,0.030263664200901985,0.0030767079442739487,1.002128328764229e-06
727,False,30,toilet,30,toilet,True,0.9999120831489563,0.0010890974663197994,0.0010196252260357141,6.947224028408527e-05,2.7099400501384707e-10
728,False,14,guitar,14,guitar,True,0.6761188507080078,0.9115005731582642,0.8081113696098328,0.1033892035484314,0.0018680734792724252
729,False,1,bathtub,24,sink,False,0.3672292232513428,2.1232028007507324,2.0589346885681152,0.06426811218261719,0.0004528960562311113
730,False,13,glass_box,33,wardrobe,False,0.41088464856147766,1.3751139640808105,1.333878755569458,0.04123520851135254,0.00047480210196226835
731,False,5,car,5,car,True,0.9715901613235474,0.18076325953006744,0.1693596988916397,0.011403560638427734,2.029835741268471e-05
732,False,33,wardrobe,33,wardrobe,True,0.6691389679908752,1.1642515659332275,1.1280890703201294,0.036162495613098145,0.0002572142402641475
733,False,24,sink,29,tent,False,0.398175448179245,1.482825756072998,1.4183121919631958,0.06451356410980225,0.0006041086744517088
734,False,13,glass_box,11,dresser,False,0.5625234842300415,1.0934534072875977,1.058400273323059,0.035053133964538574,0.00035528535954654217
735,False,10,door,15,lamp,False,0.7469863295555115,0.957154393196106,0.8503744006156921,0.10677999258041382,0.0012801415286958218
736,False,11,dresser,11,dresser,True,0.5491093993186951,1.4673599004745483,1.4214494228363037,0.04591047763824463,0.00046659589861519635
737,False,31,tv_stand,4,bookshelf,False,0.5196216106414795,1.6660341024398804,1.5800589323043823,0.08597517013549805,0.0005555240204557776
738,False,6,chair,6,chair,True,0.9952843189239502,0.03897180035710335,0.037234291434288025,0.0017375089228153229,4.382543750125478e-07
739,False,5,car,5,car,True,0.9902170300483704,0.06699501723051071,0.06493982672691345,0.0020551905035972595,1.125748667618609e-06
740,False,21,plant,21,plant,True,0.6972304582595825,0.8754879832267761,0.8476969003677368,0.027791082859039307,0.00018152302072849125
741,False,21,plant,21,plant,True,0.7664788961410522,0.6215075254440308,0.6099489331245422,0.011558592319488525,0.00011122942669317126
742,False,13,glass_box,13,glass_box,True,0.980258584022522,0.13219594955444336,0.116421177983284,0.015774771571159363,2.3489374143537134e-05
743,False,11,dresser,18,night_stand,False,0.39381733536720276,1.7373753786087036,1.6629375219345093,0.07443785667419434,0.0006954288692213595
744,False,15,lamp,15,lamp,True,0.9976480603218079,0.02021230198442936,0.018845783546566963,0.0013665184378623962,1.847552795197771e-07
745,False,28,table,28,table,True,0.9955205917358398,0.03394290804862976,0.032304394990205765,0.001638513058423996,4.2861651650127897e-07
746,False,30,toilet,30,toilet,True,0.9311934113502502,0.36064857244491577,0.34060803055763245,0.020040541887283325,6.197542825248092e-05
747,False,21,plant,15,lamp,False,0.5607761740684509,1.344902515411377,1.2924227714538574,0.05247974395751953,0.0006754955975338817
748,False,21,plant,21,plant,True,0.7248187065124512,0.7424110174179077,0.7197707295417786,0.02264028787612915,0.0001954219478648156
749,False,16,mantel,16,mantel,True,0.9974913597106934,0.022378841415047646,0.021230805665254593,0.0011480357497930527,1.2049227393617912e-07
750,False,0,airplane,0,airplane,True,0.9954369068145752,0.03418365865945816,0.025437524542212486,0.008746134117245674,9.739739653014112e-06
751,False,23,range_hood,23,range_hood,True,0.931433916091919,0.35391348600387573,0.3334272801876068,0.02048620581626892,8.500720286974683e-05
752,False,2,bed,2,bed,True,0.9840518832206726,0.11810092628002167,0.10872917622327805,0.009371750056743622,8.507224265486002e-06
753,False,17,monitor,17,monitor,True,0.9993906021118164,0.005881210323423147,0.005578162148594856,0.00030304817482829094,1.0452495757817815e-08
754,False,14,guitar,14,guitar,True,0.9886205792427063,0.08596248924732208,0.08085224032402039,0.005110248923301697,2.7070989290223224e-06
755,False,2,bed,2,bed,True,0.9960363507270813,0.03508337587118149,0.03218664228916168,0.002896733582019806,9.619230922908173e-07
756,False,28,table,28,table,True,0.4534286558628082,1.1361515522003174,1.099358081817627,0.03679347038269043,0.0005434910417534411
757,False,11,dresser,11,dresser,True,0.735171377658844,1.1069724559783936,1.082425832748413,0.02454662322998047,0.00014740886399522424
758,False,21,plant,21,plant,True,0.4262162744998932,1.3043774366378784,1.2675532102584839,0.03682422637939453,0.00038482455420307815
759,False,14,guitar,14,guitar,True,0.9231048822402954,0.3670200705528259,0.3389245569705963,0.028095513582229614,0.00015015823009889573
760,False,13,glass_box,18,night_stand,False,0.5323615670204163,1.2350966930389404,1.2048455476760864,0.030251145362854004,0.0002576045226305723
761,False,13,glass_box,11,dresser,False,0.48672983050346375,1.4559385776519775,1.4235248565673828,0.03241372108459473,0.0003247846325393766
762,False,11,dresser,11,dresser,True,0.9044418931007385,0.44531509280204773,0.4271606206893921,0.01815447211265564,7.935053145047277e-05
763,False,31,tv_stand,4,bookshelf,False,0.2653726041316986,2.3828940391540527,2.253127098083496,0.12976694107055664,0.0008473611087538302
764,False,28,table,28,table,True,0.9913367629051208,0.06205200403928757,0.05778339132666588,0.004268612712621689,2.7211051474296255e-06
765,False,15,lamp,29,tent,False,0.36615991592407227,1.8757083415985107,1.790847659111023,0.08486068248748779,0.0005382418166846037
766,False,32,vase,32,vase,True,0.7097980976104736,1.0129331350326538,0.9610386490821838,0.05189448595046997,0.000543054542504251
767,False,6,chair,6,chair,True,0.41406309604644775,1.495682716369629,1.3871662616729736,0.10851645469665527,0.001198226003907621
768,False,23,range_hood,23,range_hood,True,0.9190523028373718,0.3898201286792755,0.37020137906074524,0.019618749618530273,0.00010767779895104468
769,False,0,airplane,0,airplane,True,0.5631191730499268,1.2610055208206177,1.1768819093704224,0.08412361145019531,0.0013049787376075983
770,False,25,sofa,25,sofa,True,0.9962453842163086,0.02963487058877945,0.028520116582512856,0.001114754006266594,2.6630851834852365e-07
771,False,18,night_stand,18,night_stand,True,0.8724387288093567,0.5187480449676514,0.486460417509079,0.03228762745857239,0.00019097498443443328
772,False,13,glass_box,13,glass_box,True,0.9992207884788513,0.007627150509506464,0.0069598788395524025,0.0006672716699540615,3.9848849553436594e-08
773,False,4,bookshelf,4,bookshelf,True,0.9700180292129517,0.18377414345741272,0.17457804083824158,0.009196102619171143,1.559226257086266e-05
774,False,17,monitor,17,monitor,True,0.9927829504013062,0.05764157325029373,0.053143344819545746,0.004498228430747986,2.1918008314969484e-06
775,False,21,plant,21,plant,True,0.8810454607009888,0.42703041434288025,0.4089444577693939,0.018085956573486328,0.00011425201955717057
776,False,20,piano,2,bed,False,0.43547874689102173,1.8530049324035645,1.7840627431869507,0.06894218921661377,0.0005733321886509657
777,False,16,mantel,4,bookshelf,False,0.46257585287094116,1.4064924716949463,1.2788071632385254,0.1276853084564209,0.0017612872179597616
778,False,14,guitar,14,guitar,True,0.9988816976547241,0.010161112062633038,0.00935025978833437,0.0008108522742986679,8.151001651413026e-08
779,False,13,glass_box,11,dresser,False,0.381801038980484,1.301778793334961,1.2761995792388916,0.025579214096069336,0.0003499682352412492
780,False,23,range_hood,24,sink,False,0.2106873244047165,2.4540271759033203,2.384345531463623,0.06968164443969727,0.0004327396163716912
781,False,23,range_hood,3,bench,False,0.382204532623291,2.179410457611084,2.061417818069458,0.11799263954162598,0.0009126056684181094
782,False,31,tv_stand,31,tv_stand,True,0.3984852731227875,2.0763373374938965,1.9915478229522705,0.08478951454162598,0.0005302525823935866
783,False,18,night_stand,18,night_stand,True,0.6692103147506714,1.1266636848449707,1.0791171789169312,0.04754650592803955,0.00045010936446487904
784,False,23,range_hood,23,range_hood,True,0.7694754600524902,0.9044883847236633,0.8542537689208984,0.05023461580276489,0.00039544099126942456
785,False,26,stairs,20,piano,False,0.7433862686157227,0.9929342269897461,0.9343739151954651,0.058560311794281006,0.0005463901907205582
786,False,23,range_hood,23,range_hood,True,0.8998038172721863,0.4261794090270996,0.40524017810821533,0.020939230918884277,0.00012633120059035718
787,False,18,night_stand,11,dresser,False,0.3940812647342682,1.6300392150878906,1.5986777544021606,0.03136146068572998,0.00020922240219078958
788,False,11,dresser,11,dresser,True,0.8300265669822693,0.5858446359634399,0.5643256306648254,0.021519005298614502,0.00021406356245279312
789,False,6,chair,6,chair,True,0.996438205242157,0.02937701717019081,0.027853146195411682,0.001523870974779129,2.830574032941513e-07
790,False,23,range_hood,2,bed,False,0.19813460111618042,2.5176515579223633,2.4236114025115967,0.0940401554107666,0.0005456593353301287
791,False,17,monitor,17,monitor,True,0.9985049366950989,0.013965577818453312,0.013006950728595257,0.0009586270898580551,8.973894694008777e-08
792,False,16,mantel,16,mantel,True,0.9789162278175354,0.13112801313400269,0.12364859879016876,0.007479414343833923,9.041091288963798e-06
793,False,16,mantel,16,mantel,True,0.9451825022697449,0.3102795481681824,0.2919522821903229,0.018327265977859497,4.742119199363515e-05
794,False,4,bookshelf,4,bookshelf,True,0.9415009021759033,0.23187069594860077,0.2255731225013733,0.006297573447227478,3.631163417594507e-05
795,False,9,desk,13,glass_box,False,0.3832063674926758,1.5565540790557861,1.4330322742462158,0.12352180480957031,0.0016402950277552009
796,False,16,mantel,16,mantel,True,0.9428237080574036,0.2836674451828003,0.2724766433238983,0.011190801858901978,3.3301312214462087e-05
797,False,9,desk,9,desk,True,0.34073716402053833,1.5583171844482422,1.4978216886520386,0.06049549579620361,0.0006875596009194851
798,False,6,chair,6,chair,True,0.995711624622345,0.03506489470601082,0.0315241813659668,0.0035407133400440216,1.378866727463901e-06
799,False,0,airplane,0,airplane,True,0.9993112683296204,0.006944010034203529,0.006316159386187792,0.0006278506480157375,4.704531164634318e-08
800,False,12,flower_pot,15,lamp,False,0.28625985980033875,1.7940367460250854,1.7131927013397217,0.08084404468536377,0.0008286378579214215
801,False,16,mantel,34,xbox,False,0.532049834728241,1.7821189165115356,1.720894455909729,0.06122446060180664,0.00043662654934450984
802,False,14,guitar,14,guitar,True,0.8499960899353027,0.6673443913459778,0.6017411351203918,0.06560325622558594,0.000550913973711431
803,False,21,plant,21,plant,True,0.6583641767501831,0.7364530563354492,0.7234328389167786,0.013020217418670654,0.0001718191197142005
804,False,20,piano,26,stairs,False,0.406987726688385,2.179095983505249,2.11079478263855,0.06830120086669922,0.00031785320607014
805,False,2,bed,2,bed,True,0.999557375907898,0.00475572794675827,0.0044546304270625114,0.0003010975196957588,7.538417889918492e-09
806,False,29,tent,29,tent,True,0.44887831807136536,1.737577199935913,1.678457260131836,0.05911993980407715,0.00042521784780547023
807,False,2,bed,2,bed,True,0.994533121585846,0.04629991948604584,0.04382534697651863,0.0024745725095272064,5.750598006670771e-07
808,False,32,vase,32,vase,True,0.9312558770179749,0.2996828556060791,0.2921552360057831,0.0075276196002960205,2.8663162083830684e-05
809,False,32,vase,12,flower_pot,False,0.3930800259113312,1.450303077697754,1.3802530765533447,0.07005000114440918,0.0005052197375334799
810,False,23,range_hood,23,range_hood,True,0.9081751108169556,0.424966037273407,0.4054014980792999,0.019564539194107056,8.890707977116108e-05
811,False,19,person,21,plant,False,0.33326199650764465,1.5752458572387695,1.5169318914413452,0.058313965797424316,0.000585804576985538
812,False,7,cone,21,plant,False,0.6946138143539429,0.7864992618560791,0.7671525478363037,0.01934671401977539,0.00015186930249910802
813,False,17,monitor,17,monitor,True,0.997795045375824,0.02004118263721466,0.01889774389564991,0.0011434387415647507,1.2499663171183784e-07
814,False,25,sofa,25,sofa,True,0.9534862041473389,0.27271172404289246,0.26168113946914673,0.011030584573745728,2.4220713385147974e-05
815,False,31,tv_stand,31,tv_stand,True,0.878312885761261,0.4910764694213867,0.46932271122932434,0.021753758192062378,0.00011101165728177875
816,False,23,range_hood,6,chair,False,0.23827823996543884,2.2962639331817627,2.1927127838134766,0.10355114936828613,0.0007359221344813704
817,False,31,tv_stand,4,bookshelf,False,0.8621739149093628,0.6891908645629883,0.6335992217063904,0.0555916428565979,0.00023893199977464974
818,False,32,vase,32,vase,True,0.8925513625144958,0.38158512115478516,0.37304630875587463,0.008538812398910522,5.4921219998504966e-05
819,False,31,tv_stand,31,tv_stand,True,0.8106359839439392,0.6169716119766235,0.5923290848731995,0.024642527103424072,0.00026067576254718006
820,False,13,glass_box,13,glass_box,True,0.99285888671875,0.055855631828308105,0.05033189803361893,0.0055237337946891785,3.213268200852326e-06
821,False,18,night_stand,11,dresser,False,0.5331446528434753,0.9364973306655884,0.9176400303840637,0.018857300281524658,0.0002620737359393388
822,False,9,desk,25,sofa,False,0.5942005515098572,1.1270331144332886,1.0803911685943604,0.04664194583892822,0.000585387519095093
823,False,11,dresser,11,dresser,True,0.587271511554718,1.1339516639709473,1.1163992881774902,0.01755237579345703,0.00014951785851735622
824,False,0,airplane,0,airplane,True,0.9999101161956787,0.0011034489143639803,0.0009637419134378433,0.00013970700092613697,1.2522494152733543e-09
825,False,2,bed,2,bed,True,0.9971680641174316,0.025924915447831154,0.024361787363886833,0.0015631280839443207,2.3249889125054324e-07
826,False,0,airplane,0,airplane,True,0.9999274611473083,0.0009339708485640585,0.0008461354300379753,8.783541852608323e-05,4.927003249832751e-10
827,False,13,glass_box,13,glass_box,True,0.512345016002655,1.3973232507705688,1.3545631170272827,0.04276013374328613,0.0004681051941588521
828,False,3,bench,4,bookshelf,False,0.6081904768943787,0.9792277812957764,0.9504424333572388,0.028785347938537598,0.0003163013025186956
829,False,5,car,5,car,True,0.7488766312599182,0.7156902551651001,0.662183403968811,0.05350685119628906,0.0007825607899576426
830,False,5,car,5,car,True,0.5965573787689209,1.4823276996612549,1.3982586860656738,0.08406901359558105,0.0009682567906565964
831,False,5,car,5,car,True,0.9585111141204834,0.2320708930492401,0.22324836254119873,0.008822530508041382,1.7526161173009314e-05
832,False,6,chair,6,chair,True,0.9985018968582153,0.013850619085133076,0.012548874132335186,0.0013017449527978897,1.6685750381384423e-07
833,False,32,vase,32,vase,True,0.4942435920238495,1.274451494216919,1.2246173620224,0.04983413219451904,0.0003811103233601898
834,False,20,piano,21,plant,False,0.2299768030643463,2.452958583831787,2.3184561729431152,0.13450241088867188,0.0007176944054663181
835,False,32,vase,32,vase,True,0.8706397414207458,0.5004903078079224,0.4918477237224579,0.008642584085464478,3.858651325572282e-05
836,False,31,tv_stand,4,bookshelf,False,0.8670303821563721,0.48451822996139526,0.4712323844432831,0.013285845518112183,9.315369970863685e-05
837,False,11,dresser,11,dresser,True,0.8756593465805054,0.6020258069038391,0.5752732753753662,0.0267525315284729,0.00012460276775527745
838,False,9,desk,18,night_stand,False,0.43362438678741455,1.2556190490722656,1.201915979385376,0.05370306968688965,0.0008195036789402366
839,False,21,plant,21,plant,True,0.3951832056045532,1.3562718629837036,1.3149036169052124,0.04136824607849121,0.0003090069512836635
840,False,8,curtain,8,curtain,True,0.41476720571517944,1.3178980350494385,1.2724030017852783,0.045495033264160156,0.0005344758392311633
841,False,11,dresser,11,dresser,True,0.7482322454452515,0.8809682130813599,0.8548052906990051,0.026162922382354736,0.00022680270194541663
842,False,25,sofa,25,sofa,True,0.9862575531005859,0.09472097456455231,0.08945068717002869,0.005270287394523621,4.346049990999745e-06
843,False,19,person,26,stairs,False,0.3480328917503357,1.8738806247711182,1.7742241621017456,0.09965646266937256,0.0008448741282336414
844,False,20,piano,20,piano,True,0.9984287619590759,0.0156695693731308,0.014524257741868496,0.0011453116312623024,7.723578221430216e-08
845,False,31,tv_stand,31,tv_stand,True,0.4007128179073334,1.9505386352539062,1.909106969833374,0.04143166542053223,0.00026634024106897414
846,False,31,tv_stand,18,night_stand,False,0.8013965487480164,0.8782315254211426,0.8424104452133179,0.03582108020782471,0.00023736203729640692
847,False,30,toilet,30,toilet,True,0.9574243426322937,0.20703011751174927,0.1879795789718628,0.019050538539886475,6.52243907097727e-05
848,False,14,guitar,14,guitar,True,0.9976283311843872,0.020373253151774406,0.01873921975493431,0.0016340333968400955,3.150078100588871e-07
849,False,28,table,28,table,True,0.9318932890892029,0.357384592294693,0.34453797340393066,0.012846618890762329,3.500684033497237e-05
850,False,5,car,5,car,True,0.8859782218933105,0.5471799969673157,0.5134127736091614,0.0337672233581543,0.00015624462685082108
851,False,4,bookshelf,4,bookshelf,True,0.9828886985778809,0.10521113872528076,0.1015988439321518,0.0036122947931289673,3.0638250336778583e-06
852,False,18,night_stand,18,night_stand,True,0.6773001551628113,1.0205132961273193,0.9852743744850159,0.03523892164230347,0.00027650673291645944
853,False,28,table,28,table,True,0.9969396591186523,0.02496987208724022,0.023325087502598763,0.0016447845846414566,3.855570582800283e-07
854,False,14,guitar,19,person,False,0.34063640236854553,2.011596441268921,1.918863296508789,0.09273314476013184,0.0006684901309199631
855,False,11,dresser,22,radio,False,0.19304583966732025,2.2870450019836426,2.2256016731262207,0.061443328857421875,0.0003110906109213829
856,False,4,bookshelf,4,bookshelf,True,0.8655208349227905,0.4345566928386688,0.42581331729888916,0.008743375539779663,0.00010206654405919835
857,False,20,piano,25,sofa,False,0.6829071640968323,0.8851871490478516,0.8223971724510193,0.06278997659683228,0.0011436794884502888
858,False,17,monitor,17,monitor,True,0.9934491515159607,0.054708562791347504,0.04951249063014984,0.005196072161197662,3.393711949684075e-06
859,False,6,chair,6,chair,True,0.998420238494873,0.014163677580654621,0.013291529379785061,0.0008721482008695602,9.474725004565698e-08
860,False,13,glass_box,13,glass_box,True,0.9950421452522278,0.04169333353638649,0.037080734968185425,0.004612598568201065,1.5511903939113836e-06
861,False,4,bookshelf,4,bookshelf,True,0.9722413420677185,0.14589190483093262,0.141912043094635,0.003979861736297607,8.461340257781558e-06
862,False,28,table,28,table,True,0.9530507922172546,0.25887638330459595,0.23642154037952423,0.022454842925071716,6.154539005365223e-05
863,False,4,bookshelf,4,bookshelf,True,0.8714600801467896,0.5701940655708313,0.541736900806427,0.028457164764404297,0.000154923734953627
864,False,20,piano,25,sofa,False,0.5198971629142761,1.6015665531158447,1.5575097799301147,0.04405677318572998,0.0004431638808455318
865,False,28,table,28,table,True,0.9865699410438538,0.09096561372280121,0.0831402987241745,0.007825314998626709,8.021772373467684e-06
866,False,16,mantel,16,mantel,True,0.9257356524467468,0.33796459436416626,0.32657375931739807,0.011390835046768188,4.9869046051753685e-05
867,False,13,glass_box,13,glass_box,True,0.9989336133003235,0.010117078199982643,0.009130704216659069,0.000986373983323574,7.047115957448113e-08
868,False,21,plant,21,plant,True,0.9329249262809753,0.2981896996498108,0.286116361618042,0.012073338031768799,4.4651136704487726e-05
869,False,23,range_hood,23,range_hood,True,0.9204078316688538,0.42312347888946533,0.4013139307498932,0.021809548139572144,6.020728324074298e-05
870,False,6,chair,6,chair,True,0.99959397315979,0.0042683458887040615,0.004012095741927624,0.00025625014677643776,5.725720786387001e-09
871,False,21,plant,21,plant,True,0.7120363116264343,0.930441677570343,0.9014183878898621,0.029023289680480957,0.00018292297318112105
872,False,2,bed,2,bed,True,0.9209321737289429,0.44279998540878296,0.42590606212615967,0.01689392328262329,5.8305708080297336e-05
873,False,28,table,28,table,True,0.8967362642288208,0.4111393690109253,0.3868253827095032,0.02431398630142212,0.00020032549218740314
874,False,10,door,4,bookshelf,False,0.5771664977073669,1.6268892288208008,1.583337426185608,0.04355180263519287,0.00025410743546672165
875,False,26,stairs,26,stairs,True,0.922814667224884,0.44810065627098083,0.42276817560195923,0.025332480669021606,5.6123961257981136e-05
876,False,0,airplane,0,airplane,True,0.9994149208068848,0.006057832855731249,0.005240479949861765,0.000817352905869484,6.141460318076497e-08
877,False,6,chair,6,chair,True,0.9600858092308044,0.19876180589199066,0.18236136436462402,0.016400441527366638,5.588993735727854e-05
878,False,2,bed,25,sofa,False,0.5513490438461304,1.1979836225509644,1.1644508838653564,0.03353273868560791,0.00038811241392977536
879,False,26,stairs,26,stairs,True,0.7024542093276978,1.3712685108184814,1.2852661609649658,0.08600234985351562,0.0005748945404775441
880,False,16,mantel,16,mantel,True,0.993711531162262,0.048725370317697525,0.04377809166908264,0.004947278648614883,2.694540626180242e-06
881,False,5,car,5,car,True,0.8894914388656616,0.5247198343276978,0.4983421564102173,0.02637767791748047,0.00014183456369210035
882,False,30,toilet,30,toilet,True,0.9997154474258423,0.0028368153143674135,0.0026244584005326033,0.00021235691383481026,5.561427762756921e-09
883,False,4,bookshelf,4,bookshelf,True,0.9365662336349487,0.26427266001701355,0.25246351957321167,0.01180914044380188,6.0011414461769164e-05
884,False,0,airplane,0,airplane,True,0.9998911023139954,0.001323857344686985,0.0011695959838107228,0.0001542613608762622,2.0581125692586966e-09
885,False,18,night_stand,18,night_stand,True,0.9190950989723206,0.37760335206985474,0.35711830854415894,0.0204850435256958,9.615667659090832e-05
886,False,16,mantel,16,mantel,True,0.9719820022583008,0.17864346504211426,0.17212796211242676,0.0065155029296875,8.120793609123211e-06
887,False,4,bookshelf,4,bookshelf,True,0.9737104773521423,0.13730859756469727,0.13418792188167572,0.0031206756830215454,5.9140188568562735e-06
888,False,16,mantel,16,mantel,True,0.9940407872200012,0.045132122933864594,0.04139614477753639,0.0037359781563282013,1.4911674952600151e-06
889,False,18,night_stand,18,night_stand,True,0.896979808807373,0.5291166305541992,0.5000939965248108,0.029022634029388428,8.727574459044263e-05
890,False,7,cone,7,cone,True,0.9788046479225159,0.1334034651517868,0.1243482157588005,0.009055249392986298,1.220447120431345e-05
891,False,31,tv_stand,4,bookshelf,False,0.7401976585388184,0.6702384948730469,0.6539517641067505,0.016286730766296387,0.00024215105804614723
892,False,2,bed,2,bed,True,0.9978688359260559,0.01957828551530838,0.01799938641488552,0.0015788991004228592,2.3154304074068932e-07
893,False,23,range_hood,23,range_hood,True,0.7269985675811768,1.2275032997131348,1.15871000289917,0.06879329681396484,0.00043670961167663336
894,False,13,glass_box,13,glass_box,True,0.43911924958229065,1.5899138450622559,1.5384471416473389,0.05146670341491699,0.0004701253492385149
895,False,23,range_hood,23,range_hood,True,0.9287572503089905,0.3814970552921295,0.3572998344898224,0.02419722080230713,9.299805242335424e-05
896,False,13,glass_box,13,glass_box,True,0.995571494102478,0.03743767738342285,0.03567146509885788,0.001766212284564972,3.445841514349013e-07
897,False,25,sofa,25,sofa,True,0.9974914193153381,0.020443955436348915,0.019042091444134712,0.0014018639922142029,3.0680075724376366e-07
898,False,2,bed,2,bed,True,0.9876694083213806,0.09651492536067963,0.09024390578269958,0.0062710195779800415,3.910069153789664e-06
899,False,2,bed,2,bed,True,0.9504671692848206,0.3075268864631653,0.2896048426628113,0.017922043800354004,4.713653834187426e-05
900,False,11,dresser,11,dresser,True,0.7330983877182007,0.918328046798706,0.8959131240844727,0.0224149227142334,0.0001792931871023029
901,False,17,monitor,17,monitor,True,0.9780502915382385,0.13386929035186768,0.12210606038570404,0.011763229966163635,2.181051968364045e-05
902,False,23,range_hood,23,range_hood,True,0.9487814903259277,0.2834889590740204,0.2696073055267334,0.013881653547286987,2.720180418691598e-05
903,False,0,airplane,0,airplane,True,0.9998340010643005,0.0018122843466699123,0.001690040691755712,0.0001222436549142003,1.8182025884883046e-09
904,False,4,bookshelf,4,bookshelf,True,0.9553025960922241,0.267139732837677,0.24931862950325012,0.01782110333442688,4.7458623157581314e-05
905,False,29,tent,17,monitor,False,0.2498859167098999,2.0469770431518555,1.9468605518341064,0.10011649131774902,0.0008357606129720807
906,False,6,chair,6,chair,True,0.9996320605278015,0.00404516002163291,0.0037102079950273037,0.0003349520266056061,8.851475996607405e-09
907,False,4,bookshelf,4,bookshelf,True,0.9875125885009766,0.08388835191726685,0.08022041618824005,0.0036679357290267944,2.598061200842494e-06
908,False,2,bed,2,bed,True,0.999930739402771,0.0008761747740209103,0.0007897309260442853,8.644384797662497e-05,3.948530946651374e-10
909,False,14,guitar,14,guitar,True,0.9957624673843384,0.03281954675912857,0.029658576473593712,0.0031609702855348587,1.1580413001865963e-06
910,False,0,airplane,0,airplane,True,0.9999270439147949,0.0009001442231237888,0.0008226118516176939,7.753237150609493e-05,5.245778811335811e-10
911,False,32,vase,32,vase,True,0.8922983407974243,0.39185288548469543,0.38473808765411377,0.007114797830581665,3.9976035623112693e-05
912,False,2,bed,30,toilet,False,0.4148952066898346,1.499610424041748,1.3623851537704468,0.13722527027130127,0.00194540957454592
913,False,6,chair,6,chair,True,0.9987132549285889,0.011975406669080257,0.011230407282710075,0.000744999386370182,5.6482136301383434e-08
914,False,4,bookshelf,4,bookshelf,True,0.9537351131439209,0.25564703345298767,0.25054043531417847,0.005106598138809204,7.76172055338975e-06
915,False,2,bed,2,bed,True,0.995064914226532,0.041988253593444824,0.039243463426828384,0.00274479016661644,8.208215263039165e-07
916,False,0,airplane,0,airplane,True,0.9999423623085022,0.0007223301799967885,0.0006633737939409912,5.895638605579734e-05,2.373385377119064e-10
917,False,30,toilet,30,toilet,True,0.9980136156082153,0.01789909042418003,0.016311950981616974,0.001587139442563057,2.8074100555386394e-07
918,False,30,toilet,30,toilet,True,0.9981973767280579,0.014827555045485497,0.012173634022474289,0.0026539210230112076,1.3061734307484585e-06
919,False,6,chair,6,chair,True,0.9986093640327454,0.013167979195713997,0.012405460700392723,0.0007625184953212738,8.474415125192536e-08
920,False,7,cone,7,cone,True,0.894620418548584,0.42409008741378784,0.385042667388916,0.039047420024871826,0.0002353676682105288
921,False,33,wardrobe,22,radio,False,0.24510158598423004,1.751648187637329,1.6819870471954346,0.06966114044189453,0.0007046058308333158
922,False,20,piano,20,piano,True,0.9974219799041748,0.023065313696861267,0.02055780217051506,0.0025075115263462067,5.319657248037402e-07
923,False,30,toilet,30,toilet,True,0.9999003410339355,0.0012063898611813784,0.0011171359801664948,8.925388101488352e-05,4.739373893336563e-10
924,False,28,table,28,table,True,0.6879594326019287,0.8526053428649902,0.8185281753540039,0.03407716751098633,0.0004822947084903717
925,False,17,monitor,17,monitor,True,0.9990044236183167,0.009858126752078533,0.009436462074518204,0.00042166467756032944,1.900449753122757e-08
926,False,1,bathtub,1,bathtub,True,0.8858060240745544,0.5809231996536255,0.5583071708679199,0.022616028785705566,7.394208660116419e-05
927,False,18,night_stand,18,night_stand,True,0.8932061791419983,0.5564278960227966,0.5316060185432434,0.024821877479553223,7.060019561322406e-05
928,False,16,mantel,16,mantel,True,0.9728913307189941,0.156910240650177,0.15106095373630524,0.005849286913871765,7.843813364161178e-06
929,False,32,vase,32,vase,True,0.9126209616661072,0.3267979323863983,0.3200250267982483,0.006772905588150024,4.333007746026851e-05
930,False,5,car,5,car,True,0.9350367784500122,0.37079596519470215,0.34966713190078735,0.021128833293914795,7.219390681711957e-05
931,False,9,desk,2,bed,False,0.7756767868995667,0.9643111824989319,0.9239767789840698,0.04033440351486206,0.00024304988619405776
932,False,12,flower_pot,21,plant,False,0.5509973168373108,1.068223237991333,1.045812964439392,0.022410273551940918,0.0001648749312153086
933,False,2,bed,2,bed,True,0.9952316284179688,0.04220474883913994,0.039432477205991745,0.0027722716331481934,5.386889370129211e-07
934,False,24,sink,1,bathtub,False,0.2799016535282135,2.1269545555114746,2.056257486343384,0.07069706916809082,0.00048155535478144884
935,False,18,night_stand,18,night_stand,True,0.8438437581062317,0.6277543306350708,0.6041753888130188,0.023578941822052002,0.00015468282799702138
936,False,30,toilet,30,toilet,True,0.9987583756446838,0.01241844892501831,0.011591583490371704,0.0008268654346466064,5.1919283095003266e-08
937,False,17,monitor,17,monitor,True,0.9987286329269409,0.01228770799934864,0.011040940880775452,0.0012467671185731888,1.1283257350669373e-07
938,False,18,night_stand,18,night_stand,True,0.8189108967781067,0.6896458268165588,0.638861894607544,0.05078393220901489,0.00045695362496189773
939,False,11,dresser,11,dresser,True,0.651831865310669,0.7473778128623962,0.7198669910430908,0.02751082181930542,0.0005495232180692255
940,False,6,chair,6,chair,True,0.9994984269142151,0.0051871780306100845,0.0048201256431639194,0.0003670523874461651,1.1589868620376365e-08
941,False,6,chair,6,chair,True,0.9979575276374817,0.016979863867163658,0.01620248705148697,0.0007773768156766891,1.1930293908335443e-07
942,False,10,door,10,door,True,0.4820976257324219,0.949800968170166,0.9246317148208618,0.0251692533493042,0.00032256185659207404
943,False,2,bed,2,bed,True,0.9974378943443298,0.02249087393283844,0.020284658297896385,0.0022062156349420547,6.177444902277784e-07
944,False,11,dresser,11,dresser,True,0.8949481248855591,0.5356122851371765,0.512665867805481,0.022946417331695557,8.347510447492823e-05
945,False,19,person,21,plant,False,0.4802691638469696,1.165328025817871,1.1040222644805908,0.06130576133728027,0.0008601530571468174
946,False,17,monitor,17,monitor,True,0.9986988306045532,0.01247088797390461,0.01149076595902443,0.0009801220148801804,8.28787420914523e-08
947,False,7,cone,7,cone,True,0.9422506093978882,0.31258100271224976,0.2950039207935333,0.01757708191871643,5.577840784098953e-05
948,False,11,dresser,11,dresser,True,0.5652079582214355,1.289426326751709,1.2659382820129395,0.02348804473876953,0.0002739261544775218
949,False,31,tv_stand,4,bookshelf,False,0.7240371704101562,0.9042989015579224,0.8803553581237793,0.023943543434143066,0.00023035444610286504
950,False,18,night_stand,11,dresser,False,0.6728664636611938,0.8513138890266418,0.8350024223327637,0.016311466693878174,0.000212180006201379
951,False,5,car,5,car,True,0.9874629378318787,0.08517658710479736,0.08052853494882584,0.004648052155971527,3.6347237255540676e-06
952,False,16,mantel,8,curtain,False,0.3859157860279083,1.575124979019165,1.501155972480774,0.07396900653839111,0.0009153157589025795
953,False,32,vase,32,vase,True,0.9472763538360596,0.2278214991092682,0.22204841673374176,0.005773082375526428,2.261984809592832e-05
954,False,2,bed,2,bed,True,0.9994617104530334,0.005605889484286308,0.005324238445609808,0.0002816510386765003,8.074054314022305e-09
955,False,16,mantel,11,dresser,False,0.42565494775772095,1.8474748134613037,1.7904752492904663,0.0569995641708374,0.0004706058243755251
956,False,11,dresser,34,xbox,False,0.27826669812202454,2.114057779312134,2.0680267810821533,0.04603099822998047,0.00026360066840425134
957,False,9,desk,9,desk,True,0.9840081930160522,0.10448537766933441,0.09988299012184143,0.004602387547492981,4.304881258576643e-06
958,False,6,chair,6,chair,True,0.9994070529937744,0.005903281271457672,0.005442453548312187,0.0004608277231454849,1.8147650493460787e-08
959,False,33,wardrobe,4,bookshelf,False,0.9054389595985413,0.4428744614124298,0.42744937539100647,0.01542508602142334,6.81381206959486e-05
960,False,2,bed,2,bed,True,0.9994189739227295,0.006134641356766224,0.005571145098656416,0.000563496258109808,3.794669112267002e-08
961,False,25,sofa,25,sofa,True,0.9987670183181763,0.011253145523369312,0.010831693187355995,0.0004214523360133171,3.125298064787785e-08
962,False,5,car,5,car,True,0.9889286756515503,0.07311658561229706,0.06851442903280258,0.004602156579494476,3.448545840001316e-06
963,False,14,guitar,14,guitar,True,0.9956744313240051,0.034026842564344406,0.03178160637617111,0.002245236188173294,7.02275940511754e-07
964,False,17,monitor,17,monitor,True,0.7572159171104431,0.8592743277549744,0.800895631313324,0.05837869644165039,0.0007279204437509179
965,False,30,toilet,30,toilet,True,0.999483585357666,0.005124525632709265,0.004554807208478451,0.000569718424230814,3.4679182192576263e-08
966,False,11,dresser,11,dresser,True,0.765908420085907,0.8390365839004517,0.8147805333137512,0.02425605058670044,0.00019099006021860987
967,False,25,sofa,25,sofa,True,0.9481478929519653,0.3048368990421295,0.28894707560539246,0.01588982343673706,3.3122822060249746e-05
968,False,17,monitor,17,monitor,True,0.9979375004768372,0.019832387566566467,0.018828608095645905,0.0010037794709205627,7.731600248916948e-08
969,False,30,toilet,30,toilet,True,0.9993920922279358,0.006199129857122898,0.005787528585642576,0.0004116012714803219,1.3710830693014486e-08
970,False,8,curtain,17,monitor,False,0.47308504581451416,1.6922600269317627,1.597456455230713,0.0948035717010498,0.0008897167281247675
971,False,20,piano,20,piano,True,0.9054417610168457,0.502774178981781,0.47363781929016113,0.029136359691619873,0.00010560570808593184
972,False,9,desk,9,desk,True,0.7882940769195557,0.7639238238334656,0.7355697751045227,0.02835404872894287,0.000262867339188233
973,False,28,table,28,table,True,0.9959467053413391,0.031216366216540337,0.029461121186614037,0.0017552450299263,4.264725816938153e-07
974,False,31,tv_stand,31,tv_stand,True,0.47471144795417786,1.915435791015625,1.8529119491577148,0.06252384185791016,0.0003565898514352739
975,False,25,sofa,25,sofa,True,0.9787381887435913,0.14190469682216644,0.13739700615406036,0.004507690668106079,4.14755595556926e-06
976,False,16,mantel,16,mantel,True,0.9555405378341675,0.25868144631385803,0.24557575583457947,0.013105690479278564,3.141872730338946e-05
977,False,11,dresser,11,dresser,True,0.5669273734092712,1.552688717842102,1.5055841207504272,0.047104597091674805,0.00038632156793028116
978,False,32,vase,15,lamp,False,0.5173981189727783,1.1949918270111084,1.1411012411117554,0.05389058589935303,0.0008158700075000525
979,False,6,chair,6,chair,True,0.99856036901474,0.012749830260872841,0.011826366186141968,0.0009234640747308731,1.2134775317917956e-07
980,False,4,bookshelf,4,bookshelf,True,0.975494921207428,0.16225937008857727,0.15475597977638245,0.007503390312194824,6.448240583267761e-06
981,False,21,plant,26,stairs,False,0.5234858989715576,1.444737195968628,1.3580597639083862,0.0866774320602417,0.0010967118432745337
982,False,23,range_hood,24,sink,False,0.2945639491081238,2.0095386505126953,1.9191908836364746,0.0903477668762207,0.0008019116357900202
983,False,20,piano,20,piano,True,0.6952099800109863,1.0606192350387573,0.9667387008666992,0.0938805341720581,0.001364758936688304
984,False,18,night_stand,18,night_stand,True,0.5854933857917786,1.2956957817077637,1.2481223344802856,0.04757344722747803,0.00042195338755846024
985,False,32,vase,32,vase,True,0.9174529314041138,0.3283129334449768,0.32149064540863037,0.0068222880363464355,3.6189256206853315e-05
986,False,25,sofa,25,sofa,True,0.9946957230567932,0.04103601723909378,0.03919151425361633,0.0018445029854774475,7.359360552072758e-07
987,False,4,bookshelf,4,bookshelf,True,0.9657500982284546,0.1996791660785675,0.19293417036533356,0.006744995713233948,1.1300498044874985e-05
988,False,14,guitar,14,guitar,True,0.9859145879745483,0.09855906665325165,0.09041891992092133,0.008140146732330322,6.930670224392088e-06
989,False,28,table,28,table,True,0.9948143362998962,0.038582053035497665,0.036587245762348175,0.0019948072731494904,6.39399104329641e-07
990,False,32,vase,32,vase,True,0.8742234706878662,0.4328979551792145,0.4252636730670929,0.007634282112121582,5.4297233873512596e-05
991,False,31,tv_stand,31,tv_stand,True,0.8708131313323975,0.4675518572330475,0.4522261321544647,0.015325725078582764,0.00012042527669109404
992,False,25,sofa,20,piano,False,0.2610761225223541,2.4938948154449463,2.4238195419311523,0.07007527351379395,0.00037580475327558815
993,False,20,piano,20,piano,True,0.9901277422904968,0.07789400219917297,0.07127915322780609,0.006614848971366882,4.221081326249987e-06
994,False,4,bookshelf,4,bookshelf,True,0.9870933890342712,0.08692999184131622,0.08227575570344925,0.004654236137866974,4.128860837226966e-06
995,False,17,monitor,11,dresser,False,0.5231984257698059,1.6674792766571045,1.6212042570114136,0.04627501964569092,0.0002690666005946696
996,False,13,glass_box,18,night_stand,False,0.4592307507991791,1.3272159099578857,1.3004614114761353,0.02675449848175049,0.00027818497619591653
997,False,21,plant,21,plant,True,0.8219008445739746,0.5255399346351624,0.514263391494751,0.011276543140411377,7.282738806679845e-05
998,False,5,car,5,car,True,0.8811306357383728,0.5529066324234009,0.5175268650054932,0.035379767417907715,0.0002481885312590748
999,False,5,car,5,car,True,0.9900722503662109,0.06858205050230026,0.06205945834517479,0.006522592157125473,8.381565749004949e-06
1000,False,19,person,32,vase,False,0.5718539357185364,1.4027907848358154,1.338539481163025,0.06425130367279053,0.0006006022449582815
1001,False,9,desk,9,desk,True,0.6002804636955261,0.7428531646728516,0.686224639415741,0.056628525257110596,0.0014192058006301522
1002,False,16,mantel,16,mantel,True,0.9950559735298157,0.039081256836652756,0.03697637841105461,0.0021048784255981445,5.993401828163769e-07
1003,False,3,bench,3,bench,True,0.9675670862197876,0.1988469660282135,0.18589003384113312,0.012956932187080383,2.104279883496929e-05
1004,False,9,desk,9,desk,True,0.9875444769859314,0.08322122693061829,0.07359760254621506,0.009623624384403229,1.5744330084999092e-05
1005,False,11,dresser,11,dresser,True,0.5148357152938843,1.2272653579711914,1.188298225402832,0.038967132568359375,0.00033250977867282927
1006,False,4,bookshelf,4,bookshelf,True,0.9665256142616272,0.18278682231903076,0.17384611070156097,0.008940711617469788,2.3141674319049343e-05
1007,False,23,range_hood,32,vase,False,0.2903648018836975,2.367176055908203,2.2963082790374756,0.07086777687072754,0.0003121783665847033
1008,False,1,bathtub,1,bathtub,True,0.9007547497749329,0.524052083492279,0.49554699659347534,0.02850508689880371,8.00202542450279e-05
1009,False,1,bathtub,1,bathtub,True,0.993375301361084,0.047911785542964935,0.040859416127204895,0.00705236941576004,3.7859854273847304e-06
1010,False,0,airplane,0,airplane,True,0.9999630451202393,0.000491377548314631,0.00044615502702072263,4.522252129390836e-05,1.5993380231282828e-10
1011,False,6,chair,6,chair,True,0.9879708290100098,0.0886896550655365,0.08224605023860931,0.006443604826927185,4.208128302707337e-06
1012,False,15,lamp,31,tv_stand,False,0.4858936667442322,1.649544596672058,1.5480303764343262,0.10151422023773193,0.0011293783318251371
1013,False,9,desk,28,table,False,0.9454559683799744,0.2689996063709259,0.25811704993247986,0.010882556438446045,4.496801921050064e-05
1014,False,30,toilet,30,toilet,True,0.9999318718910217,0.0008336243336088955,0.000769863196182996,6.37611374258995e-05,3.8349620701261244e-10
1015,False,4,bookshelf,4,bookshelf,True,0.967435896396637,0.1940162032842636,0.18798787891864777,0.006028324365615845,7.755071237625089e-06
1016,False,4,bookshelf,4,bookshelf,True,0.9572300910949707,0.2228550910949707,0.21618011593818665,0.006674975156784058,1.5942125173751265e-05
1017,False,11,dresser,11,dresser,True,0.6854110956192017,1.1588424444198608,1.125294804573059,0.03354763984680176,0.00031412564567290246
1018,False,32,vase,32,vase,True,0.7903028130531311,0.6506640315055847,0.6400187611579895,0.010645270347595215,8.37496918393299e-05
1019,False,28,table,28,table,True,0.9963211417198181,0.02803923189640045,0.026270978152751923,0.001768253743648529,5.66746393815265e-07
1020,False,18,night_stand,18,night_stand,True,0.5811657905578613,0.9680870771408081,0.899024486541748,0.06906259059906006,0.0009265119442716241
1021,False,18,night_stand,31,tv_stand,False,0.4215880036354065,1.5006757974624634,1.428125023841858,0.07255077362060547,0.0009343390120193362
1022,False,31,tv_stand,4,bookshelf,False,0.6681681871414185,0.7091199159622192,0.6930797100067139,0.01604020595550537,0.0002909124013967812
1023,False,30,toilet,30,toilet,True,0.9997610449790955,0.0027014289516955614,0.0023322871420532465,0.0003691418096423149,1.4135876469367759e-08
1024,False,5,car,5,car,True,0.9962514042854309,0.030107678845524788,0.0289963036775589,0.001111375167965889,2.74659981869263e-07
1025,False,20,piano,20,piano,True,0.9902100563049316,0.0745076909661293,0.06681439280509949,0.007693298161029816,4.317542334320024e-06
1026,False,3,bench,3,bench,True,0.9683781266212463,0.17377051711082458,0.16054277122020721,0.01322774589061737,3.674474646686576e-05
1027,False,21,plant,21,plant,True,0.3935909569263458,1.2130341529846191,1.10984206199646,0.10319209098815918,0.0016215690411627293
1028,False,5,car,5,car,True,0.9707618951797485,0.18393200635910034,0.17499883472919464,0.0089331716299057,1.0740732250269502e-05
1029,False,34,xbox,34,xbox,True,0.5333353877067566,1.611562728881836,1.5487879514694214,0.06277477741241455,0.0004445330414455384
1030,False,13,glass_box,13,glass_box,True,0.997032880783081,0.02601100131869316,0.02430148608982563,0.0017095152288675308,2.6873777869695914e-07
1031,False,25,sofa,25,sofa,True,0.9985915422439575,0.012613130733370781,0.011867948807775974,0.0007451819255948067,6.269100083500234e-08
1032,False,25,sofa,25,sofa,True,0.65534508228302,1.3325345516204834,1.3025684356689453,0.029966115951538086,0.00021087061031721532
1033,False,6,chair,6,chair,True,0.9991214275360107,0.008710852824151516,0.008059411309659481,0.0006514415144920349,3.492642264291135e-08
1034,False,14,guitar,14,guitar,True,0.9887620210647583,0.07519113272428513,0.06763707846403122,0.007554054260253906,9.306167157774325e-06
1035,False,19,person,0,airplane,False,0.5463709235191345,1.1633355617523193,1.04830801486969,0.1150275468826294,0.0017551026539877057
1036,False,13,glass_box,33,wardrobe,False,0.5595746040344238,1.34402596950531,1.312300443649292,0.031725525856018066,0.0002801736118271947
1037,False,21,plant,21,plant,True,0.7243432998657227,0.8184012174606323,0.7899677157402039,0.028433501720428467,0.00027384192799218
1038,False,21,plant,21,plant,True,0.8660308718681335,0.4065459370613098,0.3978205621242523,0.008725374937057495,9.432990191271529e-05
1039,False,0,airplane,0,airplane,True,0.9998310208320618,0.0020672050304710865,0.0019540730863809586,0.00011313194409012794,8.627759062740381e-10
1040,False,16,mantel,16,mantel,True,0.9949210286140442,0.040185004472732544,0.03764370456337929,0.0025412999093532562,6.794632554374402e-07
1041,False,16,mantel,16,mantel,True,0.938694953918457,0.34877294301986694,0.3264033794403076,0.022369563579559326,6.64636172587052e-05
1042,False,21,plant,21,plant,True,0.5106590390205383,1.2438035011291504,1.204682469367981,0.039121031761169434,0.00033899940899573267
1043,False,0,airplane,0,airplane,True,0.999671995639801,0.0037210374139249325,0.003309315536171198,0.0004117218777537346,1.4877017839864948e-08
1044,False,21,plant,21,plant,True,0.7140925526618958,0.6825433969497681,0.6675546169281006,0.01498878002166748,0.000162305572303012
1045,False,31,tv_stand,3,bench,False,0.5005861520767212,1.3671046495437622,1.3173201084136963,0.04978454113006592,0.0004921849467791617
1046,False,18,night_stand,18,night_stand,True,0.822575032711029,0.7989927530288696,0.7638254165649414,0.03516733646392822,0.0001776891149347648
1047,False,25,sofa,25,sofa,True,0.8840404748916626,0.5742760896682739,0.554124653339386,0.02015143632888794,8.951339987106621e-05
1048,False,9,desk,25,sofa,False,0.6954638957977295,0.8463383913040161,0.7315645813941956,0.11477380990982056,0.0019771126098930836
1049,False,13,glass_box,13,glass_box,True,0.43151921033859253,1.6123483180999756,1.5734797716140747,0.03886854648590088,0.00037240280653350055
1050,False,28,table,28,table,True,0.7968452572822571,0.6720012426376343,0.6486756801605225,0.023325562477111816,0.0002572719531599432
1051,False,15,lamp,15,lamp,True,0.9925647974014282,0.05798962712287903,0.05352595075964928,0.004463676363229752,2.0687064079538686e-06
1052,False,4,bookshelf,4,bookshelf,True,0.9484168291091919,0.21558479964733124,0.20892256498336792,0.006662234663963318,3.0320397854666226e-05
1053,False,11,dresser,18,night_stand,False,0.7952428460121155,0.5965705513954163,0.5707072019577026,0.025863349437713623,0.00037140160566195846
1054,False,13,glass_box,13,glass_box,True,0.9852246046066284,0.10591597855091095,0.09392137080430984,0.011994607746601105,1.6126967238960788e-05
1055,False,11,dresser,34,xbox,False,0.48991650342941284,1.3708723783493042,1.2918428182601929,0.07902956008911133,0.001258447184227407
1056,False,6,chair,6,chair,True,0.9936279654502869,0.052096884697675705,0.04954296350479126,0.002553921192884445,7.651557893950667e-07
1057,False,22,radio,8,curtain,False,0.832230269908905,0.6654838919639587,0.6203587651252747,0.04512512683868408,0.00033498418633826077
1058,False,32,vase,32,vase,True,0.9071640968322754,0.3334196209907532,0.32615116238594055,0.007268458604812622,5.6084558309521526e-05
1059,False,25,sofa,25,sofa,True,0.9938193559646606,0.048187918961048126,0.04555836692452431,0.002629552036523819,9.72408770394395e-07
1060,False,6,chair,6,chair,True,0.9977901577949524,0.017245635390281677,0.016199007630348206,0.0010466277599334717,2.475923395195423e-07
1061,False,0,airplane,0,airplane,True,0.9999128580093384,0.0010796296410262585,0.0009932564571499825,8.637318387627602e-05,5.38889544099419e-10
1062,False,18,night_stand,18,night_stand,True,0.6500044465065002,0.7830336093902588,0.7472370266914368,0.03579658269882202,0.0007131637539714575
1063,False,21,plant,21,plant,True,0.4976373314857483,1.1360499858856201,1.0869371891021729,0.049112796783447266,0.0003514858253765851
1064,False,11,dresser,11,dresser,True,0.8386945724487305,0.717177152633667,0.6889886856079102,0.028188467025756836,0.00017046227003447711
1065,False,28,table,28,table,True,0.8294282555580139,0.5499675869941711,0.523380696773529,0.02658689022064209,0.0003241666709072888
1066,False,24,sink,11,dresser,False,0.6218277215957642,1.4089055061340332,1.3788843154907227,0.030021190643310547,0.00019499390327837318
1067,False,16,mantel,16,mantel,True,0.9819625020027161,0.1143881231546402,0.10755996406078339,0.0068281590938568115,8.362936569028534e-06
1068,False,28,table,28,table,True,0.9682444930076599,0.178186297416687,0.17091429233551025,0.007272005081176758,1.329086626356002e-05
1069,False,9,desk,28,table,False,0.9888797402381897,0.070637546479702,0.0657484382390976,0.004889108240604401,5.427712039818289e-06
1070,False,16,mantel,16,mantel,True,0.9712635278701782,0.17816737294197083,0.17062142491340637,0.007545948028564453,1.1496308616187889e-05
1071,False,13,glass_box,13,glass_box,True,0.9952012300491333,0.037181705236434937,0.03432841971516609,0.0028532855212688446,1.036763592310308e-06
1072,False,23,range_hood,23,range_hood,True,0.9104964137077332,0.4029706120491028,0.3810328245162964,0.021937787532806396,0.00011471225298009813
1073,False,4,bookshelf,4,bookshelf,True,0.9911232590675354,0.0585162527859211,0.05473404377698898,0.0037822090089321136,2.5938040835171705e-06
1074,False,28,table,28,table,True,0.996760368347168,0.026239974424242973,0.024404829367995262,0.0018351450562477112,3.9776980997885403e-07
1075,False,30,toilet,30,toilet,True,0.9998863339424133,0.0013396162539720535,0.0012384087312966585,0.00010120752267539501,8.851210875349125e-10
1076,False,23,range_hood,23,range_hood,True,0.6534027457237244,1.403899908065796,1.341999888420105,0.06190001964569092,0.0005116433021612465
1077,False,34,xbox,34,xbox,True,0.9364401698112488,0.325632244348526,0.3015356957912445,0.024096548557281494,8.513568172929808e-05
1078,False,6,chair,6,chair,True,0.9940983057022095,0.044044431298971176,0.040617555379867554,0.0034268759191036224,2.0812642560485983e-06
1079,False,8,curtain,17,monitor,False,0.769044816493988,0.874238133430481,0.8154420852661133,0.058796048164367676,0.0006421981379389763
1080,False,3,bench,3,bench,True,0.9810409545898438,0.11230899393558502,0.10098708420991898,0.011321909725666046,2.7362872060621157e-05
1081,False,30,toilet,30,toilet,True,0.9998419880867004,0.001884185941889882,0.001720053842291236,0.00016413209959864616,1.5962722255125072e-09
1082,False,6,chair,6,chair,True,0.9944528341293335,0.037848591804504395,0.035501863807439804,0.0023467279970645905,1.6815554317872738e-06
1083,False,28,table,28,table,True,0.9944315552711487,0.039580121636390686,0.0380358062684536,0.001544315367937088,5.625744279313949e-07
1084,False,2,bed,2,bed,True,0.9994232654571533,0.0062021189369261265,0.005777559708803892,0.00042455922812223434,1.3231673534619404e-08
1085,False,9,desk,18,night_stand,False,0.7232803702354431,1.078259825706482,1.0363439321517944,0.0419158935546875,0.0002554251695983112
1086,False,0,airplane,0,airplane,True,0.9999552965164185,0.0005600827280431986,0.0005082227871753275,5.1859940867871046e-05,3.237777268516595e-10
1087,False,2,bed,2,bed,True,0.9952794313430786,0.036413468420505524,0.03384843096137047,0.0025650374591350555,7.742321486148285e-07
1088,False,25,sofa,25,sofa,True,0.9961434006690979,0.03072056546807289,0.029434962198138237,0.0012856032699346542,2.7845851491292706e-07
1089,False,1,bathtub,31,tv_stand,False,0.18587876856327057,2.3908493518829346,2.347078561782837,0.043770790100097656,0.00021499404101632535
1090,False,30,toilet,30,toilet,True,0.9410175681114197,0.291294127702713,0.2686094641685486,0.02268466353416443,9.446305193705484e-05
1091,False,27,stool,27,stool,True,0.41274574398994446,1.3699058294296265,1.2611910104751587,0.10871481895446777,0.0013860794715583324
1092,False,5,car,5,car,True,0.943956732749939,0.30506542325019836,0.28587806224823,0.019187361001968384,7.004325743764639e-05
1093,False,14,guitar,14,guitar,True,0.9937170743942261,0.050755955278873444,0.04734588414430618,0.0034100711345672607,1.269050130758842e-06
1094,False,9,desk,9,desk,True,0.8907565474510193,0.523603081703186,0.5056121349334717,0.017990946769714355,7.43102646083571e-05
1095,False,20,piano,20,piano,True,0.9818217754364014,0.12651009857654572,0.11184199899435043,0.014668099582195282,2.0162196960882284e-05
1096,False,28,table,28,table,True,0.9332706928253174,0.3136662244796753,0.2997026741504669,0.013963550329208374,5.447579678730108e-05
1097,False,18,night_stand,11,dresser,False,0.5463941693305969,1.2482554912567139,1.2201566696166992,0.02809882164001465,0.0002679831231944263
1098,False,0,airplane,0,airplane,True,0.9984907507896423,0.01250989455729723,0.01125935185700655,0.00125054270029068,2.8950449859621585e-07
1099,False,0,airplane,0,airplane,True,0.9999142289161682,0.0010103783570230007,0.0009227461996488273,8.76321573741734e-05,6.619054748746578e-10
1100,False,11,dresser,11,dresser,True,0.8016514182090759,0.8533309102058411,0.8175875544548035,0.0357433557510376,0.0002303506335010752
1101,False,2,bed,2,bed,True,0.9991745352745056,0.008288769982755184,0.007853507064282894,0.00043526291847229004,2.124767561895169e-08
1102,False,13,glass_box,13,glass_box,True,0.9947502613067627,0.04329129308462143,0.03689159080386162,0.006399702280759811,3.144217089356971e-06
1103,False,21,plant,21,plant,True,0.817082941532135,0.5735916495323181,0.5621953010559082,0.011396348476409912,7.688740879530087e-05
1104,False,0,airplane,0,airplane,True,0.9994611740112305,0.005623651668429375,0.005094774998724461,0.0005288766697049141,2.5360776589877787e-08
1105,False,14,guitar,14,guitar,True,0.9932766556739807,0.04988093674182892,0.04200629144906998,0.007874645292758942,6.635187219217187e-06
1106,False,23,range_hood,23,range_hood,True,0.8288507461547852,0.8364343643188477,0.8000487685203552,0.03638559579849243,0.00018550960521679372
1107,False,5,car,5,car,True,0.7520997524261475,0.8347083926200867,0.788106381893158,0.04660201072692871,0.0006182726356200874
1108,False,31,tv_stand,11,dresser,False,0.4862090051174164,1.4169816970825195,1.3522430658340454,0.06473863124847412,0.0007563607068732381
1109,False,23,range_hood,23,range_hood,True,0.9345119595527649,0.3288159966468811,0.3160291910171509,0.012786805629730225,4.466366954147816e-05
1110,False,2,bed,2,bed,True,0.9972121715545654,0.023035865277051926,0.02093782275915146,0.002098042517900467,6.952449780328607e-07
1111,False,18,night_stand,18,night_stand,True,0.9624143242835999,0.23341500759124756,0.21577411890029907,0.017640888690948486,2.8911495974170975e-05
1112,False,27,stool,27,stool,True,0.879374623298645,0.4756892919540405,0.4235360622406006,0.05215322971343994,0.0005182003369554877
1113,False,2,bed,2,bed,True,0.9894266724586487,0.07227994501590729,0.06705411523580551,0.005225829780101776,4.980524408892961e-06
1114,False,30,toilet,30,toilet,True,0.9995420575141907,0.004303176887333393,0.0038075377233326435,0.0004956391640007496,3.445151719461137e-08
1115,False,25,sofa,25,sofa,True,0.9902907609939575,0.06997460126876831,0.06640171259641647,0.003572888672351837,1.8547372064858791e-06
1116,False,18,night_stand,18,night_stand,True,0.771860659122467,0.9359641075134277,0.9053906798362732,0.03057342767715454,0.0002105695311911404
1117,False,16,mantel,16,mantel,True,0.9635232090950012,0.19290012121200562,0.18404822051525116,0.008851900696754456,2.202962241426576e-05
1118,False,25,sofa,25,sofa,True,0.617847204208374,1.4342893362045288,1.4060131311416626,0.02827620506286621,0.00022279287804849446
1119,False,5,car,5,car,True,0.9842502474784851,0.10102449357509613,0.09657378494739532,0.004450708627700806,4.720227025245549e-06
1120,False,6,chair,6,chair,True,0.4403809607028961,1.6554290056228638,1.5649391412734985,0.09048986434936523,0.0010188644519075751
1121,False,17,monitor,17,monitor,True,0.9884635210037231,0.0837295800447464,0.07879199087619781,0.004937589168548584,2.758064283625572e-06
1122,False,16,mantel,16,mantel,True,0.9662594795227051,0.20683541893959045,0.19191135466098785,0.0149240642786026,2.958568620670121e-05
1123,False,0,airplane,0,airplane,True,0.999600887298584,0.004376714583486319,0.00398323405534029,0.0003934805281460285,1.3842093693483548e-08
1124,False,30,toilet,6,chair,False,0.5516582727432251,0.8449334502220154,0.721897542476654,0.12303590774536133,0.002864403184503317
1125,False,31,tv_stand,31,tv_stand,True,0.682590901851654,1.2448657751083374,1.178361177444458,0.0665045976638794,0.0005394857143983245
1126,False,21,plant,21,plant,True,0.4585384726524353,1.5889482498168945,1.460188865661621,0.12875938415527344,0.001450464827939868
1127,False,27,stool,27,stool,True,0.7330936789512634,0.8691379427909851,0.8177401423454285,0.05139780044555664,0.0006334275822155178
1128,False,30,toilet,30,toilet,True,0.9996014833450317,0.0040252432227134705,0.003583930665627122,0.00044131255708634853,2.1188338195088363e-08
1129,False,17,monitor,17,monitor,True,0.995572566986084,0.035388313233852386,0.03303621709346771,0.002352096140384674,6.546373469973332e-07
1130,False,31,tv_stand,31,tv_stand,True,0.6081398725509644,0.8648862838745117,0.8020747900009155,0.06281149387359619,0.001130439224652946
1131,False,6,chair,6,chair,True,0.998878538608551,0.00932409055531025,0.008922710083425045,0.0004013804718852043,5.439865091716456e-08
1132,False,29,tent,7,cone,False,0.4669440686702728,1.5142077207565308,1.4200897216796875,0.09411799907684326,0.0010118142236024141
1133,False,29,tent,29,tent,True,0.38008591532707214,2.072901487350464,1.9935939311981201,0.07930755615234375,0.0006651466828770936
1134,False,28,table,28,table,True,0.8571566939353943,0.6625903248786926,0.6383664608001709,0.02422386407852173,0.00010709737398428842
1135,False,25,sofa,25,sofa,True,0.9969654083251953,0.02634785696864128,0.024153267964720726,0.002194589003920555,4.672306488373579e-07
1136,False,9,desk,9,desk,True,0.6513658761978149,1.2802814245224,1.2314823865890503,0.04879903793334961,0.0004207714810036123
1137,False,3,bench,3,bench,True,0.9729236960411072,0.16614148020744324,0.15667222440242767,0.009469255805015564,1.1153812010888942e-05
1138,False,33,wardrobe,33,wardrobe,True,0.4414673149585724,1.7081888914108276,1.6594529151916504,0.048735976219177246,0.00026513225748203695
1139,False,24,sink,16,mantel,False,0.6619740128517151,1.172231912612915,1.1212821006774902,0.050949811935424805,0.000555093283765018
1140,False,21,plant,21,plant,True,0.8943700194358826,0.4081003665924072,0.3983261287212372,0.009774237871170044,4.166091457591392e-05
1141,False,24,sink,6,chair,False,0.9084177613258362,0.44227051734924316,0.3965209424495697,0.04574957489967346,0.0002612789976410568
1142,False,4,bookshelf,4,bookshelf,True,0.8697617650032043,0.5822513699531555,0.5688573718070984,0.013393998146057129,4.777557114721276e-05
1143,False,28,table,28,table,True,0.9207616448402405,0.3628278970718384,0.3485475480556488,0.014280349016189575,6.340392428683117e-05
1144,False,32,vase,32,vase,True,0.9535780549049377,0.2111046463251114,0.2072007954120636,0.0039038509130477905,1.0742143786046654e-05
1145,False,14,guitar,14,guitar,True,0.9929490685462952,0.05677414685487747,0.05266904830932617,0.0041050985455513,1.6829176274768542e-06
1146,False,4,bookshelf,31,tv_stand,False,0.48700180649757385,1.3001279830932617,1.2472001314163208,0.05292785167694092,0.0004564072878565639
1147,False,24,sink,17,monitor,False,0.8731337785720825,0.6846699714660645,0.6579175591468811,0.02675241231918335,9.279249206883833e-05
1148,False,4,bookshelf,4,bookshelf,True,0.9677858352661133,0.18141992390155792,0.17595581710338593,0.005464106798171997,9.016443982545752e-06
1149,False,0,airplane,0,airplane,True,0.9999064207077026,0.0010078378254547715,0.0009044967009685934,0.00010334112448617816,2.3767194878843156e-09
1150,False,20,piano,20,piano,True,0.9634924530982971,0.23636378347873688,0.21428093314170837,0.022082850337028503,3.685021147248335e-05
1151,False,25,sofa,25,sofa,True,0.9804717898368835,0.1242436096072197,0.11814599484205246,0.006097614765167236,7.150358669605339e-06
1152,False,2,bed,2,bed,True,0.9958088994026184,0.037138886749744415,0.03358343988656998,0.0035554468631744385,1.2284785952942912e-06
1153,False,4,bookshelf,4,bookshelf,True,0.7316067218780518,0.6203463673591614,0.6022533178329468,0.0180930495262146,0.0003458728897385299
1154,False,8,curtain,8,curtain,True,0.7522875666618347,0.9411047697067261,0.8616436719894409,0.07946109771728516,0.0007944711251184344
1155,False,30,toilet,30,toilet,True,0.999942421913147,0.0007363370386883616,0.0006764830322936177,5.985400639474392e-05,2.368441831546164e-10
1156,False,14,guitar,14,guitar,True,0.9947066307067871,0.044539377093315125,0.04204408824443817,0.002495288848876953,5.32477486103744e-07
1157,False,1,bathtub,9,desk,False,0.7992821335792542,0.9271473288536072,0.8939261436462402,0.03322118520736694,0.00022357683337759227
1158,False,30,toilet,30,toilet,True,0.9938193559646606,0.04667891934514046,0.04341805353760719,0.003260865807533264,1.6771484752098331e-06
1159,False,31,tv_stand,13,glass_box,False,0.24701742827892303,2.02565860748291,1.9368922710418701,0.08876633644104004,0.0006239792564883828
1160,False,25,sofa,25,sofa,True,0.999519944190979,0.004866951610893011,0.004634772893041372,0.0002321787178516388,6.52218901109336e-09
1161,False,15,lamp,15,lamp,True,0.435735285282135,1.3597878217697144,1.2871636152267456,0.07262420654296875,0.0011201247107237577
1162,False,2,bed,2,bed,True,0.9987180829048157,0.013069079257547855,0.012271396815776825,0.0007976824417710304,5.5929668008047884e-08
1163,False,30,toilet,30,toilet,True,0.9986023306846619,0.01180166844278574,0.008592894300818443,0.0032087741419672966,1.6955838191279327e-06
1164,False,24,sink,24,sink,True,0.47481539845466614,1.9342398643493652,1.8315602540969849,0.10267961025238037,0.0008034314960241318
1165,False,9,desk,9,desk,True,0.9904054403305054,0.07082852721214294,0.06691967695951462,0.003908850252628326,1.989246584344073e-06
1166,False,32,vase,32,vase,True,0.9374508261680603,0.2822534441947937,0.2746085524559021,0.0076448917388916016,2.809162651828956e-05
1167,False,9,desk,9,desk,True,0.9904590249061584,0.06561586260795593,0.06137659773230553,0.004239264875650406,2.6486202386877267e-06
1168,False,18,night_stand,18,night_stand,True,0.5780875086784363,1.5059260129928589,1.4575836658477783,0.048342347145080566,0.00037187524139881134
1169,False,20,piano,20,piano,True,0.9871121644973755,0.0951843410730362,0.08695118874311447,0.008233152329921722,6.305520400928799e-06
1170,False,4,bookshelf,4,bookshelf,True,0.7769644856452942,0.7960243225097656,0.6976162195205688,0.09840810298919678,0.0013519314816221595
1171,False,21,plant,21,plant,True,0.7576346397399902,0.7242717742919922,0.703648567199707,0.020623207092285156,0.00013678244431503117
1172,False,31,tv_stand,31,tv_stand,True,0.670775294303894,0.8817603588104248,0.8572633266448975,0.024497032165527344,0.00027314701583236456
1173,False,34,xbox,34,xbox,True,0.46150997281074524,1.0564653873443604,1.0293118953704834,0.027153491973876953,0.0002636253193486482
1174,False,18,night_stand,31,tv_stand,False,0.7015812397003174,1.202283501625061,1.1616203784942627,0.04066312313079834,0.00025691851624287665
1175,False,13,glass_box,13,glass_box,True,0.9986959099769592,0.011902650818228722,0.010827920399606228,0.0010747304186224937,1.189462395245755e-07
1176,False,2,bed,2,bed,True,0.9986861348152161,0.01178104616701603,0.010762137360870838,0.0010189088061451912,1.2335669907770352e-07
1177,False,6,chair,6,chair,True,0.99917072057724,0.007966146804392338,0.0073083494789898396,0.0006577973254024982,5.4979832242452176e-08
1178,False,4,bookshelf,4,bookshelf,True,0.9535744190216064,0.24155965447425842,0.23353037238121033,0.008029282093048096,2.1253374143270776e-05
1179,False,17,monitor,17,monitor,True,0.9980647563934326,0.01667333021759987,0.015693124383687973,0.0009802058339118958,1.271884286779823e-07
1180,False,5,car,5,car,True,0.9806009531021118,0.11679092049598694,0.11035066097974777,0.006440259516239166,7.87743556429632e-06
1181,False,30,toilet,30,toilet,True,0.9999117851257324,0.0010485625825822353,0.000975185539573431,7.337704300880432e-05,4.6419210142367717e-10
1182,False,9,desk,9,desk,True,0.8560880422592163,0.7232102155685425,0.6793323159217834,0.04387789964675903,0.0002363019302720204
1183,False,19,person,19,person,True,0.9183405041694641,0.42941129207611084,0.3982609510421753,0.031150341033935547,0.00014275932335294783
1184,False,11,dresser,18,night_stand,False,0.46840617060661316,1.1544777154922485,1.1239601373672485,0.030517578125,0.0002971718495246023
1185,False,25,sofa,25,sofa,True,0.9186410307884216,0.4323354959487915,0.41767919063568115,0.014656305313110352,4.7097313654376194e-05
1186,False,22,radio,33,wardrobe,False,0.2820054888725281,1.7855033874511719,1.6705495119094849,0.11495387554168701,0.0011916588991880417
1187,False,21,plant,20,piano,False,0.3155747056007385,1.7233107089996338,1.6376725435256958,0.08563816547393799,0.0009182005887851119
1188,False,9,desk,9,desk,True,0.9932278394699097,0.054985664784908295,0.04994020238518715,0.005045462399721146,1.654375978432654e-06
1189,False,11,dresser,11,dresser,True,0.8977183103561401,0.4938676953315735,0.4771347939968109,0.016732901334762573,6.54151153867133e-05
1190,False,17,monitor,17,monitor,True,0.5310092568397522,1.6496093273162842,1.4963966608047485,0.15321266651153564,0.0018312607426196337
1191,False,2,bed,2,bed,True,0.8154301047325134,0.8660545349121094,0.8417405486106873,0.02431398630142212,0.00012153833813499659
1192,False,25,sofa,25,sofa,True,0.9787604808807373,0.13672210276126862,0.1305389255285263,0.00618317723274231,8.329187949129846e-06
1193,False,27,stool,27,stool,True,0.8797308802604675,0.5786466598510742,0.5514700412750244,0.027176618576049805,0.0001292068773182109
1194,False,17,monitor,17,monitor,True,0.9779853820800781,0.15492457151412964,0.14664919674396515,0.00827537477016449,8.037325642362703e-06
1195,False,29,tent,29,tent,True,0.4907003939151764,1.6368319988250732,1.5710798501968384,0.06575214862823486,0.000573398603592068
1196,False,20,piano,11,dresser,False,0.2834344506263733,2.266295909881592,2.2158899307250977,0.05040597915649414,0.00032319879392161965
1197,False,3,bench,22,radio,False,0.5103842616081238,1.7190672159194946,1.5935463905334473,0.12552082538604736,0.001059085363522172
1198,False,23,range_hood,24,sink,False,0.29317015409469604,2.5153355598449707,2.4493627548217773,0.06597280502319336,0.0003038997820112854
1199,False,33,wardrobe,33,wardrobe,True,0.6765816807746887,1.1131590604782104,1.0835946798324585,0.029564380645751953,0.00016657833475619555
1200,False,4,bookshelf,4,bookshelf,True,0.7202915549278259,0.6075341701507568,0.5868589878082275,0.020675182342529297,0.0004687699838541448
1201,False,2,bed,2,bed,True,0.9875245690345764,0.09600351005792618,0.09140908718109131,0.004594422876834869,1.7416905393474735e-06
1202,False,4,bookshelf,4,bookshelf,True,0.9753286242485046,0.14571762084960938,0.1420280784368515,0.0036895424127578735,3.8260141081991605e-06
1203,False,5,car,5,car,True,0.7381343245506287,1.044466495513916,0.9984464645385742,0.0460200309753418,0.0003875855472870171
1204,False,4,bookshelf,4,bookshelf,True,0.9839648604393005,0.08918221294879913,0.08566198498010635,0.0035202279686927795,5.045527359470725e-06
1205,False,2,bed,2,bed,True,0.9940071702003479,0.0437069833278656,0.04076264053583145,0.002944342792034149,1.5494134686377947e-06
1206,False,32,vase,32,vase,True,0.9124565124511719,0.34181034564971924,0.3315471410751343,0.010263204574584961,5.8144556533079594e-05
1207,False,31,tv_stand,31,tv_stand,True,0.7515999674797058,1.0425400733947754,1.0049145221710205,0.03762555122375488,0.00022095991880632937
1208,False,13,glass_box,13,glass_box,True,0.9976695775985718,0.020183686167001724,0.017826300114393234,0.00235738605260849,5.724144784835516e-07
1209,False,14,guitar,14,guitar,True,0.9638947248458862,0.23781225085258484,0.22568191587924957,0.012130334973335266,1.842816527641844e-05
1210,False,15,lamp,15,lamp,True,0.9978040456771851,0.019650381058454514,0.017767271026968956,0.0018831100314855576,2.7910800781683065e-07
1211,False,31,tv_stand,20,piano,False,0.546528160572052,1.7761536836624146,1.6980024576187134,0.07815122604370117,0.0005914694629609585
1212,False,30,toilet,30,toilet,True,0.9999394416809082,0.0007395214634016156,0.0006799348630011082,5.958660040050745e-05,3.0897664982099116e-10
1213,False,8,curtain,8,curtain,True,0.7863463759422302,0.7862752079963684,0.7512754201889038,0.0349997878074646,0.0002653209667187184
1214,False,11,dresser,11,dresser,True,0.549087405204773,1.3420394659042358,1.3154081106185913,0.02663135528564453,0.0002871423785109073
1215,False,6,chair,6,chair,True,0.9989784955978394,0.009822342544794083,0.009322939440608025,0.000499403104186058,2.6171788292117526e-08
1216,False,20,piano,20,piano,True,0.9984138607978821,0.014781382866203785,0.013974273577332497,0.0008071092888712883,6.4862554438605e-08
1217,False,20,piano,20,piano,True,0.26290979981422424,2.26472544670105,2.2050209045410156,0.05970454216003418,0.0003757784143090248
1218,False,14,guitar,14,guitar,True,0.9939108490943909,0.04983613267540932,0.04729704558849335,0.00253908708691597,5.645855480906903e-07
1219,False,23,range_hood,23,range_hood,True,0.8565281629562378,0.5591303110122681,0.5271977782249451,0.031932532787323,0.0002781400689855218
1220,False,0,airplane,8,curtain,False,0.2905730903148651,2.1763827800750732,2.063591480255127,0.11279129981994629,0.0008829168509691954
1221,False,25,sofa,25,sofa,True,0.9842708706855774,0.10954572260379791,0.10249950736761093,0.007046215236186981,5.828863777423976e-06
1222,False,2,bed,2,bed,True,0.999204695224762,0.008412163704633713,0.007625561207532883,0.0007866024971008301,5.8182404671924814e-08
1223,False,20,piano,20,piano,True,0.9964713454246521,0.030783500522375107,0.028791438788175583,0.001992061734199524,3.6143811144029314e-07
1224,False,7,cone,7,cone,True,0.9889293909072876,0.07336491346359253,0.0690617710351944,0.004303142428398132,3.0894912015355658e-06
1225,False,14,guitar,14,guitar,True,0.977744460105896,0.1529572606086731,0.1425195187330246,0.010437741875648499,1.0776670023915358e-05
1226,False,11,dresser,11,dresser,True,0.7676926851272583,0.76567143201828,0.7452619671821594,0.020409464836120605,0.0002191655948990956
1227,False,11,dresser,18,night_stand,False,0.4503004848957062,1.1177576780319214,1.1047813892364502,0.012976288795471191,0.000122002289572265
1228,False,11,dresser,11,dresser,True,0.7442499399185181,0.7782180309295654,0.7592660188674927,0.018952012062072754,0.0001840106851886958
1229,False,4,bookshelf,4,bookshelf,True,0.8241053223609924,0.5017886161804199,0.4872305691242218,0.01455804705619812,0.0002084422012558207
1230,False,14,guitar,14,guitar,True,0.9964542388916016,0.03022252395749092,0.027422098442912102,0.0028004255145788193,7.704160793764459e-07
1231,False,31,tv_stand,4,bookshelf,False,0.7973833680152893,0.7184028625488281,0.7022249102592468,0.0161779522895813,0.00011496451043058187
1232,False,5,car,1,bathtub,False,0.42102643847465515,1.3133950233459473,1.2593624591827393,0.05403256416320801,0.0007252615760080516
1233,False,31,tv_stand,31,tv_stand,True,0.40816348791122437,1.992349624633789,1.925261378288269,0.06708824634552002,0.00045143888564780354
1234,False,25,sofa,25,sofa,True,0.9907568097114563,0.06933712959289551,0.06624172627925873,0.00309540331363678,1.5695492265876965e-06
1235,False,1,bathtub,1,bathtub,True,0.9511764645576477,0.2864959239959717,0.2744375467300415,0.012058377265930176,2.1332893084036186e-05
1236,False,23,range_hood,23,range_hood,True,0.7222217917442322,1.3108515739440918,1.2509459257125854,0.05990564823150635,0.00045885975123383105
1237,False,2,bed,2,bed,True,0.9993270039558411,0.00690472312271595,0.006418611854314804,0.00048611126840114594,1.8377354749077313e-08
1238,False,32,vase,32,vase,True,0.910394549369812,0.337233304977417,0.33265113830566406,0.00458216667175293,2.2204669221537188e-05
1239,False,2,bed,2,bed,True,0.9948773980140686,0.04393623769283295,0.040146905928850174,0.003789331763982773,1.2776586117979605e-06
1240,False,0,airplane,0,airplane,True,0.997886061668396,0.01853090152144432,0.01696931943297386,0.001561582088470459,2.3020169237497612e-07
1241,False,20,piano,20,piano,True,0.617581307888031,1.631439208984375,1.5543816089630127,0.0770576000213623,0.0006000514840707183
1242,False,30,toilet,30,toilet,True,0.9999274015426636,0.0008846446289680898,0.0008248326485045254,5.9811980463564396e-05,2.8011720720755307e-10
1243,False,0,airplane,0,airplane,True,0.9999881982803345,0.00017519347602501512,0.0001605102006578818,1.468327536713332e-05,1.896669800383055e-11
1244,False,5,car,5,car,True,0.9577160477638245,0.25428685545921326,0.236366406083107,0.017920449376106262,4.6484470658469945e-05
1245,False,11,dresser,11,dresser,True,0.5120317935943604,0.8061097860336304,0.7774637341499329,0.02864605188369751,0.0007070295396260917
1246,False,20,piano,20,piano,True,0.3107095956802368,2.153855800628662,2.1065304279327393,0.04732537269592285,0.0002530048368498683
1247,False,16,mantel,16,mantel,True,0.9687190055847168,0.16798625886440277,0.15768983960151672,0.010296419262886047,2.1847474272362888e-05
1248,False,4,bookshelf,4,bookshelf,True,0.9342347979545593,0.2583845555782318,0.2530782222747803,0.005306333303451538,2.9474527764250524e-05
1249,False,6,chair,6,chair,True,0.9671247601509094,0.20681406557559967,0.19453993439674377,0.012274131178855896,2.0155590391368605e-05
1250,False,11,dresser,11,dresser,True,0.3538875877857208,1.7576016187667847,1.7159361839294434,0.04166543483734131,0.00034789691562764347
1251,False,0,airplane,0,airplane,True,0.9999998807907104,4.109761448489735e-06,3.8077105273259804e-06,3.0205092116375454e-07,1.1413264132615134e-14
1252,False,17,monitor,17,monitor,True,0.9722870588302612,0.17167094349861145,0.1582721471786499,0.013398796319961548,2.2854530470794998e-05
1253,False,13,glass_box,13,glass_box,True,0.982631266117096,0.11623672395944595,0.1052122563123703,0.011024467647075653,1.5057485143188387e-05
1254,False,22,radio,31,tv_stand,False,0.5724783539772034,1.4991048574447632,1.4308706521987915,0.06823420524597168,0.0005365979159250855
1255,False,17,monitor,11,dresser,False,0.6991978287696838,0.9371325969696045,0.9121230840682983,0.025009512901306152,0.00021995007409714162
1256,False,31,tv_stand,31,tv_stand,True,0.6160063743591309,1.544753074645996,1.494531273841858,0.050221800804138184,0.0003293651097919792
1257,False,0,airplane,0,airplane,True,0.9986785054206848,0.012171258218586445,0.010296063497662544,0.0018751947209239006,2.9595716455332877e-07
1258,False,20,piano,20,piano,True,0.9967499375343323,0.02876521833240986,0.02625570446252823,0.00250951386988163,5.501879627445305e-07
1259,False,13,glass_box,13,glass_box,True,0.39701706171035767,1.6778075695037842,1.6396393775939941,0.03816819190979004,0.00029633980011567473
1260,False,16,mantel,16,mantel,True,0.9710022211074829,0.16247378289699554,0.15329548716545105,0.009178295731544495,2.1332394680939615e-05
1261,False,16,mantel,16,mantel,True,0.9711377620697021,0.16856002807617188,0.1633673459291458,0.005192682147026062,5.439227152237436e-06
1262,False,21,plant,31,tv_stand,False,0.5751414895057678,1.3873698711395264,1.322084665298462,0.06528520584106445,0.0005645811324939132
1263,False,1,bathtub,1,bathtub,True,0.996561586856842,0.02589954249560833,0.024258652701973915,0.0016408897936344147,3.7415395581774646e-07
1264,False,6,chair,6,chair,True,0.99318927526474,0.04862391576170921,0.04554806649684906,0.003075849264860153,1.685702045506332e-06
1265,False,6,chair,6,chair,True,0.9966714978218079,0.02780524268746376,0.025739029049873352,0.0020662136375904083,4.1592545585444896e-07
1266,False,32,vase,32,vase,True,0.39613139629364014,1.9684081077575684,1.9030284881591797,0.06537961959838867,0.00032267800997942686
1267,False,31,tv_stand,11,dresser,False,0.686711847782135,1.1717722415924072,1.1345493793487549,0.037222862243652344,0.0003237939381506294
1268,False,4,bookshelf,4,bookshelf,True,0.892221987247467,0.5830497741699219,0.5499143004417419,0.03313547372817993,0.00010467717220308259
1269,False,22,radio,22,radio,True,0.6866027116775513,1.1847426891326904,1.0646641254425049,0.12007856369018555,0.0010098881321027875
1270,False,16,mantel,26,stairs,False,0.5192551612854004,1.8844990730285645,1.7790030241012573,0.10549604892730713,0.0007541718077845871
1271,False,25,sofa,25,sofa,True,0.6147659420967102,1.41349196434021,1.373131275177002,0.04036068916320801,0.0003867147024720907
1272,False,3,bench,25,sofa,False,0.8212425112724304,0.684241771697998,0.6527293920516968,0.03151237964630127,0.00027081771986559033
1273,False,5,car,24,sink,False,0.4113592505455017,1.7747427225112915,1.6995099782943726,0.07523274421691895,0.0006858454435132444
1274,False,15,lamp,15,lamp,True,0.9903305768966675,0.0678061842918396,0.06321650743484497,0.004589676856994629,3.2207010463025654e-06
1275,False,14,guitar,14,guitar,True,0.9973501563072205,0.022854231297969818,0.0213173795491457,0.0015368517488241196,2.213095626757422e-07
1276,False,20,piano,20,piano,True,0.8881033062934875,0.518215000629425,0.5011435151100159,0.01707148551940918,6.574745930265635e-05
1277,False,32,vase,32,vase,True,0.9472623467445374,0.22621610760688782,0.2213451862335205,0.00487092137336731,2.0179490093141794e-05
1278,False,28,table,28,table,True,0.9498135447502136,0.2557101249694824,0.24440468847751617,0.011305436491966248,3.507931614876725e-05
1279,False,20,piano,17,monitor,False,0.4322327971458435,2.0500712394714355,1.946446418762207,0.10362482070922852,0.0008737964672036469
1280,False,2,bed,2,bed,True,0.9951614141464233,0.043740976601839066,0.040976397693157196,0.0027645789086818695,4.7027143068589794e-07
1281,False,25,sofa,25,sofa,True,0.9245241284370422,0.40403810143470764,0.3883540630340576,0.015684038400650024,5.416320709628053e-05
1282,False,5,car,5,car,True,0.9867433309555054,0.08517688512802124,0.08074817806482315,0.00442870706319809,5.252843948255759e-06
1283,False,18,night_stand,11,dresser,False,0.5834459066390991,1.1935933828353882,1.1743253469467163,0.019268035888671875,0.00015988900850061327
1284,False,34,xbox,34,xbox,True,0.3412356972694397,1.8272135257720947,1.7527737617492676,0.07443976402282715,0.0007438911707140505
1285,False,30,toilet,30,toilet,True,0.9979758262634277,0.01797890104353428,0.016546305269002914,0.0014325957745313644,1.6731330276797962e-07
1286,False,15,lamp,15,lamp,True,0.9914419054985046,0.061425499618053436,0.05783925577998161,0.003586243838071823,1.6676824543537805e-06
1287,False,20,piano,20,piano,True,0.9838408827781677,0.11240529268980026,0.10356292128562927,0.00884237140417099,1.040789811668219e-05
1288,False,18,night_stand,11,dresser,False,0.5919342637062073,1.151867389678955,1.1124749183654785,0.03939247131347656,0.00043732693302445114
1289,False,7,cone,7,cone,True,0.9887068867683411,0.07593587785959244,0.07149694114923477,0.004438936710357666,3.7616139252349967e-06
1290,False,23,range_hood,23,range_hood,True,0.9275094866752625,0.3753049969673157,0.3569171726703644,0.018387824296951294,6.231979932636023e-05
1291,False,5,car,5,car,True,0.9544059038162231,0.22390198707580566,0.21152138710021973,0.012380599975585938,5.1273233111714944e-05
1292,False,9,desk,9,desk,True,0.970581591129303,0.19449162483215332,0.17419292032718658,0.020298704504966736,3.995719089289196e-05
1293,False,13,glass_box,11,dresser,False,0.35096368193626404,1.4301825761795044,1.4120593070983887,0.018123269081115723,0.0001773396652424708
1294,False,32,vase,12,flower_pot,False,0.3909076750278473,1.2403301000595093,1.1929947137832642,0.04733538627624512,0.0005492512718774378
1295,False,9,desk,18,night_stand,False,0.5419754385948181,1.3328702449798584,1.2335208654403687,0.09934937953948975,0.001290991436690092
1296,False,31,tv_stand,4,bookshelf,False,0.7610587477684021,0.7294455766677856,0.7002196311950684,0.029225945472717285,0.0003710326855070889
1297,False,14,guitar,14,guitar,True,0.9831044673919678,0.12153083086013794,0.11479061096906662,0.00674021989107132,4.276394975022413e-06
1298,False,30,toilet,30,toilet,True,0.9991459250450134,0.008466526865959167,0.007887199521064758,0.0005793273448944092,3.3482862704659055e-08
1299,False,14,guitar,14,guitar,True,0.9958571791648865,0.03246879577636719,0.029182232916355133,0.0032865628600120544,1.779368062670983e-06
1300,False,18,night_stand,18,night_stand,True,0.5556853413581848,1.0360292196273804,0.9893279075622559,0.04670131206512451,0.0006423115264624357
1301,False,4,bookshelf,4,bookshelf,True,0.9729841947555542,0.13970191776752472,0.13551215827465057,0.0041897594928741455,9.177615538646933e-06
1302,False,9,desk,9,desk,True,0.841734766960144,0.5595748424530029,0.531046450138092,0.02852839231491089,0.00024071586085483432
1303,False,16,mantel,16,mantel,True,0.7676416039466858,1.049361228942871,1.0118203163146973,0.03754091262817383,0.00024247255350928754
1304,False,20,piano,20,piano,True,0.972364068031311,0.1956123560667038,0.18791057169437408,0.007701784372329712,7.641953743586782e-06
1305,False,8,curtain,10,door,False,0.5247723460197449,1.4646167755126953,1.3997586965560913,0.064858078956604,0.0006031409138813615
1306,False,9,desk,9,desk,True,0.9570267200469971,0.22215670347213745,0.1980099081993103,0.02414679527282715,9.325584687758237e-05
1307,False,17,monitor,17,monitor,True,0.9975137710571289,0.020800478756427765,0.019521372392773628,0.0012791063636541367,2.8859327017016767e-07
1308,False,1,bathtub,1,bathtub,True,0.9819565415382385,0.1002684086561203,0.09437307715415955,0.005895331501960754,9.577285709383432e-06
1309,False,31,tv_stand,18,night_stand,False,0.6528043746948242,1.1210575103759766,1.0771783590316772,0.043879151344299316,0.0004427177191246301
1310,False,13,glass_box,13,glass_box,True,0.9944732189178467,0.044502973556518555,0.04078914597630501,0.0037138275802135468,1.6527558273082832e-06
1311,False,32,vase,32,vase,True,0.9413278698921204,0.2560713291168213,0.2506794035434723,0.005391925573348999,2.285697883053217e-05
1312,False,6,chair,6,chair,True,0.9897274971008301,0.07105235755443573,0.06685788929462433,0.004194468259811401,2.8959782412130153e-06
1313,False,8,curtain,17,monitor,False,0.6625707149505615,0.8582631349563599,0.7751544117927551,0.08310872316360474,0.0015083462931215763
1314,False,4,bookshelf,4,bookshelf,True,0.9851123690605164,0.0988055020570755,0.09251559525728226,0.006289906799793243,5.2533296184265055e-06
1315,False,20,piano,20,piano,True,0.9983383417129517,0.014616980217397213,0.012802284210920334,0.0018146960064768791,3.8743792174500413e-07
1316,False,4,bookshelf,4,bookshelf,True,0.45829933881759644,1.1495256423950195,1.1036491394042969,0.045876502990722656,0.0007548242574557662
1317,False,11,dresser,11,dresser,True,0.8476739525794983,0.6735955476760864,0.6553826928138733,0.018212854862213135,7.285038009285927e-05
1318,False,2,bed,2,bed,True,0.9996213912963867,0.004078339319676161,0.0038551613688468933,0.0002231779508292675,3.968058770453808e-09
1319,False,19,person,0,airplane,False,0.9873307943344116,0.08872273564338684,0.07970759272575378,0.009015142917633057,9.400757335242815e-06
1320,False,24,sink,31,tv_stand,False,0.24465352296829224,2.334155797958374,2.2270290851593018,0.10712671279907227,0.0006594628794118762
1321,False,28,table,28,table,True,0.9001016616821289,0.4506336450576782,0.3928371071815491,0.05779653787612915,0.0003840035351458937
1322,False,23,range_hood,23,range_hood,True,0.8877012133598328,0.5730400681495667,0.54195636510849,0.03108370304107666,0.00012581369082909077
1323,False,5,car,5,car,True,0.9890148043632507,0.07676593214273453,0.07311864197254181,0.0036472901701927185,2.432506335026119e-06
1324,False,21,plant,21,plant,True,0.4142642617225647,2.009157657623291,1.8842588663101196,0.12489879131317139,0.0011025432031601667
1325,False,32,vase,32,vase,True,0.8883829116821289,0.4234949052333832,0.412826806306839,0.01066809892654419,6.0021618992323056e-05
1326,False,29,tent,29,tent,True,0.898351788520813,0.5514681339263916,0.5296148657798767,0.021853268146514893,5.110321217216551e-05
1327,False,6,chair,6,chair,True,0.9980313777923584,0.017731118947267532,0.016588864848017693,0.0011422540992498398,1.747920777006584e-07
1328,False,9,desk,9,desk,True,0.9706915616989136,0.17279088497161865,0.1632038950920105,0.009586989879608154,1.8547585568740033e-05
1329,False,14,guitar,14,guitar,True,0.9943090677261353,0.045052655041217804,0.041677214205265045,0.003375440835952759,1.026446284413396e-06
1330,False,6,chair,6,chair,True,0.9964417815208435,0.03170137107372284,0.029699232429265976,0.0020021386444568634,3.956458272114105e-07
1331,False,28,table,9,desk,False,0.4849222004413605,1.1630815267562866,1.1225513219833374,0.04053020477294922,0.00048581240116618574
1332,False,32,vase,32,vase,True,0.8659023642539978,0.5680267810821533,0.5459630489349365,0.022063732147216797,9.336810762761161e-05
1333,False,14,guitar,14,guitar,True,0.997900128364563,0.018520604819059372,0.016978200525045395,0.001542404294013977,3.1120376320359355e-07
1334,False,28,table,28,table,True,0.9966849088668823,0.026269810274243355,0.024605605751276016,0.0016642045229673386,3.943920887650165e-07
1335,False,1,bathtub,1,bathtub,True,0.9408112168312073,0.2661484479904175,0.24822194874286652,0.017926499247550964,9.844432497629896e-05
1336,False,33,wardrobe,33,wardrobe,True,0.5662260055541992,1.2627227306365967,1.2175509929656982,0.04517173767089844,0.0004930425784550607
1337,False,21,plant,21,plant,True,0.8002884387969971,0.5272787809371948,0.51572585105896,0.011552929878234863,0.00017275383288506418
1338,False,2,bed,2,bed,True,0.9968955516815186,0.025896480306982994,0.023903967812657356,0.001992512494325638,4.98922020142345e-07
1339,False,21,plant,21,plant,True,0.5968812108039856,1.1578965187072754,1.1194241046905518,0.03847241401672363,0.00026292516849935055
1340,False,4,bookshelf,4,bookshelf,True,0.9754262566566467,0.1528090536594391,0.14714594185352325,0.0056631118059158325,6.494010904134484e-06
1341,False,16,mantel,16,mantel,True,0.9059221148490906,0.36199951171875,0.3417138457298279,0.02028566598892212,0.00016315515676978976
1342,False,0,airplane,0,airplane,True,0.9920963644981384,0.05643021687865257,0.0527254119515419,0.003704804927110672,2.120031695085345e-06
1343,False,20,piano,20,piano,True,0.9663022756576538,0.1972275972366333,0.18120665848255157,0.016020938754081726,3.0173328923410736e-05
1344,False,31,tv_stand,4,bookshelf,False,0.6058764457702637,0.7770742177963257,0.7511286735534668,0.025945544242858887,0.0005410843878053129
1345,False,32,vase,32,vase,True,0.6054967641830444,1.0869104862213135,1.0544487237930298,0.03246176242828369,0.00021447890321724117
1346,False,30,toilet,30,toilet,True,0.9992270469665527,0.007852711714804173,0.007356621325016022,0.0004960903897881508,2.0600111838575685e-08
1347,False,4,bookshelf,4,bookshelf,True,0.9752848744392395,0.14030228555202484,0.1352071613073349,0.005095124244689941,8.43075667944504e-06
1348,False,18,night_stand,18,night_stand,True,0.6730659604072571,1.0005536079406738,0.9575101733207703,0.043043434619903564,0.00042437046067789197
1349,False,2,bed,2,bed,True,0.9968352913856506,0.02964365854859352,0.027567433193325996,0.0020762253552675247,5.096748054711497e-07
1350,False,14,guitar,14,guitar,True,0.627648651599884,0.9017897248268127,0.8254393339157104,0.0763503909111023,0.0013996288180351257
1351,False,28,table,28,table,True,0.609788715839386,1.2484047412872314,1.1251566410064697,0.12324810028076172,0.00118242425378412
1352,False,5,car,5,car,True,0.9676661491394043,0.19734659790992737,0.1821984052658081,0.015148192644119263,3.8428519474109635e-05
1353,False,11,dresser,11,dresser,True,0.6952391862869263,0.9451226592063904,0.9225990772247314,0.022523581981658936,0.0001611022889846936
1354,False,9,desk,9,desk,True,0.9553659558296204,0.2615094780921936,0.2476164847612381,0.013892993330955505,3.3278585760854185e-05
1355,False,5,car,5,car,True,0.9861226677894592,0.09542962908744812,0.08997540920972824,0.005454219877719879,4.8189526751230005e-06
1356,False,31,tv_stand,31,tv_stand,True,0.755715548992157,0.6577960252761841,0.569489061832428,0.0883069634437561,0.0016094265738502145
1357,False,18,night_stand,11,dresser,False,0.5225984454154968,1.4645168781280518,1.4364888668060303,0.028028011322021484,0.00023148360196501017
1358,False,4,bookshelf,4,bookshelf,True,0.9790098071098328,0.12569434940814972,0.12110280990600586,0.00459153950214386,5.736004823120311e-06
1359,False,18,night_stand,28,table,False,0.7518088817596436,1.033286452293396,0.9718506932258606,0.0614357590675354,0.00036587865906767547
1360,False,6,chair,6,chair,True,0.9997444152832031,0.002628874033689499,0.0023772367276251316,0.0002516373060643673,1.3125369235922335e-08
1361,False,16,mantel,16,mantel,True,0.966866135597229,0.19924837350845337,0.18821603059768677,0.011032342910766602,2.8674694476649165e-05
1362,False,20,piano,20,piano,True,0.8968773484230042,0.5191199779510498,0.49989640712738037,0.019223570823669434,7.622060365974903e-05
1363,False,18,night_stand,18,night_stand,True,0.6587939262390137,1.2453596591949463,1.204138159751892,0.0412214994430542,0.00035989645402878523
1364,False,2,bed,2,bed,True,0.9694474935531616,0.21182680130004883,0.19171708822250366,0.020109713077545166,4.606296351994388e-05
1365,False,8,curtain,8,curtain,True,0.6732601523399353,1.0403053760528564,1.0062984228134155,0.03400695323944092,0.0002971357316710055
1366,False,21,plant,21,plant,True,0.8546006083488464,0.540948212146759,0.5256760120391846,0.015272200107574463,0.00010982945968862623
1367,False,1,bathtub,1,bathtub,True,0.8927522301673889,0.5627379417419434,0.5367252230644226,0.026012718677520752,9.637604671297595e-05
1368,False,0,airplane,0,airplane,True,0.9999017119407654,0.0012191177811473608,0.0010751781519502401,0.00014393962919712067,1.54063350965572e-09
1369,False,21,plant,21,plant,True,0.7627547383308411,0.676098108291626,0.6639422178268433,0.012155890464782715,6.229707651073113e-05
1370,False,6,chair,6,chair,True,0.9971789717674255,0.024654677137732506,0.023314209654927254,0.001340467482805252,2.536519332352327e-07
1371,False,6,chair,6,chair,True,0.9997408986091614,0.002685491694137454,0.002537777880206704,0.0001477138139307499,2.63996913218989e-09
1372,False,2,bed,2,bed,True,0.9995913505554199,0.004401892423629761,0.003871435532346368,0.0005304568912833929,1.620210809960554e-08
1373,False,6,chair,6,chair,True,0.9996078014373779,0.004120857920497656,0.003941537346690893,0.0001793205738067627,3.994594877099189e-09
1374,False,18,night_stand,18,night_stand,True,0.7043787837028503,1.1784312725067139,1.1422066688537598,0.0362246036529541,0.00025882269255816936
1375,False,25,sofa,30,toilet,False,0.8936519026756287,0.4203674793243408,0.3924413323402405,0.027926146984100342,0.0002222715993411839
1376,False,1,bathtub,1,bathtub,True,0.6692372560501099,1.2948588132858276,1.260817527770996,0.03404128551483154,0.0002652599068824202
1377,False,23,range_hood,34,xbox,False,0.3150801360607147,2.1403636932373047,2.065460205078125,0.07490348815917969,0.0005348179838620126
1378,False,14,guitar,14,guitar,True,0.9982694387435913,0.015220386907458305,0.01409037597477436,0.0011300109326839447,1.5388874885502446e-07
1379,False,18,night_stand,18,night_stand,True,0.9354360699653625,0.3388141989707947,0.3216819167137146,0.017132282257080078,4.974739204044454e-05
1380,False,0,airplane,0,airplane,True,0.9996513724327087,0.0036218753084540367,0.0030407707672566175,0.0005811045411974192,4.617512772142618e-08
1381,False,6,chair,6,chair,True,0.8701662421226501,0.4688534438610077,0.42112118005752563,0.047732263803482056,0.0004233099170960486
1382,False,13,glass_box,13,glass_box,True,0.9931642413139343,0.05266483128070831,0.047636594623327255,0.005028236657381058,2.919941834989004e-06
1383,False,20,piano,20,piano,True,0.9953396320343018,0.040734171867370605,0.039015818387269974,0.0017183534801006317,3.022291537035926e-07
1384,False,25,sofa,25,sofa,True,0.9561429023742676,0.2472648024559021,0.23713631927967072,0.010128483176231384,2.1242780348984525e-05
1385,False,17,monitor,17,monitor,True,0.9935507774353027,0.05116581171751022,0.047402769327163696,0.003763042390346527,1.80368999735947e-06
1386,False,23,range_hood,23,range_hood,True,0.9237744212150574,0.36394038796424866,0.3443087041378021,0.019631683826446533,7.537500641774386e-05
1387,False,25,sofa,25,sofa,True,0.9977356195449829,0.01994623802602291,0.018886614590883255,0.001059623435139656,1.430222908993528e-07
1388,False,25,sofa,25,sofa,True,0.9990357756614685,0.008969256654381752,0.008604859933257103,0.00036439672112464905,2.163623236128842e-08
1389,False,21,plant,21,plant,True,0.38427072763442993,1.562369704246521,1.5226441621780396,0.039725542068481445,0.0003403215087018907
1390,False,18,night_stand,18,night_stand,True,0.6640326976776123,1.176881194114685,1.0923479795455933,0.0845332145690918,0.0008233653497882187
1391,False,5,car,5,car,True,0.8452419638633728,0.7496151924133301,0.7223018407821655,0.02731335163116455,0.00016905991651583463
1392,False,15,lamp,15,lamp,True,0.4323233962059021,1.7172679901123047,1.583388328552246,0.1338796615600586,0.0012582214549183846
1393,False,6,chair,6,chair,True,0.9994125962257385,0.00550342071801424,0.005094318650662899,0.00040910206735134125,2.5622199473218643e-08
1394,False,13,glass_box,13,glass_box,True,0.4912300407886505,1.5440138578414917,1.4894318580627441,0.05458199977874756,0.0005199356819503009
1395,False,20,piano,20,piano,True,0.9920233488082886,0.06436459720134735,0.06035599857568741,0.004008598625659943,1.4108121604294865e-06
1396,False,23,range_hood,23,range_hood,True,0.8407498002052307,0.8406492471694946,0.8059787750244141,0.034670472145080566,0.00014598609413951635
1397,False,9,desk,9,desk,True,0.5048355460166931,1.2278364896774292,1.0252066850662231,0.20262980461120605,0.0033930232748389244
1398,False,21,plant,21,plant,True,0.9339491724967957,0.32703089714050293,0.3024289906024933,0.024601906538009644,7.151919999159873e-05
1399,False,23,range_hood,23,range_hood,True,0.8698201179504395,0.6266318559646606,0.5789933800697327,0.04763847589492798,0.0002732737339101732
1400,False,2,bed,2,bed,True,0.9981699585914612,0.017257656902074814,0.015681978315114975,0.0015756785869598389,2.0543274104056763e-07
1401,False,17,monitor,17,monitor,True,0.9988811016082764,0.010225892998278141,0.009710544720292091,0.0005153482779860497,3.539542348107716e-08
1402,False,18,night_stand,18,night_stand,True,0.28585970401763916,2.195021867752075,2.1363425254821777,0.05867934226989746,0.0002977718540932983
1403,False,1,bathtub,1,bathtub,True,0.9900373220443726,0.06201187148690224,0.05901399254798889,0.0029978789389133453,2.811871809171862e-06
1404,False,4,bookshelf,4,bookshelf,True,0.9831811785697937,0.10537391155958176,0.10152161121368408,0.0038523003458976746,3.742004992091097e-06
1405,False,14,guitar,14,guitar,True,0.9870143532752991,0.09628034383058548,0.08987158536911011,0.006408758461475372,4.7685898607596755e-06
1406,False,2,bed,2,bed,True,0.9979561567306519,0.017236877232789993,0.01514610555022955,0.002090771682560444,7.06594164512353e-07
1407,False,33,wardrobe,33,wardrobe,True,0.5666105151176453,1.453156590461731,1.4158377647399902,0.03731882572174072,0.0002675499126780778
1408,False,30,toilet,30,toilet,True,0.9997707605361938,0.0026483493857085705,0.00236044661141932,0.0002879027742892504,4.1824419483305064e-09
1409,False,11,dresser,11,dresser,True,0.6993367671966553,1.058137059211731,1.030921459197998,0.02721560001373291,0.0001889265258796513
1410,False,21,plant,21,plant,True,0.7104766368865967,0.8580384254455566,0.8349299430847168,0.023108482360839844,0.00010756709525594488
1411,False,6,chair,6,chair,True,0.9989205002784729,0.009768995456397533,0.009120629169046879,0.0006483662873506546,4.739303349765578e-08
1412,False,0,airplane,0,airplane,True,0.9990065693855286,0.00887997169047594,0.008024274371564388,0.0008556973189115524,8.775413817829758e-08
1413,False,25,sofa,25,sofa,True,0.8463122248649597,0.6667047142982483,0.6402387022972107,0.026466012001037598,0.00019672953931149095
1414,False,2,bed,2,bed,True,0.9982409477233887,0.015649735927581787,0.013920722529292107,0.0017290133982896805,4.277497964721988e-07
1415,False,28,table,28,table,True,0.5863459706306458,1.243058681488037,1.2011899948120117,0.04186868667602539,0.00042764859972521663
1416,False,19,person,19,person,True,0.5497006177902222,1.282975435256958,1.2343531847000122,0.0486222505569458,0.0005235004937276244
1417,False,26,stairs,21,plant,False,0.4467960596084595,1.4837349653244019,1.431264042854309,0.05247092247009277,0.00025762058794498444
1418,False,20,piano,20,piano,True,0.9863425493240356,0.10451565682888031,0.09922227263450623,0.0052933841943740845,3.5020643736061174e-06
1419,False,13,glass_box,13,glass_box,True,0.9992275834083557,0.007563136518001556,0.006726826541125774,0.000836309976875782,7.534893597949122e-08
1420,False,0,airplane,0,airplane,True,0.999943733215332,0.0007353153778240085,0.000667563290335238,6.775208748877048e-05,3.1117206034103617e-10
1421,False,13,glass_box,13,glass_box,True,0.9982393383979797,0.01587808132171631,0.014598114416003227,0.0012799669057130814,1.8744569274531386e-07
1422,False,32,vase,32,vase,True,0.9256826043128967,0.28967997431755066,0.28492745757102966,0.004752516746520996,2.7812064217869192e-05
1423,False,32,vase,32,vase,True,0.9267410039901733,0.2893575429916382,0.282888799905777,0.006468743085861206,3.120133260381408e-05
1424,False,1,bathtub,1,bathtub,True,0.9482836723327637,0.2687680423259735,0.2528555691242218,0.01591247320175171,4.687680120696314e-05
1425,False,3,bench,3,bench,True,0.48518723249435425,1.3083326816558838,1.164481282234192,0.1438513994216919,0.002098302822560072
1426,False,32,vase,32,vase,True,0.920929491519928,0.32141634821891785,0.31359097361564636,0.007825374603271484,3.5685530747286975e-05
1427,False,13,glass_box,13,glass_box,True,0.9646438956260681,0.2241201102733612,0.20647881925106049,0.01764129102230072,3.0912106012692675e-05
1428,False,21,plant,32,vase,False,0.8547391891479492,0.5741844177246094,0.5581322908401489,0.01605212688446045,8.353788871318102e-05
1429,False,14,guitar,14,guitar,True,0.9966080188751221,0.029433591291308403,0.027244649827480316,0.002188941463828087,4.4560837864082714e-07
1430,False,2,bed,2,bed,True,0.998988151550293,0.009202046319842339,0.008437899872660637,0.0007641464471817017,9.613277285325239e-08
1431,False,4,bookshelf,4,bookshelf,True,0.8999398946762085,0.3776785135269165,0.3682558834552765,0.009422630071640015,6.719589873682708e-05
1432,False,30,toilet,30,toilet,True,0.999308168888092,0.0070169586688280106,0.0062332660891115665,0.000783692579716444,4.445832502142366e-08
1433,False,5,car,24,sink,False,0.49200907349586487,1.4282751083374023,1.3756681680679321,0.052606940269470215,0.0006936077843420208
1434,False,2,bed,2,bed,True,0.9964880347251892,0.03170207515358925,0.028456320986151695,0.0032457541674375534,8.592651852268318e-07
1435,False,28,table,28,table,True,0.9970086812973022,0.024298198521137238,0.02277277037501335,0.001525428146123886,3.0416097729357716e-07
1436,False,5,car,5,car,True,0.9012318253517151,0.44922441244125366,0.4196794331073761,0.029544979333877563,0.0002038468373939395
1437,False,4,bookshelf,4,bookshelf,True,0.9519032835960388,0.274444580078125,0.2611207067966461,0.013323873281478882,2.756161120487377e-05
1438,False,6,chair,6,chair,True,0.998227596282959,0.016825299710035324,0.015595467761158943,0.001229831948876381,1.8240693577808997e-07
1439,False,11,dresser,11,dresser,True,0.7458414435386658,0.7071104049682617,0.6880522966384888,0.01905810832977295,0.00026924110716208816
1440,False,0,airplane,0,airplane,True,0.9999900460243225,0.00014594772073905915,0.00013504490198101848,1.0902818758040667e-05,9.792159270938239e-12
1441,False,21,plant,21,plant,True,0.4700760245323181,1.326265811920166,1.210432767868042,0.11583304405212402,0.0014490552712231874
1442,False,20,piano,20,piano,True,0.9752242565155029,0.1579265594482422,0.1421283334493637,0.01579822599887848,4.4536842324305326e-05
1443,False,22,radio,2,bed,False,0.43182244896888733,2.0150227546691895,1.9597456455230713,0.055277109146118164,0.0003973791317548603
1444,False,9,desk,9,desk,True,0.9908230900764465,0.06515288352966309,0.06167122349143028,0.0034816600382328033,1.4892593753756955e-06
1445,False,23,range_hood,23,range_hood,True,0.9347359538078308,0.37365755438804626,0.3512462079524994,0.022411346435546875,7.687332254135981e-05
1446,False,26,stairs,6,chair,False,0.5624381303787231,1.5490998029708862,1.4719891548156738,0.0771106481552124,0.0008455209317617118
1447,False,16,mantel,16,mantel,True,0.9211074113845825,0.32555821537971497,0.30170881748199463,0.023849397897720337,0.00017318553000222892
1448,False,6,chair,6,chair,True,0.9995725750923157,0.004279200453311205,0.004009679891169071,0.0002695205621421337,1.1135749211632628e-08
1449,False,9,desk,9,desk,True,0.9520694017410278,0.2891940474510193,0.27475112676620483,0.014442920684814453,2.3518379748566076e-05
1450,False,14,guitar,14,guitar,True,0.5938419699668884,0.7793098092079163,0.631229043006897,0.1480807662010193,0.003534627379849553
1451,False,6,chair,6,chair,True,0.9958366751670837,0.03338990360498428,0.03154490888118744,0.0018449947237968445,5.779469915978552e-07
1452,False,27,stool,15,lamp,False,0.9483634829521179,0.2630659341812134,0.23995256423950195,0.023113369941711426,0.00010263976582791656
1453,False,20,piano,20,piano,True,0.9970544576644897,0.025375965982675552,0.024032937362790108,0.0013430286198854446,1.7885037095766165e-07
1454,False,0,airplane,0,airplane,True,0.9999368190765381,0.0007613568450324237,0.0006055771955288947,0.00015577964950352907,3.3204894389626816e-09
1455,False,17,monitor,17,monitor,True,0.9789703488349915,0.1344931721687317,0.12029675394296646,0.014196418225765228,3.3318050554953516e-05
1456,False,17,monitor,17,monitor,True,0.9913147687911987,0.060304298996925354,0.05270388349890709,0.007600415498018265,6.023185960657429e-06
1457,False,31,tv_stand,4,bookshelf,False,0.7441030144691467,0.6133322715759277,0.5952160954475403,0.01811617612838745,0.00033695195452310145
1458,False,2,bed,2,bed,True,0.9572527408599854,0.2697051465511322,0.24412237107753754,0.025582775473594666,6.272662722039968e-05
1459,False,16,mantel,16,mantel,True,0.9466205835342407,0.25536444783210754,0.24836201965808868,0.00700242817401886,1.677909676800482e-05
1460,False,32,vase,32,vase,True,0.6093134880065918,1.49686598777771,1.4280424118041992,0.06882357597351074,0.00040362912113778293
1461,False,23,range_hood,23,range_hood,True,0.7962782979011536,1.0526671409606934,1.014115333557129,0.03855180740356445,0.00022085217642597854
1462,False,5,car,5,car,True,0.9067426323890686,0.428938627243042,0.40310409665107727,0.02583453059196472,0.0001552168687339872
1463,False,31,tv_stand,31,tv_stand,True,0.8132457137107849,0.8464170694351196,0.8073517084121704,0.03906536102294922,0.00018204825755674392
1464,False,14,guitar,14,guitar,True,0.9809145927429199,0.13424770534038544,0.12791912257671356,0.006328582763671875,5.123950359120499e-06
1465,False,31,tv_stand,31,tv_stand,True,0.7221303582191467,1.202803373336792,1.1431246995925903,0.05967867374420166,0.00037637545028701425
1466,False,2,bed,2,bed,True,0.9993196129798889,0.007287326734513044,0.006848070304840803,0.0004392564296722412,1.3164872747495338e-08
1467,False,30,toilet,30,toilet,True,0.9948345422744751,0.04201327636837959,0.03929194435477257,0.002721332013607025,8.150035455400939e-07
1468,False,32,vase,32,vase,True,0.87861168384552,0.43841418623924255,0.4299788475036621,0.008435338735580444,5.478797174873762e-05
1469,False,1,bathtub,1,bathtub,True,0.8588672876358032,0.5966874361038208,0.5743123888969421,0.022375047206878662,0.0001522711245343089
1470,False,17,monitor,17,monitor,True,0.9955481290817261,0.03632816672325134,0.034083690494298935,0.002244476228952408,7.20779723906162e-07
1471,False,5,car,5,car,True,0.9905731678009033,0.06949177384376526,0.06588049232959747,0.0036112815141677856,1.5498400216529262e-06
1472,False,20,piano,4,bookshelf,False,0.44859278202056885,1.7016310691833496,1.6214295625686646,0.08020150661468506,0.0007453935104422271
1473,False,28,table,28,table,True,0.6184666752815247,1.012385606765747,0.9797221422195435,0.03266346454620361,0.0005036389920860529
1474,False,16,mantel,4,bookshelf,False,0.8197592496871948,0.7476664185523987,0.709380030632019,0.03828638792037964,0.0002913846110459417
1475,False,11,dresser,11,dresser,True,0.598953366279602,1.2644200325012207,1.2071917057037354,0.05722832679748535,0.0006465752376243472
1476,False,5,car,5,car,True,0.7372217178344727,1.0192956924438477,0.9590977430343628,0.06019794940948486,0.0005424490082077682
1477,False,8,curtain,8,curtain,True,0.7206600308418274,0.8780075311660767,0.8207897543907166,0.05721777677536011,0.0006418192060664296
1478,False,27,stool,27,stool,True,0.5126255750656128,1.735877275466919,1.6474989652633667,0.08837831020355225,0.0007599074742756784
1479,False,23,range_hood,23,range_hood,True,0.9152151346206665,0.4475167989730835,0.42022329568862915,0.027293503284454346,9.366940503241494e-05
1480,False,17,monitor,17,monitor,True,0.7910106182098389,0.8767245411872864,0.837394118309021,0.03933042287826538,0.0002663918712642044
1481,False,13,glass_box,13,glass_box,True,0.9996919631958008,0.003331259358674288,0.003038860857486725,0.00029239850118756294,6.481772896194116e-09
1482,False,11,dresser,18,night_stand,False,0.36196717619895935,1.6042488813400269,1.575278639793396,0.02897024154663086,0.00021304903202690184
1483,False,21,plant,21,plant,True,0.6800322532653809,0.6722812652587891,0.6614168286323547,0.010864436626434326,0.00017347466200590134
1484,False,34,xbox,31,tv_stand,False,0.6772664785385132,0.8303110599517822,0.7993381023406982,0.030972957611083984,0.0004542662645690143
1485,False,18,night_stand,18,night_stand,True,0.5157917141914368,1.1983003616333008,1.1494200229644775,0.04888033866882324,0.0005441386601887643
1486,False,21,plant,21,plant,True,0.7730146050453186,0.7321295738220215,0.7083633542060852,0.02376621961593628,0.00011793614248745143
1487,False,18,night_stand,18,night_stand,True,0.9561115503311157,0.25408899784088135,0.23778368532657623,0.016305312514305115,3.4586453693918884e-05
1488,False,25,sofa,25,sofa,True,0.9909831285476685,0.063971146941185,0.0624445416033268,0.0015266053378582,5.936113325333281e-07
1489,False,1,bathtub,1,bathtub,True,0.9798656702041626,0.12183454632759094,0.11418972164392471,0.007644824683666229,1.0802004908327945e-05
1490,False,25,sofa,25,sofa,True,0.973183274269104,0.17481069266796112,0.16926921904087067,0.005541473627090454,7.021918463578913e-06
1491,False,17,monitor,17,monitor,True,0.9994509220123291,0.005439199041575193,0.0049970680847764015,0.0004421309567987919,1.8004621793465958e-08
1492,False,10,door,10,door,True,0.8304648995399475,0.5726479291915894,0.5564367771148682,0.01621115207672119,0.00014610830112360418
1493,False,1,bathtub,1,bathtub,True,0.5740029215812683,0.8641277551651001,0.7825183272361755,0.08160942792892456,0.001848277635872364
1494,False,24,sink,26,stairs,False,0.4879252314567566,1.5978643894195557,1.5229569673538208,0.07490742206573486,0.0008496600203216076
1495,False,9,desk,9,desk,True,0.9958890676498413,0.03160164877772331,0.02923465706408024,0.002366991713643074,7.990977906047192e-07
1496,False,9,desk,18,night_stand,False,0.3005712330341339,2.3341994285583496,2.2322468757629395,0.10195255279541016,0.00059367751237005
1497,False,14,guitar,14,guitar,True,0.9910053014755249,0.06749112904071808,0.06196169927716255,0.005529429763555527,2.9878394798288355e-06
1498,False,25,sofa,18,night_stand,False,0.7209168076515198,1.1454678773880005,1.069841742515564,0.07562613487243652,0.0006846357719041407
1499,False,18,night_stand,18,night_stand,True,0.882303774356842,0.5492116212844849,0.5138320922851562,0.03537952899932861,0.00013474789739120752
1500,False,14,guitar,14,guitar,True,0.9968641996383667,0.0249470304697752,0.021866828203201294,0.003080202266573906,1.441252720724151e-06
1501,False,13,glass_box,8,curtain,False,0.8007149696350098,0.7348923683166504,0.7071803212165833,0.02771204710006714,0.00019692056230269372
1502,False,9,desk,18,night_stand,False,0.6882691979408264,0.987204909324646,0.9481397867202759,0.03906512260437012,0.0004175468347966671
1503,False,14,guitar,14,guitar,True,0.9164016842842102,0.39109623432159424,0.3551679849624634,0.03592824935913086,0.0002502902061678469
1504,False,20,piano,20,piano,True,0.4170721769332886,2.1943559646606445,2.1485931873321533,0.04576277732849121,0.00021661416394636035
1505,False,26,stairs,26,stairs,True,0.6091514825820923,1.0451749563217163,0.9760742783546448,0.06910067796707153,0.0010256613604724407
1506,False,2,bed,2,bed,True,0.9962916374206543,0.03305524215102196,0.031008731573820114,0.0020465105772018433,3.815704303633538e-07
1507,False,13,glass_box,18,night_stand,False,0.4729633927345276,1.248265027999878,1.2284414768218994,0.019823551177978516,0.0002285238151671365
1508,False,9,desk,9,desk,True,0.8435462117195129,0.6973953247070312,0.6727802157402039,0.024615108966827393,0.0001211585768032819
1509,False,16,mantel,16,mantel,True,0.9785972833633423,0.12479442358016968,0.11704076826572418,0.007753655314445496,1.2705415429081768e-05
1510,False,6,chair,6,chair,True,0.9979023337364197,0.018873995169997215,0.017927585169672966,0.0009464100003242493,1.0546811068934403e-07
1511,False,27,stool,27,stool,True,0.6523805856704712,0.9865903854370117,0.9475319385528564,0.03905844688415527,0.0004752828099299222
1512,False,0,airplane,26,stairs,False,0.47310951352119446,2.1965630054473877,2.1130871772766113,0.08347582817077637,0.0004920391947962344
1513,False,32,vase,12,flower_pot,False,0.5002855658531189,1.084046721458435,1.0381323099136353,0.045914411544799805,0.0005822101375088096
1514,False,27,stool,27,stool,True,0.4562144875526428,1.4568219184875488,1.4078007936477661,0.049021124839782715,0.00047687048208899796
1515,False,0,airplane,0,airplane,True,0.9999999403953552,2.7642317945719697e-06,2.605353756734985e-06,1.5887803783698473e-07,4.494052733303253e-15
1516,False,18,night_stand,31,tv_stand,False,0.22729967534542084,2.28507924079895,2.216360569000244,0.06871867179870605,0.0004209462786093354
1517,False,6,chair,6,chair,True,0.9988520741462708,0.011067993007600307,0.010316670872271061,0.0007513221353292465,9.276751455900012e-08
1518,False,5,car,5,car,True,0.9915238618850708,0.062025927007198334,0.058097366243600845,0.003928560763597488,1.98827274289215e-06
1519,False,20,piano,34,xbox,False,0.27939626574516296,1.9015567302703857,1.8481770753860474,0.05337965488433838,0.00033182796323671937
1520,False,25,sofa,25,sofa,True,0.9971185326576233,0.024303529411554337,0.023299796506762505,0.001003732904791832,1.5074984105467593e-07
1521,False,30,toilet,30,toilet,True,0.999953031539917,0.0005693539278581738,0.0004992232425138354,7.013068534433842e-05,4.1528205874108437e-10
1522,False,17,monitor,17,monitor,True,0.9886524081230164,0.07909467071294785,0.07536594569683075,0.003728725016117096,2.064211230390356e-06
1523,False,31,tv_stand,31,tv_stand,True,0.8619670271873474,0.6850709319114685,0.6442484259605408,0.040822505950927734,0.00017944465798791498
1524,False,17,monitor,17,monitor,True,0.9168962836265564,0.3133336007595062,0.2821178436279297,0.031215757131576538,0.00025330271455459297
1525,False,14,guitar,14,guitar,True,0.9943896532058716,0.046690937131643295,0.042478401213884354,0.004212535917758942,2.332166559426696e-06
1526,False,16,mantel,16,mantel,True,0.984082043170929,0.09925830364227295,0.09450917690992355,0.004749126732349396,5.127236363478005e-06
1527,False,21,plant,21,plant,True,0.7290554046630859,0.6659854054450989,0.6545519828796387,0.011433422565460205,0.00010814332927111536
1528,False,9,desk,9,desk,True,0.5355210304260254,0.9353861808776855,0.8951149582862854,0.040271222591400146,0.000685143459122628
1529,False,16,mantel,16,mantel,True,0.9109881520271301,0.44679415225982666,0.42757514119148254,0.019219011068344116,6.325039430521429e-05
1530,False,21,plant,21,plant,True,0.8985411524772644,0.41682881116867065,0.40088608860969543,0.01594272255897522,6.654900062130764e-05
1531,False,16,mantel,16,mantel,True,0.9866819977760315,0.08945100009441376,0.08326436579227448,0.006186634302139282,4.960766091244295e-06
1532,False,23,range_hood,23,range_hood,True,0.8861607313156128,0.6248539686203003,0.6010212898254395,0.02383267879486084,7.219538383651525e-05
1533,False,5,car,5,car,True,0.9830871820449829,0.11591088771820068,0.10582450777292252,0.010086379945278168,1.5891555449343286e-05
1534,False,5,car,5,car,True,0.977222740650177,0.14467713236808777,0.13862016797065735,0.00605696439743042,6.749830390617717e-06
1535,False,5,car,5,car,True,0.8831459283828735,0.5749632120132446,0.5483962893486023,0.026566922664642334,0.00014162981824483722
1536,False,22,radio,11,dresser,False,0.6881147623062134,1.2074894905090332,1.1699020862579346,0.03758740425109863,0.00024303203099407256
1537,False,23,range_hood,23,range_hood,True,0.9108307361602783,0.41657325625419617,0.3959210216999054,0.02065223455429077,8.928689203457907e-05
1538,False,30,toilet,30,toilet,True,0.9926093816757202,0.050736941397190094,0.0476217083632946,0.0031152330338954926,2.4706237127247732e-06
1539,False,24,sink,16,mantel,False,0.44607558846473694,1.733590841293335,1.6726152896881104,0.06097555160522461,0.0005827309214510024
1540,False,21,plant,21,plant,True,0.7283258438110352,0.7776647806167603,0.7599793672561646,0.017685413360595703,0.00012764360872097313
1541,False,17,monitor,17,monitor,True,0.9988740682601929,0.011443179100751877,0.010075283236801624,0.0013678958639502525,1.8673121360279765e-07
1542,False,18,night_stand,18,night_stand,True,0.8803890943527222,0.5549715757369995,0.5259623527526855,0.029009222984313965,0.00013988006685394794
1543,False,4,bookshelf,4,bookshelf,True,0.9899787306785583,0.06401585042476654,0.06152528524398804,0.0024905651807785034,2.278323108839686e-06
1544,False,22,radio,4,bookshelf,False,0.5071021914482117,1.7313648462295532,1.6053589582443237,0.1260058879852295,0.0010803346522152424
1545,False,1,bathtub,1,bathtub,True,0.7394769787788391,0.9582008123397827,0.9284201264381409,0.029780685901641846,0.0002244398492621258
1546,False,20,piano,20,piano,True,0.9120020866394043,0.5138282775878906,0.49078747630119324,0.023040801286697388,5.761875945609063e-05
1547,False,6,chair,6,chair,True,0.9987078309059143,0.012193849310278893,0.011445279233157635,0.0007485700771212578,6.650836326116405e-08
1548,False,28,table,28,table,True,0.9902785420417786,0.06651319563388824,0.06280843168497086,0.003704763948917389,2.4414177914877655e-06
1549,False,2,bed,2,bed,True,0.9790529012680054,0.15098530054092407,0.14479859173297882,0.0061867088079452515,5.241994131210959e-06
1550,False,4,bookshelf,31,tv_stand,False,0.700893223285675,0.6529570817947388,0.6166860461235046,0.03627103567123413,0.0008073940989561379
1551,False,0,airplane,0,airplane,True,0.9993950128555298,0.006252948194742203,0.005760283209383488,0.0004926649853587151,1.649055292318735e-08
1552,False,32,vase,32,vase,True,0.9216254353523254,0.32437533140182495,0.3155539631843567,0.008821368217468262,4.040154817630537e-05
1553,False,32,vase,32,vase,True,0.9262853860855103,0.34452158212661743,0.3371344804763794,0.007387101650238037,2.6406312827020884e-05
1554,False,2,bed,2,bed,True,0.9681032299995422,0.2173924446105957,0.20807799696922302,0.00931444764137268,1.1806532711489126e-05
1555,False,25,sofa,31,tv_stand,False,0.4203314185142517,1.4518766403198242,1.3970810174942017,0.05479562282562256,0.0006428115884773433
1556,False,17,monitor,17,monitor,True,0.9836018085479736,0.10886108875274658,0.10354086756706238,0.005320221185684204,4.786596491612727e-06
1557,False,14,guitar,14,guitar,True,0.9958608150482178,0.03182066231966019,0.0288985725492239,0.002922089770436287,9.376372531733068e-07
1558,False,32,vase,32,vase,True,0.9260056018829346,0.32053712010383606,0.30875924229621887,0.011777877807617188,3.625114186434075e-05
1559,False,4,bookshelf,4,bookshelf,True,0.9880931973457336,0.08386313915252686,0.0795922800898552,0.004270859062671661,2.871948709071148e-06
1560,False,0,airplane,0,airplane,True,0.9998502731323242,0.001794776413589716,0.0016342963790521026,0.0001604800345376134,1.4116406932274117e-09
1561,False,21,plant,21,plant,True,0.4955868124961853,1.525653600692749,1.4138456583023071,0.1118079423904419,0.0012305894633755088
1562,False,5,car,5,car,True,0.3515032231807709,2.1555323600769043,2.029054641723633,0.12647771835327148,0.0012220005737617612
1563,False,13,glass_box,11,dresser,False,0.3593583405017853,1.7015600204467773,1.6655726432800293,0.03598737716674805,0.0003114010323770344
1564,False,18,night_stand,18,night_stand,True,0.4960494637489319,0.9029046297073364,0.879825234413147,0.023079395294189453,0.00039087224286049604
1565,False,32,vase,32,vase,True,0.9198218584060669,0.30391910672187805,0.2993564307689667,0.004562675952911377,2.607203168736305e-05
1566,False,7,cone,29,tent,False,0.45026248693466187,1.7588993310928345,1.6052541732788086,0.15364515781402588,0.0013043092330917716
1567,False,28,table,28,table,True,0.9602413773536682,0.2208734005689621,0.196543350815773,0.024330049753189087,7.746099436189979e-05
1568,False,13,glass_box,13,glass_box,True,0.9898284673690796,0.07441708445549011,0.06493473798036575,0.009482346475124359,1.189693375636125e-05
1569,False,14,guitar,14,guitar,True,0.9970667958259583,0.02472567744553089,0.022626949474215508,0.002098727971315384,3.22519213113992e-07
1570,False,20,piano,20,piano,True,0.9976003766059875,0.02162306196987629,0.019510624930262566,0.0021124370396137238,3.42560952049098e-07
1571,False,6,chair,6,chair,True,0.9990337491035461,0.00917932577431202,0.008557941764593124,0.000621384009718895,4.256607510910726e-08
1572,False,31,tv_stand,31,tv_stand,True,0.7586261630058289,0.9903711080551147,0.9424775838851929,0.047893524169921875,0.0003270118322689086
1573,False,16,mantel,16,mantel,True,0.9390840530395508,0.29000863432884216,0.2776298224925995,0.012378811836242676,4.556822023005225e-05
1574,False,28,table,28,table,True,0.9847357273101807,0.09922764450311661,0.09415501356124878,0.005072630941867828,3.7951162994431797e-06
1575,False,20,piano,20,piano,True,0.716954231262207,1.2502586841583252,1.1722173690795898,0.07804131507873535,0.0006286923890002072
1576,False,6,chair,6,chair,True,0.9991084337234497,0.00883183628320694,0.008224993012845516,0.0006068432703614235,2.7805617364151658e-08
1577,False,28,table,28,table,True,0.880708634853363,0.43790146708488464,0.41794201731681824,0.019959449768066406,0.00019092916045337915
1578,False,16,mantel,16,mantel,True,0.9670999050140381,0.1820068061351776,0.1744873821735382,0.007519423961639404,1.56786718434887e-05
1579,False,17,monitor,17,monitor,True,0.9974393844604492,0.02172953262925148,0.019155021756887436,0.002574510872364044,9.726745702209882e-07
1580,False,13,glass_box,13,glass_box,True,0.5395933389663696,1.4722940921783447,1.4378143548965454,0.034479737281799316,0.00031783024314790964
1581,False,20,piano,23,range_hood,False,0.8941875100135803,0.5540385842323303,0.5271643400192261,0.026874244213104248,0.00011793045268859714
1582,False,32,vase,32,vase,True,0.7468656301498413,0.6690834164619446,0.6569482684135437,0.012135148048400879,0.0001610189356142655
1583,False,4,bookshelf,31,tv_stand,False,0.5183833837509155,1.5520200729370117,1.4983644485473633,0.05365562438964844,0.0005216335412114859
1584,False,10,door,10,door,True,0.7334619164466858,0.7764472961425781,0.7571311593055725,0.019316136837005615,0.00021307967836037278
1585,False,31,tv_stand,31,tv_stand,True,0.7549757957458496,1.0079751014709473,0.9710801839828491,0.036894917488098145,0.00019924555090256035
1586,False,32,vase,29,tent,False,0.7076334953308105,1.0857605934143066,1.0185964107513428,0.06716418266296387,0.0004704535531345755
1587,False,6,chair,6,chair,True,0.9997806549072266,0.002259991131722927,0.002066458109766245,0.0001935330219566822,5.564288141357565e-09
1588,False,25,sofa,25,sofa,True,0.9951520562171936,0.03913357853889465,0.03621094301342964,0.0029226355254650116,1.2145394521212438e-06
1589,False,22,radio,22,radio,True,0.35402026772499084,1.9784859418869019,1.79552161693573,0.18296432495117188,0.0016768178902566433
1590,False,30,toilet,30,toilet,True,0.9990999102592468,0.008245633915066719,0.007465495262295008,0.0007801386527717113,8.646263438549795e-08
1591,False,26,stairs,27,stool,False,0.4727005958557129,1.4184417724609375,1.3423608541488647,0.07608091831207275,0.0010471611749380827
1592,False,16,mantel,16,mantel,True,0.9939364194869995,0.04580255597829819,0.042794954031705856,0.003007601946592331,1.8496883740226622e-06
1593,False,5,car,5,car,True,0.9437616467475891,0.31589561700820923,0.3037443459033966,0.012151271104812622,2.629535083542578e-05
1594,False,17,monitor,17,monitor,True,0.9960136413574219,0.0321793295443058,0.030345097184181213,0.001834232360124588,4.554193537842366e-07
1595,False,14,guitar,14,guitar,True,0.9959123134613037,0.033759936690330505,0.029492711648344994,0.004267225041985512,1.2749363804687164e-06
1596,False,28,table,9,desk,False,0.6849902272224426,1.0308988094329834,0.9956446886062622,0.03525412082672119,0.00039917693356983364
1597,False,21,plant,32,vase,False,0.44466766715049744,1.4757705926895142,1.4293787479400635,0.046391844749450684,0.0004158368392381817
1598,False,6,chair,6,chair,True,0.9904979467391968,0.0742127001285553,0.06864553689956665,0.0055671632289886475,2.9605766940221656e-06
1599,False,13,glass_box,13,glass_box,True,0.9914048314094543,0.0659659281373024,0.060887403786182404,0.005078524351119995,3.2501179703103844e-06
1600,False,31,tv_stand,31,tv_stand,True,0.8666333556175232,0.48550885915756226,0.4642755091190338,0.021233350038528442,0.00018149183597415686
1601,False,9,desk,9,desk,True,0.9716496467590332,0.17876699566841125,0.16300413012504578,0.01576286554336548,2.2178111976245418e-05
1602,False,30,toilet,30,toilet,True,0.9999195337295532,0.001001356402412057,0.0009294935152865946,7.18628871254623e-05,2.901657247811329e-10
1603,False,1,bathtub,1,bathtub,True,0.88020920753479,0.4400237500667572,0.4101686477661133,0.02985510230064392,0.0003282746474724263
1604,False,30,toilet,30,toilet,True,0.9998178482055664,0.0021074400283396244,0.0019093095324933529,0.00019813049584627151,3.6114775614493055e-09
1605,False,0,airplane,0,airplane,True,0.9998830556869507,0.0013507254188880324,0.0012804650468751788,7.026037201285362e-05,6.300696075989265e-10
1606,False,8,curtain,8,curtain,True,0.6872656941413879,0.9460939168930054,0.8965879082679749,0.04950600862503052,0.0004924502572976053
1607,False,27,stool,26,stairs,False,0.35722529888153076,1.7506827116012573,1.677261471748352,0.07342123985290527,0.000670268724206835
1608,False,28,table,28,table,True,0.9935991168022156,0.04560054838657379,0.04322059452533722,0.0023799538612365723,1.0528741540838382e-06
1609,False,13,glass_box,18,night_stand,False,0.4602152109146118,1.2570478916168213,1.2366024255752563,0.02044546604156494,0.00022131470905151218
1610,False,9,desk,20,piano,False,0.21410295367240906,2.331160068511963,2.270444393157959,0.060715675354003906,0.00034687365405261517
1611,False,12,flower_pot,21,plant,False,0.4996682405471802,1.1600289344787598,1.1367470026016235,0.02328193187713623,0.00020762582425959408
1612,False,11,dresser,11,dresser,True,0.7779706716537476,0.8129401206970215,0.7903019189834595,0.02263820171356201,0.00020231948292348534
1613,False,30,toilet,30,toilet,True,0.9998746514320374,0.0014494952047243714,0.0013384141493588686,0.00011108105536550283,1.2582529462790149e-09
1614,False,21,plant,21,plant,True,0.7104664444923401,1.1424015760421753,1.0960749387741089,0.046326637268066406,0.00019788602367043495
1615,False,28,table,28,table,True,0.9794474244117737,0.14166194200515747,0.13439816236495972,0.007263779640197754,5.244929980108282e-06
1616,False,30,toilet,30,toilet,True,0.9993600249290466,0.006559515371918678,0.005963370203971863,0.0005961451679468155,3.9095887416351616e-08
1617,False,6,chair,6,chair,True,0.8429280519485474,0.465971440076828,0.39961639046669006,0.06635504961013794,0.0010366418864578009
1618,False,21,plant,21,plant,True,0.6905083656311035,0.683727502822876,0.6683217883110046,0.015405714511871338,0.00021476109395734966
1619,False,14,guitar,14,guitar,True,0.9973450899124146,0.02301235869526863,0.020817182958126068,0.002195175737142563,3.872187619435863e-07
1620,False,16,mantel,16,mantel,True,0.978940486907959,0.1309594213962555,0.11921524256467819,0.011744178831577301,1.8524055121815763e-05
1621,False,11,dresser,11,dresser,True,0.8105453848838806,0.8139708042144775,0.788953959941864,0.025016844272613525,0.00015199652989394963
1622,False,25,sofa,25,sofa,True,0.9931755065917969,0.051277294754981995,0.04943380132317543,0.0018434934318065643,6.185092047417129e-07
1623,False,18,night_stand,18,night_stand,True,0.7348886132240295,0.9152975678443909,0.8604253530502319,0.054872214794158936,0.000461240008007735
1624,False,11,dresser,11,dresser,True,0.6600934267044067,1.199739933013916,1.1549113988876343,0.04482853412628174,0.00047894552699290216
1625,False,22,radio,11,dresser,False,0.35060253739356995,1.9891372919082642,1.9314428567886353,0.057694435119628906,0.0003367923782207072
1626,False,9,desk,25,sofa,False,0.9582824110984802,0.21497739851474762,0.19326700270175934,0.02171039581298828,0.00010026456584455445
1627,False,14,guitar,14,guitar,True,0.9973936080932617,0.022139722481369972,0.020850900560617447,0.0012888219207525253,2.015162721136221e-07
1628,False,11,dresser,11,dresser,True,0.8295527100563049,0.6220831871032715,0.6051656007766724,0.01691758632659912,0.00014008280413690954
1629,False,1,bathtub,1,bathtub,True,0.9327231645584106,0.32316854596138,0.30868878960609436,0.014479756355285645,6.063000546419062e-05
1630,False,30,toilet,30,toilet,True,0.9998505115509033,0.0017013039905577898,0.0014267850201576948,0.000274518970400095,9.195663785988017e-09
1631,False,6,chair,6,chair,True,0.9611326456069946,0.2477034628391266,0.22099626064300537,0.026707202196121216,7.507010013796389e-05
1632,False,21,plant,19,person,False,0.7691166400909424,0.8210931420326233,0.7712593078613281,0.049833834171295166,0.00045303648221306503
1633,False,14,guitar,14,guitar,True,0.9934881329536438,0.05378158763051033,0.05054767429828644,0.003233913332223892,1.121496211453632e-06
1634,False,9,desk,9,desk,True,0.522026777267456,1.393381118774414,1.334315538406372,0.05906558036804199,0.0007602307014167309
1635,False,1,bathtub,1,bathtub,True,0.9521707892417908,0.21975158154964447,0.20378409326076508,0.015967488288879395,6.848969496786594e-05
1636,False,27,stool,27,stool,True,0.9082725644111633,0.4211239814758301,0.40252405405044556,0.01859992742538452,4.574488048092462e-05
1637,False,25,sofa,25,sofa,True,0.9974998235702515,0.021828878670930862,0.021121690049767494,0.0007071886211633682,7.078280361838551e-08
1638,False,25,sofa,11,dresser,False,0.23609954118728638,2.370918035507202,2.3143255710601807,0.056592464447021484,0.00032929074950516224
1639,False,9,desk,9,desk,True,0.6579234004020691,0.9469164609909058,0.9232292771339417,0.02368718385696411,0.00032558137900196016
1640,False,30,toilet,30,toilet,True,0.9998692870140076,0.0014730095863342285,0.0013543249806389213,0.00011868460569530725,1.2532530568876155e-09
1641,False,0,airplane,0,airplane,True,0.9996744394302368,0.0034851478412747383,0.002782511292025447,0.0007026365492492914,4.924844176912302e-08
1642,False,11,dresser,18,night_stand,False,0.4878343939781189,0.9494202136993408,0.9212335348129272,0.028186678886413574,0.0005224905908107758
1643,False,25,sofa,25,sofa,True,0.9885326623916626,0.07729068398475647,0.07307706028223038,0.0042136237025260925,3.1824422421777854e-06
1644,False,31,tv_stand,31,tv_stand,True,0.878480076789856,0.6690681576728821,0.6380483508110046,0.03101980686187744,8.983310544863343e-05
1645,False,0,airplane,0,airplane,True,0.9999939203262329,8.909657481126487e-05,8.213222463382408e-05,6.964350177440792e-06,3.925132354559713e-12
1646,False,23,range_hood,23,range_hood,True,0.891148567199707,0.41334593296051025,0.3990243673324585,0.014321565628051758,9.85730075626634e-05
1647,False,0,airplane,0,airplane,True,0.999991774559021,0.00011945122969336808,0.00011137199180666357,8.079237886704504e-06,5.1458177996455134e-12
1648,False,28,table,9,desk,False,0.4722445011138916,1.074733018875122,1.038462519645691,0.03627049922943115,0.0005870957393199205
1649,False,5,car,5,car,True,0.9941597580909729,0.04301634430885315,0.038995105773210526,0.004021238535642624,2.712417881411966e-06
1650,False,16,mantel,16,mantel,True,0.985360860824585,0.0979347825050354,0.09243199229240417,0.005502790212631226,4.182569682598114e-06
1651,False,32,vase,32,vase,True,0.5692394971847534,1.2031846046447754,1.128309965133667,0.0748746395111084,0.0009064810583367944
1652,False,16,mantel,16,mantel,True,0.9386341571807861,0.35308653116226196,0.3362397253513336,0.016846805810928345,3.8864222005940974e-05
1653,False,16,mantel,16,mantel,True,0.9844424724578857,0.10832400619983673,0.10197902470827103,0.006344981491565704,5.3412745728564914e-06
1654,False,0,airplane,0,airplane,True,0.9999808073043823,0.0002640815800987184,0.00022919430921319872,3.488727088551968e-05,7.6839264118167e-11
1655,False,1,bathtub,1,bathtub,True,0.9929409623146057,0.04842713102698326,0.04181131720542908,0.006615813821554184,4.407477263157489e-06
1656,False,13,glass_box,13,glass_box,True,0.9958480000495911,0.0348912738263607,0.031348202377557755,0.003543071448802948,1.0160468946196488e-06
1657,False,5,car,5,car,True,0.9827138781547546,0.11286484450101852,0.10600438714027405,0.006860457360744476,7.528511559939943e-06
1658,False,22,radio,22,radio,True,0.8426634073257446,0.7021223306655884,0.6448264122009277,0.057295918464660645,0.0003860781143885106
1659,False,21,plant,30,toilet,False,0.35963618755340576,1.902486801147461,1.781104326248169,0.12138247489929199,0.0012120561441406608
1660,False,6,chair,6,chair,True,0.9994233846664429,0.0057779341004788876,0.005463530775159597,0.00031440332531929016,1.345770073157837e-08
1661,False,4,bookshelf,4,bookshelf,True,0.9550008773803711,0.25306448340415955,0.24131184816360474,0.01175263524055481,3.212294541299343e-05
1662,False,11,dresser,11,dresser,True,0.8872990608215332,0.5307886600494385,0.5148295164108276,0.01595914363861084,8.173460082616657e-05
1663,False,1,bathtub,20,piano,False,0.2168671041727066,2.535111665725708,2.485024929046631,0.05008673667907715,0.00019837870786432177
1664,False,3,bench,9,desk,False,0.4530126750469208,1.837033748626709,1.7896796464920044,0.04735410213470459,0.00029974096105434
1665,False,9,desk,9,desk,True,0.9458791017532349,0.28236401081085205,0.2494482845067978,0.03291572630405426,9.35402131290175e-05
1666,False,6,chair,6,chair,True,0.9805635809898376,0.10626688599586487,0.09720113128423691,0.00906575471162796,2.2138881831779145e-05
1667,False,21,plant,21,plant,True,0.8757953643798828,0.39497244358062744,0.3858611285686493,0.00911131501197815,8.1625759776216e-05
1668,False,32,vase,32,vase,True,0.6390560269355774,0.7697263956069946,0.7436472773551941,0.026079118251800537,0.0004198673996143043
1669,False,2,bed,2,bed,True,0.6935315132141113,0.8165415525436401,0.7284335494041443,0.08810800313949585,0.0016888328827917576
1670,False,5,car,5,car,True,0.9387562274932861,0.3317373991012573,0.32141658663749695,0.010320812463760376,2.68927378783701e-05
1671,False,31,tv_stand,31,tv_stand,True,0.4807707965373993,1.667667031288147,1.5839812755584717,0.08368575572967529,0.0007935672183521092
1672,False,8,curtain,8,curtain,True,0.6499789357185364,1.0957646369934082,1.0523847341537476,0.043379902839660645,0.00041238003177568316
1673,False,13,glass_box,13,glass_box,True,0.9711872339248657,0.1793535053730011,0.1686198115348816,0.010733693838119507,1.4875433407723904e-05
1674,False,21,plant,21,plant,True,0.4074770212173462,1.2884985208511353,1.2213771343231201,0.06712138652801514,0.0009747596923261881
1675,False,25,sofa,25,sofa,True,0.9975036978721619,0.021391432732343674,0.02031860686838627,0.001072825863957405,2.2242404895678192e-07
1676,False,4,bookshelf,4,bookshelf,True,0.9239065051078796,0.3581496477127075,0.33817392587661743,0.019975721836090088,7.95235755504109e-05
1677,False,11,dresser,11,dresser,True,0.6749804019927979,0.9152434468269348,0.8936185240745544,0.02162492275238037,0.0002462499833200127
1678,False,34,xbox,10,door,False,0.24685652554035187,1.9433602094650269,1.8848305940628052,0.05852961540222168,0.0004537641361821443
1679,False,6,chair,6,chair,True,0.9982380270957947,0.016197655349969864,0.015149351209402084,0.0010483041405677795,1.3698013390239794e-07
1680,False,13,glass_box,13,glass_box,True,0.9921137094497681,0.06257157027721405,0.055126722902059555,0.007444847375154495,4.992744834453333e-06
1681,False,11,dresser,11,dresser,True,0.8328344225883484,0.7456098198890686,0.7247779369354248,0.0208318829536438,8.882375550456345e-05
1682,False,31,tv_stand,25,sofa,False,0.2676694691181183,2.1487603187561035,2.0953729152679443,0.05338740348815918,0.00035790837137028575
1683,False,28,table,28,table,True,0.5026048421859741,1.329590082168579,1.2757257223129272,0.053864359855651855,0.000547685194760561
1684,False,16,mantel,16,mantel,True,0.9610868096351624,0.23054295778274536,0.22156983613967896,0.008973121643066406,1.2613977560249623e-05
1685,False,28,table,28,table,True,0.8600666522979736,0.5279331207275391,0.5015336275100708,0.02639949321746826,0.00022987782722339034
1686,False,13,glass_box,13,glass_box,True,0.39022454619407654,1.7311919927597046,1.6824616193771362,0.04873037338256836,0.00042124680476263165
1687,False,24,sink,24,sink,True,0.5125551819801331,1.848183512687683,1.7723872661590576,0.07579624652862549,0.0005678583402186632
1688,False,14,guitar,14,guitar,True,0.9475378394126892,0.27238088846206665,0.25417008996009827,0.018210798501968384,5.975265958113596e-05
1689,False,5,car,5,car,True,0.9574472904205322,0.2393249273300171,0.230020672082901,0.009304255247116089,2.2277188691077754e-05
1690,False,9,desk,9,desk,True,0.9839082360267639,0.11232365667819977,0.09893789887428284,0.013385757803916931,2.3410773792420514e-05
1691,False,14,guitar,14,guitar,True,0.9921746253967285,0.0565108060836792,0.05115564167499542,0.005355164408683777,3.5774853586190147e-06
1692,False,31,tv_stand,4,bookshelf,False,0.5014558434486389,0.7972660064697266,0.7696990966796875,0.027566909790039062,0.0006318181403912604
1693,False,32,vase,12,flower_pot,False,0.2981790006160736,1.9544700384140015,1.8707726001739502,0.08369743824005127,0.0005173271056264639
1694,False,5,car,5,car,True,0.9892683625221252,0.07648361474275589,0.0730774775147438,0.003406137228012085,1.7216086689586518e-06
1695,False,28,table,28,table,True,0.7675738334655762,0.7409529089927673,0.7040947079658508,0.036858201026916504,0.00044884427916258574
1696,False,23,range_hood,23,range_hood,True,0.5061707496643066,1.7726808786392212,1.6779385805130005,0.0947422981262207,0.0008858525543473661
1697,False,2,bed,2,bed,True,0.6127625703811646,0.9282822608947754,0.8331993818283081,0.09508287906646729,0.0015198790933936834
1698,False,31,tv_stand,31,tv_stand,True,0.6373441815376282,1.4172476530075073,1.3628274202346802,0.05442023277282715,0.00042499435949139297
1699,False,18,night_stand,31,tv_stand,False,0.6938478350639343,1.0760235786437988,1.0150866508483887,0.060936927795410156,0.0005241768667474389
1700,False,23,range_hood,23,range_hood,True,0.9011687636375427,0.5209672451019287,0.488347589969635,0.0326196551322937,9.79704491328448e-05
1701,False,20,piano,20,piano,True,0.9977817535400391,0.0205092690885067,0.018947092816233635,0.0015621762722730637,2.3263666548700712e-07
1702,False,0,airplane,0,airplane,True,0.9996213912963867,0.0038723303005099297,0.0035609123297035694,0.00031141797080636024,1.2067612686905704e-08
1703,False,32,vase,32,vase,True,0.7389637231826782,0.7945462465286255,0.7691981792449951,0.02534806728363037,0.00014203571481630206
1704,False,30,toilet,30,toilet,True,0.9999412298202515,0.0007371050887741148,0.0006848123157396913,5.229277303442359e-05,2.1743321032552387e-10
1705,False,22,radio,11,dresser,False,0.45583784580230713,1.5055698156356812,1.4695476293563843,0.036022186279296875,0.00034836705890484154
1706,False,6,chair,6,chair,True,0.9928222298622131,0.05516611039638519,0.05012691766023636,0.005039192736148834,2.9217551400506636e-06
1707,False,14,guitar,14,guitar,True,0.9900097250938416,0.0751705914735794,0.0710446685552597,0.004125922918319702,1.9832812085951446e-06
1708,False,28,table,28,table,True,0.8613677620887756,0.4772934317588806,0.45744916796684265,0.019844263792037964,0.0002054943033726886
1709,False,27,stool,21,plant,False,0.39695340394973755,1.4798109531402588,1.3578845262527466,0.12192642688751221,0.0015318442601710558
1710,False,6,chair,27,stool,False,0.6574189066886902,0.9094198346138,0.8376064896583557,0.07181334495544434,0.001086473697796464
1711,False,29,tent,18,night_stand,False,0.46380287408828735,1.2413320541381836,1.206039547920227,0.03529250621795654,0.00028377544367685914
1712,False,20,piano,20,piano,True,0.9617587327957153,0.248094379901886,0.23647728562355042,0.011617094278335571,1.7360958736389875e-05
1713,False,17,monitor,17,monitor,True,0.44278794527053833,2.0626912117004395,1.9908198118209839,0.07187139987945557,0.0004654925432987511
1714,False,3,bench,3,bench,True,0.9396377801895142,0.3329116106033325,0.3066076636314392,0.02630394697189331,6.653006130363792e-05
1715,False,4,bookshelf,4,bookshelf,True,0.8794607520103455,0.5032714009284973,0.4913669228553772,0.011904478073120117,6.20139908278361e-05
1716,False,9,desk,9,desk,True,0.9244356751441956,0.4341978430747986,0.41898423433303833,0.015213608741760254,3.666538395918906e-05
1717,False,25,sofa,25,sofa,True,0.9966968894004822,0.027302563190460205,0.026131080463528633,0.001171482726931572,2.3518522596077673e-07
1718,False,32,vase,32,vase,True,0.8990148901939392,0.4266635477542877,0.4174135625362396,0.009249985218048096,3.3417010854464024e-05
1719,False,3,bench,3,bench,True,0.5240713357925415,1.4086387157440186,1.3571512699127197,0.05148744583129883,0.0005600033327937126
1720,False,32,vase,32,vase,True,0.7889079451560974,0.5977136492729187,0.5884222984313965,0.009291350841522217,8.082920248853043e-05
1721,False,31,tv_stand,20,piano,False,0.43540069460868835,1.6162538528442383,1.4890995025634766,0.12715435028076172,0.0015111666871234775
1722,False,30,toilet,30,toilet,True,0.9998747110366821,0.0014780218480154872,0.001349741593003273,0.00012828025501221418,1.203279698103188e-09
1723,False,31,tv_stand,31,tv_stand,True,0.5742936134338379,1.6207255125045776,1.5225290060043335,0.09819650650024414,0.0007033332367427647
1724,False,0,airplane,0,airplane,True,0.9594946503639221,0.25549980998039246,0.2406919300556183,0.01480787992477417,3.2912070309976116e-05
1725,False,22,radio,34,xbox,False,0.6079208254814148,1.502895474433899,1.4489718675613403,0.053923606872558594,0.0003601780626922846
1726,False,2,bed,2,bed,True,0.6220305562019348,1.07521653175354,1.0306445360183716,0.04457199573516846,0.000608061149250716
1727,False,24,sink,29,tent,False,0.43690505623817444,1.3597074747085571,1.3005781173706055,0.05912935733795166,0.000887544360011816
1728,False,17,monitor,17,monitor,True,0.9978890419006348,0.018305201083421707,0.017103910446166992,0.001201290637254715,1.538082159413534e-07
1729,False,16,mantel,16,mantel,True,0.9916760921478271,0.0569494292140007,0.05422266945242882,0.002726759761571884,1.4881588867865503e-06
1730,False,30,toilet,30,toilet,True,0.999885082244873,0.0013533096062019467,0.0012369027826935053,0.00011640682350844145,8.219142588750117e-10
1731,False,34,xbox,34,xbox,True,0.509168267250061,1.0006288290023804,0.9735490679740906,0.027079761028289795,0.000428754894528538
1732,False,16,mantel,16,mantel,True,0.9476792216300964,0.2642594575881958,0.25580447912216187,0.008454978466033936,2.8066380764357746e-05
1733,False,16,mantel,16,mantel,True,0.9933797121047974,0.04999760538339615,0.04754453897476196,0.002453066408634186,8.577202379456139e-07
1734,False,18,night_stand,18,night_stand,True,0.44002610445022583,1.774476170539856,1.7324026823043823,0.04207348823547363,0.000293064396828413
1735,False,6,chair,6,chair,True,0.9993436932563782,0.006554063875228167,0.006066718138754368,0.00048734573647379875,2.8196785351042308e-08
1736,False,21,plant,21,plant,True,0.623163104057312,1.1568005084991455,1.1138298511505127,0.04297065734863281,0.0003543961211107671
1737,False,14,guitar,14,guitar,True,0.9964889883995056,0.026903852820396423,0.022622328251600266,0.004281524568796158,2.2255335352383554e-06
1738,False,6,chair,6,chair,True,0.999742329120636,0.0027918191626667976,0.0025830913800746202,0.0002087277825921774,4.41849001830974e-09
1739,False,21,plant,21,plant,True,0.7749816179275513,0.7375472784042358,0.7177406549453735,0.019806623458862305,0.00010665164154488593
1740,False,2,bed,2,bed,True,0.9976640343666077,0.02241412363946438,0.020854100584983826,0.0015600230544805527,1.8933641854346206e-07
1741,False,34,xbox,22,radio,False,0.25671520829200745,1.9676377773284912,1.8308656215667725,0.13677215576171875,0.0011543561704456806
1742,False,25,sofa,25,sofa,True,0.7260048389434814,0.7663359642028809,0.7308520674705505,0.03548389673233032,0.0005700755282305181
1743,False,8,curtain,8,curtain,True,0.6847208738327026,0.9552040696144104,0.9085458517074585,0.046658217906951904,0.00046215500333346426
1744,False,16,mantel,16,mantel,True,0.9946646690368652,0.042783260345458984,0.04047714173793793,0.002306118607521057,6.766062483620772e-07
1745,False,33,wardrobe,33,wardrobe,True,0.5124028921127319,1.4397177696228027,1.3932965993881226,0.046421170234680176,0.0003304805723018944
1746,False,6,chair,6,chair,True,0.8849210739135742,0.4313633143901825,0.38724473118782043,0.04411858320236206,0.0005277940654195845
1747,False,18,night_stand,11,dresser,False,0.47674137353897095,1.6247624158859253,1.5922573804855347,0.032505035400390625,0.00021248644043225795
1748,False,14,guitar,14,guitar,True,0.9930421710014343,0.051328275352716446,0.04627019912004471,0.005058076232671738,2.6471539058547933e-06
1749,False,21,plant,0,airplane,False,0.971262514591217,0.16672733426094055,0.14914239943027496,0.01758493483066559,5.551590948016383e-05
1750,False,21,plant,21,plant,True,0.7860221266746521,0.5624590516090393,0.5535033345222473,0.008955717086791992,9.377754759043455e-05
1751,False,17,monitor,17,monitor,True,0.9969251155853271,0.026088982820510864,0.024538574740290642,0.0015504080802202225,3.0787407467869343e-07
1752,False,20,piano,20,piano,True,0.9977959394454956,0.02076035737991333,0.018788108602166176,0.0019722487777471542,3.8521235978805635e-07
1753,False,9,desk,28,table,False,0.7280541062355042,0.8438655734062195,0.813745379447937,0.03012019395828247,0.0003746194997802377
1754,False,16,mantel,16,mantel,True,0.8972731232643127,0.5471636056900024,0.5156905055046082,0.03147310018539429,0.00012726294517051429
1755,False,11,dresser,11,dresser,True,0.9079059958457947,0.41676196455955505,0.3920591473579407,0.02470281720161438,0.00013835448771715164
1756,False,4,bookshelf,4,bookshelf,True,0.9768174290657043,0.13482074439525604,0.12900607287883759,0.005814671516418457,9.101483556150924e-06
1757,False,31,tv_stand,31,tv_stand,True,0.7458375692367554,1.0688307285308838,1.0192315578460693,0.04959917068481445,0.00032563682179898024
1758,False,18,night_stand,18,night_stand,True,0.8168193697929382,0.5317797064781189,0.5076978802680969,0.024081826210021973,0.000351358758052811
1759,False,14,guitar,14,guitar,True,0.6504069566726685,1.4207346439361572,1.3014888763427734,0.11924576759338379,0.0011038494994863868
1760,False,11,dresser,11,dresser,True,0.8724201917648315,0.6007040739059448,0.5808721780776978,0.01983189582824707,9.925732592819259e-05
1761,False,17,monitor,17,monitor,True,0.6144219040870667,1.5176752805709839,1.4616292715072632,0.0560460090637207,0.0004045917885378003
1762,False,9,desk,9,desk,True,0.9134628176689148,0.4811612367630005,0.4602210819721222,0.020940154790878296,6.187517283251509e-05
1763,False,18,night_stand,11,dresser,False,0.49993517994880676,1.1430389881134033,1.1211953163146973,0.021843671798706055,0.0002513674844522029
1764,False,15,lamp,21,plant,False,0.551774799823761,1.2082335948944092,1.1823537349700928,0.025879859924316406,0.0001561751851113513
1765,False,27,stool,26,stairs,False,0.5335624814033508,1.1835378408432007,1.1373893022537231,0.04614853858947754,0.0005466447328217328
1766,False,34,xbox,34,xbox,True,0.7321859002113342,0.9039591550827026,0.8784053921699524,0.025553762912750244,0.00021235937310848385
1767,False,28,table,28,table,True,0.9092686772346497,0.4218443036079407,0.40829646587371826,0.013547837734222412,6.913628021720797e-05
1768,False,20,piano,21,plant,False,0.26473310589790344,2.1246116161346436,2.0446712970733643,0.0799403190612793,0.000664775725454092
1769,False,0,airplane,0,airplane,True,0.9999786615371704,0.00028493290301412344,0.0002671870752237737,1.7745827790349722e-05,3.446029919751403e-11
1770,False,3,bench,3,bench,True,0.9866423606872559,0.09257152676582336,0.0868547260761261,0.005716800689697266,3.335828751005465e-06
1771,False,5,car,5,car,True,0.715147078037262,0.9081347584724426,0.827753484249115,0.08038127422332764,0.0010396516881883144
1772,False,28,table,9,desk,False,0.6285271048545837,1.242133378982544,1.1943520307540894,0.04778134822845459,0.00042693113209679723
1773,False,32,vase,32,vase,True,0.9177051782608032,0.31301406025886536,0.30495715141296387,0.00805690884590149,5.217337456997484e-05
1774,False,24,sink,24,sink,True,0.3496713936328888,1.914351463317871,1.8531575202941895,0.06119394302368164,0.0005005676066502929
1775,False,31,tv_stand,31,tv_stand,True,0.7750909924507141,0.9311251044273376,0.8484547138214111,0.08267039060592651,0.0005758954212069511
1776,False,5,car,5,car,True,0.9883765578269958,0.08097003400325775,0.07525290548801422,0.00571712851524353,5.20484945809585e-06
1777,False,5,car,5,car,True,0.8891989588737488,0.5283600091934204,0.5013769865036011,0.026983022689819336,0.00013716763351112604
1778,False,29,tent,29,tent,True,0.6089727878570557,1.4890861511230469,1.4321683645248413,0.056917786598205566,0.0004222863935865462
1779,False,28,table,28,table,True,0.9313808679580688,0.3717458248138428,0.35145673155784607,0.020289093255996704,6.438572017941624e-05
1780,False,10,door,10,door,True,0.8551174402236938,0.5275156497955322,0.5130873918533325,0.014428257942199707,7.612304034410045e-05
1781,False,5,car,5,car,True,0.9827180504798889,0.11863870173692703,0.11085350066423416,0.007785201072692871,6.456241408159258e-06
1782,False,17,monitor,17,monitor,True,0.9982510209083557,0.015530252829194069,0.014439874328672886,0.001090378500521183,1.5959815868882288e-07
1783,False,14,guitar,14,guitar,True,0.9954291582107544,0.03728863224387169,0.035073235630989075,0.002215396612882614,5.46052490335569e-07
1784,False,14,guitar,14,guitar,True,0.7554290890693665,0.8153873682022095,0.7662107348442078,0.04917663335800171,0.0006192792789079249
1785,False,30,toilet,30,toilet,True,0.9998985528945923,0.0012420618440955877,0.0011183491442352533,0.0001237126998603344,9.966429903585095e-10
1786,False,20,piano,20,piano,True,0.4500732123851776,2.0574707984924316,2.0163142681121826,0.04115653038024902,0.000275944679742679
1787,False,28,table,28,table,True,0.826748251914978,0.6280490159988403,0.6055940985679626,0.022454917430877686,0.00018793324124999344
1788,False,10,door,10,door,True,0.7217211723327637,0.6817134022712708,0.6686428785324097,0.013070523738861084,0.0001227164757438004
1789,False,10,door,10,door,True,0.8276275992393494,0.5707435011863708,0.5562394857406616,0.014504015445709229,0.00012988368689548224
1790,False,31,tv_stand,31,tv_stand,True,0.6166538596153259,0.9973956942558289,0.9565537571907043,0.04084193706512451,0.0004471219435799867
1791,False,4,bookshelf,10,door,False,0.6171305775642395,0.950905978679657,0.9170207381248474,0.03388524055480957,0.0004035728343296796
1792,False,9,desk,9,desk,True,0.9605355858802795,0.1989137977361679,0.18805599212646484,0.010857805609703064,2.738301918725483e-05
1793,False,23,range_hood,20,piano,False,0.3583911955356598,1.8052384853363037,1.7277592420578003,0.07747924327850342,0.0008073316421359777
1794,False,26,stairs,26,stairs,True,0.8373556137084961,0.7543358206748962,0.7189379334449768,0.035397887229919434,0.00017761366325430572
1795,False,31,tv_stand,31,tv_stand,True,0.8180037140846252,0.6245924234390259,0.6074661612510681,0.017126262187957764,0.00015951937530189753
1796,False,31,tv_stand,31,tv_stand,True,0.7527313828468323,0.9152933359146118,0.8803911209106445,0.034902215003967285,0.00022464543872047216
1797,False,2,bed,2,bed,True,0.999565601348877,0.004773090593516827,0.004397778306156397,0.00037531228736042976,8.704864384867506e-09
1798,False,5,car,5,car,True,0.9939103722572327,0.047906722873449326,0.04533684253692627,0.002569880336523056,9.543725809635362e-07
1799,False,9,desk,2,bed,False,0.3768945038318634,1.5480248928070068,1.4791793823242188,0.06884551048278809,0.0009307516738772392
1800,False,5,car,5,car,True,0.9809350371360779,0.1372949182987213,0.12787765264511108,0.00941726565361023,8.7810576587799e-06
1801,False,16,mantel,16,mantel,True,0.9803929924964905,0.12414027005434036,0.11747251451015472,0.006667755544185638,7.363469649135368e-06
1802,False,21,plant,21,plant,True,0.6812841892242432,0.7259454727172852,0.7138498425483704,0.012095630168914795,8.223083568736911e-05
1803,False,28,table,9,desk,False,0.8068914413452148,0.8689224720001221,0.8091685771942139,0.0597538948059082,0.00033593011903576553
1804,False,23,range_hood,23,range_hood,True,0.9372992515563965,0.3467758893966675,0.3240872025489807,0.022688686847686768,5.513256837730296e-05
1805,False,19,person,8,curtain,False,0.43038803339004517,1.3714557886123657,1.3211156129837036,0.05034017562866211,0.000525822164490819
1806,False,25,sofa,25,sofa,True,0.6170159578323364,1.2501616477966309,1.2108122110366821,0.03934943675994873,0.0004022618231829256
1807,False,16,mantel,16,mantel,True,0.9821895956993103,0.11382269114255905,0.10717477649450302,0.00664791464805603,7.325780188693898e-06
1808,False,31,tv_stand,25,sofa,False,0.6997987627983093,1.0802394151687622,1.0501642227172852,0.03007519245147705,0.00027210748521611094
1809,False,28,table,9,desk,False,0.6712374687194824,1.0899343490600586,1.0423321723937988,0.047602176666259766,0.0005646294448524714
1810,False,4,bookshelf,16,mantel,False,0.3758021891117096,1.839380145072937,1.7616562843322754,0.07772386074066162,0.0008552508661523461
1811,False,23,range_hood,16,mantel,False,0.7472496628761292,1.013582706451416,0.9695366621017456,0.04404604434967041,0.00032511999597772956
1812,False,5,car,5,car,True,0.9886059165000916,0.07527542114257812,0.06946520507335663,0.005810216069221497,6.6579946178535465e-06
1813,False,16,mantel,16,mantel,True,0.9763215780258179,0.13766057789325714,0.13171903789043427,0.005941540002822876,9.378120921610389e-06
1814,False,14,guitar,14,guitar,True,0.9429634809494019,0.31569230556488037,0.29158815741539,0.024104148149490356,7.045199163258076e-05
1815,False,17,monitor,17,monitor,True,0.9906946420669556,0.06340279430150986,0.060272008180618286,0.003130786120891571,1.7131100094047724e-06
1816,False,17,monitor,17,monitor,True,0.7713304162025452,1.0798605680465698,1.0218710899353027,0.05798947811126709,0.00037433046963997185
1817,False,28,table,28,table,True,0.9961329102516174,0.031669117510318756,0.02862183190882206,0.0030472856014966965,1.0723027799031115e-06
1818,False,21,plant,21,plant,True,0.9129494428634644,0.34657835960388184,0.33386150002479553,0.012716859579086304,5.937658352195285e-05
1819,False,31,tv_stand,25,sofa,False,0.7070260643959045,0.9919926524162292,0.9301076531410217,0.06188499927520752,0.0006803006981499493
1820,False,2,bed,2,bed,True,0.377055823802948,1.6893945932388306,1.609805941581726,0.07958865165710449,0.0007577214855700731
1821,False,21,plant,30,toilet,False,0.8716306686401367,0.5917481184005737,0.5274099707603455,0.06433814764022827,0.0004957845085300505
1822,False,23,range_hood,23,range_hood,True,0.7867147326469421,0.8902519941329956,0.844181478023529,0.04607051610946655,0.00036768504651263356
1823,False,32,vase,32,vase,True,0.9340881109237671,0.28079062700271606,0.274580180644989,0.006210446357727051,2.5887309675454162e-05
1824,False,7,cone,7,cone,True,0.9885841012001038,0.07685023546218872,0.07270576804876328,0.0041444674134254456,3.0443438845395576e-06
1825,False,25,sofa,25,sofa,True,0.9795289039611816,0.12731467187404633,0.1177058294415474,0.009608842432498932,1.9141989469062537e-05
1826,False,32,vase,32,vase,True,0.9179691672325134,0.3149944543838501,0.3099546730518341,0.005039781332015991,2.4209781258832663e-05
1827,False,0,airplane,0,airplane,True,0.9999176263809204,0.0010002384660765529,0.0008971440838649869,0.00010309438221156597,1.5210820381028611e-09
1828,False,6,chair,6,chair,True,0.9976782202720642,0.019894452765583992,0.019027840346097946,0.0008666124194860458,1.3118072672568815e-07
1829,False,9,desk,9,desk,True,0.9921819567680359,0.06091570854187012,0.0562516413629055,0.004664067178964615,1.514571863481251e-06
1830,False,2,bed,2,bed,True,0.9926235675811768,0.053259193897247314,0.04961085692048073,0.0036483369767665863,2.0598788523784606e-06
1831,False,21,plant,21,plant,True,0.8073203563690186,0.6104776859283447,0.5875512957572937,0.022926390171051025,0.0002216306165792048
1832,False,20,piano,20,piano,True,0.41697168350219727,1.9229540824890137,1.7976652383804321,0.12528884410858154,0.0011519158724695444
1833,False,20,piano,20,piano,True,0.9864735007286072,0.09922921657562256,0.09516721218824387,0.004062004387378693,2.162484861401026e-06
1834,False,32,vase,32,vase,True,0.6017556190490723,1.3231648206710815,1.2868212461471558,0.03634357452392578,0.0002497551613487303
1835,False,17,monitor,17,monitor,True,0.9989181160926819,0.010422403924167156,0.009776207618415356,0.0006461963057518005,3.675908644140691e-08
1836,False,25,sofa,25,sofa,True,0.9866408705711365,0.08420998603105545,0.08119674772024155,0.003013238310813904,2.957983724627411e-06
1837,False,16,mantel,16,mantel,True,0.9861700534820557,0.08958080410957336,0.08477287739515305,0.004807926714420319,5.386532393458765e-06
1838,False,6,chair,6,chair,True,0.9996844530105591,0.0033963127061724663,0.00322210812009871,0.00017420458607375622,3.6282030713152835e-09
1839,False,25,sofa,25,sofa,True,0.9183846712112427,0.35372287034988403,0.34075769782066345,0.012965172529220581,7.713498052908108e-05
1840,False,23,range_hood,23,range_hood,True,0.9236427545547485,0.3483482003211975,0.3292471170425415,0.019101083278656006,9.983920608647168e-05
1841,False,17,monitor,17,monitor,True,0.8627275228500366,0.6985385417938232,0.6606895327568054,0.03784900903701782,0.00018727791029959917
1842,False,13,glass_box,11,dresser,False,0.6089693903923035,1.2230501174926758,1.183306336402893,0.039743781089782715,0.00031820288859307766
1843,False,33,wardrobe,33,wardrobe,True,0.6033638119697571,1.1758952140808105,1.1444019079208374,0.031493306159973145,0.00027567322831600904
1844,False,0,airplane,0,airplane,True,0.9998873472213745,0.0013905762461945415,0.0013134051114320755,7.717113476246595e-05,4.5737219567243415e-10
1845,False,20,piano,30,toilet,False,0.21115577220916748,2.309046745300293,2.2180991172790527,0.09094762802124023,0.0006412699585780501
1846,False,28,table,28,table,True,0.9969053864479065,0.02503754384815693,0.02320978045463562,0.001827763393521309,3.4123499403904134e-07
1847,False,3,bench,28,table,False,0.9270325899124146,0.3807879388332367,0.35682412981987,0.0239638090133667,6.980098987696692e-05
1848,False,13,glass_box,13,glass_box,True,0.4942986071109772,1.5157561302185059,1.4667412042617798,0.049014925956726074,0.00043704381096176803
1849,False,32,vase,32,vase,True,0.8628888130187988,0.45521029829978943,0.4496057331562042,0.005604565143585205,3.775491131818853e-05
1850,False,12,flower_pot,21,plant,False,0.5694244503974915,0.891997754573822,0.8779042959213257,0.014093458652496338,0.00017384740931447595
1851,False,31,tv_stand,31,tv_stand,True,0.7027240991592407,1.1819572448730469,1.1194273233413696,0.06252992153167725,0.000364801031537354
1852,False,22,radio,11,dresser,False,0.3298530578613281,1.8006916046142578,1.761518120765686,0.03917348384857178,0.00030973783577792346
1853,False,26,stairs,26,stairs,True,0.8647490739822388,0.705685019493103,0.6721529960632324,0.033532023429870605,0.00011964209261350334
1854,False,32,vase,32,vase,True,0.7180019021034241,1.0497221946716309,1.0211234092712402,0.028598785400390625,0.00014020490925759077
1855,False,23,range_hood,23,range_hood,True,0.9315169453620911,0.34662097692489624,0.3348361849784851,0.011784791946411133,3.336592999403365e-05
1856,False,12,flower_pot,21,plant,False,0.7276214957237244,0.7820596098899841,0.763740599155426,0.018319010734558105,9.656339534558356e-05
1857,False,11,dresser,11,dresser,True,0.602979302406311,1.096484899520874,1.0714678764343262,0.02501702308654785,0.00027812892221845686
1858,False,23,range_hood,23,range_hood,True,0.28554460406303406,2.3725781440734863,2.292172908782959,0.08040523529052734,0.0005332397995516658
1859,False,15,lamp,15,lamp,True,0.9980465173721313,0.017034804448485374,0.015141768380999565,0.0018930360674858093,5.585394546869793e-07
1860,False,0,airplane,0,airplane,True,0.9996970295906067,0.003294834401458502,0.0029016551561653614,0.0003931792452931404,2.2503423124931032e-08
1861,False,28,table,28,table,True,0.37173396348953247,1.4326753616333008,1.3481042385101318,0.08457112312316895,0.0010583681287243962
1862,False,25,sofa,25,sofa,True,0.9950554966926575,0.03797556832432747,0.036145176738500595,0.0018303915858268738,6.214480094968167e-07
1863,False,32,vase,32,vase,True,0.9116923213005066,0.328826904296875,0.32393333315849304,0.004893571138381958,2.9305219868547283e-05
1864,False,4,bookshelf,4,bookshelf,True,0.9089611768722534,0.3292270302772522,0.31028133630752563,0.018945693969726562,0.00018107959476765245
1865,False,28,table,28,table,True,0.5720687508583069,1.1301687955856323,1.0688879489898682,0.06128084659576416,0.0007828511297702789
1866,False,23,range_hood,23,range_hood,True,0.8585521578788757,0.6635027527809143,0.6164136528968811,0.0470890998840332,0.0002873160410672426
1867,False,17,monitor,17,monitor,True,0.9849324226379395,0.10040071606636047,0.09416394680738449,0.006236769258975983,8.427445209235884e-06
1868,False,28,table,28,table,True,0.9134761691093445,0.36262047290802,0.3412083089351654,0.021412163972854614,0.00014224035840015858
1869,False,17,monitor,17,monitor,True,0.9850524067878723,0.1129956990480423,0.10451705753803253,0.008478641510009766,8.292861821246333e-06
1870,False,14,guitar,14,guitar,True,0.9876682162284851,0.09210699796676636,0.08326153457164764,0.008845463395118713,9.35307707550237e-06
1871,False,21,plant,32,vase,False,0.5432983040809631,1.273740291595459,1.236304759979248,0.03743553161621094,0.00034126819809898734
1872,False,18,night_stand,13,glass_box,False,0.35522544384002686,1.799665927886963,1.7498033046722412,0.04986262321472168,0.00038746450445614755
1873,False,20,piano,15,lamp,False,0.2741340398788452,2.3357913494110107,2.2580888271331787,0.07770252227783203,0.00036762445233762264
1874,False,13,glass_box,13,glass_box,True,0.9995821118354797,0.004368318244814873,0.003886185120791197,0.0004821331240236759,2.7548185954628934e-08
1875,False,20,piano,20,piano,True,0.9988870024681091,0.01155419647693634,0.010652955621480942,0.0009012408554553986,4.606130232787109e-08
1876,False,32,vase,32,vase,True,0.6751545071601868,1.0485308170318604,1.0161921977996826,0.032338619232177734,0.00030760702793486416
1877,False,14,guitar,14,guitar,True,0.9922341108322144,0.06186014041304588,0.05762270465493202,0.004237435758113861,1.8925139784187195e-06
1878,False,17,monitor,24,sink,False,0.4272315800189972,2.1750669479370117,2.107952117919922,0.06711483001708984,0.00037993688602000475
1879,False,13,glass_box,13,glass_box,True,0.9980983138084412,0.017014645040035248,0.014884084463119507,0.002130560576915741,4.33584062875525e-07
1880,False,16,mantel,16,mantel,True,0.9901191592216492,0.07188369333744049,0.06759114563465118,0.004292547702789307,2.119225882779574e-06
1881,False,17,monitor,17,monitor,True,0.9699928760528564,0.18157722055912018,0.1644458919763565,0.017131328582763672,3.755112993530929e-05
1882,False,33,wardrobe,33,wardrobe,True,0.5910142064094543,1.4060604572296143,1.3667093515396118,0.03935110569000244,0.0002691966074053198
1883,False,15,lamp,15,lamp,True,0.9790806174278259,0.14420142769813538,0.1291472464799881,0.015054181218147278,1.858649011410307e-05
1884,False,5,car,5,car,True,0.9884386658668518,0.08052648603916168,0.07374519109725952,0.006781294941902161,8.580189387430437e-06
1885,False,31,tv_stand,33,wardrobe,False,0.2330712080001831,2.1502978801727295,2.0929617881774902,0.05733609199523926,0.0003315673384349793
1886,False,5,car,5,car,True,0.9902718663215637,0.0639590322971344,0.06094840541481972,0.003010626882314682,2.2076442292018328e-06
1887,False,32,vase,32,vase,True,0.5941958427429199,1.1980119943618774,1.1693377494812012,0.02867424488067627,0.0002916521916631609
1888,False,20,piano,20,piano,True,0.9932291507720947,0.056825220584869385,0.05367523431777954,0.0031499862670898438,8.97243751296628e-07
1889,False,4,bookshelf,4,bookshelf,True,0.8032675385475159,0.839697539806366,0.7836165428161621,0.05608099699020386,0.0004042944638058543
1890,False,20,piano,20,piano,True,0.9974073767662048,0.023589536547660828,0.021553324535489082,0.0020362120121717453,3.192870110524382e-07
1891,False,6,chair,26,stairs,False,0.5074133276939392,1.5766308307647705,1.4879921674728394,0.08863866329193115,0.0008611826924607158
1892,False,9,desk,25,sofa,False,0.3497970700263977,1.524907112121582,1.4397979974746704,0.08510911464691162,0.0011017660144716501
1893,False,4,bookshelf,4,bookshelf,True,0.9929254055023193,0.05130664259195328,0.04918407276272774,0.00212256982922554,7.476168661924021e-07
1894,False,16,mantel,34,xbox,False,0.43302980065345764,1.501826524734497,1.4137414693832397,0.08808505535125732,0.0007998214568942785
1895,False,13,glass_box,13,glass_box,True,0.42734599113464355,1.4329288005828857,1.3977195024490356,0.0352092981338501,0.0003603593213483691
1896,False,30,toilet,30,toilet,True,0.9998595714569092,0.0016540908254683018,0.001524221384897828,0.00012986944057047367,9.55330037299973e-10
1897,False,17,monitor,17,monitor,True,0.9390510320663452,0.32397496700286865,0.30375856161117554,0.020216405391693115,6.899642175994813e-05
1898,False,14,guitar,14,guitar,True,0.9916634559631348,0.06655199825763702,0.062270041555166245,0.004281956702470779,1.8392566971670021e-06
1899,False,4,bookshelf,4,bookshelf,True,0.9711319208145142,0.17829084396362305,0.17263159155845642,0.005659252405166626,7.467419891327154e-06
1900,False,16,mantel,16,mantel,True,0.9304186701774597,0.3451952338218689,0.32692503929138184,0.01827019453048706,6.807913450757042e-05
1901,False,21,plant,21,plant,True,0.7809118628501892,0.79619300365448,0.762604296207428,0.033588707447052,0.00025820141308940947
1902,False,19,person,19,person,True,0.5210971832275391,1.3216112852096558,1.2526178359985352,0.0689934492111206,0.0008294100407510996
1903,False,23,range_hood,29,tent,False,0.33401167392730713,2.326179027557373,2.251225471496582,0.07495355606079102,0.00038517286884598434
1904,False,27,stool,27,stool,True,0.563930332660675,1.511478304862976,1.4162307977676392,0.09524750709533691,0.000862827873788774
1905,False,0,airplane,0,airplane,True,0.999232292175293,0.00781603530049324,0.006440997123718262,0.0013750381767749786,2.221258341705834e-07
1906,False,21,plant,8,curtain,False,0.7399684190750122,0.8612542748451233,0.7908515930175781,0.07040268182754517,0.0008396932389587164
1907,False,31,tv_stand,31,tv_stand,True,0.8012850880622864,0.8220713138580322,0.7804308533668518,0.04164046049118042,0.0002575780381448567
1908,False,0,airplane,0,airplane,True,0.9984346032142639,0.01478378102183342,0.01375222485512495,0.0010315561667084694,1.0218771961945095e-07
1909,False,15,lamp,15,lamp,True,0.6795332431793213,1.0769400596618652,1.0022422075271606,0.07469785213470459,0.000854473328217864
1910,False,0,airplane,0,airplane,True,0.9987221956253052,0.012684915214776993,0.01108891237527132,0.0015960028395056725,2.2974560920374643e-07
1911,False,4,bookshelf,4,bookshelf,True,0.7825047373771667,0.6453217267990112,0.6110910177230835,0.034230709075927734,0.0004898471524938941
1912,False,20,piano,20,piano,True,0.5601121187210083,1.524844765663147,1.4301745891571045,0.09467017650604248,0.0010961126536130905
1913,False,19,person,19,person,True,0.6699405312538147,1.2020567655563354,1.1231627464294434,0.07889401912689209,0.0008336897590197623
1914,False,32,vase,32,vase,True,0.8921920657157898,0.38883495330810547,0.3831857740879059,0.005649179220199585,3.090608515776694e-05
1915,False,13,glass_box,13,glass_box,True,0.38405150175094604,1.8497334718704224,1.7930892705917358,0.05664420127868652,0.00038483532262034714
1916,False,32,vase,32,vase,True,0.7910534143447876,0.5800426006317139,0.5609819889068604,0.019060611724853516,0.00023218177375383675
1917,False,4,bookshelf,4,bookshelf,True,0.5210081338882446,1.1456382274627686,1.100203037261963,0.045435190200805664,0.0003661343071144074
1918,False,30,toilet,30,toilet,True,0.9969338178634644,0.024817291647195816,0.022297371178865433,0.0025199204683303833,8.982304962046328e-07
1919,False,31,tv_stand,31,tv_stand,True,0.7306876182556152,0.9447965621948242,0.8978333473205566,0.04696321487426758,0.00040411396184936166
1920,False,28,table,28,table,True,0.9141110777854919,0.41415953636169434,0.3958066403865814,0.018352895975112915,7.328909850912169e-05
1921,False,18,night_stand,18,night_stand,True,0.5839419364929199,1.4551210403442383,1.3640468120574951,0.09107422828674316,0.0008723667706362903
1922,False,0,airplane,0,airplane,True,0.9997939467430115,0.002282646717503667,0.0021239458583295345,0.00015870085917413235,2.580731850443385e-09
1923,False,5,car,5,car,True,0.9915373921394348,0.058870233595371246,0.05572183430194855,0.003148399293422699,1.8407457673674799e-06
1924,False,17,monitor,17,monitor,True,0.99773770570755,0.02062823995947838,0.019067976623773575,0.0015602633357048035,1.9027413600269938e-07
1925,False,32,vase,32,vase,True,0.9160608053207397,0.37564516067504883,0.3648955523967743,0.010749608278274536,2.9361470296862535e-05
1926,False,31,tv_stand,31,tv_stand,True,0.8944079279899597,0.5207899808883667,0.4982539713382721,0.022536009550094604,6.880798900965601e-05
1927,False,0,airplane,0,airplane,True,0.9998188614845276,0.002084259409457445,0.001964947208762169,0.00011931220069527626,1.3738227222503951e-09
1928,False,15,lamp,28,table,False,0.509242057800293,0.9895045757293701,0.9024439454078674,0.08706063032150269,0.0014934494392946362
1929,False,25,sofa,24,sink,False,0.2802203595638275,2.4520344734191895,2.387369155883789,0.06466531753540039,0.0002809012949001044
1930,False,27,stool,6,chair,False,0.5283273458480835,1.84391450881958,1.7411019802093506,0.10281252861022949,0.0007925228564999998
1931,False,3,bench,26,stairs,False,0.701012372970581,1.2588077783584595,1.2012296915054321,0.057578086853027344,0.00043111879494972527
1932,False,18,night_stand,18,night_stand,True,0.49797648191452026,1.534328818321228,1.4897578954696655,0.0445709228515625,0.0003438988933339715
1933,False,20,piano,20,piano,True,0.9952994585037231,0.03913532942533493,0.03538595885038376,0.003749370574951172,1.0506651051400695e-06
1934,False,1,bathtub,1,bathtub,True,0.8745446801185608,0.4732792377471924,0.4521445333957672,0.02113470435142517,0.00016476187738589942
1935,False,8,curtain,17,monitor,False,0.7096211314201355,0.833233654499054,0.7525612711906433,0.08067238330841064,0.0013500830391421914
1936,False,34,xbox,2,bed,False,0.9916898608207703,0.06576856225728989,0.06124833971261978,0.004520222544670105,2.266541741846595e-06
1937,False,17,monitor,17,monitor,True,0.9972488284111023,0.02260652557015419,0.02090565860271454,0.0017008669674396515,3.532319965415809e-07
1938,False,13,glass_box,13,glass_box,True,0.2792556881904602,1.8697867393493652,1.8013237714767456,0.06846296787261963,0.0005410980083979666
1939,False,31,tv_stand,4,bookshelf,False,0.8778745532035828,0.40354815125465393,0.39640867710113525,0.007139474153518677,6.497811409644783e-05
1940,False,9,desk,9,desk,True,0.7768552899360657,0.7061812877655029,0.6583055853843689,0.04787570238113403,0.0006783611024729908
1941,False,14,guitar,14,guitar,True,0.9966427087783813,0.02842998318374157,0.02572033554315567,0.0027096476405858994,8.260592494480079e-07
1942,False,28,table,9,desk,False,0.8113946318626404,0.8875131011009216,0.814420759677887,0.07309234142303467,0.0005065338918939233
1943,False,31,tv_stand,31,tv_stand,True,0.6157060265541077,1.4174211025238037,1.368931770324707,0.04848933219909668,0.0003149762633256614
1944,False,20,piano,20,piano,True,0.9490376114845276,0.3181611895561218,0.30484646558761597,0.01331472396850586,2.3233134925249033e-05
1945,False,25,sofa,25,sofa,True,0.9174213409423828,0.4430924654006958,0.431216835975647,0.011875629425048828,2.961715654237196e-05
1946,False,5,car,5,car,True,0.993829071521759,0.04661397635936737,0.04471288248896599,0.0019010938704013824,6.431572501242044e-07
1947,False,32,vase,32,vase,True,0.8919064402580261,0.4249632954597473,0.41685742139816284,0.008105874061584473,3.0407576559809968e-05
1948,False,17,monitor,17,monitor,True,0.9990566372871399,0.009088154882192612,0.008550098165869713,0.0005380567163228989,3.903168632746201e-08
1949,False,32,vase,32,vase,True,0.8736625909805298,0.4462590515613556,0.437871515750885,0.008387535810470581,6.085257700760849e-05
1950,False,4,bookshelf,4,bookshelf,True,0.8052279949188232,0.5777585506439209,0.561432421207428,0.01632612943649292,0.00015842348511796445
1951,False,3,bench,3,bench,True,0.2997153699398041,2.067434549331665,1.9673203229904175,0.10011422634124756,0.0007926068501546979
1952,False,23,range_hood,6,chair,False,0.2875182628631592,2.22240948677063,2.1281824111938477,0.09422707557678223,0.0007587019936181605
1953,False,16,mantel,16,mantel,True,0.986636221408844,0.09600260853767395,0.08932733535766602,0.006675273180007935,5.428305485111196e-06
1954,False,2,bed,2,bed,True,0.9948973059654236,0.04250633716583252,0.03929392248392105,0.0032124146819114685,1.5408347735501593e-06
1955,False,9,desk,9,desk,True,0.9868553876876831,0.08582350611686707,0.08034752309322357,0.005475983023643494,4.126214662392158e-06
1956,False,10,door,10,door,True,0.860453724861145,0.539347231388092,0.5190280675888062,0.02031916379928589,9.25776912481524e-05
1957,False,23,range_hood,23,range_hood,True,0.3690840005874634,1.7809762954711914,1.6930561065673828,0.0879201889038086,0.0009440116700716317
1958,False,12,flower_pot,12,flower_pot,True,0.49898022413253784,1.3337559700012207,1.263000726699829,0.0707552433013916,0.000525120587553829
1959,False,32,vase,32,vase,True,0.8102391958236694,0.7586690187454224,0.7403233051300049,0.01834571361541748,9.886219049803913e-05
1960,False,9,desk,24,sink,False,0.5021206140518188,1.9771467447280884,1.8868932723999023,0.09025347232818604,0.000678251963108778
1961,False,25,sofa,25,sofa,True,0.8613589406013489,0.5576024651527405,0.539323091506958,0.01827937364578247,0.00016922442591749132
1962,False,13,glass_box,13,glass_box,True,0.37336692214012146,1.9019263982772827,1.8485831022262573,0.05334329605102539,0.0003193216980434954
1963,False,32,vase,32,vase,True,0.9000236392021179,0.3690640330314636,0.36069256067276,0.008371472358703613,4.667800749302842e-05
1964,False,0,airplane,0,airplane,True,0.9997044205665588,0.0031064054928719997,0.002806425327435136,0.0002999801654368639,1.082249934114543e-08
1965,False,12,flower_pot,21,plant,False,0.45810961723327637,1.4309972524642944,1.3806337118148804,0.05036354064941406,0.00044453158625401556
1966,False,0,airplane,0,airplane,True,0.9999505877494812,0.0006355536170303822,0.0005798942875117064,5.5659329518675804e-05,1.8374447796620785e-10
1967,False,14,guitar,14,guitar,True,0.990193247795105,0.07594853639602661,0.07146019488573074,0.004488341510295868,1.925347987707937e-06
1968,False,31,tv_stand,17,monitor,False,0.9265188574790955,0.44145694375038147,0.41131213307380676,0.030144810676574707,9.644710371503606e-05
1969,False,0,airplane,0,airplane,True,0.9999991655349731,1.4203530554368626e-05,1.2764059647452086e-05,1.4394709069165401e-06,1.5017857562995424e-13
1970,False,17,monitor,17,monitor,True,0.9941554665565491,0.04701555147767067,0.04410732910037041,0.0029082223773002625,1.1056442872359185e-06
1971,False,6,chair,6,chair,True,0.9995197653770447,0.004765789490193129,0.00449742516502738,0.0002683643251657486,6.841808009028227e-09
1972,False,11,dresser,11,dresser,True,0.8296622633934021,0.6073480844497681,0.5909707546234131,0.01637732982635498,0.0001378237793687731
1973,False,11,dresser,11,dresser,True,0.5478254556655884,1.1578632593154907,1.1384785175323486,0.01938474178314209,0.00019455683650448918
1974,False,16,mantel,16,mantel,True,0.9253894686698914,0.35796940326690674,0.33596813678741455,0.022001266479492188,0.0001062130177160725
1975,False,19,person,19,person,True,0.3764459192752838,1.9731179475784302,1.8919014930725098,0.08121645450592041,0.0006417375989258289
1976,False,19,person,21,plant,False,0.6088389158248901,0.9215434193611145,0.8538315296173096,0.06771188974380493,0.0011750513222068548
1977,False,32,vase,32,vase,True,0.8332194685935974,0.5454367399215698,0.5343772172927856,0.01105952262878418,8.876230276655406e-05
1978,False,16,mantel,16,mantel,True,0.9883854389190674,0.0859379842877388,0.07847128063440323,0.007466703653335571,5.213146778260125e-06
1979,False,25,sofa,25,sofa,True,0.8601099848747253,0.699834942817688,0.6650439500808716,0.034790992736816406,0.00015474717656616122
1980,False,30,toilet,30,toilet,True,0.9994794726371765,0.005263384431600571,0.004559952300041914,0.0007034321315586567,5.636228195271542e-08
1981,False,26,stairs,26,stairs,True,0.9374430179595947,0.34099745750427246,0.31593820452690125,0.025059252977371216,8.991263166535646e-05
1982,False,27,stool,27,stool,True,0.9139841198921204,0.39313578605651855,0.36755380034446716,0.02558198571205139,0.00013730885984841734
1983,False,5,car,5,car,True,0.9602563977241516,0.22945943474769592,0.21961693465709686,0.00984250009059906,2.146894985344261e-05
1984,False,17,monitor,18,night_stand,False,0.40301042795181274,1.6373594999313354,1.5588724613189697,0.07848703861236572,0.0006218685302883387
1985,False,14,guitar,14,guitar,True,0.8809162378311157,0.5469779968261719,0.4757668375968933,0.07121115922927856,0.0006294536869972944
1986,False,2,bed,25,sofa,False,0.3840119540691376,1.8681252002716064,1.7868733406066895,0.08125185966491699,0.0007606094004586339
1987,False,8,curtain,8,curtain,True,0.7594481110572815,0.7696385383605957,0.7442232370376587,0.02541530132293701,0.00021604406356345862
1988,False,1,bathtub,2,bed,False,0.546741247177124,1.6619718074798584,1.610266923904419,0.05170488357543945,0.00047297196579165757
1989,False,23,range_hood,23,range_hood,True,0.9456395506858826,0.321105420589447,0.3003586530685425,0.02074676752090454,5.0415503210388124e-05
1990,False,2,bed,2,bed,True,0.9990378618240356,0.01002647913992405,0.009191012941300869,0.0008354661986231804,4.999122893423191e-08
1991,False,20,piano,20,piano,True,0.9684606194496155,0.20272794365882874,0.19197288155555725,0.010755062103271484,1.576896829647012e-05
1992,False,24,sink,24,sink,True,0.6334503293037415,1.6264395713806152,1.5471359491348267,0.07930362224578857,0.0005394925246946514
1993,False,32,vase,32,vase,True,0.48845750093460083,0.9850809574127197,0.9011375904083252,0.08394336700439453,0.001726203365251422
1994,False,28,table,28,table,True,0.9757916927337646,0.1577911227941513,0.14680510759353638,0.01098601520061493,1.2881728252978064e-05
1995,False,16,mantel,16,mantel,True,0.9831203818321228,0.11698547750711441,0.10561354458332062,0.011371932923793793,1.5495465049752966e-05
1996,False,30,toilet,30,toilet,True,0.9997524619102478,0.0027523995377123356,0.0024107350036501884,0.00034166453406214714,1.106625902025371e-08
1997,False,17,monitor,17,monitor,True,0.9988735318183899,0.010516299866139889,0.009891177527606487,0.0006251223385334015,4.652736862453821e-08
1998,False,13,glass_box,11,dresser,False,0.5831798911094666,1.528876543045044,1.4962877035140991,0.032588839530944824,0.0002488864120095968
1999,False,33,wardrobe,33,wardrobe,True,0.503830075263977,1.2931253910064697,1.256209135055542,0.036916255950927734,0.0003089234814979136
2000,False,23,range_hood,21,plant,False,0.5351072549819946,1.817201018333435,1.7035467624664307,0.1136542558670044,0.0008035156060941517
2001,False,18,night_stand,18,night_stand,True,0.606983482837677,0.9196368455886841,0.8945940136909485,0.025042831897735596,0.00038170197512954473
2002,False,13,glass_box,18,night_stand,False,0.42323973774909973,1.4249348640441895,1.3922929763793945,0.03264188766479492,0.00029606680618599057
2003,False,18,night_stand,18,night_stand,True,0.46962177753448486,1.6752915382385254,1.639603853225708,0.03568768501281738,0.00022374934633262455
2004,False,21,plant,21,plant,True,0.5752711892127991,0.9803841710090637,0.8732368350028992,0.10714733600616455,0.002032538177445531
2005,False,16,mantel,16,mantel,True,0.9916071891784668,0.06371309608221054,0.059746868908405304,0.003966227173805237,1.7177162590087391e-06
2006,False,0,airplane,0,airplane,True,0.999480128288269,0.0056935083121061325,0.005189031828194857,0.0005044764839112759,2.3665524651050873e-08
2007,False,1,bathtub,1,bathtub,True,0.9925482273101807,0.0526064932346344,0.05053574964404106,0.002070743590593338,7.803588459864841e-07
2008,False,34,xbox,17,monitor,False,0.44078394770622253,1.518599271774292,1.3787829875946045,0.1398162841796875,0.0019932975992560387
2009,False,9,desk,28,table,False,0.6497288942337036,0.6980271339416504,0.6416871547698975,0.05633997917175293,0.0013611012836918235
2010,False,2,bed,2,bed,True,0.9994947910308838,0.005341872572898865,0.0049109491519629955,0.0004309234209358692,1.6894984966597804e-08
2011,False,0,airplane,0,airplane,True,0.9999172687530518,0.0009922886965796351,0.0009137109154835343,7.857778109610081e-05,5.239500500131555e-10
2012,False,20,piano,20,piano,True,0.9952877163887024,0.04117988795042038,0.03908231109380722,0.002097576856613159,3.170463855894923e-07
2013,False,5,car,5,car,True,0.9554218649864197,0.25385624170303345,0.23921068012714386,0.014645561575889587,3.941733666579239e-05
2014,False,6,chair,6,chair,True,0.9972004890441895,0.02404893934726715,0.022723335772752762,0.001325603574514389,2.266684049345713e-07
2015,False,17,monitor,17,monitor,True,0.8444725871086121,0.471244752407074,0.4273269772529602,0.04391777515411377,0.0006287202122621238
2016,False,0,airplane,0,airplane,True,0.9993438124656677,0.0063364217057824135,0.005218049976974726,0.0011183717288076878,1.8478137064903422e-07
2017,False,30,toilet,30,toilet,True,0.9994082450866699,0.005746218841522932,0.005230123642832041,0.0005160951986908913,3.784648328064577e-08
2018,False,13,glass_box,13,glass_box,True,0.9991904497146606,0.007903654128313065,0.007179333362728357,0.0007243207655847073,4.138589559943284e-08
2019,False,28,table,28,table,True,0.9978878498077393,0.01827589049935341,0.01698998361825943,0.0012859068810939789,1.677217937867681e-07
2020,False,13,glass_box,13,glass_box,True,0.3232482373714447,1.7649222612380981,1.6801316738128662,0.08479058742523193,0.000668358348775655
2021,False,8,curtain,8,curtain,True,0.7116073369979858,1.1101808547973633,1.0421934127807617,0.06798744201660156,0.00045848244917578995
2022,False,21,plant,32,vase,False,0.3622753322124481,1.4224201440811157,1.345274567604065,0.07714557647705078,0.0011232126271352172
2023,False,18,night_stand,18,night_stand,True,0.8370544910430908,0.6226476430892944,0.59737229347229,0.025275349617004395,0.00019905557564925402
2024,False,10,door,10,door,True,0.8469223380088806,0.5836143493652344,0.5561054944992065,0.027508854866027832,0.000182591553311795
2025,False,32,vase,22,radio,False,0.2375597059726715,2.109830856323242,2.0317580699920654,0.07807278633117676,0.0005238574813120067
2026,False,9,desk,9,desk,True,0.6781503558158875,1.1404139995574951,1.098931074142456,0.04148292541503906,0.0003989349934272468
2027,False,13,glass_box,13,glass_box,True,0.9920684099197388,0.06375444680452347,0.058564964681863785,0.005189482122659683,2.779250735329697e-06
2028,False,13,glass_box,13,glass_box,True,0.9926948547363281,0.057387739419937134,0.05177483335137367,0.005612906068563461,2.733761448325822e-06
2029,False,18,night_stand,11,dresser,False,0.5586134791374207,1.0918686389923096,1.075649619102478,0.016219019889831543,0.00017781529459170997
2030,False,13,glass_box,13,glass_box,True,0.4138009548187256,1.6756240129470825,1.632908582687378,0.04271543025970459,0.00035366916563361883
2031,False,18,night_stand,18,night_stand,True,0.9305790066719055,0.40789365768432617,0.3925873637199402,0.015306293964385986,2.3376536773866974e-05
2032,False,20,piano,20,piano,True,0.8765551447868347,0.6689993143081665,0.6438267230987549,0.02517259120941162,7.373584230663255e-05
2033,False,16,mantel,16,mantel,True,0.9942551851272583,0.04541230946779251,0.04244225472211838,0.0029700547456741333,8.98463213161449e-07
2034,False,27,stool,18,night_stand,False,0.756907045841217,0.9697627425193787,0.9276857376098633,0.04207700490951538,0.0002688605454750359
2035,False,4,bookshelf,4,bookshelf,True,0.9622957110404968,0.20029978454113007,0.18342143297195435,0.01687835156917572,6.594338628929108e-05
2036,False,0,airplane,0,airplane,True,0.9999189376831055,0.0009196641040034592,0.0007998797809705138,0.0001197843230329454,1.4575500806301989e-09
2037,False,16,mantel,16,mantel,True,0.9890152215957642,0.07861990481615067,0.07358493655920029,0.005034968256950378,3.530944468366215e-06
2038,False,32,vase,32,vase,True,0.9582438468933105,0.19503253698349,0.18913057446479797,0.005901962518692017,1.9816032363451086e-05
2039,False,14,guitar,14,guitar,True,0.983467698097229,0.11836782097816467,0.11187520623207092,0.00649261474609375,5.101891019876348e-06
2040,False,14,guitar,14,guitar,True,0.9467013478279114,0.29913806915283203,0.2735253572463989,0.025612711906433105,8.386989793507382e-05
2041,False,28,table,28,table,True,0.8598880171775818,0.6846686601638794,0.6613834500312805,0.023285210132598877,0.00010363469482399523
2042,False,23,range_hood,23,range_hood,True,0.9010154604911804,0.41006940603256226,0.3882198631763458,0.02184954285621643,0.00016236220835708082
2043,False,5,car,5,car,True,0.9864429831504822,0.09539808332920074,0.08499455451965332,0.010403528809547424,1.0117541933141183e-05
2044,False,29,tent,29,tent,True,0.8028500080108643,1.0162105560302734,0.9642864465713501,0.05192410945892334,0.00019586134294513613
2045,False,23,range_hood,23,range_hood,True,0.6192030906677246,0.8090540170669556,0.7658627033233643,0.04319131374359131,0.0007512284209951758
2046,False,14,guitar,14,guitar,True,0.9983465075492859,0.015015200711786747,0.014178568497300148,0.000836632214486599,7.163764337292378e-08
2047,False,30,toilet,30,toilet,True,0.9998711347579956,0.0015697138151153922,0.0013782625319436193,0.00019145128317177296,2.195474690935839e-09
2048,False,20,piano,20,piano,True,0.9203903675079346,0.44654756784439087,0.41359516978263855,0.03295239806175232,0.00011486640141811222
2049,False,30,toilet,30,toilet,True,0.9999439120292664,0.0007191909244284034,0.0006548068486154079,6.438407581299543e-05,2.356985162599301e-10
2050,False,21,plant,21,plant,True,0.6983800530433655,0.7448464632034302,0.7334718704223633,0.011374592781066895,7.701903086854145e-05
2051,False,30,toilet,30,toilet,True,0.9997818470001221,0.002381551545113325,0.0021893398370593786,0.0001922117080539465,3.0488447322341017e-09
2052,False,16,mantel,16,mantel,True,0.8755331039428711,0.6212742328643799,0.5880833268165588,0.033190906047821045,0.00016727368347346783
2053,False,1,bathtub,1,bathtub,True,0.28199800848960876,2.226033926010132,2.143883466720581,0.08215045928955078,0.0005248610978014767
2054,False,25,sofa,25,sofa,True,0.9995013475418091,0.005107840057462454,0.004806206561625004,0.00030163349583745003,8.268616014106556e-09
2055,False,28,table,28,table,True,0.9831870198249817,0.09614697843790054,0.09038776904344559,0.005759209394454956,1.066195090970723e-05
2056,False,19,person,19,person,True,0.6937385201454163,1.0684831142425537,1.0147857666015625,0.05369734764099121,0.0005303826183080673
2057,False,5,car,5,car,True,0.9847272038459778,0.10393406450748444,0.09712380915880203,0.0068102553486824036,7.050843578326749e-06
2058,False,1,bathtub,1,bathtub,True,0.8046727776527405,0.7779034376144409,0.7418799996376038,0.03602343797683716,0.00032491813180968165
2059,False,14,guitar,14,guitar,True,0.9746932983398438,0.17369228601455688,0.1646597981452942,0.009032487869262695,8.275340405816678e-06
2060,False,20,piano,20,piano,True,0.5749783515930176,1.8063642978668213,1.7539966106414795,0.0523676872253418,0.0003676626365631819
2061,False,13,glass_box,13,glass_box,True,0.9995771050453186,0.004409994930028915,0.004114975221455097,0.0002950197085738182,6.73958844288336e-09
2062,False,25,sofa,25,sofa,True,0.9910741448402405,0.06510501354932785,0.0625118538737297,0.0025931596755981445,1.1405808209019597e-06
2063,False,2,bed,2,bed,True,0.9948305487632751,0.044230539351701736,0.04168630763888359,0.0025442317128181458,9.089329182643269e-07
2064,False,28,table,28,table,True,0.9898751378059387,0.06951650232076645,0.06616003066301346,0.0033564716577529907,1.957052290890715e-06
2065,False,11,dresser,34,xbox,False,0.4214591979980469,1.4702098369598389,1.4078887701034546,0.06232106685638428,0.0008163405582308769
2066,False,32,vase,32,vase,True,0.521365225315094,1.3823599815368652,1.3269883394241333,0.055371642112731934,0.0003434109385125339
2067,False,25,sofa,25,sofa,True,0.9805806875228882,0.12889333069324493,0.12292465567588806,0.0059686750173568726,5.0411395022820216e-06
2068,False,0,airplane,0,airplane,True,0.9999194145202637,0.0010178894735872746,0.0009557614685036242,6.212800508365035e-05,2.911652308146273e-10
2069,False,20,piano,28,table,False,0.6552122235298157,1.1787010431289673,1.1446597576141357,0.03404128551483154,0.0002530529454816133
2070,False,13,glass_box,13,glass_box,True,0.45430558919906616,1.3355112075805664,1.2908953428268433,0.044615864753723145,0.0005724540678784251
2071,False,29,tent,29,tent,True,0.3818157911300659,2.1693332195281982,2.1044747829437256,0.06485843658447266,0.0003551311674527824
2072,False,28,table,28,table,True,0.9978218674659729,0.018093783408403397,0.017115551978349686,0.000978231430053711,1.357144725488979e-07
2073,False,6,chair,6,chair,True,0.998689591884613,0.011150747537612915,0.009952000342309475,0.00119874719530344,2.3587755038079194e-07
2074,False,16,mantel,16,mantel,True,0.9597440958023071,0.19832009077072144,0.18297448754310608,0.015345603227615356,6.876468250993639e-05
2075,False,14,guitar,14,guitar,True,0.9855470061302185,0.10180162638425827,0.09343888610601425,0.008362740278244019,8.88122940523317e-06
2076,False,28,table,28,table,True,0.9842451214790344,0.09597994387149811,0.09135691821575165,0.00462302565574646,6.290627425187267e-06
2077,False,31,tv_stand,31,tv_stand,True,0.6386658549308777,1.1356942653656006,1.0570602416992188,0.07863402366638184,0.0009027837659232318
2078,False,23,range_hood,23,range_hood,True,0.9209921360015869,0.355740487575531,0.336275190114975,0.01946529746055603,0.00011042998812627047
2079,False,23,range_hood,23,range_hood,True,0.8884410262107849,0.4130796790122986,0.39691105484962463,0.01616862416267395,0.00014859242946840823
2080,False,13,glass_box,11,dresser,False,0.41494929790496826,1.2459845542907715,1.214638352394104,0.03134620189666748,0.00042151196976192296
2081,False,4,bookshelf,4,bookshelf,True,0.9854668378829956,0.0902412086725235,0.08716804534196854,0.003073163330554962,2.8567546905833296e-06
2082,False,20,piano,20,piano,True,0.9964333176612854,0.032225847244262695,0.030303144827485085,0.0019227024167776108,2.828003289323533e-07
2083,False,0,airplane,0,airplane,True,0.999997615814209,3.766306326724589e-05,3.241816011723131e-05,5.244903150014579e-06,3.668739357448603e-12
2084,False,25,sofa,25,sofa,True,0.6392602324485779,1.089543104171753,1.0486208200454712,0.04092228412628174,0.0005149751086719334
2085,False,18,night_stand,11,dresser,False,0.4300934672355652,1.482666015625,1.458581805229187,0.02408421039581299,0.0001918685738928616
2086,False,6,chair,6,chair,True,0.9963864684104919,0.030249476432800293,0.02464572712779045,0.005603749305009842,3.2241141525446437e-06
2087,False,17,monitor,17,monitor,True,0.9951710104942322,0.03569454699754715,0.03189007565379143,0.003804471343755722,1.7197721717820968e-06
2088,False,17,monitor,17,monitor,True,0.9950239062309265,0.04016720503568649,0.03769158571958542,0.0024756193161010742,7.957851266837679e-07
2089,False,5,car,5,car,True,0.9933416247367859,0.05059030279517174,0.04833060875535011,0.0022596940398216248,6.441499635911896e-07
2090,False,32,vase,32,vase,True,0.9138196110725403,0.32183733582496643,0.3139212727546692,0.007916063070297241,4.537937275017612e-05
2091,False,14,guitar,14,guitar,True,0.9976301789283752,0.02035529911518097,0.018922392278909683,0.001432906836271286,1.940197194016946e-07
2092,False,30,toilet,30,toilet,True,0.956701397895813,0.18700537085533142,0.13479219377040863,0.05221317708492279,0.0004784787888638675
2093,False,31,tv_stand,11,dresser,False,0.3945539891719818,1.4454407691955566,1.3969776630401611,0.04846310615539551,0.0005205217166803777
2094,False,6,chair,6,chair,True,0.9985851645469666,0.01186729408800602,0.010996478609740734,0.0008708154782652855,1.4912117762833077e-07
2095,False,7,cone,7,cone,True,0.9831105470657349,0.1105199009180069,0.10553785413503647,0.0049820467829704285,5.099619102111319e-06
2096,False,14,guitar,14,guitar,True,0.9248762130737305,0.3503095507621765,0.32805413007736206,0.022255420684814453,0.00010492526780581102
2097,False,16,mantel,16,mantel,True,0.9811041951179504,0.11709263175725937,0.11025994271039963,0.006832689046859741,7.586086212540977e-06
2098,False,28,table,9,desk,False,0.4148794710636139,1.2771220207214355,1.22874116897583,0.04838085174560547,0.0007554644253104925
2099,False,2,bed,2,bed,True,0.9713743925094604,0.19228380918502808,0.17566031217575073,0.016623497009277344,3.56681011908222e-05
2100,False,5,car,5,car,True,0.8389812707901001,0.7046951055526733,0.6730833649635315,0.031611740589141846,0.000241460045799613
2101,False,4,bookshelf,4,bookshelf,True,0.984459400177002,0.10328711569309235,0.09864665567874908,0.004640460014343262,3.597965132939862e-06
2102,False,25,sofa,25,sofa,True,0.9802025556564331,0.11998265981674194,0.11601269245147705,0.003969967365264893,5.189650892134523e-06
2103,False,13,glass_box,18,night_stand,False,0.36438286304473877,1.374967336654663,1.3503913879394531,0.02457594871520996,0.00026800253544934094
2104,False,6,chair,6,chair,True,0.9962598085403442,0.029297735542058945,0.02786952070891857,0.0014282148331403732,4.2921533349726815e-07
2105,False,2,bed,2,bed,True,0.9993382692337036,0.006894474383443594,0.00611745985224843,0.0007770145311951637,6.216981773832231e-08
2106,False,29,tent,5,car,False,0.6024187803268433,1.3704650402069092,1.3129600286483765,0.057505011558532715,0.0006448151543736458
2107,False,25,sofa,25,sofa,True,0.9951889514923096,0.03694428503513336,0.03556371480226517,0.0013805702328681946,3.7612812775478233e-07
2108,False,17,monitor,17,monitor,True,0.8261752128601074,0.7851505279541016,0.74131840467453,0.04383212327957153,0.0002935337251983583
2109,False,21,plant,21,plant,True,0.8118452429771423,0.5183961391448975,0.5087405443191528,0.009655594825744629,0.00011736854503396899
2110,False,13,glass_box,13,glass_box,True,0.9948942065238953,0.04206494241952896,0.03866862878203392,0.003396313637495041,1.2616166031875764e-06
2111,False,28,table,9,desk,False,0.7391394972801208,0.9865196943283081,0.9552480578422546,0.03127163648605347,0.0002337853075005114
2112,False,23,range_hood,23,range_hood,True,0.7204335331916809,1.2411372661590576,1.185982346534729,0.05515491962432861,0.0004369873786345124
2113,False,28,table,28,table,True,0.5995483994483948,1.1193490028381348,1.0796772241592407,0.03967177867889404,0.0004108927969355136
2114,False,4,bookshelf,4,bookshelf,True,0.9217618703842163,0.31314709782600403,0.30263766646385193,0.0105094313621521,5.4831609304528683e-05
2115,False,9,desk,9,desk,True,0.9465964436531067,0.3177485167980194,0.3039664328098297,0.013782083988189697,3.413372178329155e-05
2116,False,21,plant,21,plant,True,0.8360129594802856,0.599969208240509,0.56980961561203,0.030159592628479004,0.00020227456116117537
2117,False,24,sink,31,tv_stand,False,0.4022655189037323,2.2479162216186523,2.187152624130249,0.06076359748840332,0.0002678266610018909
2118,False,24,sink,24,sink,True,0.5889807343482971,1.6903862953186035,1.6337281465530396,0.056658148765563965,0.00034471225808374584
2119,False,25,sofa,25,sofa,True,0.6726301908493042,1.1759233474731445,1.1287788152694702,0.047144532203674316,0.000499051995575428
2120,False,9,desk,9,desk,True,0.9693894982337952,0.18824870884418488,0.1778491884469986,0.01039952039718628,1.7234007827937603e-05
2121,False,17,monitor,17,monitor,True,0.9989529252052307,0.00991166289895773,0.009412253275513649,0.0004994096234440804,2.7184125173107532e-08
2122,False,12,flower_pot,21,plant,False,0.6895200610160828,0.6656396389007568,0.6569139361381531,0.00872570276260376,0.00012951408280059695
2123,False,29,tent,29,tent,True,0.6812471747398376,1.337416410446167,1.2949568033218384,0.04245960712432861,0.00024020046112127602
2124,False,23,range_hood,23,range_hood,True,0.9070181846618652,0.4191076457500458,0.3970383405685425,0.022069305181503296,0.0001311580854235217
2125,False,32,vase,32,vase,True,0.857923150062561,0.45676693320274353,0.44357389211654663,0.0131930410861969,0.00013515155296772718
2126,False,9,desk,26,stairs,False,0.4936678409576416,1.8644099235534668,1.7671743631362915,0.09723556041717529,0.0010046821553260088
2127,False,31,tv_stand,6,chair,False,0.5362157821655273,1.8846842050552368,1.754549264907837,0.1301349401473999,0.0010996537748724222
2128,False,28,table,28,table,True,0.9973028898239136,0.022595617920160294,0.020925352349877357,0.001670265570282936,2.8796702622457815e-07
2129,False,22,radio,32,vase,False,0.6219207048416138,1.386756420135498,1.320810317993164,0.06594610214233398,0.0005284888320602477
2130,False,28,table,28,table,True,0.9955235123634338,0.03434224799275398,0.031385693699121475,0.0029565542936325073,1.1210933053007466e-06
2131,False,0,airplane,0,airplane,True,0.9999939203262329,8.661887841299176e-05,7.271683716680855e-05,1.3902041246183217e-05,2.5125493699484913e-11
2132,False,30,toilet,30,toilet,True,0.9997996091842651,0.0023100865073502064,0.0021097147837281227,0.00020037172362208366,2.61565258341534e-09
2133,False,23,range_hood,28,table,False,0.423294335603714,2.0234599113464355,1.934387445449829,0.08907246589660645,0.000636145647149533
2134,False,1,bathtub,1,bathtub,True,0.4285447597503662,1.6629648208618164,1.6141587495803833,0.048806071281433105,0.0004930485738441348
2135,False,17,monitor,17,monitor,True,0.9917484521865845,0.06274385750293732,0.056456711143255234,0.006287146359682083,4.7548674046993256e-06
2136,False,26,stairs,3,bench,False,0.3580605387687683,1.7235355377197266,1.6427375078201294,0.08079802989959717,0.0008921215194277465
2137,False,18,night_stand,18,night_stand,True,0.5646470785140991,1.156454086303711,1.1290268898010254,0.027427196502685547,0.00034164186217822134
2138,False,9,desk,28,table,False,0.7115654945373535,0.8484973907470703,0.8167906999588013,0.03170669078826904,0.000416381168179214
2139,False,6,chair,6,chair,True,0.9850007891654968,0.09200310707092285,0.0856902226805687,0.0063128843903541565,1.1230955351493321e-05
2140,False,18,night_stand,18,night_stand,True,0.8278778791427612,0.6292376518249512,0.6071585416793823,0.022079110145568848,0.00018884717428591102
2141,False,11,dresser,18,night_stand,False,0.7073372602462769,0.7518550157546997,0.7196405529975891,0.032214462757110596,0.0005360168870538473
2142,False,33,wardrobe,33,wardrobe,True,0.44719648361206055,1.4945805072784424,1.4539949893951416,0.04058551788330078,0.0003506945795379579
2143,False,4,bookshelf,4,bookshelf,True,0.8950425982475281,0.3649318516254425,0.35830917954444885,0.006622672080993652,5.525048618437722e-05
2144,False,18,night_stand,11,dresser,False,0.4537452161312103,1.104403018951416,1.0814235210418701,0.0229794979095459,0.0002516577660571784
2145,False,16,mantel,16,mantel,True,0.9946248531341553,0.03955824673175812,0.03720178082585335,0.00235646590590477,8.769744113124034e-07
2146,False,13,glass_box,13,glass_box,True,0.9254028797149658,0.4083162546157837,0.3632787764072418,0.04503747820854187,0.00026457346393726766
2147,False,7,cone,7,cone,True,0.979369044303894,0.13109655678272247,0.12438298016786575,0.00671357661485672,9.81444009084953e-06
2148,False,7,cone,7,cone,True,0.9550337791442871,0.24166733026504517,0.2298671454191208,0.011800184845924377,3.494829434202984e-05
2149,False,25,sofa,25,sofa,True,0.987227201461792,0.08252511918544769,0.07724175602197647,0.005283363163471222,5.754919129685732e-06
2150,False,30,toilet,30,toilet,True,0.9993882179260254,0.0057431915774941444,0.004897028673440218,0.0008461629040539265,9.58888008995018e-08
2151,False,25,sofa,25,sofa,True,0.5275086164474487,1.4378843307495117,1.3743258714675903,0.06355845928192139,0.000663143175188452
2152,False,2,bed,2,bed,True,0.9973092079162598,0.020178835839033127,0.015244996175169945,0.004933839663863182,4.675163381762104e-06
2153,False,16,mantel,16,mantel,True,0.9931148886680603,0.05575933679938316,0.05077512562274933,0.004984211176633835,2.1840571662323782e-06
2154,False,4,bookshelf,4,bookshelf,True,0.9930766224861145,0.05079958587884903,0.04837390407919884,0.0024256817996501923,8.234513302340929e-07
2155,False,2,bed,2,bed,True,0.9961333274841309,0.033516667783260345,0.031029492616653442,0.002487175166606903,6.277261377363175e-07
2156,False,13,glass_box,13,glass_box,True,0.9812173247337341,0.12366391718387604,0.11274868249893188,0.010915234684944153,1.3256184502097312e-05
2157,False,33,wardrobe,33,wardrobe,True,0.4947570860385895,1.5078496932983398,1.4635347127914429,0.04431498050689697,0.00034192221937701106
2158,False,9,desk,9,desk,True,0.67524653673172,0.6931087970733643,0.5716270804405212,0.12148171663284302,0.00277179223485291
2159,False,14,guitar,14,guitar,True,0.9973508715629578,0.021822139620780945,0.0203724205493927,0.0014497190713882446,2.803244285587425e-07
2160,False,9,desk,9,desk,True,0.6652930974960327,1.1085972785949707,1.0711268186569214,0.037470459938049316,0.0004505972901824862
2161,False,28,table,9,desk,False,0.4573599696159363,1.1423227787017822,1.080384373664856,0.06193840503692627,0.0010571673046797514
2162,False,2,bed,2,bed,True,0.999445378780365,0.00592925027012825,0.005528313107788563,0.00040093716233968735,1.3537409415675938e-08
2163,False,28,table,28,table,True,0.9896609783172607,0.06852616369724274,0.0645328238606453,0.003993339836597443,3.2211371490120655e-06
2164,False,18,night_stand,18,night_stand,True,0.8301005363464355,0.5716165900230408,0.5471083521842957,0.024508237838745117,0.00025617325445637107
2165,False,17,monitor,17,monitor,True,0.9969215393066406,0.026381177827715874,0.02348978817462921,0.0028913896530866623,1.1983240710833343e-06
2166,False,17,monitor,17,monitor,True,0.9936495423316956,0.04776977002620697,0.04473453015089035,0.00303523987531662,1.098661186915706e-06
2167,False,5,car,5,car,True,0.9918849468231201,0.055708035826683044,0.05246218293905258,0.0032458528876304626,2.0169352410448482e-06
2168,False,13,glass_box,13,glass_box,True,0.9995139837265015,0.00500873476266861,0.004621011205017567,0.00038772355765104294,1.1962058898973282e-08
2169,False,0,airplane,0,airplane,True,0.9993600845336914,0.0062100887298583984,0.005824072752147913,0.00038601597771048546,2.4550743660256558e-08
2170,False,12,flower_pot,15,lamp,False,0.5102633833885193,1.4982883930206299,1.443731427192688,0.054556965827941895,0.0006079287268221378
2171,False,16,mantel,16,mantel,True,0.9961771965026855,0.03223688155412674,0.02989559806883335,0.0023412834852933884,4.907776087748061e-07
2172,False,17,monitor,17,monitor,True,0.9990953803062439,0.008584403432905674,0.008078020066022873,0.0005063833668828011,2.9026283598909686e-08
2173,False,21,plant,7,cone,False,0.6548697352409363,1.227145791053772,1.1848849058151245,0.04226088523864746,0.0003745510766748339
2174,False,30,toilet,30,toilet,True,0.999782145023346,0.002456814283505082,0.0022210893221199512,0.00023572496138513088,3.765889378115617e-09
2175,False,21,plant,21,plant,True,0.833200991153717,0.6263372898101807,0.6090958118438721,0.017241477966308594,0.00010842952906386927
2176,False,14,guitar,14,guitar,True,0.9908776879310608,0.0695132166147232,0.06314870715141296,0.006364509463310242,4.064541826664936e-06
2177,False,30,toilet,30,toilet,True,0.9999406933784485,0.0007286294130608439,0.0006452540983445942,8.33753147162497e-05,5.566334615458857e-10
2178,False,2,bed,2,bed,True,0.9973080158233643,0.023154983296990395,0.021052464842796326,0.002102518454194069,4.796532380169083e-07
2179,False,20,piano,20,piano,True,0.9986674785614014,0.013222121633589268,0.012065764516592026,0.001156357116997242,1.0513560511071773e-07
2180,False,2,bed,2,bed,True,0.969399631023407,0.20734159648418427,0.19256509840488434,0.014776498079299927,2.0016150301671587e-05
2181,False,0,airplane,0,airplane,True,0.9999966025352478,5.1639195589814335e-05,4.857314706896432e-05,3.0660485208500177e-06,6.88728859100235e-13
2182,False,26,stairs,19,person,False,0.8368449211120605,0.6380109786987305,0.6071377396583557,0.030873239040374756,0.00019201340910512954
2183,False,18,night_stand,18,night_stand,True,0.8433367609977722,0.5986517667770386,0.5731131434440613,0.025538623332977295,0.00021862858557142317
2184,False,4,bookshelf,4,bookshelf,True,0.975710928440094,0.13396212458610535,0.12772271037101746,0.006239414215087891,1.1514645848365035e-05
2185,False,6,chair,6,chair,True,0.985303521156311,0.08231533318758011,0.07334312796592712,0.008972205221652985,1.9739467461477034e-05
2186,False,12,flower_pot,32,vase,False,0.7504560947418213,0.6254283785820007,0.6131595969200134,0.012268781661987305,0.0001803816994652152
2187,False,31,tv_stand,31,tv_stand,True,0.8548808097839355,0.6524859666824341,0.6245606541633606,0.027925312519073486,0.00011821516818599775
2188,False,32,vase,32,vase,True,0.7516586780548096,1.0505679845809937,1.0157605409622192,0.034807443618774414,0.00017808772099670023
2189,False,30,toilet,30,toilet,True,0.9135845303535461,0.43732091784477234,0.4004512429237366,0.03686967492103577,0.0001531096495455131
2190,False,6,chair,6,chair,True,0.9991085529327393,0.008934663608670235,0.008232259191572666,0.0007024044170975685,4.598412317591283e-08
2191,False,30,toilet,30,toilet,True,0.9997389912605286,0.0026423768140375614,0.002371514216065407,0.0002708625979721546,1.3116783215139094e-08
2192,False,30,toilet,30,toilet,True,0.9999071359634399,0.0011444732081145048,0.0010643559508025646,8.011725731194019e-05,4.379408224952641e-10
2193,False,13,glass_box,13,glass_box,True,0.968864381313324,0.19656065106391907,0.18036901950836182,0.01619163155555725,2.68682179012103e-05
2194,False,33,wardrobe,31,tv_stand,False,0.569899320602417,1.6885912418365479,1.6196916103363037,0.06889963150024414,0.0004167158040218055
2195,False,32,vase,32,vase,True,0.3933330774307251,1.213353157043457,1.187061071395874,0.026292085647583008,0.00040903431363403797
2196,False,23,range_hood,23,range_hood,True,0.8294433355331421,0.7844806909561157,0.7270726561546326,0.057408034801483154,0.00038716834387741983
2197,False,5,car,5,car,True,0.9105664491653442,0.4521520435810089,0.4284280240535736,0.023724019527435303,0.00011053007619921118
2198,False,6,chair,6,chair,True,0.997759222984314,0.019235681742429733,0.017930706962943077,0.0013049747794866562,2.635917724091996e-07
2199,False,18,night_stand,11,dresser,False,0.6513288021087646,0.9879763722419739,0.9661168456077576,0.02185952663421631,0.00023966285516507924
2200,False,1,bathtub,1,bathtub,True,0.9882655143737793,0.0710734874010086,0.06693767011165619,0.004135817289352417,4.165333848504815e-06
2201,False,28,table,28,table,True,0.9492647647857666,0.2516763508319855,0.23903025686740875,0.012646093964576721,5.2633826271630824e-05
2202,False,23,range_hood,23,range_hood,True,0.947583794593811,0.26682525873184204,0.2528073489665985,0.01401790976524353,4.151049870415591e-05
2203,False,5,car,5,car,True,0.8936325311660767,0.4708476662635803,0.4436560273170471,0.027191638946533203,0.00019404097110964358
2204,False,4,bookshelf,4,bookshelf,True,0.8003092408180237,0.8606598377227783,0.8260771036148071,0.03458273410797119,0.0002250021934742108
2205,False,6,chair,3,bench,False,0.4025069773197174,1.6739522218704224,1.4906949996948242,0.18325722217559814,0.0020298261661082506
2206,False,23,range_hood,23,range_hood,True,0.855323851108551,0.7116994857788086,0.6841415762901306,0.02755790948867798,0.0001297065755352378
2207,False,11,dresser,34,xbox,False,0.7230737209320068,1.0142619609832764,0.971473217010498,0.04278874397277832,0.0004043949011247605
2208,False,16,mantel,16,mantel,True,0.9385803937911987,0.3373904526233673,0.3206530213356018,0.016737431287765503,5.1367889682296664e-05
2209,False,3,bench,3,bench,True,0.9176685810089111,0.4206104278564453,0.39546218514442444,0.025148242712020874,9.070757369045168e-05
2210,False,31,tv_stand,31,tv_stand,True,0.7826234102249146,0.7435687780380249,0.7075798511505127,0.03598892688751221,0.00038779436727054417
2211,False,21,plant,21,plant,True,0.7585901021957397,0.5774619579315186,0.5688596963882446,0.008602261543273926,0.00010844664939213544
2212,False,7,cone,7,cone,True,0.9884029030799866,0.080161452293396,0.07521191239356995,0.00494953989982605,4.856171017308952e-06
2213,False,2,bed,2,bed,True,0.9942091107368469,0.04938877746462822,0.04585684463381767,0.003531932830810547,9.82083406597667e-07
2214,False,25,sofa,25,sofa,True,0.9954260587692261,0.036769479513168335,0.035227205604314804,0.0015422739088535309,3.8753731246288226e-07
2215,False,9,desk,9,desk,True,0.9230931997299194,0.336845725774765,0.310599684715271,0.02624604105949402,0.00018448873015586287
2216,False,5,car,5,car,True,0.9147923588752747,0.44567474722862244,0.42294859886169434,0.0227261483669281,8.950428309617564e-05
2217,False,14,guitar,14,guitar,True,0.9848456382751465,0.11040011048316956,0.10323826223611832,0.007161848247051239,5.672807219525566e-06
2218,False,16,mantel,16,mantel,True,0.9851601123809814,0.10913088917732239,0.09880135208368301,0.010329537093639374,1.0834502973011695e-05
2219,False,21,plant,0,airplane,False,0.6614763140678406,1.1240754127502441,0.8697075247764587,0.2543678879737854,0.003272541332989931
2220,False,6,chair,6,chair,True,0.9992290735244751,0.007485997397452593,0.007057559676468372,0.0004284377209842205,2.2891480710995893e-08
2221,False,30,toilet,30,toilet,True,0.999906599521637,0.00111697381362319,0.0010418425081297755,7.51313054934144e-05,4.50339349145068e-10
2222,False,0,airplane,0,airplane,True,0.9995689988136292,0.0046698362566530704,0.0041961693204939365,0.0004736669361591339,1.5253348806254508e-08
2223,False,15,lamp,15,lamp,True,0.9486411213874817,0.3025551438331604,0.27349457144737244,0.029060572385787964,8.801417425274849e-05
2224,False,17,monitor,17,monitor,True,0.9974138736724854,0.022168755531311035,0.02067137323319912,0.0014973822981119156,2.655060313827562e-07
2225,False,12,flower_pot,21,plant,False,0.5685084462165833,1.0738478899002075,1.0277454853057861,0.04610240459442139,0.0006747551378794014
2226,False,18,night_stand,18,night_stand,True,0.8731194734573364,0.4438377618789673,0.42169836163520813,0.022139400243759155,0.0002097499236697331
2227,False,21,plant,21,plant,True,0.6648086905479431,0.9681220054626465,0.9341465830802917,0.033975422382354736,0.00021630885021295398
2228,False,4,bookshelf,4,bookshelf,True,0.8977518677711487,0.5409750938415527,0.5083362460136414,0.03263884782791138,0.00012706896814052016
2229,False,4,bookshelf,4,bookshelf,True,0.8773006796836853,0.5814595222473145,0.5546987056732178,0.02676081657409668,0.00013369608495850116
2230,False,26,stairs,5,car,False,0.8967252373695374,0.4867580831050873,0.4652610421180725,0.02149704098701477,0.00011109680053777993
2231,False,6,chair,6,chair,True,0.9991031289100647,0.008611083962023258,0.008277601562440395,0.00033348239958286285,1.7478393843362028e-08
2232,False,31,tv_stand,13,glass_box,False,0.9993752241134644,0.0063310833647847176,0.005723817273974419,0.0006072660908102989,2.930006459678225e-08
2233,False,9,desk,9,desk,True,0.8865568041801453,0.59297776222229,0.5725886225700378,0.020389139652252197,5.317970135365613e-05
2234,False,30,toilet,30,toilet,True,0.9997766017913818,0.002579617779701948,0.0023714492563158274,0.0002081685233861208,2.883410621379312e-09
2235,False,33,wardrobe,11,dresser,False,0.3397156596183777,1.674495816230774,1.6386289596557617,0.03586685657501221,0.0003117009182460606
2236,False,0,airplane,0,airplane,True,0.9999945759773254,8.331233402714133e-05,7.40686955396086e-05,9.243638487532735e-06,6.823762041530124e-12
2237,False,28,table,28,table,True,0.5818111300468445,0.9192634224891663,0.883500337600708,0.03576308488845825,0.0006774905486963689
2238,False,21,plant,21,plant,True,0.9529591798782349,0.24547871947288513,0.2213428020477295,0.02413591742515564,4.596739381668158e-05
2239,False,6,chair,6,chair,True,0.9982813596725464,0.015532604418694973,0.014173239469528198,0.0013593649491667747,2.2163200696923013e-07
2240,False,25,sofa,25,sofa,True,0.9993650317192078,0.006453883834183216,0.006045953836292028,0.00040792999789118767,1.653346970442726e-08
2241,False,25,sofa,25,sofa,True,0.5272819995880127,1.448143482208252,1.400342345237732,0.04780113697052002,0.0004992216126993299
2242,False,25,sofa,25,sofa,True,0.9928053617477417,0.0516875796020031,0.049375180155038834,0.002312399446964264,9.612253961677197e-07
2243,False,5,car,5,car,True,0.9947595596313477,0.03948139026761055,0.037849050015211105,0.0016323402523994446,4.857633371102565e-07
2244,False,23,range_hood,23,range_hood,True,0.2237127423286438,2.4807212352752686,2.3949177265167236,0.08580350875854492,0.0005744071095250547
2245,False,28,table,28,table,True,0.9907371997833252,0.05854608863592148,0.054266221821308136,0.004279866814613342,3.888225364789832e-06
2246,False,6,chair,6,chair,True,0.9989814162254333,0.009859696961939335,0.009473373182117939,0.0003863237798213959,1.9601586132012017e-08
2247,False,11,dresser,11,dresser,True,0.4624258279800415,1.664078950881958,1.6015666723251343,0.06251227855682373,0.00043701333925127983
2248,False,23,range_hood,23,range_hood,True,0.9151897430419922,0.37104207277297974,0.35019540786743164,0.020846664905548096,9.111115650739521e-05
2249,False,17,monitor,17,monitor,True,0.9884227514266968,0.08735707402229309,0.08224350959062576,0.005113564431667328,3.6754279335582396e-06
2250,False,11,dresser,11,dresser,True,0.7672070860862732,0.9410676956176758,0.9164507985115051,0.024616897106170654,0.00017921425751410425
2251,False,20,piano,20,piano,True,0.3827020227909088,1.8136742115020752,1.738438367843628,0.07523584365844727,0.0007586017600260675
2252,False,17,monitor,26,stairs,False,0.3452293574810028,2.029122829437256,1.941531777381897,0.08759105205535889,0.0007320440490730107
2253,False,20,piano,20,piano,True,0.9513042569160461,0.2988688349723816,0.2868642210960388,0.012004613876342773,1.7931532056536525e-05
2254,False,14,guitar,14,guitar,True,0.9870208501815796,0.09745669364929199,0.08611734956502914,0.011339344084262848,1.1809537681983784e-05
2255,False,0,airplane,0,airplane,True,0.9997807145118713,0.002428661333397031,0.002205297816544771,0.00022336351685225964,6.517247630455358e-09
2256,False,13,glass_box,13,glass_box,True,0.9996547102928162,0.0036689178086817265,0.003461500396952033,0.0002074174117296934,4.126649244540204e-09
2257,False,6,chair,6,chair,True,0.999498188495636,0.005232168361544609,0.004818791523575783,0.0004133768379688263,1.1762383067548399e-08
2258,False,23,range_hood,23,range_hood,True,0.6772452592849731,1.373687982559204,1.313894271850586,0.059793710708618164,0.0004931341391056776
2259,False,4,bookshelf,4,bookshelf,True,0.9509333968162537,0.22751261293888092,0.22052976489067078,0.006982848048210144,2.3693621187703684e-05
2260,False,9,desk,9,desk,True,0.9672329425811768,0.19767795503139496,0.19052022695541382,0.00715772807598114,9.114669410337228e-06
2261,False,11,dresser,11,dresser,True,0.627720057964325,0.8816425204277039,0.8604214191436768,0.0212211012840271,0.00029621607973240316
2262,False,1,bathtub,1,bathtub,True,0.9887916445732117,0.07660358399152756,0.07130317389965057,0.005300410091876984,3.4864469853346236e-06
2263,False,16,mantel,16,mantel,True,0.9809294939041138,0.12109220027923584,0.11667169630527496,0.0044205039739608765,4.369385351310484e-06
2264,False,7,cone,7,cone,True,0.9772999882698059,0.13691899180412292,0.13125497102737427,0.005664020776748657,9.167744792648591e-06
2265,False,20,piano,23,range_hood,False,0.31134307384490967,1.6938507556915283,1.57591712474823,0.11793363094329834,0.0015655227471143007
2266,False,17,monitor,17,monitor,True,0.9963985681533813,0.03181716054677963,0.03003949299454689,0.0017776675522327423,3.0038401632737077e-07
2267,False,31,tv_stand,31,tv_stand,True,0.8526304960250854,0.672508716583252,0.644861102104187,0.02764761447906494,0.00011701716721290722
2268,False,5,car,29,tent,False,0.3821187913417816,1.5357760190963745,1.4695582389831543,0.06621778011322021,0.0007786042406223714
2269,False,11,dresser,11,dresser,True,0.45803433656692505,1.5519225597381592,1.5237082242965698,0.028214335441589355,0.00026817465550266206
2270,False,5,car,5,car,True,0.8773203492164612,0.6313642859458923,0.6063515543937683,0.025012731552124023,9.78641037363559e-05
2271,False,32,vase,31,tv_stand,False,0.781491756439209,1.0127229690551758,0.9659712910652161,0.04675167798995972,0.00026260741287842393
2272,False,17,monitor,17,monitor,True,0.995118260383606,0.04093042016029358,0.037821684032678604,0.003108736127614975,1.0960179679386783e-06
2273,False,31,tv_stand,31,tv_stand,True,0.7460574507713318,1.0876413583755493,1.0231455564498901,0.06449580192565918,0.0004257700638845563
2274,False,28,table,28,table,True,0.9986852407455444,0.01210822630673647,0.011212196201086044,0.000896030105650425,5.976161077114739e-08
2275,False,16,mantel,16,mantel,True,0.9740115404129028,0.15089835226535797,0.14194661378860474,0.008951738476753235,1.4945171642466448e-05
2276,False,23,range_hood,23,range_hood,True,0.8774866461753845,0.4405362606048584,0.4024117588996887,0.03812450170516968,0.0004607790324371308
2277,False,23,range_hood,23,range_hood,True,0.9034000039100647,0.4890492260456085,0.45805686712265015,0.030992358922958374,0.0001305773766944185
2278,False,18,night_stand,18,night_stand,True,0.6642121076583862,0.9064499139785767,0.8671323657035828,0.039317548274993896,0.0005546470056287944
2279,False,0,airplane,0,airplane,True,0.9996691942214966,0.0035984076093882322,0.0031511150300502777,0.0004472925793379545,1.721054943004674e-08
2280,False,13,glass_box,13,glass_box,True,0.33726921677589417,1.7023115158081055,1.6116522550582886,0.0906592607498169,0.0009054940892383456
2281,False,13,glass_box,13,glass_box,True,0.9891884922981262,0.08016323298215866,0.0725930705666542,0.007570162415504456,5.945631073700497e-06
2282,False,2,bed,2,bed,True,0.9978092908859253,0.020910361781716347,0.019100604578852654,0.0018097572028636932,2.5202129450008215e-07
2283,False,13,glass_box,13,glass_box,True,0.9902650117874146,0.07535339891910553,0.07163764536380768,0.0037157535552978516,1.314478481617698e-06
2284,False,16,mantel,16,mantel,True,0.878355860710144,0.5652550458908081,0.5421163439750671,0.023138701915740967,0.00010108931746799499
2285,False,20,piano,17,monitor,False,0.2809531092643738,2.125253200531006,2.037562131881714,0.08769106864929199,0.0006474254187196493
2286,False,32,vase,17,monitor,False,0.3286829888820648,2.082012176513672,2.018906593322754,0.06310558319091797,0.0005315637099556625
2287,False,20,piano,20,piano,True,0.9753325581550598,0.16490453481674194,0.15771885216236115,0.007185682654380798,7.4892145676130895e-06
0,True,20,laptop,6,chair,,0.9374256730079651,0.3737354576587677,0.34686312079429626,0.026872336864471436,7.152864418458194e-05
1,True,5,bottle,32,vase,,0.5748231410980225,1.509756088256836,1.402312159538269,0.1074439287185669,0.0011077856179326773
2,True,5,bottle,32,vase,,0.7381879687309265,0.9673537015914917,0.9080497026443481,0.059303998947143555,0.0004910213174298406
3,True,5,bottle,32,vase,,0.9393633008003235,0.2743346691131592,0.2612599730491638,0.013074696063995361,4.9775164370657876e-05
4,True,6,bowl,12,flower_pot,,0.36459437012672424,1.4378106594085693,1.338641881942749,0.09916877746582031,0.0012048231437802315
5,True,20,laptop,6,chair,,0.7969637513160706,0.7919833660125732,0.6909715533256531,0.10101181268692017,0.0010641671251505613
6,True,18,keyboard,10,door,,0.5788633823394775,1.0687870979309082,1.014201045036316,0.054586052894592285,0.0007653366774320602
7,True,5,bottle,32,vase,,0.863257884979248,0.5779043436050415,0.5560283660888672,0.021875977516174316,7.059438939904794e-05
8,True,5,bottle,32,vase,,0.9382824301719666,0.2727053463459015,0.2664232850074768,0.006282061338424683,2.4723192836972885e-05
9,True,20,laptop,6,chair,,0.8721155524253845,0.53501296043396,0.4341907203197479,0.10082224011421204,0.0008905905997380614
10,True,5,bottle,32,vase,,0.9367477297782898,0.26377299427986145,0.2585252523422241,0.005247741937637329,2.2573447495233268e-05
11,True,5,bottle,32,vase,,0.9174409508705139,0.3511335551738739,0.340608686208725,0.010524868965148926,5.08778502990026e-05
12,True,5,bottle,32,vase,,0.9234411120414734,0.33221200108528137,0.3256729543209076,0.006539046764373779,2.4380289687542245e-05
13,True,10,cup,32,vase,,0.6959273219108582,0.8044015169143677,0.7918206453323364,0.01258087158203125,0.00010022747301263735
14,True,5,bottle,32,vase,,0.9490672945976257,0.22735005617141724,0.22258849442005157,0.004761561751365662,1.6685140508343466e-05
15,True,5,bottle,32,vase,,0.8459886312484741,0.6527594327926636,0.6255320310592651,0.027227401733398438,0.00012120801693527028
16,True,10,cup,29,tent,,0.3700377941131592,1.6411314010620117,1.5296293497085571,0.11150205135345459,0.0010865182848647237
17,True,6,bowl,12,flower_pot,,0.47424817085266113,1.4333045482635498,1.3832664489746094,0.05003809928894043,0.0003894941764883697
18,True,10,cup,32,vase,,0.6433675289154053,1.092876672744751,1.0636241436004639,0.02925252914428711,0.00012389058247208595
19,True,5,bottle,32,vase,,0.5037855505943298,1.251267910003662,1.215378999710083,0.0358889102935791,0.000478677247883752
20,True,6,bowl,32,vase,,0.45524391531944275,1.2501956224441528,1.219390630722046,0.030804991722106934,0.00020680419402197003
21,True,20,laptop,6,chair,,0.8492622971534729,0.7669447660446167,0.7076801657676697,0.05926460027694702,0.000394023722037673
22,True,5,bottle,32,vase,,0.9182634353637695,0.387514591217041,0.3769565522670746,0.01055803894996643,3.149401527480222e-05
23,True,18,keyboard,8,curtain,,0.6880942583084106,1.0995988845825195,1.0393930673599243,0.060205817222595215,0.0005261031328700483
24,True,18,keyboard,8,curtain,,0.5330414175987244,1.2116731405258179,1.1673839092254639,0.044289231300354004,0.0003842679434455931
25,True,6,bowl,12,flower_pot,,0.5593436360359192,1.0066126585006714,0.9630781412124634,0.04353451728820801,0.0006151868146844208
26,True,5,bottle,32,vase,,0.8828699588775635,0.5381702184677124,0.5214298963546753,0.01674032211303711,6.364290311466902e-05
27,True,5,bottle,32,vase,,0.8530354499816895,0.6121577620506287,0.5986124277114868,0.013545334339141846,5.555537427426316e-05
28,True,6,bowl,32,vase,,0.6969245076179504,0.8059341907501221,0.7867943644523621,0.01913982629776001,0.00024753398611210287
29,True,10,cup,15,lamp,,0.7432131767272949,0.7273377180099487,0.6636961102485657,0.06364160776138306,0.0010811283718794584
30,True,5,bottle,32,vase,,0.7760900259017944,0.8636353015899658,0.817703902721405,0.04593139886856079,0.00029421571525745094
31,True,6,bowl,29,tent,,0.718547523021698,1.1008201837539673,0.9906719326972961,0.11014825105667114,0.0009216456674039364
32,True,5,bottle,32,vase,,0.9322172999382019,0.2937082350254059,0.2867017984390259,0.007006436586380005,2.5582914531696588e-05
33,True,20,laptop,8,curtain,,0.2869574725627899,1.852912425994873,1.5222430229187012,0.3306694030761719,0.003651344683021307
34,True,5,bottle,32,vase,,0.4502893388271332,1.3758199214935303,1.3376116752624512,0.0382082462310791,0.0005269767134450376
35,True,5,bottle,32,vase,,0.8864374160766602,0.4907571077346802,0.47515854239463806,0.015598565340042114,6.933679105713964e-05
36,True,20,laptop,6,chair,,0.4336830675601959,1.771838665008545,1.5222632884979248,0.24957537651062012,0.003153652884066105
37,True,5,bottle,32,vase,,0.9066236615180969,0.39408156275749207,0.3820267915725708,0.012054771184921265,4.193224594928324e-05
38,True,20,laptop,29,tent,,0.43278029561042786,1.5051113367080688,1.4535045623779297,0.05160677433013916,0.0005405962001532316
39,True,5,bottle,32,vase,,0.7836167812347412,0.8719885349273682,0.831821084022522,0.04016745090484619,0.00023016823979560286
40,True,5,bottle,32,vase,,0.936774730682373,0.27473095059394836,0.2698623239994049,0.004868626594543457,1.796270407794509e-05
41,True,5,bottle,32,vase,,0.9294038414955139,0.2905671298503876,0.2836567759513855,0.006910353899002075,2.996022521983832e-05
42,True,18,keyboard,8,curtain,,0.5543819665908813,1.1576553583145142,1.1026873588562012,0.05496799945831299,0.0004973423201590776
43,True,5,bottle,32,vase,,0.8430986404418945,0.7058467268943787,0.6694576740264893,0.036389052867889404,0.00020851528097409755
44,True,18,keyboard,10,door,,0.658123791217804,0.9636631011962891,0.938513994216919,0.025149106979370117,0.00025278324028477073
45,True,5,bottle,32,vase,,0.5998002886772156,1.2544665336608887,1.1255896091461182,0.1288769245147705,0.0020178172271698713
46,True,5,bottle,32,vase,,0.9345545768737793,0.28882676362991333,0.28171077370643616,0.007115989923477173,3.1751784263178706e-05
47,True,5,bottle,32,vase,,0.8448147177696228,0.6758072972297668,0.6479113698005676,0.02789592742919922,0.00010431765258545056
48,True,5,bottle,32,vase,,0.940910279750824,0.276441365480423,0.27213701605796814,0.004304349422454834,8.539786904293578e-06
49,True,5,bottle,32,vase,,0.5345818400382996,1.256090521812439,1.2048825025558472,0.0512080192565918,0.0006516739958897233
50,True,6,bowl,29,tent,,0.6341914534568787,1.1996726989746094,1.0644433498382568,0.13522934913635254,0.001343170297332108
51,True,6,bowl,12,flower_pot,,0.4080250859260559,1.4511170387268066,1.3385887145996094,0.11252832412719727,0.0012642634101212025
52,True,5,bottle,32,vase,,0.8189436793327332,0.7403578758239746,0.712166965007782,0.028190910816192627,0.0001402702328050509
53,True,5,bottle,32,vase,,0.8696214556694031,0.5013313293457031,0.48893919587135315,0.012392133474349976,6.111248512752354e-05
54,True,10,cup,32,vase,,0.6895567774772644,0.9362362027168274,0.9128969311714172,0.023339271545410156,0.00020266328647267073
55,True,6,bowl,32,vase,,0.491706907749176,0.9129564762115479,0.8732218742370605,0.039734601974487305,0.0006276325439102948
56,True,5,bottle,32,vase,,0.8925871849060059,0.43366891145706177,0.4240434765815735,0.009625434875488281,4.8905516450759023e-05
57,True,20,laptop,29,tent,,0.40940579771995544,1.5355761051177979,1.4892604351043701,0.046315670013427734,0.0003754540521185845
58,True,6,bowl,29,tent,,0.484903484582901,1.7349586486816406,1.5922114849090576,0.142747163772583,0.001137327286414802
59,True,5,bottle,32,vase,,0.7835016846656799,0.8283399343490601,0.7848069667816162,0.04353296756744385,0.0003410577483009547
60,True,5,bottle,32,vase,,0.741283655166626,0.955398440361023,0.904233992099762,0.051164448261260986,0.0005005171988159418
61,True,18,keyboard,8,curtain,,0.4799036681652069,1.0769948959350586,1.0374171733856201,0.03957772254943848,0.00048422531108371913
62,True,18,keyboard,8,curtain,,0.45362401008605957,1.2326648235321045,1.1517103910446167,0.08095443248748779,0.0009667419944889843
63,True,20,laptop,10,door,,0.3873661458492279,1.7238844633102417,1.555127739906311,0.16875672340393066,0.0013127918355166912
64,True,5,bottle,32,vase,,0.6867836713790894,1.0492405891418457,0.9861878156661987,0.06305277347564697,0.0008540026028640568
65,True,5,bottle,32,vase,,0.8648180365562439,0.5705699920654297,0.55711430311203,0.013455688953399658,5.795156175736338e-05
66,True,5,bottle,32,vase,,0.8002553582191467,0.8367809653282166,0.8060994148254395,0.0306815505027771,0.00015838549006730318
67,True,5,bottle,32,vase,,0.884128749370575,0.4314137101173401,0.4239600896835327,0.007453620433807373,3.329967148602009e-05
68,True,10,cup,32,vase,,0.8760764002799988,0.44177886843681335,0.4349822700023651,0.006796598434448242,4.001475826953538e-05
69,True,5,bottle,32,vase,,0.9094116687774658,0.3753730058670044,0.36464616656303406,0.010726839303970337,5.340505231288262e-05
70,True,5,bottle,5,car,,0.8679778575897217,0.6132609248161316,0.5676553249359131,0.045605599880218506,0.0002850205637514591
71,True,5,bottle,32,vase,,0.7523162364959717,0.9384355545043945,0.9041445851325989,0.034290969371795654,0.0002488624886609614
72,True,5,bottle,32,vase,,0.6813482046127319,0.9984164237976074,0.9448297619819641,0.05358666181564331,0.000689262873493135
73,True,5,bottle,32,vase,,0.9345089197158813,0.29385906457901,0.28514552116394043,0.00871354341506958,2.741382922977209e-05
74,True,20,laptop,6,chair,,0.7430384755134583,1.1283482313156128,1.0342375040054321,0.09411072731018066,0.0009285160340368748
75,True,5,bottle,32,vase,,0.907856285572052,0.4487302303314209,0.4335204064846039,0.015209823846817017,5.5344276916002855e-05
76,True,5,bottle,32,vase,,0.8985447883605957,0.43776023387908936,0.4256387948989868,0.012121438980102539,3.930590901290998e-05
77,True,5,bottle,32,vase,,0.8106375336647034,0.8213350176811218,0.7790576815605164,0.04227733612060547,0.0002315168676432222
78,True,5,bottle,32,vase,,0.6421746015548706,1.222412109375,1.1731358766555786,0.04927623271942139,0.00040822027949616313
79,True,5,bottle,32,vase,,0.8444579243659973,0.6879624724388123,0.6648066639900208,0.023155808448791504,9.523555490886793e-05
80,True,5,bottle,32,vase,,0.9494086503982544,0.23768100142478943,0.23305928707122803,0.004621714353561401,1.1884802916029003e-05
81,True,18,keyboard,8,curtain,,0.4736381769180298,1.0956292152404785,1.0549206733703613,0.04070854187011719,0.0005385109689086676
82,True,5,bottle,32,vase,,0.8532414436340332,0.6452756524085999,0.616037130355835,0.029238522052764893,0.00012737566430587322
83,True,5,bottle,32,vase,,0.7799798846244812,0.8400959968566895,0.8140411972999573,0.026054799556732178,0.0001436769380234182
84,True,5,bottle,32,vase,,0.9155758023262024,0.34795036911964417,0.3404976427555084,0.007452726364135742,2.5261228074668907e-05
85,True,18,keyboard,0,airplane,,0.5837515592575073,1.3115956783294678,1.1127856969833374,0.19880998134613037,0.0026696017012000084
86,True,20,laptop,24,sink,,0.4652235805988312,1.772017002105713,1.702512264251709,0.0695047378540039,0.0005656524444930255
87,True,5,bottle,32,vase,,0.950194239616394,0.22986865043640137,0.22358761727809906,0.006281033158302307,2.1265566829242744e-05
88,True,5,bottle,32,vase,,0.9238711595535278,0.32595378160476685,0.3173125684261322,0.008641213178634644,3.638190173660405e-05
89,True,6,bowl,29,tent,,0.5332129597663879,1.2982221841812134,1.1878551244735718,0.1103670597076416,0.001526774954982102
90,True,10,cup,12,flower_pot,,0.48389673233032227,1.1806182861328125,1.130768895149231,0.04984939098358154,0.00040009801159612834
91,True,5,bottle,32,vase,,0.8572589159011841,0.6236430406570435,0.6001949906349182,0.023448050022125244,8.824760152492672e-05
92,True,5,bottle,32,vase,,0.8494272232055664,0.6958392858505249,0.6694915890693665,0.026347696781158447,9.772802150109783e-05
93,True,5,bottle,5,car,,0.6778109669685364,1.270557165145874,1.1656838655471802,0.10487329959869385,0.001148866955190897
94,True,20,laptop,2,bed,,0.9864054918289185,0.09944342076778412,0.08885854482650757,0.01058487594127655,6.817636403866345e-06
95,True,5,bottle,32,vase,,0.79473477602005,0.730151355266571,0.7059323787689209,0.024218976497650146,0.00011192975216545165
96,True,18,keyboard,10,door,,0.5749249458312988,0.897035539150238,0.8756758570671082,0.021359682083129883,0.0003035892441403121
97,True,5,bottle,32,vase,,0.776630163192749,0.9448425769805908,0.8975441455841064,0.047298431396484375,0.00028808394563384354
98,True,6,bowl,29,tent,,0.7159257531166077,0.7839468717575073,0.7029624581336975,0.08098441362380981,0.00111453200224787
99,True,5,bottle,32,vase,,0.9051831960678101,0.42847949266433716,0.4178844690322876,0.01059502363204956,2.7899388442165218e-05
100,True,10,cup,32,vase,,0.6857497096061707,0.8124291896820068,0.7972063422203064,0.01522284746170044,0.00010630123142618686
101,True,5,bottle,32,vase,,0.9435852766036987,0.2504408061504364,0.24490123987197876,0.005539566278457642,1.635512126085814e-05
102,True,20,laptop,24,sink,,0.4866671860218048,1.5446109771728516,1.4915398359298706,0.05307114124298096,0.00047817843733355403
103,True,10,cup,32,vase,,0.8747032880783081,0.44489219784736633,0.4348769187927246,0.010015279054641724,6.178315379656851e-05
104,True,5,bottle,32,vase,,0.9284838438034058,0.31066542863845825,0.30350443720817566,0.007160991430282593,2.6143987270188518e-05
105,True,18,keyboard,8,curtain,,0.46387720108032227,1.7292771339416504,1.5602679252624512,0.16900920867919922,0.001466150744818151
106,True,10,cup,32,vase,,0.6595373749732971,1.0526354312896729,1.0160176753997803,0.03661775588989258,0.00023621635045856237
107,True,10,cup,12,flower_pot,,0.444294273853302,1.6004045009613037,1.5003724098205566,0.10003209114074707,0.0008113106596283615
108,True,5,bottle,32,vase,,0.9327363967895508,0.29491376876831055,0.2885211408138275,0.006392627954483032,1.745929148455616e-05
109,True,6,bowl,29,tent,,0.7433714270591736,0.9671640396118164,0.8873630166053772,0.07980102300643921,0.0005852322210557759
110,True,10,cup,32,vase,,0.4917484521865845,1.1480662822723389,1.11473548412323,0.03333079814910889,0.0003117382002528757
111,True,18,keyboard,10,door,,0.595602810382843,0.9508117437362671,0.921565592288971,0.029246151447296143,0.0003405346942599863
112,True,5,bottle,32,vase,,0.9099107980728149,0.39228177070617676,0.3750680685043335,0.01721370220184326,6.121977639850229e-05
113,True,5,bottle,32,vase,,0.8748602867126465,0.5065661668777466,0.493648499250412,0.012917667627334595,5.063468051957898e-05
114,True,5,bottle,32,vase,,0.5090183615684509,1.2607767581939697,1.2143772840499878,0.046399474143981934,0.00055308872833848
115,True,5,bottle,32,vase,,0.8926743268966675,0.47927215695381165,0.4635031223297119,0.01576903462409973,5.953097206656821e-05
116,True,5,bottle,32,vase,,0.6042609214782715,1.5257847309112549,1.4809069633483887,0.04487776756286621,0.00022777396952733397
117,True,18,keyboard,8,curtain,,0.3893217146396637,1.919871211051941,1.753039002418518,0.16683220863342285,0.001489677233621478
118,True,5,bottle,32,vase,,0.8611930012702942,0.5111902952194214,0.5013495683670044,0.009840726852416992,4.936741606798023e-05
119,True,18,keyboard,10,door,,0.5121921300888062,0.9796277284622192,0.9521216154098511,0.027506113052368164,0.0003347987949382514
120,True,10,cup,32,vase,,0.39528217911720276,1.6119961738586426,1.555859923362732,0.056136250495910645,0.0005570754874497652
121,True,6,bowl,12,flower_pot,,0.513789176940918,1.3790459632873535,1.3194392919540405,0.05960667133331299,0.000506601354572922
122,True,5,bottle,32,vase,,0.7571136951446533,0.9400960206985474,0.8895533680915833,0.05054265260696411,0.0004035757156088948
123,True,5,bottle,32,vase,,0.42632362246513367,1.5151382684707642,1.4606431722640991,0.05449509620666504,0.0005540765705518425
124,True,5,bottle,32,vase,,0.9032108783721924,0.43984922766685486,0.4228168725967407,0.017032355070114136,4.306135087972507e-05
125,True,5,bottle,32,vase,,0.7168995141983032,0.9894095659255981,0.9504731297492981,0.03893643617630005,0.00020932889310643077
126,True,10,cup,32,vase,,0.5328917503356934,1.4583029747009277,1.3958680629730225,0.06243491172790527,0.0005043228156864643
127,True,5,bottle,32,vase,,0.9341792464256287,0.2770719528198242,0.2704688310623169,0.006603121757507324,3.0407774829654954e-05
128,True,6,bowl,12,flower_pot,,0.20676356554031372,2.140678644180298,2.039991855621338,0.10068678855895996,0.0006698168581351638
129,True,20,laptop,6,chair,,0.9214134216308594,0.37461984157562256,0.3151068091392517,0.05951303243637085,0.0004563273105304688
130,True,5,bottle,29,tent,,0.5118404626846313,1.0021309852600098,0.916571855545044,0.08555912971496582,0.0016185934655368328
131,True,5,bottle,32,vase,,0.6987836360931396,1.0164313316345215,0.9886780977249146,0.027753233909606934,0.000248328666202724
132,True,20,laptop,10,door,,0.602870762348175,1.2005348205566406,1.1117331981658936,0.08880162239074707,0.0007223521824926138
133,True,5,bottle,32,vase,,0.935459554195404,0.2801835834980011,0.27164751291275024,0.008536070585250854,1.9526816686266102e-05
134,True,5,bottle,32,vase,,0.9203245043754578,0.3602741062641144,0.35227471590042114,0.007999390363693237,2.5954595912480727e-05
135,True,6,bowl,12,flower_pot,,0.6063989996910095,1.194083571434021,1.1230016946792603,0.07108187675476074,0.0005297420429997146
136,True,5,bottle,32,vase,,0.7541472315788269,0.9922174215316772,0.9462355971336365,0.04598182439804077,0.00021317422215361148
137,True,10,cup,32,vase,,0.6733876466751099,1.1181788444519043,1.092236876487732,0.025941967964172363,0.00018716084014158696
138,True,5,bottle,32,vase,,0.9272228479385376,0.3104154169559479,0.30284175276756287,0.00757366418838501,3.0563893233193085e-05
139,True,5,bottle,32,vase,,0.7452024221420288,0.9097284078598022,0.8585161566734314,0.05121225118637085,0.0005199615843594074
140,True,5,bottle,32,vase,,0.8976625800132751,0.4311285614967346,0.42124685645103455,0.009881705045700073,4.255675230524503e-05
141,True,5,bottle,32,vase,,0.8904308676719666,0.46948131918907166,0.4585375487804413,0.010943770408630371,3.7315792724257335e-05
142,True,18,keyboard,8,curtain,,0.5185996294021606,1.26714289188385,1.2072006464004517,0.05994224548339844,0.0006003247108310461
143,True,5,bottle,32,vase,,0.9020940661430359,0.4160434603691101,0.4021056890487671,0.013937771320343018,4.788648948306218e-05
144,True,20,laptop,29,tent,,0.35780805349349976,2.0489871501922607,1.9946444034576416,0.05434274673461914,0.00033344700932502747
145,True,5,bottle,32,vase,,0.9102036356925964,0.4131237864494324,0.4015043377876282,0.0116194486618042,3.930298407794908e-05
146,True,5,bottle,32,vase,,0.8724212646484375,0.5757085084915161,0.5556997060775757,0.02000880241394043,6.744561687810346e-05
147,True,5,bottle,32,vase,,0.9435228109359741,0.253219872713089,0.24774816632270813,0.005471706390380859,2.0233148461556993e-05
148,True,18,keyboard,8,curtain,,0.5370699167251587,1.0277589559555054,0.9987388849258423,0.029020071029663086,0.00031781167490407825
149,True,5,bottle,32,vase,,0.8857349753379822,0.5105346441268921,0.49529990553855896,0.01523473858833313,5.29939316038508e-05
150,True,5,bottle,32,vase,,0.8495830297470093,0.6635078191757202,0.6344922184944153,0.02901560068130493,0.00011731753329513595
151,True,5,bottle,32,vase,,0.7289969325065613,0.9067989587783813,0.8863879442214966,0.020411014556884766,0.00017967804160434753
152,True,10,cup,32,vase,,0.8790410161018372,0.49472594261169434,0.48603370785713196,0.008692234754562378,2.6720894311438315e-05
153,True,5,bottle,32,vase,,0.8988782167434692,0.47516918182373047,0.461199015378952,0.013970166444778442,5.459488966153003e-05
154,True,10,cup,32,vase,,0.7670660614967346,0.6900884509086609,0.6800780296325684,0.01001042127609253,5.808247806271538e-05
155,True,20,laptop,9,desk,,0.3920009434223175,1.8645845651626587,1.6367460489273071,0.22783851623535156,0.00247950735501945
156,True,5,bottle,32,vase,,0.8901022672653198,0.4937872588634491,0.4822724461555481,0.011514812707901001,3.5037228371948004e-05
157,True,10,cup,32,vase,,0.901840329170227,0.37758854031562805,0.36364856362342834,0.013939976692199707,5.8663117670221254e-05
158,True,6,bowl,32,vase,,0.636300802230835,0.7559261918067932,0.734492301940918,0.021433889865875244,0.0003919092705473304
159,True,18,keyboard,14,guitar,,0.666499137878418,0.839466392993927,0.7159922122955322,0.12347418069839478,0.00245110085234046
160,True,5,bottle,32,vase,,0.8967143893241882,0.4803617596626282,0.4520973563194275,0.028264403343200684,0.00012253227760083973
161,True,5,bottle,32,vase,,0.8802217245101929,0.5232666730880737,0.506776750087738,0.016489923000335693,6.01370629738085e-05
162,True,20,laptop,6,chair,,0.8072642683982849,0.7063507437705994,0.6407055258750916,0.06564521789550781,0.0006804218282923102
163,True,20,laptop,6,chair,,0.9643181562423706,0.22894836962223053,0.20826652646064758,0.020681843161582947,4.853787686442956e-05
164,True,18,keyboard,8,curtain,,0.5892382860183716,1.227174997329712,1.1864598989486694,0.04071509838104248,0.0003002583980560303
165,True,6,bowl,12,flower_pot,,0.4351388216018677,1.362647294998169,1.2590253353118896,0.1036219596862793,0.0012101439060643315
166,True,5,bottle,32,vase,,0.6114138960838318,1.4342100620269775,1.3383764028549194,0.0958336591720581,0.0007278735283762217
167,True,5,bottle,32,vase,,0.9106273055076599,0.35391566157341003,0.34632113575935364,0.0075945258140563965,3.471279705991037e-05
168,True,5,bottle,21,plant,,0.43498241901397705,1.4006195068359375,1.3308135271072388,0.06980597972869873,0.0007452502613887191
169,True,6,bowl,32,vase,,0.719875693321228,0.6774193048477173,0.6574018001556396,0.020017504692077637,0.0003629236889537424
170,True,5,bottle,32,vase,,0.9309262633323669,0.36886394023895264,0.35409659147262573,0.014767348766326904,3.916566492989659e-05
171,True,10,cup,32,vase,,0.915113091468811,0.33151975274086,0.32552751898765564,0.005992233753204346,2.4534165277145803e-05
172,True,10,cup,32,vase,,0.686491072177887,1.1365504264831543,1.0315059423446655,0.10504448413848877,0.0009232727461494505
173,True,5,bottle,32,vase,,0.943023145198822,0.2524943947792053,0.2477138638496399,0.00478053092956543,1.1213434845558368e-05
174,True,6,bowl,12,flower_pot,,0.3763338029384613,1.7194299697875977,1.5954803228378296,0.12394964694976807,0.0011063505662605166
175,True,5,bottle,32,vase,,0.8420039415359497,0.6756570935249329,0.6419451236724854,0.03371196985244751,0.00020094351202715188
176,True,5,bottle,32,vase,,0.9077029824256897,0.35388413071632385,0.34757983684539795,0.006304293870925903,4.041437932755798e-05
177,True,20,laptop,6,chair,,0.25528764724731445,1.8938485383987427,1.5377391576766968,0.3561093807220459,0.004048662260174751
178,True,18,keyboard,28,table,,0.4540632367134094,1.6858375072479248,1.4579038619995117,0.22793364524841309,0.0023194074165076017
179,True,18,keyboard,3,bench,,0.33518385887145996,1.5874154567718506,1.5296900272369385,0.05772542953491211,0.0006429525674320757
