sample_idx,is_ood,true_label,true_class_name,pred_label,pred_class_name,correct,confidence,total_entropy,aleatoric,epistemic,variance
0,False,4,bookshelf,4,bookshelf,True,0.9598106741905212,0.2249617874622345,0.21534352004528046,0.00961826741695404,1.581817377882544e-05
1,False,0,airplane,0,airplane,True,0.999313473701477,0.006817074492573738,0.006024876143783331,0.0007921983487904072,4.7803823122194444e-08
2,False,2,bed,2,bed,True,0.46315422654151917,1.8731547594070435,1.7904375791549683,0.0827171802520752,0.0005634833360090852
3,False,6,chair,6,chair,True,0.9778408408164978,0.15567290782928467,0.1312766671180725,0.024396240711212158,2.586550726846326e-05
4,False,18,night_stand,11,dresser,False,0.5324089527130127,1.1655939817428589,1.1165646314620972,0.04902935028076172,0.0006414253148250282
5,False,32,vase,13,glass_box,False,0.3611730635166168,1.927323818206787,1.8150774240493774,0.11224639415740967,0.000805575109552592
6,False,30,toilet,30,toilet,True,0.9993351101875305,0.0068527949042618275,0.006150585599243641,0.0007022093050181866,2.3560353668017342e-08
7,False,30,toilet,30,toilet,True,0.9999458193778992,0.0006933051627129316,0.0006167980609461665,7.650710176676512e-05,2.2853889614093958e-10
8,False,23,range_hood,23,range_hood,True,0.659069836139679,0.7026923894882202,0.6615869402885437,0.041105449199676514,0.0008773229783400893
9,False,13,glass_box,13,glass_box,True,0.9927317500114441,0.05748077481985092,0.050865765661001205,0.006615009158849716,3.7349045669543557e-06
10,False,0,airplane,0,airplane,True,0.999835193157196,0.0019119958160445094,0.001717501087114215,0.00019449472893029451,2.9545799140606732e-09
11,False,28,table,28,table,True,0.9661359786987305,0.1733654886484146,0.15782620012760162,0.015539288520812988,3.9626269426662475e-05
12,False,30,toilet,30,toilet,True,0.9986333250999451,0.011551078408956528,0.009625841863453388,0.0019252365455031395,6.60010925912502e-07
13,False,32,vase,32,vase,True,0.9640600681304932,0.16268311440944672,0.15724046528339386,0.0054426491260528564,1.683876871538814e-05
14,False,25,sofa,2,bed,False,0.93296879529953,0.34310466051101685,0.3056064546108246,0.03749820590019226,0.00020011476590298116
15,False,6,chair,6,chair,True,0.9995676279067993,0.004606985487043858,0.004069609567523003,0.000537375919520855,3.779826585059709e-08
16,False,21,plant,21,plant,True,0.9364851713180542,0.3320175111293793,0.304707407951355,0.027310103178024292,5.67026982025709e-05
17,False,1,bathtub,1,bathtub,True,0.7627800107002258,0.7753671407699585,0.7152315974235535,0.06013554334640503,0.0007300464203581214
18,False,18,night_stand,18,night_stand,True,0.8511313199996948,0.721067488193512,0.6537154912948608,0.06735199689865112,0.00026316617731936276
19,False,30,toilet,30,toilet,True,0.9891138076782227,0.08276653289794922,0.07204832136631012,0.010718211531639099,7.51182233216241e-06
20,False,14,guitar,14,guitar,True,0.9991635084152222,0.00813499465584755,0.007203389424830675,0.0009316052310168743,7.548570835069768e-08
21,False,4,bookshelf,4,bookshelf,True,0.9513241052627563,0.22985541820526123,0.22072237730026245,0.00913304090499878,3.381696660653688e-05
22,False,17,monitor,17,monitor,True,0.9974154829978943,0.023795418441295624,0.02267834171652794,0.001117076724767685,9.991492788685719e-08
23,False,4,bookshelf,4,bookshelf,True,0.9820743799209595,0.11689358949661255,0.11034316569566727,0.006550423800945282,7.431348876707489e-06
24,False,0,airplane,0,airplane,True,0.981866717338562,0.11780048161745071,0.10091958194971085,0.016880899667739868,2.2567874111700803e-05
25,False,21,plant,19,person,False,0.5477371215820312,0.8570529222488403,0.7657446265220642,0.09130829572677612,0.001933378865942359
26,False,16,mantel,16,mantel,True,0.9862688779830933,0.0910971388220787,0.08534238487482071,0.005754753947257996,6.460742042690981e-06
27,False,5,car,5,car,True,0.9889354705810547,0.07738054543733597,0.07077497988939285,0.006605565547943115,3.651764473033836e-06
28,False,14,guitar,14,guitar,True,0.9970283508300781,0.02623354271054268,0.024256397038698196,0.0019771456718444824,2.3759039891046996e-07
29,False,2,bed,2,bed,True,0.9988387823104858,0.011531522497534752,0.009918822906911373,0.0016126995906233788,1.8691832792683272e-07
30,False,9,desk,9,desk,True,0.9948666095733643,0.04300050809979439,0.03732946887612343,0.0056710392236709595,3.1173801744444063e-06
31,False,5,car,5,car,True,0.9830641150474548,0.10005531460046768,0.09343031048774719,0.0066250041127204895,9.417179171578027e-06
32,False,31,tv_stand,31,tv_stand,True,0.6753585934638977,1.2014623880386353,1.0966635942459106,0.10479879379272461,0.0008307438693009317
33,False,31,tv_stand,31,tv_stand,True,0.7880064249038696,0.9187643527984619,0.8424640893936157,0.07630026340484619,0.0005396110936999321
34,False,28,table,28,table,True,0.9486334323883057,0.25212499499320984,0.2304564118385315,0.021668583154678345,9.526412759441882e-05
35,False,20,piano,20,piano,True,0.8677902221679688,0.6893602609634399,0.6422808170318604,0.04707944393157959,0.00021050195209681988
36,False,23,range_hood,23,range_hood,True,0.9784724116325378,0.11776718497276306,0.10781975090503693,0.009947434067726135,2.484143988112919e-05
37,False,32,vase,32,vase,True,0.5209394693374634,0.788496196269989,0.743146538734436,0.04534965753555298,0.0009781932458281517
38,False,23,range_hood,23,range_hood,True,0.6176681518554688,0.8440449237823486,0.7832071781158447,0.060837745666503906,0.0011415437329560518
39,False,25,sofa,25,sofa,True,0.9951584935188293,0.03910641372203827,0.03681745007634163,0.00228896364569664,5.891979526495561e-07
40,False,16,mantel,16,mantel,True,0.979671835899353,0.1179211214184761,0.10511849820613861,0.012802623212337494,2.7514532121131197e-05
41,False,18,night_stand,28,table,False,0.8592528104782104,0.5580581426620483,0.5102666616439819,0.047791481018066406,0.00038412734284065664
42,False,25,sofa,25,sofa,True,0.9985353350639343,0.013869224116206169,0.01296856440603733,0.0009006597101688385,6.500150817601025e-08
43,False,23,range_hood,23,range_hood,True,0.8205018639564514,0.4836236238479614,0.3999115526676178,0.08371207118034363,0.001648274133913219
44,False,16,mantel,16,mantel,True,0.9915593862533569,0.06377187371253967,0.0571565143764019,0.006615359336137772,4.655570592149161e-06
45,False,11,dresser,11,dresser,True,0.4690095782279968,1.3987113237380981,1.3409250974655151,0.05778622627258301,0.0006615071324631572
46,False,11,dresser,11,dresser,True,0.582815408706665,1.3185755014419556,1.22811758518219,0.09045791625976562,0.001069597085006535
47,False,0,airplane,0,airplane,True,0.9999425411224365,0.0007002755301073194,0.000627748784609139,7.252674549818039e-05,4.2985481840673856e-10
48,False,4,bookshelf,4,bookshelf,True,0.9796198606491089,0.11913356184959412,0.11367104202508926,0.005462519824504852,8.078846803982742e-06
49,False,5,car,5,car,True,0.9679269194602966,0.19546015560626984,0.1755066215991974,0.01995353400707245,4.0232407627627254e-05
50,False,16,mantel,16,mantel,True,0.9883432388305664,0.07465299963951111,0.06783799827098846,0.006815001368522644,5.922688615100924e-06
51,False,28,table,28,table,True,0.5751341581344604,1.2291207313537598,1.1198174953460693,0.10930323600769043,0.0013994817854836583
52,False,6,chair,6,chair,True,0.9999750852584839,0.0003372779756318778,0.0002973135269712657,3.9964448660612106e-05,7.816165770169192e-11
53,False,11,dresser,18,night_stand,False,0.4464035630226135,1.314561128616333,1.2671465873718262,0.047414541244506836,0.0004696871619671583
54,False,34,xbox,32,vase,False,0.25326237082481384,2.253300189971924,1.9444442987442017,0.30885589122772217,0.002399149350821972
55,False,17,monitor,17,monitor,True,0.46766337752342224,1.362762451171875,1.1749540567398071,0.18780839443206787,0.0030035616364330053
56,False,33,wardrobe,24,sink,False,0.8003742694854736,0.7554799914360046,0.6953553557395935,0.06012463569641113,0.0006008900818414986
57,False,20,piano,20,piano,True,0.9858352541923523,0.10175586491823196,0.08647569268941879,0.015280172228813171,1.309504295932129e-05
58,False,28,table,9,desk,False,0.7542755603790283,0.7600772976875305,0.712238609790802,0.047838687896728516,0.0005358264897949994
59,False,33,wardrobe,34,xbox,False,0.6717913150787354,0.9867925643920898,0.9353029727935791,0.05148959159851074,0.0006575643201358616
60,False,18,night_stand,18,night_stand,True,0.5192651152610779,1.381575584411621,1.2947869300842285,0.08678865432739258,0.0010276170214638114
61,False,30,toilet,30,toilet,True,0.999100387096405,0.008877415210008621,0.008090137504041195,0.0007872777059674263,4.758302196705699e-08
62,False,30,toilet,30,toilet,True,0.9993376135826111,0.006740222685039043,0.005194556899368763,0.0015456657856702805,2.4508065621375863e-07
63,False,4,bookshelf,4,bookshelf,True,0.9805894494056702,0.11485736072063446,0.10893987119197845,0.005917489528656006,7.252227078424767e-06
64,False,2,bed,2,bed,True,0.9960257411003113,0.033975131809711456,0.03175133094191551,0.002223800867795944,5.994517664476007e-07
65,False,17,monitor,17,monitor,True,0.9970881342887878,0.025393560528755188,0.02280384674668312,0.0025897137820720673,9.814693839871325e-07
66,False,4,bookshelf,4,bookshelf,True,0.9877045154571533,0.07810820639133453,0.07453980296850204,0.003568403422832489,3.0418466394621646e-06
67,False,23,range_hood,23,range_hood,True,0.8267239928245544,0.8738889098167419,0.760423481464386,0.11346542835235596,0.0008273654384538531
68,False,14,guitar,14,guitar,True,0.995184600353241,0.04092850908637047,0.036263588815927505,0.004664920270442963,1.190622128888208e-06
69,False,17,monitor,17,monitor,True,0.9281839728355408,0.4266127645969391,0.39245355129241943,0.03415921330451965,0.00012913004320580512
70,False,34,xbox,29,tent,False,0.4520309865474701,1.842694640159607,1.731818437576294,0.11087620258331299,0.0008609587675891817
71,False,31,tv_stand,31,tv_stand,True,0.7070128917694092,0.694240152835846,0.6409642696380615,0.053275883197784424,0.0008994304807856679
72,False,13,glass_box,13,glass_box,True,0.4445139765739441,1.598732829093933,1.5197107791900635,0.07902204990386963,0.0007168580777943134
73,False,31,tv_stand,4,bookshelf,False,0.6450102925300598,0.7169100642204285,0.6900603771209717,0.026849687099456787,0.0005826307460665703
74,False,22,radio,29,tent,False,0.3464840352535248,1.8911120891571045,1.751242756843567,0.1398693323135376,0.0011256022844463587
75,False,2,bed,1,bathtub,False,0.4422529339790344,1.5517911911010742,1.3733384609222412,0.178452730178833,0.002326060552150011
76,False,16,mantel,16,mantel,True,0.982837438583374,0.10589782148599625,0.09721868485212326,0.008679136633872986,1.2448263987607788e-05
77,False,7,cone,7,cone,True,0.6721250414848328,0.896343469619751,0.8024706244468689,0.09387284517288208,0.001544640283100307
78,False,21,plant,15,lamp,False,0.4688558578491211,1.66191565990448,1.5144096612930298,0.1475059986114502,0.001494031515903771
79,False,9,desk,18,night_stand,False,0.6268178224563599,1.2435555458068848,1.1791142225265503,0.06444132328033447,0.0006536656874231994
80,False,29,tent,29,tent,True,0.9401804208755493,0.32819563150405884,0.29181382060050964,0.036381810903549194,9.867482731351629e-05
81,False,28,table,28,table,True,0.3442097306251526,1.3855206966400146,1.2908204793930054,0.09470021724700928,0.0013396083377301693
82,False,0,airplane,0,airplane,True,0.9991998076438904,0.008058913983404636,0.0073773907497525215,0.0006815232336521149,3.9466531376319836e-08
83,False,16,mantel,16,mantel,True,0.9889248013496399,0.07550408691167831,0.0686601921916008,0.006843894720077515,6.2455110310111195e-06
84,False,31,tv_stand,3,bench,False,0.5181362628936768,0.7768373489379883,0.6968480944633484,0.07998925447463989,0.0019616889767348766
85,False,5,car,5,car,True,0.9852522611618042,0.10479201376438141,0.09121082723140717,0.013581186532974243,2.0651124941650778e-05
86,False,2,bed,2,bed,True,0.9915531277656555,0.0706990510225296,0.062325701117515564,0.008373349905014038,5.0399985411786474e-06
87,False,0,airplane,0,airplane,True,0.9999353885650635,0.0007951782317832112,0.0006932990509085357,0.00010187918087467551,8.28845492240049e-10
88,False,30,toilet,30,toilet,True,0.9993578791618347,0.006635429337620735,0.005921461619436741,0.0007139677181839943,3.188914732277226e-08
89,False,2,bed,34,xbox,False,0.4091147780418396,1.748272180557251,1.654608130455017,0.09366405010223389,0.0008198150317184627
90,False,25,sofa,25,sofa,True,0.997909426689148,0.017721593379974365,0.016795285046100616,0.0009263083338737488,1.1773413888249706e-07
91,False,16,mantel,16,mantel,True,0.9914857149124146,0.058443304151296616,0.054135750979185104,0.004307553172111511,2.5128235847660108e-06
92,False,9,desk,9,desk,True,0.9443347454071045,0.3485785126686096,0.28275027871131897,0.06582823395729065,0.0002642415929585695
93,False,25,sofa,25,sofa,True,0.9940877556800842,0.04850400611758232,0.04563950002193451,0.002864506095647812,6.863353405606176e-07
94,False,9,desk,9,desk,True,0.99267578125,0.05646509304642677,0.045242827385663986,0.011222265660762787,9.060952834261116e-06
95,False,30,toilet,30,toilet,True,0.9994226694107056,0.005890988744795322,0.0054647899232804775,0.0004261988215148449,1.6157430948737783e-08
96,False,9,desk,9,desk,True,0.9920921921730042,0.06357911974191666,0.054937176406383514,0.008641943335533142,5.309884272719501e-06
97,False,30,toilet,30,toilet,True,0.9983468651771545,0.01569383218884468,0.01450046431273222,0.001193367876112461,9.869526707007026e-08
98,False,30,toilet,30,toilet,True,0.9997491240501404,0.002761419862508774,0.002504794392734766,0.0002566254697740078,4.145288112766821e-09
99,False,0,airplane,0,airplane,True,0.9998228549957275,0.002056431258097291,0.0019023626809939742,0.00015406857710331678,1.775716795826554e-09
100,False,12,flower_pot,21,plant,False,0.3786020278930664,1.6619662046432495,1.5575026273727417,0.10446357727050781,0.0009415401727892458
101,False,21,plant,21,plant,True,0.37869101762771606,1.779571533203125,1.6504853963851929,0.12908613681793213,0.0008562442963011563
102,False,7,cone,7,cone,True,0.9951263666152954,0.036392610520124435,0.0336325541138649,0.0027600564062595367,9.83760628514574e-07
103,False,16,mantel,16,mantel,True,0.9895800948143005,0.06752617657184601,0.0620957687497139,0.005430407822132111,5.212226369621931e-06
104,False,13,glass_box,13,glass_box,True,0.4980929493904114,1.5416219234466553,1.4646971225738525,0.07692480087280273,0.000804891053121537
105,False,6,chair,6,chair,True,0.9950916767120361,0.03850977122783661,0.036368463188409805,0.0021413080394268036,6.124705578258727e-07
106,False,21,plant,26,stairs,False,0.7986672520637512,0.8621236085891724,0.7920981049537659,0.0700255036354065,0.00042047418537549675
107,False,18,night_stand,18,night_stand,True,0.5712336301803589,1.3997421264648438,1.3332027196884155,0.06653940677642822,0.00040403573075309396
108,False,33,wardrobe,33,wardrobe,True,0.5484008193016052,1.2412490844726562,1.1843661069869995,0.05688297748565674,0.0005768893170170486
109,False,3,bench,3,bench,True,0.9967743158340454,0.02554640918970108,0.022740788757801056,0.0028056204319000244,9.868107326838071e-07
110,False,31,tv_stand,31,tv_stand,True,0.7813325524330139,0.9004895687103271,0.8272748589515686,0.07321470975875854,0.0005215440760366619
111,False,29,tent,29,tent,True,0.8140352368354797,0.867127537727356,0.8015747666358948,0.06555277109146118,0.0002781454531941563
112,False,32,vase,32,vase,True,0.9491953253746033,0.26609331369400024,0.25416579842567444,0.011927515268325806,2.088564906443935e-05
113,False,5,car,5,car,True,0.6918608546257019,0.820059597492218,0.7069686055183411,0.11309099197387695,0.002109151566401124
114,False,0,airplane,0,airplane,True,0.9982802271842957,0.01552528329193592,0.014221121557056904,0.0013041617348790169,2.2235612107124325e-07
115,False,6,chair,6,chair,True,0.9996864199638367,0.0035171126946806908,0.0031926280353218317,0.00032448465935885906,7.228864618014086e-09
116,False,30,toilet,30,toilet,True,0.9388254284858704,0.3005799651145935,0.26293256878852844,0.037647396326065063,0.0002097556716762483
117,False,21,plant,21,plant,True,0.8862133622169495,0.4779514670372009,0.44438740611076355,0.03356406092643738,0.00016826557111926377
118,False,21,plant,21,plant,True,0.6885427832603455,0.7009227275848389,0.6813002824783325,0.019622445106506348,0.000246610987232998
119,False,30,toilet,30,toilet,True,0.9991754293441772,0.008491655811667442,0.007454975508153439,0.0010366803035140038,8.007604179738337e-08
120,False,14,guitar,14,guitar,True,0.9971784949302673,0.024120546877384186,0.02242816798388958,0.001692378893494606,3.1548674428449885e-07
121,False,0,airplane,0,airplane,True,0.9994086623191833,0.005903719458729029,0.005096270702779293,0.0008074487559497356,4.4242334240607306e-08
122,False,20,piano,31,tv_stand,False,0.3140564560890198,1.8085193634033203,1.5808006525039673,0.22771871089935303,0.0022304251324385405
123,False,31,tv_stand,4,bookshelf,False,0.7803856134414673,0.9000181555747986,0.8340264558792114,0.06599169969558716,0.00044800975592806935
124,False,30,toilet,30,toilet,True,0.9997571706771851,0.0027970033697783947,0.0025016649160534143,0.00029533845372498035,4.68250727081454e-09
125,False,17,monitor,17,monitor,True,0.9885464906692505,0.08613546192646027,0.07621435821056366,0.009921103715896606,9.279247024096549e-06
126,False,9,desk,18,night_stand,False,0.690396249294281,1.0469963550567627,0.9775429964065552,0.06945335865020752,0.0007248574984259903
127,False,14,guitar,14,guitar,True,0.9994733333587646,0.0055010500364005566,0.005153260659426451,0.00034778937697410583,8.903260351189601e-09
128,False,32,vase,32,vase,True,0.661218523979187,0.6786126494407654,0.6530438661575317,0.025568783283233643,0.0005449608433991671
129,False,16,mantel,16,mantel,True,0.6011493802070618,1.4573806524276733,1.3441146612167358,0.1132659912109375,0.0009445754694752395
130,False,0,airplane,0,airplane,True,0.9997574090957642,0.00273502035997808,0.0024462530855089426,0.0002887672744691372,8.01243249526351e-09
131,False,13,glass_box,13,glass_box,True,0.9232955574989319,0.3585837483406067,0.3068996071815491,0.05168414115905762,0.0004203721764497459
132,False,10,door,10,door,True,0.6934932470321655,0.6617482900619507,0.6285277009010315,0.03322058916091919,0.0006798768881708384
133,False,14,guitar,14,guitar,True,0.9985858798027039,0.013012005016207695,0.011613287962973118,0.0013987170532345772,1.4400416148419026e-07
134,False,2,bed,2,bed,True,0.42675697803497314,1.4315414428710938,1.3098914623260498,0.12164998054504395,0.0017018872313201427
135,False,17,monitor,17,monitor,True,0.9989707469940186,0.009441056288778782,0.008638574741780758,0.000802481546998024,6.197747381975205e-08
136,False,17,monitor,17,monitor,True,0.606030285358429,1.4802461862564087,1.401407241821289,0.07883894443511963,0.0007652369095012546
137,False,20,piano,25,sofa,False,0.3135976791381836,1.980830430984497,1.686048150062561,0.29478228092193604,0.0028083370998501778
138,False,0,airplane,0,airplane,True,0.999654233455658,0.003670957637950778,0.003128595184534788,0.0005423624534159899,1.741527455578762e-08
139,False,10,door,8,curtain,False,0.5381078720092773,1.2283334732055664,1.145068645477295,0.08326482772827148,0.0010055998573079705
140,False,21,plant,21,plant,True,0.47019144892692566,1.2153784036636353,1.1618516445159912,0.05352675914764404,0.000491863233037293
141,False,20,piano,20,piano,True,0.9969034790992737,0.027862848713994026,0.02571304701268673,0.0021498017013072968,3.3897603657351283e-07
142,False,5,car,5,car,True,0.9713961482048035,0.18757256865501404,0.16954860091209412,0.018023967742919922,4.00714052375406e-05
143,False,11,dresser,11,dresser,True,0.35655677318573,1.7057223320007324,1.6243280172348022,0.08139431476593018,0.0008004508563317358
144,False,34,xbox,19,person,False,0.2971881628036499,2.3773887157440186,2.1525771617889404,0.22481155395507812,0.0016561071388423443
145,False,23,range_hood,23,range_hood,True,0.7469438910484314,0.601988673210144,0.5607621669769287,0.04122650623321533,0.0008452307083643973
146,False,32,vase,32,vase,True,0.9504907727241516,0.2090350240468979,0.20322953164577484,0.005805492401123047,2.6912102839560248e-05
147,False,12,flower_pot,21,plant,False,0.5763923525810242,0.7630620002746582,0.7401353716850281,0.022926628589630127,0.0004150212334934622
148,False,5,car,5,car,True,0.9803248047828674,0.12752920389175415,0.11533535271883011,0.012193851172924042,1.7491081962361932e-05
149,False,16,mantel,16,mantel,True,0.9722861051559448,0.15983977913856506,0.1462794989347458,0.013560280203819275,2.5940580599126406e-05
150,False,14,guitar,14,guitar,True,0.9975131750106812,0.02213715761899948,0.02061241865158081,0.0015247389674186707,1.988562985388853e-07
151,False,11,dresser,11,dresser,True,0.41086795926094055,1.6615816354751587,1.528215765953064,0.13336586952209473,0.0014442368410527706
152,False,2,bed,2,bed,True,0.9979352355003357,0.01820981688797474,0.01577182672917843,0.0024379901587963104,6.76071351790597e-07
153,False,20,piano,28,table,False,0.7244336605072021,0.8929674625396729,0.7610062956809998,0.1319611668586731,0.0021501046139746904
154,False,6,chair,6,chair,True,0.9460470676422119,0.21865543723106384,0.18359176814556122,0.035063669085502625,0.000271630851784721
155,False,16,mantel,16,mantel,True,0.9905613660812378,0.06502392143011093,0.0545860156416893,0.01043790578842163,8.78513037605444e-06
156,False,1,bathtub,25,sofa,False,0.626734733581543,1.267723560333252,1.0979726314544678,0.16975092887878418,0.0019468286773189902
157,False,21,plant,21,plant,True,0.5660145878791809,1.362216830253601,1.114502191543579,0.24771463871002197,0.003362818155437708
158,False,5,car,5,car,True,0.5589902400970459,1.395830750465393,1.2141004800796509,0.1817302703857422,0.0022076747845858335
159,False,9,desk,9,desk,True,0.8528373837471008,0.7176315784454346,0.6490625739097595,0.06856900453567505,0.00042328148265369236
160,False,10,door,10,door,True,0.759634792804718,0.6075721979141235,0.5912800431251526,0.016292154788970947,0.0002573028323240578
161,False,9,desk,26,stairs,False,0.6741166710853577,1.13042414188385,0.9759711027145386,0.15445303916931152,0.0014984351582825184
162,False,18,night_stand,18,night_stand,True,0.5086159110069275,1.0237374305725098,0.9798900485038757,0.04384738206863403,0.0006558512104675174
163,False,25,sofa,25,sofa,True,0.9884373545646667,0.07592703402042389,0.07180038094520569,0.004126653075218201,3.825590283668134e-06
164,False,23,range_hood,23,range_hood,True,0.9107648730278015,0.5025603771209717,0.47011059522628784,0.03244978189468384,0.00011655246635200456
165,False,11,dresser,11,dresser,True,0.6576213836669922,1.0483005046844482,0.979841947555542,0.06845855712890625,0.0008377787307836115
166,False,14,guitar,14,guitar,True,0.9919278621673584,0.06365981698036194,0.052046529948711395,0.011613287031650543,9.400531780556776e-06
167,False,4,bookshelf,4,bookshelf,True,0.9733618497848511,0.16585972905158997,0.15420489013195038,0.011654838919639587,1.9288099792902358e-05
168,False,30,toilet,30,toilet,True,0.9992005228996277,0.007941147312521935,0.007047002669423819,0.0008941446430981159,5.585756568393663e-08
169,False,4,bookshelf,4,bookshelf,True,0.9623264074325562,0.18616309762001038,0.16586309671401978,0.0203000009059906,0.00010078079503728077
170,False,7,cone,7,cone,True,0.9955459833145142,0.03249313309788704,0.029059041291475296,0.003434091806411743,1.8333182651986135e-06
171,False,30,toilet,30,toilet,True,0.9968277215957642,0.02796681597828865,0.022079747170209885,0.005887068808078766,3.73728198610479e-06
172,False,15,lamp,15,lamp,True,0.6915279626846313,1.1393828392028809,1.0204429626464844,0.11893987655639648,0.0009753154590725899
173,False,19,person,19,person,True,0.5784755945205688,1.242367148399353,0.8661560416221619,0.37621110677719116,0.004717155359685421
174,False,30,toilet,30,toilet,True,0.9997534155845642,0.002781847259029746,0.002450002124533057,0.00033184513449668884,8.73657324262922e-09
175,False,6,chair,6,chair,True,0.9985083341598511,0.013426918536424637,0.012531952932476997,0.0008949656039476395,9.822598201481014e-08
176,False,8,curtain,17,monitor,False,0.8620233535766602,0.46382421255111694,0.42775681614875793,0.03606739640235901,0.0004150301683694124
177,False,30,toilet,30,toilet,True,0.9190338253974915,0.42262014746665955,0.37385743856430054,0.04876270890235901,0.00025355879915878177
178,False,23,range_hood,23,range_hood,True,0.9666398763656616,0.16433753073215485,0.15292492508888245,0.0114126056432724,3.7700596294598654e-05
179,False,23,range_hood,23,range_hood,True,0.9662506580352783,0.18145184218883514,0.16750897467136383,0.013942867517471313,2.9428347261273302e-05
180,False,14,guitar,14,guitar,True,0.9937881827354431,0.047863055020570755,0.04199938476085663,0.005863670259714127,3.1963952551450348e-06
181,False,25,sofa,25,sofa,True,0.9988671541213989,0.010837025940418243,0.009949246421456337,0.0008877795189619064,8.195001299782234e-08
182,False,5,car,5,car,True,0.8611887693405151,0.5761832594871521,0.5078406929969788,0.06834256649017334,0.0006683621322736144
183,False,1,bathtub,1,bathtub,True,0.7427989840507507,0.9551379680633545,0.8837882876396179,0.07134968042373657,0.0007835586438886821
184,False,25,sofa,25,sofa,True,0.9505143761634827,0.24778629839420319,0.23342911899089813,0.014357179403305054,4.0901675674831495e-05
185,False,4,bookshelf,4,bookshelf,True,0.9887110590934753,0.07375673949718475,0.06944243609905243,0.004314303398132324,3.048083726753248e-06
186,False,5,car,5,car,True,0.993826150894165,0.05019587278366089,0.045287810266017914,0.004908062517642975,2.013875700868084e-06
187,False,23,range_hood,23,range_hood,True,0.8251795172691345,0.5059322118759155,0.468664288520813,0.03726792335510254,0.0005714409635402262
188,False,4,bookshelf,4,bookshelf,True,0.8575035929679871,0.6083729267120361,0.5466888546943665,0.06168407201766968,0.0004972399328835309
189,False,29,tent,29,tent,True,0.6809666752815247,1.189286470413208,1.1179734468460083,0.07131302356719971,0.0006322424742393196
190,False,17,monitor,17,monitor,True,0.9973155856132507,0.022255655378103256,0.020084833726286888,0.002170821651816368,4.942194209434092e-07
191,False,28,table,28,table,True,0.9981711506843567,0.01608608476817608,0.014529455453157425,0.0015566293150186539,1.893165517685702e-07
192,False,23,range_hood,23,range_hood,True,0.9821487665176392,0.10954007506370544,0.0988708883523941,0.01066918671131134,1.5440620700246654e-05
193,False,21,plant,21,plant,True,0.45046958327293396,1.5295830965042114,1.4006158113479614,0.12896728515625,0.0015873037045821548
194,False,1,bathtub,1,bathtub,True,0.8713245391845703,0.6098610758781433,0.554692268371582,0.05516880750656128,0.0003111228288616985
195,False,0,airplane,0,airplane,True,0.9960674047470093,0.030495300889015198,0.02743866853415966,0.0030566323548555374,1.1473424592622905e-06
196,False,6,chair,6,chair,True,0.999755322933197,0.0027859173715114594,0.002426677383482456,0.00035923998802900314,1.1179221104384851e-08
197,False,31,tv_stand,4,bookshelf,False,0.7524957656860352,0.9765448570251465,0.9120884537696838,0.06445640325546265,0.0005655272398144007
198,False,4,bookshelf,4,bookshelf,True,0.9407892227172852,0.3163957893848419,0.2981146275997162,0.018281161785125732,4.7529421863146126e-05
199,False,32,vase,32,vase,True,0.8992717862129211,0.34749576449394226,0.3356234133243561,0.011872351169586182,0.00011027461005141959
200,False,11,dresser,11,dresser,True,0.6194782257080078,1.2212625741958618,1.1531893014907837,0.06807327270507812,0.0006956441793590784
201,False,13,glass_box,13,glass_box,True,0.5962311029434204,1.148115873336792,1.0919227600097656,0.05619311332702637,0.0008057840168476105
202,False,13,glass_box,13,glass_box,True,0.524843156337738,1.4266693592071533,1.3604869842529297,0.06618237495422363,0.0006190681597217917
203,False,22,radio,34,xbox,False,0.7466134428977966,0.8532745242118835,0.8045763373374939,0.04869818687438965,0.00042137267882935703
204,False,17,monitor,17,monitor,True,0.9997749328613281,0.0025058963801711798,0.002350366674363613,0.00015552970580756664,1.9811341456232867e-09
205,False,21,plant,21,plant,True,0.6289253830909729,0.9112204909324646,0.8816812038421631,0.029539287090301514,0.00027779952506534755
206,False,11,dresser,11,dresser,True,0.5724778771400452,1.1358040571212769,1.0757441520690918,0.06005990505218506,0.0007013959693722427
207,False,18,night_stand,27,stool,False,0.48285165429115295,1.4209270477294922,1.2626798152923584,0.1582472324371338,0.0020694478880614042
208,False,14,guitar,14,guitar,True,0.9519438147544861,0.29262688755989075,0.22955743968486786,0.06306944787502289,0.0003307338629383594
209,False,31,tv_stand,34,xbox,False,0.1849670112133026,2.6128997802734375,2.431828737258911,0.18107104301452637,0.0008144152234308422
210,False,23,range_hood,23,range_hood,True,0.977157711982727,0.11482144147157669,0.10493888705968857,0.009882554411888123,2.7601790861808695e-05
211,False,11,dresser,11,dresser,True,0.4461948275566101,1.5515847206115723,1.4853111505508423,0.06627357006072998,0.0006738218362443149
212,False,12,flower_pot,32,vase,False,0.9445782899856567,0.23699156939983368,0.22524328529834747,0.011748284101486206,4.6660250518471e-05
213,False,13,glass_box,33,wardrobe,False,0.6194486021995544,1.2045350074768066,1.1532385349273682,0.05129647254943848,0.0005076731322333217
214,False,23,range_hood,23,range_hood,True,0.7573108673095703,0.5840728282928467,0.5229879021644592,0.06108492612838745,0.0012097846483811736
215,False,8,curtain,8,curtain,True,0.7335909605026245,0.8275454640388489,0.7683334350585938,0.05921202898025513,0.0006482520257122815
216,False,24,sink,24,sink,True,0.9496428370475769,0.2813982665538788,0.26388853788375854,0.01750972867012024,4.051344149047509e-05
217,False,26,stairs,26,stairs,True,0.8742692470550537,0.6241428852081299,0.501194417476654,0.12294846773147583,0.0006431678193621337
218,False,15,lamp,15,lamp,True,0.995960533618927,0.032825104892253876,0.025323180481791496,0.0075019244104623795,3.2920245303103e-06
219,False,23,range_hood,23,range_hood,True,0.7503084540367126,0.607624351978302,0.5385152101516724,0.06910914182662964,0.0014203567989170551
220,False,30,toilet,30,toilet,True,0.9964073896408081,0.03064400516450405,0.026802686974406242,0.003841318190097809,1.3870297834728262e-06
221,False,30,toilet,30,toilet,True,0.9420055150985718,0.3080780506134033,0.2678462564945221,0.040231794118881226,0.00013848634262103587
222,False,10,door,21,plant,False,0.5868589282035828,0.9598837494850159,0.8691921830177307,0.09069156646728516,0.0016882733907550573
223,False,11,dresser,18,night_stand,False,0.7129229307174683,1.1250840425491333,1.052103877067566,0.07298016548156738,0.0006001762230880558
224,False,20,piano,20,piano,True,0.5826927423477173,1.491840124130249,1.391760230064392,0.10007989406585693,0.0009581510676071048
225,False,14,guitar,14,guitar,True,0.993324339389801,0.05182994157075882,0.048269692808389664,0.003560248762369156,8.779508107181755e-07
226,False,28,table,28,table,True,0.9829729199409485,0.10158329457044601,0.09340284019708633,0.00818045437335968,8.46339844429167e-06
227,False,10,door,10,door,True,0.9576318264007568,0.23173141479492188,0.21024802327156067,0.021483391523361206,5.00385467603337e-05
228,False,5,car,5,car,True,0.9978437423706055,0.01878625899553299,0.017043499276041985,0.001742759719491005,2.627383537401329e-07
229,False,6,chair,6,chair,True,0.9911519885063171,0.06291180849075317,0.05266495421528816,0.010246854275465012,1.4874623047944624e-05
230,False,31,tv_stand,31,tv_stand,True,0.6324376463890076,0.8401916027069092,0.8112154006958008,0.0289762020111084,0.00041124550625681877
231,False,21,plant,21,plant,True,0.7521775364875793,0.9227080345153809,0.8561180233955383,0.06659001111984253,0.0003722547844517976
232,False,31,tv_stand,20,piano,False,0.36957111954689026,2.1768081188201904,2.0641191005706787,0.11268901824951172,0.000805899384431541
233,False,17,monitor,17,monitor,True,0.9987471103668213,0.011938020586967468,0.0109823327511549,0.0009556878358125687,6.437300470452101e-08
234,False,17,monitor,17,monitor,True,0.9907882809638977,0.07337966561317444,0.0686415284872055,0.004738137125968933,2.0290619886509376e-06
235,False,1,bathtub,1,bathtub,True,0.7019147276878357,0.9574681520462036,0.8803339600563049,0.07713419198989868,0.001026370795443654
236,False,3,bench,3,bench,True,0.535678505897522,1.6548428535461426,1.4483752250671387,0.2064676284790039,0.0015127891674637794
237,False,11,dresser,11,dresser,True,0.768628716468811,0.8196053504943848,0.7921220064163208,0.027483344078063965,0.00024538044817745686
238,False,16,mantel,16,mantel,True,0.9769732356071472,0.13669124245643616,0.1267387419939041,0.009952500462532043,1.6584670447628014e-05
239,False,16,mantel,16,mantel,True,0.9679050445556641,0.17950384318828583,0.15941540896892548,0.02008843421936035,5.474467980093323e-05
240,False,2,bed,2,bed,True,0.9898370504379272,0.07512695342302322,0.06806068867444992,0.007066264748573303,5.879099717276404e-06
241,False,20,piano,20,piano,True,0.5018008947372437,1.729148507118225,1.4680653810501099,0.26108312606811523,0.002463433425873518
242,False,21,plant,21,plant,True,0.7508516907691956,0.7076131105422974,0.6677478551864624,0.03986525535583496,0.00041735265403985977
243,False,18,night_stand,18,night_stand,True,0.739025890827179,0.8317445516586304,0.7472967505455017,0.08444780111312866,0.0009649821440689266
244,False,30,toilet,30,toilet,True,0.9926972985267639,0.05302880331873894,0.04226423799991608,0.01076456531882286,9.191208846459631e-06
245,False,12,flower_pot,21,plant,False,0.6553556323051453,0.8896287083625793,0.8492278456687927,0.04040086269378662,0.000273676763754338
246,False,4,bookshelf,10,door,False,0.8424535393714905,0.5115704536437988,0.4909301996231079,0.020640254020690918,0.00019671798509079963
247,False,21,plant,15,lamp,False,0.3516911268234253,1.8715182542800903,1.6734386682510376,0.19807958602905273,0.002007398521527648
248,False,28,table,9,desk,False,0.6234527826309204,1.123488426208496,1.0255002975463867,0.09798812866210938,0.0013408133527264
249,False,2,bed,2,bed,True,0.9977504014968872,0.02074452117085457,0.017020298168063164,0.0037242230027914047,1.0841529274330242e-06
250,False,2,bed,2,bed,True,0.9984236359596252,0.014653012156486511,0.01327719260007143,0.001375819556415081,1.4213671306606557e-07
251,False,29,tent,29,tent,True,0.493005633354187,1.024590253829956,0.9115485548973083,0.1130416989326477,0.0019539794884622097
252,False,32,vase,32,vase,True,0.7591012716293335,0.7302749156951904,0.6751043796539307,0.055170536041259766,0.0005223032785579562
253,False,20,piano,20,piano,True,0.5326443314552307,1.2791411876678467,1.1276720762252808,0.15146911144256592,0.002388767432421446
254,False,1,bathtub,1,bathtub,True,0.8815057873725891,0.5448084473609924,0.5156662464141846,0.02914220094680786,0.00011363974044797942
255,False,14,guitar,14,guitar,True,0.9743307828903198,0.16874076426029205,0.14292439818382263,0.02581636607646942,4.420469849719666e-05
256,False,23,range_hood,23,range_hood,True,0.41389015316963196,1.4422492980957031,1.3344440460205078,0.10780525207519531,0.0014326691161841154
257,False,27,stool,32,vase,False,0.6881111264228821,0.9765002131462097,0.9169828295707703,0.05951738357543945,0.0005987418699078262
258,False,11,dresser,11,dresser,True,0.5941295623779297,1.018642783164978,0.9596880078315735,0.05895477533340454,0.0008253065752796829
259,False,11,dresser,11,dresser,True,0.5010451674461365,1.651818037033081,1.5383460521697998,0.11347198486328125,0.0009733590413816273
260,False,18,night_stand,18,night_stand,True,0.47810083627700806,1.3217661380767822,1.2548482418060303,0.06691789627075195,0.000874713936354965
261,False,20,piano,20,piano,True,0.3251296281814575,1.9778831005096436,1.8734904527664185,0.1043926477432251,0.0009735298226587474
262,False,7,cone,7,cone,True,0.9689234495162964,0.14897002279758453,0.13535280525684357,0.013617217540740967,5.6549255532445386e-05
263,False,20,piano,20,piano,True,0.9117313623428345,0.5267221331596375,0.4946512281894684,0.03207090497016907,0.00011290366091998294
264,False,13,glass_box,13,glass_box,True,0.9964949488639832,0.02963164448738098,0.026040339842438698,0.0035913046449422836,1.0836851060957997e-06
265,False,2,bed,2,bed,True,0.8033797144889832,0.8699990510940552,0.7771332859992981,0.09286576509475708,0.0007167488220147789
266,False,14,guitar,14,guitar,True,0.9900560975074768,0.07074612379074097,0.0646430104970932,0.006103113293647766,4.548371180135291e-06
267,False,30,toilet,30,toilet,True,0.9973857402801514,0.022850435227155685,0.017076725140213966,0.005773710086941719,3.905957328242948e-06
268,False,18,night_stand,18,night_stand,True,0.36855608224868774,1.7926278114318848,1.6362502574920654,0.15637755393981934,0.0013034562580287457
269,False,25,sofa,25,sofa,True,0.9416535496711731,0.3075268268585205,0.2778082489967346,0.02971857786178589,0.00010476712486706674
270,False,18,night_stand,18,night_stand,True,0.9406425356864929,0.3549453020095825,0.3217724561691284,0.0331728458404541,9.051342203747481e-05
271,False,29,tent,29,tent,True,0.8406403660774231,0.5980499982833862,0.5413163304328918,0.056733667850494385,0.00045040520490147173
272,False,1,bathtub,1,bathtub,True,0.6982637047767639,1.2397373914718628,1.1214760541915894,0.11826133728027344,0.0011312766000628471
273,False,4,bookshelf,4,bookshelf,True,0.9881418943405151,0.07488837838172913,0.07129766047000885,0.003590717911720276,3.5641689919430064e-06
274,False,20,piano,20,piano,True,0.8315411806106567,0.7930892109870911,0.7499205470085144,0.04316866397857666,0.0002719960466492921
275,False,28,table,28,table,True,0.9987239241600037,0.01199275441467762,0.010025983676314354,0.001966770738363266,3.1648005460738204e-07
276,False,32,vase,32,vase,True,0.859863817691803,0.5912675261497498,0.5543635487556458,0.036903977394104004,0.00025867289514280856
277,False,14,guitar,8,curtain,False,0.4203377366065979,1.3475141525268555,1.2303307056427002,0.11718344688415527,0.0013914065202698112
278,False,30,toilet,30,toilet,True,0.9992877840995789,0.007314641028642654,0.006559013854712248,0.0007556271739304066,4.631638006458161e-08
279,False,4,bookshelf,4,bookshelf,True,0.8726117014884949,0.6613373160362244,0.596749484539032,0.06458783149719238,0.00039076554821804166
280,False,5,car,5,car,True,0.9872695207595825,0.0950426533818245,0.08749039471149445,0.007552258670330048,4.90892080051708e-06
281,False,2,bed,2,bed,True,0.9973990321159363,0.023840654641389847,0.018435025587677956,0.005405629053711891,3.1990425668482203e-06
282,False,0,airplane,0,airplane,True,0.9999497532844543,0.0006332839839160442,0.0005783539381809533,5.493004573509097e-05,2.8213475999905313e-10
283,False,30,toilet,30,toilet,True,0.9970318675041199,0.024835292249917984,0.02032373659312725,0.004511555656790733,2.2940387225389713e-06
284,False,30,toilet,30,toilet,True,0.9998055696487427,0.0022879536263644695,0.0020398213528096676,0.00024813227355480194,3.0533975348134845e-09
285,False,18,night_stand,18,night_stand,True,0.8912423253059387,0.5693185925483704,0.5362722873687744,0.03304630517959595,0.000122540004667826
286,False,31,tv_stand,31,tv_stand,True,0.646025538444519,1.2091984748840332,1.1160577535629272,0.09314072132110596,0.0007481462089344859
287,False,6,chair,6,chair,True,0.9978131651878357,0.02018672600388527,0.018100660294294357,0.002086065709590912,2.531383245241159e-07
288,False,31,tv_stand,4,bookshelf,False,0.7931290864944458,0.5600581169128418,0.5216766595840454,0.03838145732879639,0.0005809058202430606
289,False,23,range_hood,23,range_hood,True,0.9913966059684753,0.06834003329277039,0.0629611536860466,0.005378879606723785,2.0969937395420857e-06
290,False,11,dresser,31,tv_stand,False,0.6355964541435242,1.336604118347168,1.2362141609191895,0.10038995742797852,0.0008496130467392504
291,False,14,guitar,14,guitar,True,0.9992483854293823,0.007238492835313082,0.006590463686734438,0.0006480291485786438,4.2494885832411455e-08
292,False,11,dresser,11,dresser,True,0.34547311067581177,1.954559326171875,1.8200289011001587,0.1345304250717163,0.0012215211754664779
293,False,8,curtain,4,bookshelf,False,0.411210834980011,1.1278325319290161,1.0209182500839233,0.10691428184509277,0.0021023245062679052
294,False,9,desk,20,piano,False,0.4087941348552704,1.6731057167053223,1.5406479835510254,0.13245773315429688,0.0014490147586911917
295,False,20,piano,20,piano,True,0.9973152875900269,0.02412724681198597,0.02234651707112789,0.001780729740858078,2.400597338692023e-07
296,False,32,vase,32,vase,True,0.4066610038280487,1.642366647720337,1.5275232791900635,0.11484336853027344,0.0008114763768389821
297,False,14,guitar,14,guitar,True,0.9986789226531982,0.01223629992455244,0.010943309403955936,0.0012929905205965042,1.2978057384316344e-07
298,False,18,night_stand,18,night_stand,True,0.47645103931427,1.7751009464263916,1.6798182725906372,0.0952826738357544,0.0007405390497297049
299,False,5,car,5,car,True,0.9203980565071106,0.37751924991607666,0.3432147204875946,0.034304529428482056,0.00017003467655740678
300,False,17,monitor,17,monitor,True,0.9972403645515442,0.021254194900393486,0.019024940207600594,0.0022292546927928925,8.034856477934227e-07
301,False,25,sofa,25,sofa,True,0.9984817504882812,0.014310702681541443,0.012629866600036621,0.0016808360815048218,2.4455860625494097e-07
302,False,30,toilet,30,toilet,True,0.9993155002593994,0.007104444783180952,0.0062806811183691025,0.0008237636648118496,4.8572683652992055e-08
303,False,10,door,10,door,True,0.9476653337478638,0.2570664584636688,0.22956959903240204,0.027496859431266785,0.00010780018783407286
304,False,32,vase,32,vase,True,0.9317036271095276,0.3624655604362488,0.3415413498878479,0.02092421054840088,4.348356378613971e-05
305,False,32,vase,32,vase,True,0.8393506407737732,0.5576468706130981,0.5241029262542725,0.033543944358825684,0.000235446568694897
306,False,21,plant,32,vase,False,0.6609667539596558,1.2052431106567383,1.1555750370025635,0.049668073654174805,0.0002726649690885097
307,False,0,airplane,0,airplane,True,0.9960559606552124,0.0287464652210474,0.023082995787262917,0.005663469433784485,4.080236976733431e-06
308,False,0,airplane,0,airplane,True,0.9995705485343933,0.0047966716811060905,0.0041584656573832035,0.000638206023722887,3.2585901976744935e-08
309,False,17,monitor,17,monitor,True,0.991515576839447,0.06308889389038086,0.056957341730594635,0.006131552159786224,5.508435151568847e-06
310,False,5,car,5,car,True,0.9692422151565552,0.1667216420173645,0.13683946430683136,0.029882177710533142,0.0001743133325362578
311,False,20,piano,20,piano,True,0.9279196262359619,0.4047652781009674,0.3559325635433197,0.048832714557647705,0.00015098098083399236
312,False,25,sofa,25,sofa,True,0.9970672130584717,0.025890102609992027,0.023400219157338142,0.002489883452653885,4.842473231292388e-07
313,False,28,table,28,table,True,0.8805081844329834,0.5865272879600525,0.5086937546730042,0.07783353328704834,0.00043753747013397515
314,False,11,dresser,11,dresser,True,0.7295922636985779,1.0327717065811157,0.9809342622756958,0.05183744430541992,0.00041604676516726613
315,False,5,car,5,car,True,0.9868571162223816,0.09408360719680786,0.08361229300498962,0.010471314191818237,1.081262143998174e-05
316,False,0,airplane,0,airplane,True,0.9978205561637878,0.01975758746266365,0.017453011125326157,0.002304576337337494,3.989558479133848e-07
317,False,11,dresser,11,dresser,True,0.7774855494499207,0.8261875510215759,0.7986577749252319,0.027529776096343994,0.00019158629584126174
318,False,25,sofa,25,sofa,True,0.9982950091362,0.015193752944469452,0.013539695180952549,0.001654057763516903,3.276452673617314e-07
319,False,12,flower_pot,21,plant,False,0.5290221571922302,1.0599379539489746,1.0279518365859985,0.031986117362976074,0.0002877618826460093
320,False,12,flower_pot,32,vase,False,0.9597426056861877,0.18843400478363037,0.18167361617088318,0.006760388612747192,1.5671061191824265e-05
321,False,28,table,28,table,True,0.9979445338249207,0.017905492335557938,0.016207708045840263,0.0016977842897176743,2.9703991799578944e-07
322,False,32,vase,32,vase,True,0.9021407961845398,0.43845224380493164,0.3985857665538788,0.039866477251052856,0.00017597433179616928
323,False,31,tv_stand,4,bookshelf,False,0.9501449465751648,0.22880858182907104,0.21636101603507996,0.012447565793991089,4.487877231440507e-05
324,False,20,piano,20,piano,True,0.9242932796478271,0.41514167189598083,0.35562267899513245,0.05951899290084839,0.00023053147015161812
325,False,5,car,5,car,True,0.923907458782196,0.4071378707885742,0.37359419465065,0.033543676137924194,0.00013510507415048778
326,False,26,stairs,11,dresser,False,0.33058032393455505,1.9668655395507812,1.842424988746643,0.12444055080413818,0.001106420299038291
327,False,23,range_hood,16,mantel,False,0.7526425719261169,1.0102713108062744,0.9072204828262329,0.1030508279800415,0.0008739361073821783
328,False,15,lamp,15,lamp,True,0.9903818964958191,0.06881210207939148,0.06247641518712044,0.006335686892271042,3.920258222933626e-06
329,False,28,table,28,table,True,0.9196310639381409,0.3802008628845215,0.3431105613708496,0.037090301513671875,0.00014561919670086354
330,False,16,mantel,10,door,False,0.48124179244041443,1.3602898120880127,1.2864090204238892,0.07388079166412354,0.0007644224097020924
331,False,25,sofa,25,sofa,True,0.9978163242340088,0.01943078264594078,0.01789466105401516,0.001536121591925621,2.0944382583820698e-07
332,False,31,tv_stand,31,tv_stand,True,0.9104479551315308,0.45724594593048096,0.4221358895301819,0.03511005640029907,9.928487270371988e-05
333,False,20,piano,20,piano,True,0.9501714110374451,0.2992759048938751,0.2761393189430237,0.02313658595085144,5.651760147884488e-05
334,False,30,toilet,30,toilet,True,0.9969052076339722,0.02654767781496048,0.023812415078282356,0.0027352627366781235,5.150308197698905e-07
335,False,21,plant,26,stairs,False,0.3442588150501251,1.697042465209961,1.4717572927474976,0.22528517246246338,0.002645305125042796
336,False,14,guitar,14,guitar,True,0.9974610805511475,0.021543268114328384,0.019600829109549522,0.001942439004778862,3.771351657633204e-07
337,False,6,chair,6,chair,True,0.9915201663970947,0.06155486777424812,0.05710112303495407,0.004453744739294052,1.9758360849664314e-06
338,False,21,plant,21,plant,True,0.49258261919021606,1.295980453491211,1.1890770196914673,0.10690343379974365,0.000901119492482394
339,False,14,guitar,14,guitar,True,0.9918009638786316,0.05992352217435837,0.05380791053175926,0.006115611642599106,4.56425777883851e-06
340,False,31,tv_stand,31,tv_stand,True,0.9483959674835205,0.2989315390586853,0.2775297164916992,0.021401822566986084,3.9933351217769086e-05
341,False,5,car,5,car,True,0.9881673455238342,0.0851442962884903,0.07560338824987411,0.00954090803861618,1.1441998140071519e-05
342,False,13,glass_box,13,glass_box,True,0.9765542149543762,0.15299971401691437,0.12593398988246918,0.02706572413444519,5.7350473070982844e-05
343,False,2,bed,2,bed,True,0.9990164637565613,0.009694728069007397,0.008628048934042454,0.001066679134964943,6.708403077482217e-08
344,False,14,guitar,14,guitar,True,0.9954991936683655,0.03677927702665329,0.033290255814790726,0.003489021211862564,9.37397885536484e-07
345,False,23,range_hood,23,range_hood,True,0.9802786707878113,0.11373239755630493,0.10166089981794357,0.012071497738361359,2.9520238967961632e-05
346,False,16,mantel,16,mantel,True,0.9908241033554077,0.06317666918039322,0.05680109187960625,0.006375577300786972,3.765849896808504e-06
347,False,31,tv_stand,4,bookshelf,False,0.5552288889884949,1.0794055461883545,1.0048366785049438,0.07456886768341064,0.001064264914020896
348,False,2,bed,2,bed,True,0.9940633177757263,0.04790366441011429,0.041854627430438995,0.006049036979675293,4.959281795891002e-06
349,False,1,bathtub,1,bathtub,True,0.5959295630455017,1.6572409868240356,1.538658618927002,0.11858236789703369,0.0010679417755454779
350,False,21,plant,7,cone,False,0.3923463225364685,1.7734272480010986,1.6135920286178589,0.15983521938323975,0.0016733950469642878
351,False,24,sink,24,sink,True,0.708581268787384,0.6980982422828674,0.646173894405365,0.05192434787750244,0.0009984206408262253
352,False,14,guitar,14,guitar,True,0.9987401366233826,0.011644271202385426,0.010328575037419796,0.0013156961649656296,2.0787099686003785e-07
353,False,13,glass_box,33,wardrobe,False,0.578286349773407,1.266752004623413,1.215986967086792,0.050765037536621094,0.0004670618800446391
354,False,6,chair,6,chair,True,0.9990857839584351,0.008083367720246315,0.007163261529058218,0.000920106191188097,1.1426485002630216e-07
355,False,14,guitar,14,guitar,True,0.9931354522705078,0.04971209913492203,0.044795241206884384,0.004916857928037643,3.2124219160323264e-06
356,False,18,night_stand,18,night_stand,True,0.9668941497802734,0.20440655946731567,0.1799771785736084,0.024429380893707275,5.54445905436296e-05
357,False,9,desk,9,desk,True,0.9778199791908264,0.1438760608434677,0.13272258639335632,0.01115347445011139,1.4877428839099593e-05
358,False,14,guitar,14,guitar,True,0.9971199035644531,0.025615274906158447,0.02241400070488453,0.003201274201273918,9.378741765431187e-07
359,False,9,desk,9,desk,True,0.30297642946243286,1.8607854843139648,1.7436439990997314,0.1171414852142334,0.0010631064651533961
360,False,9,desk,9,desk,True,0.9677475094795227,0.2048863172531128,0.17711547017097473,0.02777084708213806,5.805374530609697e-05
361,False,16,mantel,16,mantel,True,0.7657924890518188,0.9390541315078735,0.8210715055465698,0.11798262596130371,0.0010966392001137137
362,False,32,vase,32,vase,True,0.9430244565010071,0.25118300318717957,0.24061186611652374,0.010571137070655823,4.135180643061176e-05
363,False,18,night_stand,11,dresser,False,0.46909207105636597,1.1244782209396362,1.0794070959091187,0.04507112503051758,0.0005739608313888311
364,False,0,airplane,0,airplane,True,0.9991404414176941,0.008535834029316902,0.00729029905050993,0.0012455349788069725,1.9677743523516256e-07
365,False,17,monitor,17,monitor,True,0.999129593372345,0.007643747143447399,0.0067495363764464855,0.0008942107670009136,1.7309159261458262e-07
366,False,23,range_hood,23,range_hood,True,0.965449333190918,0.17197094857692719,0.14935490489006042,0.02261604368686676,0.00010151320020668209
367,False,17,monitor,17,monitor,True,0.49193334579467773,1.6606183052062988,1.521889328956604,0.13872897624969482,0.0012311197351664305
368,False,9,desk,9,desk,True,0.9566956162452698,0.2558608651161194,0.2402726262807846,0.015588238835334778,2.9586211894638836e-05
369,False,2,bed,2,bed,True,0.9717230200767517,0.18566733598709106,0.16271035373210907,0.022956982254981995,5.829310248373076e-05
370,False,29,tent,25,sofa,False,0.46404191851615906,1.5971802473068237,1.3388429880142212,0.25833725929260254,0.0034614542964845896
371,False,9,desk,9,desk,True,0.7136627435684204,0.8623540997505188,0.6933847069740295,0.16896939277648926,0.002501355018466711
372,False,14,guitar,14,guitar,True,0.9967496395111084,0.027380337938666344,0.025047985836863518,0.002332352101802826,3.9504112692156923e-07
373,False,23,range_hood,23,range_hood,True,0.6514027714729309,0.7264574766159058,0.6488071084022522,0.07765036821365356,0.0017386401304975152
374,False,28,table,28,table,True,0.9422968626022339,0.3050251603126526,0.2753917872905731,0.029633373022079468,7.08034640410915e-05
375,False,17,monitor,17,monitor,True,0.9783472418785095,0.1223273053765297,0.11370816081762314,0.008619144558906555,1.4082426787354052e-05
376,False,16,mantel,16,mantel,True,0.9682461023330688,0.17709150910377502,0.16384707391262054,0.01324443519115448,2.7986881832475774e-05
377,False,34,xbox,34,xbox,True,0.4504355490207672,1.5930588245391846,1.459722638130188,0.13333618640899658,0.001384685398079455
378,False,11,dresser,18,night_stand,False,0.7433395385742188,0.6454467177391052,0.5956553816795349,0.04979133605957031,0.0010143838590011
379,False,16,mantel,16,mantel,True,0.9882392883300781,0.07099908590316772,0.053364675492048264,0.01763441041111946,5.753511140937917e-05
380,False,24,sink,19,person,False,0.6613191962242126,1.36750066280365,1.2387089729309082,0.1287916898727417,0.0010541509836912155
381,False,13,glass_box,13,glass_box,True,0.9876916408538818,0.08776096999645233,0.07999787479639053,0.007763095200061798,4.980516678187996e-06
382,False,25,sofa,25,sofa,True,0.9686755537986755,0.19998329877853394,0.18148285150527954,0.018500447273254395,3.365515294717625e-05
383,False,14,guitar,14,guitar,True,0.9988856911659241,0.010502212680876255,0.008825595490634441,0.0016766171902418137,2.3045663510856684e-07
384,False,28,table,28,table,True,0.9975706934928894,0.021527403965592384,0.019591493532061577,0.0019359104335308075,2.7036685423809104e-07
385,False,9,desk,28,table,False,0.5412680506706238,1.1861178874969482,1.1034350395202637,0.08268284797668457,0.0009033092646859586
386,False,4,bookshelf,4,bookshelf,True,0.6182534694671631,1.2636343240737915,0.988394021987915,0.27524030208587646,0.0031273176427930593
387,False,13,glass_box,13,glass_box,True,0.9981714487075806,0.016592836007475853,0.015299996361136436,0.0012928396463394165,1.4359022770804586e-07
388,False,19,person,19,person,True,0.9862485527992249,0.0901988223195076,0.06940243393182755,0.020796388387680054,3.70552261301782e-05
389,False,22,radio,22,radio,True,0.789246678352356,0.9097445011138916,0.7515369653701782,0.15820753574371338,0.0012124793138355017
390,False,0,airplane,0,airplane,True,0.9997188448905945,0.0031922743655741215,0.0028100055642426014,0.0003822688013315201,1.2685475780926936e-08
391,False,17,monitor,17,monitor,True,0.997308075428009,0.02468675747513771,0.023010078817605972,0.0016766786575317383,2.3501597468111868e-07
392,False,18,night_stand,11,dresser,False,0.31239211559295654,1.6474637985229492,1.582526683807373,0.06493711471557617,0.00046051215031184256
393,False,2,bed,2,bed,True,0.4878540635108948,1.8653662204742432,1.7215650081634521,0.14380121231079102,0.0011826867703348398
394,False,17,monitor,17,monitor,True,0.9978291988372803,0.01953045465052128,0.0181056447327137,0.001424809917807579,1.803275040401786e-07
395,False,17,monitor,17,monitor,True,0.9874016642570496,0.09654160588979721,0.0888427346944809,0.007698871195316315,6.664941793133039e-06
396,False,12,flower_pot,32,vase,False,0.8935658931732178,0.35661181807518005,0.3505314290523529,0.0060803890228271484,4.543125396594405e-05
397,False,21,plant,21,plant,True,0.6202906370162964,0.9202144742012024,0.8761106133460999,0.04410386085510254,0.0002865200222004205
398,False,17,monitor,17,monitor,True,0.8078517913818359,0.7900086045265198,0.7176445126533508,0.07236409187316895,0.0006825017044320703
399,False,25,sofa,25,sofa,True,0.9877665042877197,0.07714644819498062,0.07307188957929611,0.004074558615684509,4.219696620566538e-06
400,False,16,mantel,16,mantel,True,0.9882749319076538,0.08122431486845016,0.07169686257839203,0.009527452290058136,8.934222023526672e-06
401,False,20,piano,20,piano,True,0.7783870697021484,0.8986685872077942,0.8186109066009521,0.08005768060684204,0.0008009332814253867
402,False,2,bed,2,bed,True,0.9730804562568665,0.16518372297286987,0.13913430273532867,0.0260494202375412,8.155321847880259e-05
403,False,5,car,5,car,True,0.9727426767349243,0.16408133506774902,0.14804983139038086,0.016031503677368164,3.1606479751644656e-05
404,False,2,bed,28,table,False,0.5379610061645508,1.296630859375,1.167051911354065,0.12957894802093506,0.0019568700809031725
405,False,21,plant,21,plant,True,0.6497144103050232,0.7679232358932495,0.7495340704917908,0.01838916540145874,0.0001947234122781083
406,False,4,bookshelf,4,bookshelf,True,0.9864709377288818,0.08143582940101624,0.0769236609339714,0.00451216846704483,5.602023975370685e-06
407,False,13,glass_box,13,glass_box,True,0.9950743913650513,0.039380915462970734,0.03493335470557213,0.004447560757398605,1.789951625141839e-06
408,False,26,stairs,15,lamp,False,0.4538254141807556,1.2562233209609985,1.143824815750122,0.11239850521087646,0.001692116493359208
409,False,14,guitar,14,guitar,True,0.5909520387649536,0.9229889512062073,0.7868911623954773,0.13609778881072998,0.002603730885311961
410,False,0,airplane,0,airplane,True,0.9996129274368286,0.004176785238087177,0.0036966116167604923,0.00048017362132668495,2.1071988598464486e-08
411,False,32,vase,32,vase,True,0.9069353938102722,0.4531813859939575,0.424316942691803,0.02886444330215454,8.911800250643864e-05
412,False,10,door,10,door,True,0.9230696558952332,0.32040828466415405,0.29847368597984314,0.021934598684310913,0.00010948638373520225
413,False,28,table,28,table,True,0.9850524663925171,0.08794719725847244,0.07834625244140625,0.009600944817066193,1.963447721209377e-05
414,False,6,chair,6,chair,True,0.9994730353355408,0.005721876863390207,0.005254071671515703,0.0004678051918745041,1.4568113826385343e-08
415,False,32,vase,32,vase,True,0.9631836414337158,0.1830058991909027,0.17607952654361725,0.006926372647285461,1.3878946447221097e-05
416,False,18,night_stand,18,night_stand,True,0.4946519434452057,1.3906893730163574,1.3192322254180908,0.0714571475982666,0.0006437337724491954
417,False,18,night_stand,27,stool,False,0.5729053616523743,1.096444010734558,0.9858598709106445,0.11058413982391357,0.001561883371323347
418,False,6,chair,6,chair,True,0.856521725654602,0.6079007387161255,0.5467923879623413,0.06110835075378418,0.00040203792741522193
419,False,11,dresser,11,dresser,True,0.7092917561531067,0.9247052669525146,0.8613618016242981,0.06334346532821655,0.0007078135386109352
420,False,20,piano,20,piano,True,0.9931097626686096,0.057472746819257736,0.05083756893873215,0.006635177880525589,3.313654588055215e-06
421,False,5,car,5,car,True,0.9931342005729675,0.05518414080142975,0.050450339913368225,0.0047338008880615234,1.9060404383708374e-06
422,False,32,vase,12,flower_pot,False,0.27471521496772766,2.0619280338287354,1.9021936655044556,0.15973436832427979,0.0012164926156401634
423,False,0,airplane,0,airplane,True,0.9993796944618225,0.006786877755075693,0.006244082469493151,0.0005427952855825424,2.2484282879986495e-08
424,False,0,airplane,0,airplane,True,0.9997298121452332,0.002913878532126546,0.0024512370582669973,0.00046264147385954857,2.2050173242860183e-08
425,False,17,monitor,17,monitor,True,0.6603132486343384,1.467505931854248,1.3489736318588257,0.11853229999542236,0.0008427726570516825
426,False,17,monitor,17,monitor,True,0.9919500946998596,0.059118177741765976,0.053332965821027756,0.00578521192073822,4.942887244396843e-06
427,False,2,bed,2,bed,True,0.9933244585990906,0.0511571429669857,0.04582607001066208,0.005331072956323624,2.409454054941307e-06
428,False,11,dresser,11,dresser,True,0.35123634338378906,1.5252249240875244,1.4297853708267212,0.09543955326080322,0.001223607687279582
429,False,28,table,28,table,True,0.963670551776886,0.18060216307640076,0.16270966827869415,0.017892494797706604,6.208179547684267e-05
430,False,12,flower_pot,32,vase,False,0.9570149779319763,0.213821142911911,0.20608942210674286,0.007731720805168152,1.4062676200410351e-05
431,False,30,toilet,30,toilet,True,0.9922446012496948,0.05858268216252327,0.051924075931310654,0.006658606231212616,4.865220034844242e-06
432,False,16,mantel,16,mantel,True,0.9731940031051636,0.1607019007205963,0.14623665809631348,0.014465242624282837,2.6155483283218928e-05
433,False,2,bed,2,bed,True,0.9978587031364441,0.019464485347270966,0.0168679878115654,0.0025964975357055664,6.803399514865305e-07
434,False,6,chair,6,chair,True,0.9997395873069763,0.0029546297155320644,0.0027206609956920147,0.00023396871984004974,3.921230451453539e-09
435,False,4,bookshelf,4,bookshelf,True,0.9828797578811646,0.10625709593296051,0.10108546912670135,0.005171626806259155,5.031956789025571e-06
436,False,0,airplane,0,airplane,True,0.9993528127670288,0.0066841160878539085,0.005866607651114464,0.0008175084367394447,5.368642064240703e-08
437,False,32,vase,24,sink,False,0.4544202387332916,1.7614600658416748,1.6754392385482788,0.086020827293396,0.0005923591088503599
438,False,3,bench,3,bench,True,0.9894262552261353,0.07307133078575134,0.06342123448848724,0.009650096297264099,9.560912985762116e-06
439,False,20,piano,20,piano,True,0.5613880157470703,1.3664250373840332,1.15542471408844,0.21100032329559326,0.0025174880865961313
440,False,23,range_hood,23,range_hood,True,0.9492998719215393,0.26535606384277344,0.24146023392677307,0.023895829916000366,6.711546302540228e-05
441,False,6,chair,6,chair,True,0.7886015772819519,0.5721661448478699,0.437695175409317,0.13447096943855286,0.0027015928644686937
442,False,13,glass_box,13,glass_box,True,0.9874385595321655,0.0818314403295517,0.07499399036169052,0.0068374499678611755,7.542553703387966e-06
443,False,21,plant,15,lamp,False,0.41893112659454346,1.7663530111312866,1.4480338096618652,0.3183192014694214,0.0032350015826523304
444,False,0,airplane,0,airplane,True,0.9994045495986938,0.006114495452493429,0.005274681374430656,0.0008398140780627728,6.177979372523623e-08
445,False,30,toilet,30,toilet,True,0.9643293023109436,0.2243092954158783,0.20275554060935974,0.021553754806518555,5.1864331908291206e-05
446,False,13,glass_box,13,glass_box,True,0.9947386384010315,0.04068196564912796,0.03606497123837471,0.00461699441075325,2.359084646741394e-06
447,False,2,bed,2,bed,True,0.9560404419898987,0.26219475269317627,0.22590020298957825,0.03629454970359802,0.00010573161853244528
448,False,9,desk,9,desk,True,0.6540456414222717,1.3815003633499146,1.3008078336715698,0.08069252967834473,0.0006393562653101981
449,False,5,car,5,car,True,0.9936298131942749,0.05077752843499184,0.045173246413469315,0.005604282021522522,3.209822807548335e-06
450,False,5,car,5,car,True,0.8457068204879761,0.7599056959152222,0.6953001618385315,0.06460553407669067,0.00040475791320204735
451,False,30,toilet,30,toilet,True,0.9967924952507019,0.02836032398045063,0.02378487028181553,0.004575453698635101,2.038973207163508e-06
452,False,4,bookshelf,4,bookshelf,True,0.848148763179779,0.669693648815155,0.6384642124176025,0.03122943639755249,0.00017023284453898668
453,False,32,vase,32,vase,True,0.954355776309967,0.1976594477891922,0.19108550250530243,0.0065739452838897705,2.5629473384469748e-05
454,False,9,desk,9,desk,True,0.981772780418396,0.11823393404483795,0.10183464735746384,0.016399286687374115,4.506412005866878e-05
455,False,13,glass_box,13,glass_box,True,0.9859705567359924,0.10429941862821579,0.09340422600507736,0.010895192623138428,5.665694516210351e-06
456,False,1,bathtub,25,sofa,False,0.45175468921661377,1.5144675970077515,1.4124571084976196,0.10201048851013184,0.0010827382793650031
457,False,9,desk,9,desk,True,0.9937860369682312,0.050479043275117874,0.044822853058576584,0.00565619021654129,2.1916926016274374e-06
458,False,31,tv_stand,31,tv_stand,True,0.874329149723053,0.4596893787384033,0.4348938763141632,0.024795502424240112,0.00016988397692330182
459,False,20,piano,25,sofa,False,0.9219576716423035,0.3707364499568939,0.3356033265590668,0.03513312339782715,0.000229757308261469
460,False,14,guitar,14,guitar,True,0.9433485865592957,0.3360845148563385,0.28314512968063354,0.052939385175704956,0.00026692100800573826
461,False,25,sofa,25,sofa,True,0.9970930218696594,0.025703486055135727,0.023586224764585495,0.002117261290550232,4.771940211867332e-07
462,False,31,tv_stand,31,tv_stand,True,0.34069615602493286,1.9111829996109009,1.6689724922180176,0.2422105073928833,0.002100778743624687
463,False,21,plant,12,flower_pot,False,0.3682894706726074,1.2743849754333496,1.1932265758514404,0.08115839958190918,0.0010954135796055198
464,False,13,glass_box,13,glass_box,True,0.9181588292121887,0.4231262505054474,0.37968748807907104,0.04343876242637634,0.000221407157368958
465,False,20,piano,20,piano,True,0.9703870415687561,0.21062099933624268,0.1928616464138031,0.017759352922439575,2.3341970518231392e-05
466,False,4,bookshelf,4,bookshelf,True,0.9865976572036743,0.09021005779504776,0.08427204936742783,0.005938008427619934,5.0096100494556595e-06
467,False,9,desk,26,stairs,False,0.608883798122406,1.3776775598526,1.2390302419662476,0.13864731788635254,0.0011997633846476674
468,False,1,bathtub,1,bathtub,True,0.9292648434638977,0.31210020184516907,0.2862709164619446,0.025829285383224487,0.00015878863632678986
469,False,28,table,28,table,True,0.9503082633018494,0.26607757806777954,0.24381011724472046,0.022267460823059082,5.335855166777037e-05
470,False,23,range_hood,16,mantel,False,0.40626850724220276,1.685888409614563,1.5017064809799194,0.18418192863464355,0.002134734997525811
471,False,1,bathtub,25,sofa,False,0.8402486443519592,0.5614711046218872,0.5139804482460022,0.04749065637588501,0.00044974792399443686
472,False,14,guitar,14,guitar,True,0.998766303062439,0.011398440226912498,0.009647323749959469,0.0017511164769530296,3.850366567803576e-07
473,False,4,bookshelf,26,stairs,False,0.42451661825180054,1.780251383781433,1.61978280544281,0.16046857833862305,0.0013965254183858633
474,False,19,person,19,person,True,0.6048455834388733,0.8778842687606812,0.7409402132034302,0.13694405555725098,0.002892671851441264
475,False,2,bed,2,bed,True,0.9966714382171631,0.027839934453368187,0.02409612201154232,0.0037438124418258667,1.0816687563419691e-06
476,False,28,table,28,table,True,0.979958713054657,0.13296723365783691,0.117995485663414,0.014971747994422913,1.997322942770552e-05
477,False,31,tv_stand,18,night_stand,False,0.8567029237747192,0.5929670929908752,0.5397093296051025,0.053257763385772705,0.0003627218247856945
478,False,31,tv_stand,31,tv_stand,True,0.38595905900001526,2.0890562534332275,1.8526339530944824,0.23642230033874512,0.0014172658557072282
479,False,11,dresser,11,dresser,True,0.594332754611969,1.1733264923095703,1.1039092540740967,0.06941723823547363,0.0009762651170603931
480,False,25,sofa,25,sofa,True,0.995858907699585,0.034488048404455185,0.03245581313967705,0.002032235264778137,4.794569008481631e-07
481,False,5,car,29,tent,False,0.8054006099700928,0.941967248916626,0.8218385577201843,0.12012869119644165,0.0006655769539065659
482,False,13,glass_box,13,glass_box,True,0.988834023475647,0.08204015344381332,0.07189199328422546,0.01014816015958786,7.89048044680385e-06
483,False,17,monitor,17,monitor,True,0.9993450045585632,0.006693002302199602,0.006238854024559259,0.0004541482776403427,1.7513031025373493e-08
484,False,30,toilet,30,toilet,True,0.9992924928665161,0.006933185271918774,0.006132088135927916,0.0008010971359908581,6.572753363798256e-08
485,False,4,bookshelf,4,bookshelf,True,0.9780512452125549,0.1287621408700943,0.12184015661478043,0.006921984255313873,1.0243500582873821e-05
486,False,25,sofa,25,sofa,True,0.6591514945030212,0.754906177520752,0.7042359709739685,0.05067020654678345,0.0010317856213077903
487,False,32,vase,32,vase,True,0.727138340473175,1.2062753438949585,1.119079828262329,0.0871955156326294,0.00046295582433231175
488,False,20,piano,20,piano,True,0.9988201260566711,0.01172306016087532,0.010817188769578934,0.0009058713912963867,5.9495025794831236e-08
489,False,27,stool,27,stool,True,0.7329504489898682,1.0122439861297607,0.9257100224494934,0.08653396368026733,0.0009403118165209889
490,False,6,chair,6,chair,True,0.9968093037605286,0.028684210032224655,0.02675139158964157,0.001932818442583084,3.2683138329048234e-07
491,False,11,dresser,31,tv_stand,False,0.7453311085700989,1.1698641777038574,1.072069525718689,0.09779465198516846,0.00041562889236956835
492,False,25,sofa,25,sofa,True,0.9957117438316345,0.03663823753595352,0.03337455168366432,0.0032636858522892,8.68570907641697e-07
493,False,31,tv_stand,31,tv_stand,True,0.32487261295318604,1.7059316635131836,1.6290221214294434,0.07690954208374023,0.0007598837255500257
494,False,30,toilet,30,toilet,True,0.9985663294792175,0.012612207792699337,0.011257031001150608,0.001355176791548729,2.5392239422217244e-07
495,False,17,monitor,17,monitor,True,0.9919288754463196,0.05722535774111748,0.0534793846309185,0.0037459731101989746,2.3700404199189506e-06
496,False,0,airplane,0,airplane,True,0.998379111289978,0.013866827823221684,0.010227685794234276,0.0036391420289874077,1.8924728237834643e-06
497,False,31,tv_stand,31,tv_stand,True,0.9516212344169617,0.26013123989105225,0.24345628917217255,0.0166749507188797,3.4386284823995084e-05
498,False,11,dresser,11,dresser,True,0.8054835200309753,0.8548251390457153,0.8135912418365479,0.04123389720916748,0.00024907864280976355
499,False,21,plant,12,flower_pot,False,0.33288833498954773,1.4884096384048462,1.3888447284698486,0.09956490993499756,0.0010011880658566952
500,False,2,bed,2,bed,True,0.9961287379264832,0.03329652547836304,0.02946910448372364,0.0038274209946393967,7.86875432368106e-07
501,False,21,plant,26,stairs,False,0.4945003390312195,1.6309845447540283,1.4373631477355957,0.19362139701843262,0.001612753258086741
502,False,32,vase,32,vase,True,0.5508327484130859,1.2783187627792358,1.2105742692947388,0.06774449348449707,0.0007853848510421813
503,False,20,piano,18,night_stand,False,0.24715420603752136,1.9743252992630005,1.8472684621810913,0.12705683708190918,0.0010603771079331636
504,False,3,bench,3,bench,True,0.9582789540290833,0.23309925198554993,0.21325238049030304,0.019846871495246887,4.6108849346637726e-05
505,False,25,sofa,25,sofa,True,0.9993234276771545,0.0067367469891905785,0.006290920544415712,0.0004458264447748661,1.9061207723325424e-08
506,False,13,glass_box,17,monitor,False,0.6661550998687744,1.2822120189666748,1.1633278131484985,0.11888420581817627,0.0010738454293459654
507,False,13,glass_box,13,glass_box,True,0.9964249134063721,0.0306086465716362,0.02776419185101986,0.0028444547206163406,6.549946078848734e-07
508,False,28,table,28,table,True,0.7017244696617126,0.9963303804397583,0.9378169178962708,0.05851346254348755,0.000556762155611068
509,False,9,desk,9,desk,True,0.9956275820732117,0.03815116733312607,0.033914968371391296,0.004236198961734772,1.1071372227888787e-06
510,False,28,table,28,table,True,0.8086360692977905,0.5815860033035278,0.5375526547431946,0.04403334856033325,0.0005801772349514067
511,False,20,piano,20,piano,True,0.9841013550758362,0.11412972211837769,0.10115926712751389,0.0129704549908638,1.4293573258328252e-05
512,False,28,table,28,table,True,0.9120346903800964,0.339996874332428,0.31437522172927856,0.025621652603149414,0.00020354460866656154
513,False,9,desk,9,desk,True,0.9956648349761963,0.038890592753887177,0.034649308770895004,0.004241283982992172,8.856595741235651e-07
514,False,5,car,5,car,True,0.8242046236991882,0.8929315805435181,0.8179956674575806,0.0749359130859375,0.00041604734724387527
515,False,6,chair,6,chair,True,0.9994217157363892,0.005862060934305191,0.005213323514908552,0.0006487374193966389,4.165062961192234e-08
516,False,2,bed,2,bed,True,0.9987581372261047,0.01152618695050478,0.010450875386595726,0.0010753115639090538,9.03801549156924e-08
517,False,14,guitar,14,guitar,True,0.9990445375442505,0.009218012914061546,0.008412163704633713,0.0008058492094278336,3.268723602900536e-08
518,False,25,sofa,25,sofa,True,0.9990054965019226,0.009618878364562988,0.008626514114439487,0.0009923642501235008,1.1458952542398038e-07
519,False,6,chair,6,chair,True,0.9880594611167908,0.07225652039051056,0.06774751096963882,0.004509009420871735,5.230184342508437e-06
520,False,23,range_hood,23,range_hood,True,0.8781430721282959,0.38499516248703003,0.3209221661090851,0.06407299637794495,0.0009552979026921093
521,False,7,cone,7,cone,True,0.44842642545700073,1.1867904663085938,1.0517184734344482,0.1350719928741455,0.0023446613922715187
522,False,32,vase,12,flower_pot,False,0.4999025762081146,0.9334142208099365,0.8742700219154358,0.05914419889450073,0.0006162832723930478
523,False,34,xbox,34,xbox,True,0.6811926364898682,0.9449493885040283,0.8636199831962585,0.08132940530776978,0.0010418201563879848
524,False,18,night_stand,18,night_stand,True,0.47427576780319214,1.5523310899734497,1.493124008178711,0.05920708179473877,0.0005883910343982279
525,False,31,tv_stand,31,tv_stand,True,0.8142916560173035,0.9295726418495178,0.8541877269744873,0.07538491487503052,0.0003527939261402935
526,False,10,door,10,door,True,0.6708595752716064,0.6904723048210144,0.6630775332450867,0.027394771575927734,0.0005892487242817879
527,False,6,chair,6,chair,True,0.9406331181526184,0.29375532269477844,0.25781017541885376,0.03594514727592468,0.00019173132022842765
528,False,30,toilet,30,toilet,True,0.3472953140735626,1.9330259561538696,1.8030834197998047,0.12994253635406494,0.0014499580720439553
529,False,4,bookshelf,4,bookshelf,True,0.7947203516960144,0.6377392411231995,0.6146251559257507,0.02311408519744873,0.00023873512691352516
530,False,28,table,28,table,True,0.9349633455276489,0.3034149706363678,0.27097395062446594,0.032441020011901855,0.00016466400120407343
531,False,31,tv_stand,31,tv_stand,True,0.8657459020614624,0.6985636949539185,0.6434637308120728,0.0550999641418457,0.00020536640658974648
532,False,13,glass_box,13,glass_box,True,0.9937936067581177,0.0485539510846138,0.04041637107729912,0.008137580007314682,5.726206836698111e-06
533,False,17,monitor,17,monitor,True,0.9994574189186096,0.005491826217621565,0.005155955441296101,0.00033587077632546425,1.0436075115194399e-08
534,False,31,tv_stand,3,bench,False,0.7145299911499023,0.9002310633659363,0.8161595463752747,0.08407151699066162,0.0010670163901522756
535,False,31,tv_stand,27,stool,False,0.47636738419532776,1.7066570520401,1.5631937980651855,0.14346325397491455,0.0013589623849838972
536,False,17,monitor,17,monitor,True,0.9987623691558838,0.011531513184309006,0.010874192230403423,0.0006573209539055824,6.56218972494571e-08
537,False,2,bed,2,bed,True,0.9992604851722717,0.007294223643839359,0.006689346861094236,0.0006048767827451229,3.864090203364867e-08
538,False,28,table,26,stairs,False,0.32115989923477173,1.7192296981811523,1.498100757598877,0.2211289405822754,0.0024856955278664827
539,False,11,dresser,11,dresser,True,0.8342397809028625,0.7376177310943604,0.6955075860023499,0.0421101450920105,0.00023479988158214837
540,False,23,range_hood,23,range_hood,True,0.979861855506897,0.1319023072719574,0.11485854536294937,0.017043761909008026,3.766589725273661e-05
541,False,28,table,28,table,True,0.9674729704856873,0.157450869679451,0.14724522829055786,0.010205641388893127,3.349822509335354e-05
542,False,13,glass_box,13,glass_box,True,0.995327353477478,0.03701794892549515,0.033654458820819855,0.003363490104675293,1.0088951967190951e-06
543,False,22,radio,33,wardrobe,False,0.6223998665809631,1.216503381729126,1.1377092599868774,0.07879412174224854,0.000700480246450752
544,False,0,airplane,0,airplane,True,0.9996854066848755,0.003448517993092537,0.0031429254449903965,0.0003055925481021404,5.36029354236689e-09
545,False,11,dresser,11,dresser,True,0.7467182278633118,1.0297921895980835,0.962742269039154,0.06704992055892944,0.0005358943017199636
546,False,0,airplane,0,airplane,True,0.9992190003395081,0.007473442703485489,0.0065411352552473545,0.0009323074482381344,7.213881048073745e-08
547,False,25,sofa,25,sofa,True,0.9989534020423889,0.01051228865981102,0.009824485518038273,0.000687803141772747,2.4984066371303015e-08
548,False,30,toilet,17,monitor,False,0.24724474549293518,2.03450083732605,1.757104754447937,0.2773960828781128,0.002669121604412794
549,False,2,bed,2,bed,True,0.9964304566383362,0.03152245283126831,0.028576187789440155,0.0029462650418281555,7.162515203162911e-07
550,False,14,guitar,14,guitar,True,0.9734023809432983,0.16276317834854126,0.1232575923204422,0.03950558602809906,0.00016868712555151433
551,False,13,glass_box,13,glass_box,True,0.4598537087440491,1.6693286895751953,1.587562084197998,0.08176660537719727,0.0005937913665547967
552,False,26,stairs,3,bench,False,0.6664645075798035,1.2262792587280273,1.1449211835861206,0.08135807514190674,0.0007086604600772262
553,False,0,airplane,0,airplane,True,0.9998219609260559,0.0021330746822059155,0.001928505371324718,0.00020456931088119745,2.9856217498291926e-09
554,False,16,mantel,16,mantel,True,0.30896320939064026,2.022200345993042,1.874626636505127,0.14757370948791504,0.0011468407465144992
555,False,27,stool,27,stool,True,0.9051363468170166,0.5239616632461548,0.46011659502983093,0.06384506821632385,0.00030254918965511024
556,False,16,mantel,16,mantel,True,0.981946587562561,0.1136893555521965,0.10237734764814377,0.011312007904052734,1.6728128684917465e-05
557,False,11,dresser,29,tent,False,0.545484185218811,1.5368788242340088,1.3883869647979736,0.14849185943603516,0.0014595079701393843
558,False,0,airplane,0,airplane,True,0.9995691180229187,0.004393432755023241,0.0036036078818142414,0.0007898248732089996,7.652070621588791e-08
559,False,23,range_hood,23,range_hood,True,0.9402580261230469,0.23474396765232086,0.21705983579158783,0.017684131860733032,0.000128281390061602
560,False,31,tv_stand,31,tv_stand,True,0.42773592472076416,1.6898632049560547,1.609992265701294,0.07987093925476074,0.0005186154739931226
561,False,21,plant,21,plant,True,0.9638866186141968,0.19617541134357452,0.17869922518730164,0.017476186156272888,3.073577681789175e-05
562,False,30,toilet,30,toilet,True,0.9978647828102112,0.0192680936306715,0.017903340980410576,0.0013647526502609253,1.8870326812248095e-07
563,False,10,door,10,door,True,0.6214190125465393,0.799429714679718,0.7467185258865356,0.05271118879318237,0.0009324869024567306
564,False,9,desk,9,desk,True,0.3697874844074249,1.8237175941467285,1.6121022701263428,0.21161532402038574,0.0021571859251707792
565,False,4,bookshelf,4,bookshelf,True,0.8313282132148743,0.6428511738777161,0.584174394607544,0.05867677927017212,0.0005838402430526912
566,False,5,car,5,car,True,0.9722450971603394,0.1864084154367447,0.16511628031730652,0.02129213511943817,4.402529157232493e-05
567,False,23,range_hood,23,range_hood,True,0.8251279592514038,0.6218135952949524,0.5845790505409241,0.03723454475402832,0.00040087770321406424
568,False,23,range_hood,24,sink,False,0.45236486196517944,1.7197166681289673,1.5684248208999634,0.1512918472290039,0.001202307059429586
569,False,0,airplane,0,airplane,True,0.9992810487747192,0.007143701892346144,0.0059047299437224865,0.0012389719486236572,1.6184866069579584e-07
570,False,28,table,9,desk,False,0.694330096244812,0.738956093788147,0.6373727917671204,0.10158330202102661,0.0018802850972861052
571,False,4,bookshelf,4,bookshelf,True,0.7132033109664917,0.6820696592330933,0.5983566045761108,0.08371305465698242,0.0016014084685593843
572,False,1,bathtub,1,bathtub,True,0.9808360934257507,0.1304161548614502,0.11709049344062805,0.013325661420822144,1.5375902876257896e-05
573,False,25,sofa,25,sofa,True,0.995093047618866,0.039277806878089905,0.0370490588247776,0.0022287480533123016,6.473593430200708e-07
574,False,31,tv_stand,31,tv_stand,True,0.9176984429359436,0.3807860016822815,0.35848137736320496,0.022304624319076538,0.0001017980684991926
575,False,5,car,5,car,True,0.5249821543693542,1.1975778341293335,1.0309545993804932,0.16662323474884033,0.002726736944168806
576,False,13,glass_box,13,glass_box,True,0.505884051322937,1.3128278255462646,1.2583904266357422,0.05443739891052246,0.0006607614341191947
577,False,11,dresser,11,dresser,True,0.8283957242965698,0.7551978230476379,0.7191856503486633,0.03601217269897461,0.00021006989118177444
578,False,20,piano,20,piano,True,0.9904894232749939,0.07104308903217316,0.06247834861278534,0.008564740419387817,6.661234237981262e-06
579,False,17,monitor,17,monitor,True,0.8115771412849426,0.8873598575592041,0.8105707168579102,0.07678914070129395,0.0004930346622131765
580,False,20,piano,18,night_stand,False,0.5277780890464783,1.4852858781814575,1.3569715023040771,0.12831437587738037,0.0011656165588647127
581,False,4,bookshelf,4,bookshelf,True,0.9747266173362732,0.13479779660701752,0.128104105591774,0.00669369101524353,1.2547187907330226e-05
582,False,26,stairs,24,sink,False,0.2302415817975998,2.0911099910736084,1.8778038024902344,0.21330618858337402,0.001829089829698205
583,False,23,range_hood,23,range_hood,True,0.6890753507614136,0.6435120701789856,0.5877938866615295,0.055718183517456055,0.0013166946591809392
584,False,13,glass_box,13,glass_box,True,0.9834440350532532,0.10724487900733948,0.09651590883731842,0.010728970170021057,1.6532116205780767e-05
585,False,5,car,5,car,True,0.9801715612411499,0.13205482065677643,0.11178959906101227,0.02026522159576416,4.1230199713027105e-05
586,False,16,mantel,16,mantel,True,0.942473292350769,0.2971498966217041,0.2796327471733093,0.017517149448394775,4.849821198149584e-05
587,False,2,bed,2,bed,True,0.9992772340774536,0.007233971264213324,0.0067641460336744785,0.00046982523053884506,1.6932364843569303e-08
588,False,13,glass_box,13,glass_box,True,0.9977664947509766,0.02012883685529232,0.018277769908308983,0.0018510669469833374,2.441110495965404e-07
589,False,30,toilet,30,toilet,True,0.999929666519165,0.0008955521625466645,0.0007552218739874661,0.00014033028855919838,1.8400809764784753e-09
590,False,14,guitar,14,guitar,True,0.9751249551773071,0.15078158676624298,0.13439315557479858,0.016388431191444397,3.0588649678975344e-05
591,False,12,flower_pot,21,plant,False,0.6564025282859802,1.0564929246902466,0.999502956867218,0.056989967823028564,0.0004538235371001065
592,False,8,curtain,8,curtain,True,0.7589665651321411,1.0460190773010254,0.9268350005149841,0.11918407678604126,0.0008424280094914138
593,False,23,range_hood,23,range_hood,True,0.8773788213729858,0.3805408775806427,0.3486369550228119,0.03190392255783081,0.0004018196486867964
594,False,25,sofa,25,sofa,True,0.9968540072441101,0.027011049911379814,0.025612397119402885,0.0013986527919769287,1.9934853412451048e-07
595,False,15,lamp,15,lamp,True,0.9710149168968201,0.18545761704444885,0.16520224511623383,0.020255371928215027,3.120610926998779e-05
596,False,13,glass_box,13,glass_box,True,0.49197545647621155,1.4970039129257202,1.420267105102539,0.07673680782318115,0.0007324086036533117
597,False,11,dresser,11,dresser,True,0.5754436254501343,1.308388113975525,1.2134311199188232,0.09495699405670166,0.001058334717527032
598,False,21,plant,15,lamp,False,0.2986641526222229,1.5382039546966553,1.3916679620742798,0.1465359926223755,0.0017568186158314347
599,False,1,bathtub,25,sofa,False,0.6404231786727905,1.3369187116622925,1.2399455308914185,0.09697318077087402,0.001038751914165914
600,False,30,toilet,30,toilet,True,0.9998486638069153,0.0016000746982172132,0.001175686251372099,0.00042438844684511423,2.5927620939114604e-08
601,False,15,lamp,15,lamp,True,0.9361622929573059,0.29709669947624207,0.2346326857805252,0.06246401369571686,0.00048235265421681106
602,False,20,piano,25,sofa,False,0.900619387626648,0.46216756105422974,0.41905614733695984,0.0431114137172699,0.0002725127851590514
603,False,9,desk,9,desk,True,0.4720630645751953,1.589243769645691,1.3756041526794434,0.21363961696624756,0.002538979286327958
604,False,4,bookshelf,4,bookshelf,True,0.9280396699905396,0.3867986798286438,0.3267868161201477,0.060011863708496094,0.00037484391941688955
605,False,30,toilet,30,toilet,True,0.9929036498069763,0.05592774972319603,0.04493151605129242,0.01099623367190361,7.611509772686986e-06
606,False,25,sofa,25,sofa,True,0.9834651350975037,0.1021328717470169,0.09424207359552383,0.007890798151493073,1.0893688340729568e-05
607,False,4,bookshelf,4,bookshelf,True,0.9879114627838135,0.08565729856491089,0.07922768592834473,0.006429612636566162,4.328566774347564e-06
608,False,7,cone,7,cone,True,0.7890638709068298,0.8633550405502319,0.8053815960884094,0.05797344446182251,0.00042789982398971915
609,False,32,vase,32,vase,True,0.9349311590194702,0.32624053955078125,0.3092398941516876,0.017000645399093628,3.817215110757388e-05
610,False,14,guitar,14,guitar,True,0.9990931749343872,0.008615794591605663,0.007368396036326885,0.001247398555278778,2.102753597910123e-07
611,False,16,mantel,16,mantel,True,0.9831785559654236,0.10137735307216644,0.0901627242565155,0.01121462881565094,2.0307292288634926e-05
612,False,1,bathtub,2,bed,False,0.9323161840438843,0.40412020683288574,0.3600873351097107,0.04403287172317505,0.00018468852795194834
613,False,26,stairs,26,stairs,True,0.7932875752449036,0.9049962759017944,0.823665976524353,0.0813302993774414,0.0004615401558112353
614,False,13,glass_box,18,night_stand,False,0.5657468438148499,1.3267648220062256,1.2476915121078491,0.07907330989837646,0.0007499061175622046
615,False,25,sofa,25,sofa,True,0.9653918147087097,0.21471303701400757,0.19790607690811157,0.016806960105895996,4.698192060459405e-05
616,False,0,airplane,0,airplane,True,0.9992047548294067,0.008134066127240658,0.006746354978531599,0.0013877111487090588,1.3469427528889355e-07
617,False,30,toilet,30,toilet,True,0.9990020990371704,0.010343448258936405,0.008613944053649902,0.0017295042052865028,2.50869305773449e-07
618,False,25,sofa,3,bench,False,0.6351907849311829,0.9288225769996643,0.8415135741233826,0.08730900287628174,0.0015024538151919842
619,False,6,chair,6,chair,True,0.9428434371948242,0.2705872356891632,0.24193857610225677,0.028648659586906433,0.00016596644127275795
620,False,21,plant,12,flower_pot,False,0.4514665901660919,1.1630282402038574,1.1054189205169678,0.05760931968688965,0.000665391213260591
621,False,11,dresser,11,dresser,True,0.5468966960906982,1.1840287446975708,1.1510024070739746,0.03302633762359619,0.00038990253233350813
622,False,18,night_stand,31,tv_stand,False,0.7793951630592346,0.8826184868812561,0.8328703045845032,0.04974818229675293,0.0003262712561991066
623,False,22,radio,10,door,False,0.5011292695999146,1.7005828619003296,1.452303171157837,0.24827969074249268,0.002010182710364461
624,False,23,range_hood,23,range_hood,True,0.9530690312385559,0.30591776967048645,0.2846790850162506,0.02123868465423584,3.742068656720221e-05
625,False,28,table,28,table,True,0.9780897498130798,0.12042516469955444,0.10999460518360138,0.010430559515953064,2.4567676518927328e-05
626,False,34,xbox,34,xbox,True,0.8460263609886169,0.6325979828834534,0.5680028796195984,0.06459510326385498,0.000588664785027504
627,False,31,tv_stand,1,bathtub,False,0.7553413510322571,0.9520409107208252,0.8082761168479919,0.14376479387283325,0.0016539719654247165
628,False,2,bed,2,bed,True,0.9842544794082642,0.10927172750234604,0.0988224521279335,0.010449275374412537,8.861234164214693e-06
629,False,11,dresser,11,dresser,True,0.3022356629371643,1.535351276397705,1.4359735250473022,0.09937775135040283,0.0013091370929032564
630,False,2,bed,2,bed,True,0.9782915711402893,0.1457911729812622,0.13297690451145172,0.012814268469810486,1.4549876141245477e-05
631,False,28,table,26,stairs,False,0.4096638858318329,1.378375768661499,1.2129645347595215,0.16541123390197754,0.002547886688262224
632,False,13,glass_box,13,glass_box,True,0.9609306454658508,0.23305508494377136,0.20483340322971344,0.028221681714057922,7.469302363460883e-05
633,False,25,sofa,25,sofa,True,0.9913042187690735,0.06671526283025742,0.06212608143687248,0.0045891813933849335,2.276753775731777e-06
634,False,31,tv_stand,31,tv_stand,True,0.32437369227409363,2.041856527328491,1.829177737236023,0.21267879009246826,0.0016283993609249592
635,False,21,plant,32,vase,False,0.560852587223053,1.1488862037658691,1.0994247198104858,0.0494614839553833,0.0005225959466770291
636,False,23,range_hood,23,range_hood,True,0.9299472570419312,0.2659045457839966,0.22806404531002045,0.037840500473976135,0.00030254447483457625
637,False,31,tv_stand,3,bench,False,0.5090543031692505,0.8005498647689819,0.7124224901199341,0.08812737464904785,0.0021138854790478945
638,False,16,mantel,16,mantel,True,0.9234227538108826,0.3595486283302307,0.32029595971107483,0.039252668619155884,0.0002184967597713694
639,False,17,monitor,17,monitor,True,0.9804874658584595,0.11589492857456207,0.09880928695201874,0.017085641622543335,4.3573698349064216e-05
640,False,31,tv_stand,31,tv_stand,True,0.8921201229095459,0.4455631971359253,0.4219575822353363,0.02360561490058899,0.00012106427311664447
641,False,16,mantel,16,mantel,True,0.9829889535903931,0.10244472324848175,0.09137388318777084,0.011070840060710907,1.9340312064741738e-05
642,False,17,monitor,17,monitor,True,0.7733955383300781,1.0057921409606934,0.9268828630447388,0.07890927791595459,0.0005156980478204787
643,False,32,vase,32,vase,True,0.6780531406402588,0.6981507539749146,0.6758604645729065,0.022290289402008057,0.00037752045318484306
644,False,20,piano,20,piano,True,0.85682612657547,0.7846043109893799,0.7332684397697449,0.05133587121963501,0.00020315167785156518
645,False,8,curtain,8,curtain,True,0.6789552569389343,0.8214355707168579,0.7553783655166626,0.06605720520019531,0.0011610970832407475
646,False,5,car,5,car,True,0.9753339886665344,0.16346710920333862,0.14596332609653473,0.017503783106803894,2.8859052690677345e-05
647,False,25,sofa,25,sofa,True,0.9977817535400391,0.020171355456113815,0.017484920099377632,0.002686435356736183,7.417114034069527e-07
648,False,20,piano,20,piano,True,0.9177383184432983,0.44993168115615845,0.42132556438446045,0.028606116771697998,8.841458475217223e-05
649,False,20,piano,29,tent,False,0.28824907541275024,1.8248014450073242,1.7209458351135254,0.10385560989379883,0.0010157952783629298
650,False,19,person,19,person,True,0.8328739404678345,0.7287073731422424,0.6772019863128662,0.05150538682937622,0.00038162560667842627
651,False,1,bathtub,1,bathtub,True,0.9385479688644409,0.3518463671207428,0.31962913274765015,0.03221723437309265,9.3745460617356e-05
652,False,19,person,21,plant,False,0.46704787015914917,1.144399881362915,0.9704397320747375,0.1739601492881775,0.002931487513706088
653,False,24,sink,24,sink,True,0.8677263259887695,0.6980831623077393,0.6326767802238464,0.06540638208389282,0.0003868757630698383
654,False,32,vase,32,vase,True,0.7812459468841553,0.7081960439682007,0.6416175961494446,0.0665784478187561,0.000903038599062711
655,False,7,cone,7,cone,True,0.8190898895263672,0.49508190155029297,0.4452285170555115,0.049853384494781494,0.0009001659345813096
656,False,29,tent,29,tent,True,0.5542559027671814,1.1343622207641602,0.9170458316802979,0.2173163890838623,0.0034519059117883444
657,False,32,vase,32,vase,True,0.9479299187660217,0.216912642121315,0.20839110016822815,0.008521541953086853,4.035439997096546e-05
658,False,9,desk,9,desk,True,0.9611629247665405,0.24767336249351501,0.20853598415851593,0.039137378334999084,0.00011716307926690206
659,False,10,door,8,curtain,False,0.7521160840988159,0.7449716925621033,0.7060489654541016,0.03892272710800171,0.0004362615291029215
660,False,2,bed,2,bed,True,0.9538169503211975,0.25246113538742065,0.22460505366325378,0.02785608172416687,0.00010025148367276415
661,False,25,sofa,25,sofa,True,0.9995618462562561,0.0045672692358493805,0.00426613399758935,0.00030113523826003075,9.026232206110762e-09
662,False,25,sofa,25,sofa,True,0.992233395576477,0.05446895211935043,0.04973825067281723,0.004730701446533203,3.3260200780205196e-06
663,False,18,night_stand,18,night_stand,True,0.6877591609954834,1.1148664951324463,1.0764145851135254,0.0384519100189209,0.00026031164452433586
664,False,17,monitor,17,monitor,True,0.9992708563804626,0.007268613204360008,0.006603751797229052,0.0006648614071309566,3.989742580756683e-08
665,False,20,piano,20,piano,True,0.9990363717079163,0.010051124729216099,0.008707314729690552,0.001343809999525547,1.2939054272465e-07
666,False,14,guitar,14,guitar,True,0.9992844462394714,0.007009393069893122,0.006454833783209324,0.0005545592866837978,3.523426883589309e-08
667,False,23,range_hood,26,stairs,False,0.43223458528518677,1.9980038404464722,1.7891554832458496,0.20884835720062256,0.0015457415720447898
668,False,17,monitor,34,xbox,False,0.33978602290153503,1.7882280349731445,1.6204055547714233,0.1678224802017212,0.0017745090881362557
669,False,14,guitar,14,guitar,True,0.9843835234642029,0.10938308387994766,0.09174000471830368,0.017643079161643982,2.008190131164156e-05
670,False,18,night_stand,18,night_stand,True,0.8362169861793518,0.6762429475784302,0.6123027801513672,0.06394016742706299,0.0005398240755312145
671,False,6,chair,6,chair,True,0.9995357990264893,0.0048047383315861225,0.0042438204400241375,0.000560917891561985,2.0842426451395113e-08
672,False,33,wardrobe,4,bookshelf,False,0.39641302824020386,1.5349138975143433,1.4665367603302002,0.06837713718414307,0.0006836051470600069
673,False,34,xbox,34,xbox,True,0.7079581022262573,0.9568310976028442,0.876958966255188,0.07987213134765625,0.000863059307448566
674,False,4,bookshelf,4,bookshelf,True,0.98342365026474,0.09458436071872711,0.09143970906734467,0.0031446516513824463,3.994201961177168e-06
675,False,28,table,28,table,True,0.8498006463050842,0.6352404356002808,0.5301820039749146,0.10505843162536621,0.0009979114402085543
676,False,5,car,5,car,True,0.9617330431938171,0.19581179320812225,0.17254963517189026,0.023262158036231995,8.265593351097777e-05
677,False,14,guitar,14,guitar,True,0.9991229772567749,0.008626398630440235,0.007878938689827919,0.0007474599406123161,3.450263363902195e-08
678,False,21,plant,21,plant,True,0.7616045475006104,0.5648020505905151,0.5478554964065552,0.01694655418395996,0.0002999893913511187
679,False,32,vase,32,vase,True,0.9518394470214844,0.21403267979621887,0.20781370997428894,0.006218969821929932,2.013457560678944e-05
680,False,23,range_hood,23,range_hood,True,0.6891412138938904,0.6858543157577515,0.6398913264274597,0.04596298933029175,0.0009469380602240562
681,False,23,range_hood,23,range_hood,True,0.8439027667045593,0.4430500566959381,0.3777565360069275,0.06529352068901062,0.001131908386014402
682,False,16,mantel,16,mantel,True,0.8574756383895874,0.5988786220550537,0.5615484118461609,0.03733021020889282,0.00023403170052915812
683,False,0,airplane,0,airplane,True,0.9878504276275635,0.08935301750898361,0.08012271672487259,0.009230300784111023,1.0563696378085297e-05
684,False,19,person,4,bookshelf,False,0.8095158934593201,0.8927115797996521,0.8255738615989685,0.0671377182006836,0.00043839882710017264
685,False,25,sofa,25,sofa,True,0.9893087148666382,0.07143376022577286,0.06615299731492996,0.0052807629108428955,4.754716883326182e-06
686,False,32,vase,32,vase,True,0.9627171158790588,0.17852111160755157,0.1704660803079605,0.008055031299591064,2.2293001165962778e-05
687,False,1,bathtub,1,bathtub,True,0.6055015921592712,1.4763071537017822,1.301297903060913,0.17500925064086914,0.0017233012476935983
688,False,9,desk,9,desk,True,0.8908475041389465,0.5704482197761536,0.5276181697845459,0.042830049991607666,0.00022566919506061822
689,False,21,plant,21,plant,True,0.8531688451766968,0.4462144672870636,0.43359917402267456,0.012615293264389038,0.00011506196460686624
690,False,5,car,5,car,True,0.9845567345619202,0.10838598012924194,0.0972815528512001,0.01110442727804184,1.0980666047544219e-05
691,False,25,sofa,25,sofa,True,0.9734175801277161,0.14952452480793,0.13882552087306976,0.01069900393486023,2.4566172214690596e-05
692,False,5,car,5,car,True,0.9901162385940552,0.07309599965810776,0.06706570833921432,0.006030291318893433,5.049997525929939e-06
693,False,1,bathtub,5,car,False,0.9799180626869202,0.1319374442100525,0.1092538833618164,0.022683560848236084,4.928753332933411e-05
694,False,18,night_stand,18,night_stand,True,0.8291854858398438,0.7003352046012878,0.6470707058906555,0.053264498710632324,0.0003755311481654644
695,False,23,range_hood,23,range_hood,True,0.6998564600944519,1.258689522743225,1.1416343450546265,0.11705517768859863,0.0008346374379470944
696,False,27,stool,15,lamp,False,0.9128828644752502,0.4252670109272003,0.33871743083000183,0.08654958009719849,0.0004983546677976847
697,False,4,bookshelf,4,bookshelf,True,0.962942898273468,0.17362505197525024,0.1649801880121231,0.008644863963127136,3.22619489452336e-05
698,False,26,stairs,26,stairs,True,0.5496664643287659,1.435112476348877,1.2998263835906982,0.1352860927581787,0.0014030837919563055
699,False,17,monitor,17,monitor,True,0.9969786405563354,0.024818016216158867,0.022855499759316444,0.0019625164568424225,3.64282556120088e-07
700,False,0,airplane,0,airplane,True,0.9998366236686707,0.0018697119085118175,0.0016568894498050213,0.00021282245870679617,4.663713859542895e-09
701,False,5,car,5,car,True,0.9879456758499146,0.0860535055398941,0.07444065064191818,0.011612854897975922,1.731652628222946e-05
702,False,4,bookshelf,4,bookshelf,True,0.565497636795044,1.2350742816925049,1.1641311645507812,0.07094311714172363,0.0008638222352601588
703,False,32,vase,32,vase,True,0.6247416734695435,1.0537805557250977,0.9627363085746765,0.09104424715042114,0.0012852981453761458
704,False,29,tent,29,tent,True,0.49539878964424133,1.542077660560608,1.431967854499817,0.11010980606079102,0.0009838425321504474
705,False,28,table,28,table,True,0.5535076856613159,0.9720979928970337,0.8590428233146667,0.11305516958236694,0.0020174074452370405
706,False,33,wardrobe,4,bookshelf,False,0.922430157661438,0.3574049770832062,0.3406425714492798,0.01676240563392639,8.142618753481656e-05
707,False,32,vase,32,vase,True,0.9020552039146423,0.3966290354728699,0.38447365164756775,0.012155383825302124,4.3090938561363146e-05
708,False,22,radio,13,glass_box,False,0.5286239981651306,1.5663347244262695,1.4728487730026245,0.09348595142364502,0.0006694786134175956
709,False,34,xbox,34,xbox,True,0.39850476384162903,1.7290908098220825,1.5992697477340698,0.1298210620880127,0.0012337564257904887
710,False,18,night_stand,18,night_stand,True,0.49298256635665894,1.224239706993103,1.1310420036315918,0.09319770336151123,0.0014156538527458906
711,False,21,plant,15,lamp,False,0.33435124158859253,1.693778157234192,1.5506619215011597,0.14311623573303223,0.0015644296072423458
712,False,6,chair,6,chair,True,0.9990614652633667,0.009505105204880238,0.008744961582124233,0.0007601436227560043,6.352787096375323e-08
713,False,20,piano,9,desk,False,0.9185720086097717,0.41771814227104187,0.3624352812767029,0.05528286099433899,0.0002511426864657551
714,False,23,range_hood,23,range_hood,True,0.8898640871047974,0.3844932019710541,0.3571055233478546,0.027387678623199463,0.00029388489201664925
715,False,4,bookshelf,4,bookshelf,True,0.9900308847427368,0.0715305283665657,0.06711192429065704,0.004418604075908661,1.8319085484108655e-06
716,False,34,xbox,20,piano,False,0.6172659993171692,1.2179502248764038,1.1300110816955566,0.08793914318084717,0.0010040359338745475
717,False,1,bathtub,1,bathtub,True,0.9410191178321838,0.3526533842086792,0.32266971468925476,0.02998366951942444,7.401502080028877e-05
718,False,1,bathtub,1,bathtub,True,0.9629733562469482,0.2224120795726776,0.20564483106136322,0.016767248511314392,3.492406540317461e-05
719,False,30,toilet,30,toilet,True,0.9803138375282288,0.13473094999790192,0.11569558829069138,0.01903536170721054,2.8751468562404625e-05
720,False,18,night_stand,18,night_stand,True,0.7864939570426941,0.7023848295211792,0.6723614931106567,0.03002333641052246,0.00035946755087934434
721,False,5,car,5,car,True,0.8620769381523132,0.5270987749099731,0.4598807096481323,0.06721806526184082,0.0006530542741529644
722,False,25,sofa,25,sofa,True,0.8311169743537903,0.715246319770813,0.6733813881874084,0.04186493158340454,0.0003607901162467897
723,False,4,bookshelf,4,bookshelf,True,0.954006016254425,0.2557446360588074,0.24133925139904022,0.014405384659767151,3.7036741559859365e-05
724,False,17,monitor,17,monitor,True,0.9966583251953125,0.0289500430226326,0.026941226795315742,0.0020088162273168564,3.38890004059067e-07
725,False,25,sofa,25,sofa,True,0.998732328414917,0.011333974078297615,0.010912778787314892,0.00042119529098272324,2.7406164448962045e-08
726,False,2,bed,2,bed,True,0.9966592192649841,0.028504593297839165,0.026448527351021767,0.002056065946817398,4.21753441059991e-07
727,False,30,toilet,30,toilet,True,0.9996021389961243,0.004297607112675905,0.003838174045085907,0.00045943306758999825,1.3584125824195326e-08
728,False,14,guitar,14,guitar,True,0.9816327691078186,0.13010838627815247,0.11633510142564774,0.01377328485250473,1.5811287084943615e-05
729,False,1,bathtub,24,sink,False,0.5187882781028748,1.1707007884979248,1.0369446277618408,0.13375616073608398,0.002218317473307252
730,False,13,glass_box,33,wardrobe,False,0.4521273970603943,1.3030345439910889,1.249363660812378,0.05367088317871094,0.0006882147863507271
731,False,5,car,5,car,True,0.9785669445991516,0.14408069849014282,0.13249197602272034,0.011588722467422485,1.2074010555807035e-05
732,False,33,wardrobe,33,wardrobe,True,0.6984881162643433,1.0264756679534912,0.9726201891899109,0.05385547876358032,0.0005187882925383747
733,False,24,sink,24,sink,True,0.9557122588157654,0.2101372629404068,0.19723480939865112,0.012902453541755676,5.4449545132229105e-05
734,False,13,glass_box,11,dresser,False,0.5120159983634949,1.1005895137786865,1.044505000114441,0.056084513664245605,0.0006244489341042936
735,False,10,door,10,door,True,0.7607671022415161,0.9510771632194519,0.853686511516571,0.09739065170288086,0.000575319689232856
736,False,11,dresser,29,tent,False,0.4823937714099884,1.2944451570510864,1.2359613180160522,0.05848383903503418,0.0008157704723998904
737,False,31,tv_stand,31,tv_stand,True,0.6776555180549622,1.0315978527069092,0.9683560132980347,0.06324183940887451,0.0005826628184877336
738,False,6,chair,6,chair,True,0.9799710512161255,0.13240008056163788,0.12020698934793472,0.012193091213703156,1.8272587112733163e-05
739,False,5,car,5,car,True,0.9656864404678345,0.21132473647594452,0.19649067521095276,0.01483406126499176,2.9934599297121167e-05
740,False,21,plant,21,plant,True,0.5739815831184387,1.1394965648651123,1.003889799118042,0.1356067657470703,0.0017178801354020834
741,False,21,plant,21,plant,True,0.5494070649147034,0.8119680881500244,0.7896909713745117,0.022277116775512695,0.00030032030190341175
742,False,13,glass_box,13,glass_box,True,0.9736530184745789,0.1739124059677124,0.1514161378145218,0.022496268153190613,3.869545253110118e-05
743,False,11,dresser,31,tv_stand,False,0.7026169896125793,0.9987649321556091,0.9367706179618835,0.061994314193725586,0.0005503451102413237
744,False,15,lamp,15,lamp,True,0.540428876876831,1.4154735803604126,1.1232696771621704,0.2922039031982422,0.0031746821478009224
745,False,28,table,28,table,True,0.9839126467704773,0.09080007672309875,0.08350837230682373,0.007291704416275024,1.6654586943332106e-05
746,False,30,toilet,30,toilet,True,0.7074931263923645,0.9088617563247681,0.7944249510765076,0.1144368052482605,0.001614060951396823
747,False,21,plant,15,lamp,False,0.5202531814575195,1.3967046737670898,1.231534719467163,0.16516995429992676,0.0023544554132968187
748,False,21,plant,21,plant,True,0.5010833144187927,0.7690941691398621,0.728090226650238,0.04100394248962402,0.000781926850322634
749,False,16,mantel,16,mantel,True,0.989334762096405,0.07624094933271408,0.06874042004346848,0.0075005292892456055,4.547489879769273e-06
750,False,0,airplane,0,airplane,True,0.9796015620231628,0.13057129085063934,0.10413791239261627,0.02643337845802307,5.202568354434334e-05
751,False,23,range_hood,23,range_hood,True,0.8299071192741394,0.4995476007461548,0.4546213746070862,0.044926226139068604,0.000746019824873656
752,False,2,bed,2,bed,True,0.8251760005950928,0.6213999390602112,0.5594778656959534,0.06192207336425781,0.0008162225713022053
753,False,17,monitor,17,monitor,True,0.9996563792228699,0.003488467074930668,0.003232042770832777,0.00025642430409789085,7.441336435931589e-09
754,False,14,guitar,14,guitar,True,0.9958423376083374,0.03292214497923851,0.02985187992453575,0.003070265054702759,1.0094813660543878e-06
755,False,2,bed,2,bed,True,0.9939760565757751,0.049891866743564606,0.04519271478056908,0.004699151962995529,1.599451138645236e-06
756,False,28,table,9,desk,False,0.5141215920448303,1.0595542192459106,0.9741497039794922,0.08540451526641846,0.0010590374004095793
757,False,11,dresser,11,dresser,True,0.7352285981178284,0.9731596112251282,0.9162329435348511,0.0569266676902771,0.0005323708173818886
758,False,21,plant,32,vase,False,0.6156830191612244,1.0952491760253906,1.010244369506836,0.08500480651855469,0.0012445502215996385
759,False,14,guitar,14,guitar,True,0.966969907283783,0.18372255563735962,0.15889030694961548,0.02483224868774414,5.91688985878136e-05
760,False,13,glass_box,18,night_stand,False,0.41961053013801575,1.3171405792236328,1.2530198097229004,0.06412076950073242,0.0009107804507948458
761,False,13,glass_box,11,dresser,False,0.5698236227035522,1.1423430442810059,1.0823876857757568,0.05995535850524902,0.0008696684380993247
762,False,11,dresser,11,dresser,True,0.820773720741272,0.6873092651367188,0.6583927869796753,0.028916478157043457,0.00023742725898046046
763,False,31,tv_stand,31,tv_stand,True,0.5978708267211914,1.1397134065628052,0.9936577081680298,0.1460556983947754,0.0017451090971007943
764,False,28,table,28,table,True,0.9940488338470459,0.04409613460302353,0.041077885776758194,0.003018248826265335,9.498500617155514e-07
765,False,15,lamp,24,sink,False,0.6699216961860657,0.8861526846885681,0.8222011923789978,0.06395149230957031,0.0010358680738136172
766,False,32,vase,32,vase,True,0.8262062072753906,0.7181958556175232,0.6757854223251343,0.042410433292388916,0.00021360721439123154
767,False,6,chair,27,stool,False,0.3069896399974823,1.866227149963379,1.5343800783157349,0.33184707164764404,0.003187410533428192
768,False,23,range_hood,23,range_hood,True,0.8693440556526184,0.42932456731796265,0.39900127053260803,0.030323296785354614,0.00034522725036367774
769,False,0,airplane,0,airplane,True,0.8416529893875122,0.7528261542320251,0.6812264919281006,0.07159966230392456,0.0003320899559184909
770,False,25,sofa,25,sofa,True,0.9989471435546875,0.009829782880842686,0.009230389259755611,0.0005993936210870743,4.648046569855069e-08
771,False,18,night_stand,18,night_stand,True,0.7898889183998108,0.6644673347473145,0.6039665341377258,0.06050080060958862,0.0007960752700455487
772,False,13,glass_box,13,glass_box,True,0.9972575902938843,0.02414201945066452,0.020953098312020302,0.0031889211386442184,7.05845195625443e-07
773,False,4,bookshelf,4,bookshelf,True,0.982443630695343,0.12178010493516922,0.11262702196836472,0.009153082966804504,9.505411981081124e-06
774,False,17,monitor,17,monitor,True,0.988926351070404,0.08362016826868057,0.07629577070474625,0.007324397563934326,5.992857950332109e-06
775,False,21,plant,21,plant,True,0.909401535987854,0.42933738231658936,0.3876105844974518,0.04172679781913757,0.0001532976602902636
776,False,20,piano,2,bed,False,0.35678625106811523,2.154803514480591,1.9202347993850708,0.23456871509552002,0.0021764023695141077
777,False,16,mantel,4,bookshelf,False,0.3619993329048157,1.6684303283691406,1.553597092628479,0.11483323574066162,0.0012538991868495941
778,False,14,guitar,14,guitar,True,0.9990699291229248,0.008992346934974194,0.008056319318711758,0.0009360276162624359,7.279192004716606e-08
779,False,13,glass_box,18,night_stand,False,0.3506544828414917,1.3615995645523071,1.3146957159042358,0.04690384864807129,0.0005546920583583415
780,False,23,range_hood,24,sink,False,0.9397143125534058,0.3446180522441864,0.2841648757457733,0.060453176498413086,0.0002317868929821998
781,False,23,range_hood,23,range_hood,True,0.273411363363266,2.145589590072632,1.7960327863693237,0.3495568037033081,0.002944266889244318
782,False,31,tv_stand,31,tv_stand,True,0.7233331203460693,1.2346019744873047,1.1377898454666138,0.09681212902069092,0.000540213193744421
783,False,18,night_stand,18,night_stand,True,0.6831874251365662,1.2035582065582275,1.1214332580566406,0.08212494850158691,0.0006061678868718445
784,False,23,range_hood,23,range_hood,True,0.8543456792831421,0.5498799085617065,0.4876463711261749,0.062233537435531616,0.0005426119896583259
785,False,26,stairs,20,piano,False,0.8093693852424622,0.8858485221862793,0.7742831110954285,0.11156541109085083,0.0007390097598545253
786,False,23,range_hood,23,range_hood,True,0.9430918097496033,0.22626560926437378,0.205697163939476,0.020568445324897766,0.0001512693997938186
787,False,18,night_stand,11,dresser,False,0.40514427423477173,1.5336501598358154,1.4857547283172607,0.04789543151855469,0.0004813676932826638
788,False,11,dresser,11,dresser,True,0.8232677578926086,0.6244373321533203,0.5895525813102722,0.034884750843048096,0.0003447922645136714
789,False,6,chair,6,chair,True,0.999451756477356,0.005899682641029358,0.005343579687178135,0.000556102953851223,2.1665512051072255e-08
790,False,23,range_hood,20,piano,False,0.2504752576351166,2.084549903869629,1.8372230529785156,0.24732685089111328,0.0021862832363694906
791,False,17,monitor,17,monitor,True,0.9995263814926147,0.004757003393024206,0.004212048836052418,0.0005449545569717884,3.762529487971733e-08
792,False,16,mantel,16,mantel,True,0.97929447889328,0.11910364031791687,0.1118091568350792,0.007294483482837677,9.210922144120559e-06
793,False,16,mantel,16,mantel,True,0.962414026260376,0.21197159588336945,0.19667193293571472,0.015299662947654724,3.381026181159541e-05
794,False,4,bookshelf,4,bookshelf,True,0.9829871654510498,0.09796090424060822,0.0903979241847992,0.007562980055809021,1.5412473658216186e-05
795,False,9,desk,13,glass_box,False,0.702727735042572,1.1361693143844604,0.9104005098342896,0.2257688045501709,0.002556771272793412
796,False,16,mantel,16,mantel,True,0.9658077359199524,0.20391970872879028,0.19045990705490112,0.01345980167388916,2.419936572550796e-05
797,False,9,desk,9,desk,True,0.5129477977752686,1.229478120803833,1.1518305540084839,0.07764756679534912,0.0009758549276739359
798,False,6,chair,6,chair,True,0.9658979177474976,0.22175286710262299,0.1947992891073227,0.026953577995300293,6.624716479564086e-05
799,False,0,airplane,0,airplane,True,0.9708080887794495,0.16875046491622925,0.1417618840932846,0.02698858082294464,7.533941243309528e-05
800,False,12,flower_pot,15,lamp,False,0.4910740554332733,1.5806605815887451,1.4732130765914917,0.10744750499725342,0.0010558736976236105
801,False,16,mantel,20,piano,False,0.26708856225013733,2.0254170894622803,1.9007095098495483,0.12470757961273193,0.0010677246609702706
802,False,14,guitar,14,guitar,True,0.9928690791130066,0.05623301491141319,0.04912496730685234,0.007108047604560852,4.135199105803622e-06
803,False,21,plant,21,plant,True,0.5722600817680359,0.7826494574546814,0.7555164098739624,0.027133047580718994,0.0003819219709839672
804,False,20,piano,6,chair,False,0.552306592464447,1.6686549186706543,1.499431848526001,0.16922307014465332,0.0013699840055778623
805,False,2,bed,2,bed,True,0.9995012879371643,0.005099188536405563,0.004387045744806528,0.0007121427915990353,5.859476104319583e-08
806,False,29,tent,29,tent,True,0.8686439394950867,0.6395232081413269,0.597179651260376,0.04234355688095093,0.0002103137958329171
807,False,2,bed,2,bed,True,0.996496856212616,0.03159818425774574,0.028881944715976715,0.0027162395417690277,5.299756367094233e-07
808,False,32,vase,32,vase,True,0.9255837798118591,0.32621845602989197,0.31271034479141235,0.013508111238479614,5.4879652452655137e-05
809,False,32,vase,12,flower_pot,False,0.4684617221355438,1.0941590070724487,1.030237078666687,0.06392192840576172,0.0006678593344986439
810,False,23,range_hood,23,range_hood,True,0.7813336849212646,0.5575233697891235,0.5144262909889221,0.043097078800201416,0.0007513673044741154
811,False,19,person,19,person,True,0.7410443425178528,0.9813296794891357,0.8990740180015564,0.08225566148757935,0.0007913750596344471
812,False,7,cone,21,plant,False,0.6180316805839539,1.1819432973861694,1.0031580924987793,0.17878520488739014,0.0025453725829720497
813,False,17,monitor,17,monitor,True,0.9994190335273743,0.006000521592795849,0.00558695150539279,0.000413570087403059,1.0893538515688306e-08
814,False,25,sofa,25,sofa,True,0.9903222322463989,0.0738702118396759,0.06899591535329819,0.004874296486377716,3.7242184589558747e-06
815,False,31,tv_stand,31,tv_stand,True,0.8548504114151001,0.44620493054389954,0.4189729392528534,0.027231991291046143,0.00041173872887156904
816,False,23,range_hood,16,mantel,False,0.41393452882766724,1.3424276113510132,1.147453784942627,0.19497382640838623,0.003033281769603491
817,False,31,tv_stand,3,bench,False,0.40670955181121826,1.6971238851547241,1.5243273973464966,0.17279648780822754,0.001963277580216527
818,False,32,vase,32,vase,True,0.8985859751701355,0.33993834257125854,0.33149996399879456,0.00843837857246399,7.193018973339349e-05
819,False,31,tv_stand,31,tv_stand,True,0.9416020512580872,0.28477567434310913,0.2710570693016052,0.013718605041503906,3.915083652827889e-05
820,False,13,glass_box,13,glass_box,True,0.9927123785018921,0.056033626198768616,0.05063725635409355,0.005396369844675064,2.281329216202721e-06
821,False,18,night_stand,18,night_stand,True,0.7638510465621948,0.8524351716041565,0.7978764772415161,0.05455869436264038,0.0005019690142944455
822,False,9,desk,3,bench,False,0.37987855076789856,1.589606761932373,1.4834736585617065,0.1061331033706665,0.0011826171539723873
823,False,11,dresser,18,night_stand,False,0.46196651458740234,1.099998116493225,1.04758620262146,0.05241191387176514,0.0008342907531186938
824,False,0,airplane,0,airplane,True,0.9858968257904053,0.08195074647665024,0.06239103525876999,0.01955971121788025,4.510795770329423e-05
825,False,2,bed,2,bed,True,0.9962344765663147,0.03254450857639313,0.029330672696232796,0.0032138358801603317,9.893054766507703e-07
826,False,0,airplane,0,airplane,True,0.9991607069969177,0.008932995609939098,0.008064626716077328,0.0008683688938617706,4.270136244599598e-08
827,False,13,glass_box,13,glass_box,True,0.632925271987915,1.2452919483184814,1.1831035614013672,0.06218838691711426,0.0004877006867900491
828,False,3,bench,31,tv_stand,False,0.8691288232803345,0.639350414276123,0.5894370675086975,0.04991334676742554,0.00014401283988263458
829,False,5,car,5,car,True,0.9881605505943298,0.0835394337773323,0.06910782307386398,0.014431610703468323,1.6782598322606646e-05
830,False,5,car,5,car,True,0.547652006149292,1.5478897094726562,1.4280314445495605,0.1198582649230957,0.00137702701613307
831,False,5,car,5,car,True,0.8807829022407532,0.5714874863624573,0.46255961060523987,0.10892787575721741,0.0008696046425029635
832,False,6,chair,6,chair,True,0.9998767971992493,0.001442776876501739,0.0013223501155152917,0.00012042676098644733,1.3541887611268066e-09
833,False,32,vase,32,vase,True,0.6704782843589783,0.8445804715156555,0.8131332397460938,0.03144723176956177,0.0002582895976956934
834,False,20,piano,32,vase,False,0.6886408925056458,1.1191343069076538,1.0148890018463135,0.10424530506134033,0.0009915182599797845
835,False,32,vase,32,vase,True,0.9533860683441162,0.23228015005588531,0.22133244574069977,0.010947704315185547,3.0900246201781556e-05
836,False,31,tv_stand,4,bookshelf,False,0.7343621850013733,0.7326105833053589,0.6842545866966248,0.04835599660873413,0.0007609307649545372
837,False,11,dresser,11,dresser,True,0.4167442321777344,1.689139723777771,1.6081602573394775,0.08097946643829346,0.0007671288913115859
838,False,9,desk,9,desk,True,0.48910000920295715,1.3986608982086182,1.288889765739441,0.10977113246917725,0.0013602758990600705
839,False,21,plant,32,vase,False,0.29780668020248413,1.6219477653503418,1.5466277599334717,0.07532000541687012,0.00047290028305724263
840,False,8,curtain,8,curtain,True,0.6063922643661499,0.9234076142311096,0.8414323329925537,0.08197528123855591,0.001463430467993021
841,False,11,dresser,11,dresser,True,0.5664836764335632,1.3917511701583862,1.3129154443740845,0.07883572578430176,0.0007372061372734606
842,False,25,sofa,25,sofa,True,0.9958378076553345,0.03530227765440941,0.03334097936749458,0.0019612982869148254,3.893958364642458e-07
843,False,19,person,21,plant,False,0.19255170226097107,2.401926040649414,2.1710941791534424,0.23083186149597168,0.0013497110921889544
844,False,20,piano,20,piano,True,0.995448887348175,0.03870440647006035,0.0352868027985096,0.0034176036715507507,8.264190682893968e-07
845,False,31,tv_stand,17,monitor,False,0.2886405885219574,2.2925190925598145,2.1576781272888184,0.1348409652709961,0.0008884530398063362
846,False,31,tv_stand,18,night_stand,False,0.4396626651287079,1.2154884338378906,1.0471655130386353,0.16832292079925537,0.002790154190734029
847,False,30,toilet,30,toilet,True,0.5463945865631104,1.027256965637207,0.9087346196174622,0.11852234601974487,0.002140549710020423
848,False,14,guitar,14,guitar,True,0.9984214305877686,0.013579989783465862,0.011941438540816307,0.0016385512426495552,3.522625320329098e-07
849,False,28,table,28,table,True,0.9865480065345764,0.09549853205680847,0.08420836180448532,0.01129017025232315,1.2199980119476095e-05
850,False,5,car,5,car,True,0.8898118138313293,0.5410335659980774,0.487030565738678,0.054003000259399414,0.00027947680791839957
851,False,4,bookshelf,4,bookshelf,True,0.9918695092201233,0.06037520989775658,0.055995333939790726,0.004379875957965851,1.7485273247075384e-06
852,False,18,night_stand,18,night_stand,True,0.7452948689460754,1.0179680585861206,0.9534229040145874,0.0645451545715332,0.0005268374807201326
853,False,28,table,28,table,True,0.9815934300422668,0.11573278158903122,0.10519935935735703,0.010533422231674194,1.0221915545116644e-05
854,False,14,guitar,14,guitar,True,0.6756880283355713,1.1144211292266846,0.8881085515022278,0.2263125777244568,0.0026821622159332037
855,False,11,dresser,13,glass_box,False,0.28864187002182007,2.0496139526367188,1.9449840784072876,0.10462987422943115,0.0006593484431505203
856,False,4,bookshelf,4,bookshelf,True,0.8769645690917969,0.3902713656425476,0.368769109249115,0.021502256393432617,0.0002513197250664234
857,False,20,piano,25,sofa,False,0.9734507203102112,0.16651110351085663,0.1512271761894226,0.015283927321434021,3.270497472840361e-05
858,False,17,monitor,17,monitor,True,0.9982208013534546,0.016696684062480927,0.015112871304154396,0.0015838127583265305,2.0746382745073788e-07
859,False,6,chair,6,chair,True,0.9975862503051758,0.02113066427409649,0.018551204353570938,0.002579459920525551,6.731249300173658e-07
860,False,13,glass_box,13,glass_box,True,0.9963409900665283,0.029911313205957413,0.02748521976172924,0.0024260934442281723,4.821252446163271e-07
861,False,4,bookshelf,4,bookshelf,True,0.9758809208869934,0.1319635510444641,0.1258886307477951,0.006074920296669006,1.0924066373263486e-05
862,False,28,table,28,table,True,0.9593470692634583,0.2421795129776001,0.2081671804189682,0.0340123325586319,8.654816338093951e-05
863,False,4,bookshelf,4,bookshelf,True,0.9875429272651672,0.0842413529753685,0.07825478166341782,0.005986571311950684,4.644887212634785e-06
864,False,20,piano,25,sofa,False,0.9181254506111145,0.4166945517063141,0.3933708071708679,0.023323744535446167,9.87750681815669e-05
865,False,28,table,28,table,True,0.9845314025878906,0.10840905457735062,0.09778834879398346,0.010620705783367157,6.094480340834707e-06
866,False,16,mantel,16,mantel,True,0.8499778509140015,0.6786360144615173,0.6278479099273682,0.05078810453414917,0.00030987075297161937
867,False,13,glass_box,13,glass_box,True,0.921117901802063,0.3743319809436798,0.32728856801986694,0.047043412923812866,0.00022726727183908224
868,False,21,plant,21,plant,True,0.8735834956169128,0.589323103427887,0.4794803559780121,0.10984274744987488,0.0007473918376490474
869,False,23,range_hood,23,range_hood,True,0.9800502061843872,0.11273515224456787,0.09303072094917297,0.019704431295394897,6.000908979331143e-05
870,False,6,chair,6,chair,True,0.9997215867042542,0.003177393926307559,0.0029094016645103693,0.0002679922617971897,6.076317227154959e-09
871,False,21,plant,21,plant,True,0.8805382251739502,0.5829495191574097,0.5032511949539185,0.07969832420349121,0.00036902367719449103
872,False,2,bed,2,bed,True,0.904400110244751,0.503650426864624,0.4755101501941681,0.028140276670455933,0.0001204381842399016
873,False,28,table,28,table,True,0.9380438327789307,0.2983665466308594,0.2722662389278412,0.02610030770301819,8.568804332753643e-05
874,False,10,door,33,wardrobe,False,0.37812238931655884,1.8899226188659668,1.7181493043899536,0.17177331447601318,0.0013769209617748857
875,False,26,stairs,26,stairs,True,0.9365243315696716,0.3951854407787323,0.36029767990112305,0.03488776087760925,5.432001853478141e-05
876,False,0,airplane,0,airplane,True,0.9985158443450928,0.013580873608589172,0.010763981379568577,0.0028168922290205956,9.089040986509644e-07
877,False,6,chair,6,chair,True,0.9990463256835938,0.00882655754685402,0.00785492267459631,0.0009716348722577095,1.3980958613046823e-07
878,False,2,bed,25,sofa,False,0.5811304450035095,1.3283326625823975,1.2315360307693481,0.09679663181304932,0.001264883205294609
879,False,26,stairs,14,guitar,False,0.7632258534431458,0.7201325297355652,0.6041899919509888,0.11594253778457642,0.0018469837959855795
880,False,16,mantel,16,mantel,True,0.9901798367500305,0.06112564355134964,0.05258603394031525,0.008539609611034393,8.715052899788134e-06
881,False,5,car,5,car,True,0.8654866814613342,0.6026164889335632,0.5409005880355835,0.061715900897979736,0.0005083041032776237
882,False,30,toilet,30,toilet,True,0.99973064661026,0.002816532738506794,0.002526313066482544,0.00029021967202425003,6.76482292405467e-09
883,False,4,bookshelf,4,bookshelf,True,0.9843502640724182,0.09490848332643509,0.08844665437936783,0.006461828947067261,8.541251190763433e-06
884,False,0,airplane,0,airplane,True,0.9995414614677429,0.004518099594861269,0.003267360385507345,0.0012507392093539238,1.9709047194282903e-07
885,False,18,night_stand,18,night_stand,True,0.8977634310722351,0.47420528531074524,0.42642539739608765,0.04777988791465759,0.00026031327433884144
886,False,16,mantel,16,mantel,True,0.9649496674537659,0.20148544013500214,0.18808360397815704,0.013401836156845093,2.0131268684053794e-05
887,False,4,bookshelf,4,bookshelf,True,0.9871406555175781,0.07564075291156769,0.07183587551116943,0.0038048774003982544,4.589603577187518e-06
888,False,16,mantel,16,mantel,True,0.9857139587402344,0.10091210901737213,0.09142125397920609,0.009490855038166046,7.245081633300288e-06
889,False,18,night_stand,18,night_stand,True,0.9001204371452332,0.4569662809371948,0.42897313833236694,0.02799314260482788,0.00014883818221278489
890,False,7,cone,7,cone,True,0.9890273809432983,0.07161208987236023,0.06496275961399078,0.006649330258369446,6.2873305068933405e-06
891,False,31,tv_stand,31,tv_stand,True,0.5080937743186951,1.580606460571289,1.4888577461242676,0.09174871444702148,0.0007074896129779518
892,False,2,bed,2,bed,True,0.9923888444900513,0.057111091911792755,0.04858198016881943,0.008529111742973328,6.024139111104887e-06
893,False,23,range_hood,23,range_hood,True,0.8023754358291626,0.8001073598861694,0.7410131692886353,0.05909419059753418,0.0005749741685576737
894,False,13,glass_box,13,glass_box,True,0.5349004864692688,1.4438916444778442,1.3623735904693604,0.08151805400848389,0.0009021714213304222
895,False,23,range_hood,23,range_hood,True,0.9767099618911743,0.13540895283222198,0.11766652762889862,0.017742425203323364,3.5854842280969024e-05
896,False,13,glass_box,13,glass_box,True,0.9950793981552124,0.03928067907691002,0.03435043618083,0.004930242896080017,2.289099938934669e-06
897,False,25,sofa,25,sofa,True,0.9974632263183594,0.02257637120783329,0.020572759211063385,0.002003611996769905,4.240533257870993e-07
898,False,2,bed,2,bed,True,0.9962438941001892,0.033633168786764145,0.03122561238706112,0.002407556399703026,4.58944128922667e-07
899,False,2,bed,2,bed,True,0.9704179167747498,0.19690141081809998,0.17861305177211761,0.01828835904598236,2.754447268671356e-05
900,False,11,dresser,11,dresser,True,0.644086480140686,1.1939197778701782,1.1472229957580566,0.04669678211212158,0.00045204252819530666
901,False,17,monitor,17,monitor,True,0.990169107913971,0.06847324222326279,0.060271017253398895,0.008202224969863892,8.184817488654517e-06
902,False,23,range_hood,23,range_hood,True,0.9775031805038452,0.12417054921388626,0.11079239845275879,0.013378150761127472,3.731421020347625e-05
903,False,0,airplane,0,airplane,True,0.9998188018798828,0.0021199476905167103,0.001830811146646738,0.00028913654386997223,1.0056118604495623e-08
904,False,4,bookshelf,4,bookshelf,True,0.9893442988395691,0.07652302086353302,0.07058094441890717,0.0059420764446258545,3.505135509840329e-06
905,False,29,tent,29,tent,True,0.46537336707115173,1.663748025894165,1.5382002592086792,0.12554776668548584,0.0012609685072675347
906,False,6,chair,6,chair,True,0.9999164342880249,0.0010376868303865194,0.0008546393364667892,0.0001830474939197302,2.966602297149734e-09
907,False,4,bookshelf,4,bookshelf,True,0.9929527044296265,0.051869072020053864,0.04946618899703026,0.0024028830230236053,9.084923817681556e-07
908,False,2,bed,2,bed,True,0.9613039493560791,0.233127623796463,0.20192749798297882,0.031200125813484192,6.848724297014996e-05
909,False,14,guitar,14,guitar,True,0.9990394711494446,0.009444063529372215,0.008392209187150002,0.0010518543422222137,5.959805804423013e-08
910,False,0,airplane,0,airplane,True,0.9994317293167114,0.005718815606087446,0.005204923916608095,0.000513891689479351,2.052984626743637e-08
911,False,32,vase,32,vase,True,0.9229105114936829,0.289236456155777,0.2811366021633148,0.008099853992462158,5.329636769602075e-05
912,False,2,bed,2,bed,True,0.8656172156333923,0.5883142948150635,0.5125884413719177,0.07572585344314575,0.0005766009562648833
913,False,6,chair,6,chair,True,0.9997915625572205,0.002390391891822219,0.002252901205793023,0.00013749068602919579,1.7479983016599476e-09
914,False,4,bookshelf,4,bookshelf,True,0.9545114040374756,0.241180419921875,0.23157276213169098,0.009607657790184021,2.827119897119701e-05
915,False,2,bed,2,bed,True,0.998205840587616,0.0162192452698946,0.014756346121430397,0.0014628991484642029,3.05438675241021e-07
916,False,0,airplane,0,airplane,True,0.9998928308486938,0.001275309594348073,0.0011323157232254744,0.00014299387112259865,1.7888643899510726e-09
917,False,30,toilet,30,toilet,True,0.9945194125175476,0.0449402891099453,0.040204837918281555,0.004735451191663742,2.0826848867727676e-06
918,False,30,toilet,30,toilet,True,0.9926119446754456,0.05169186741113663,0.0432877317070961,0.008404135704040527,6.5306376200169325e-06
919,False,6,chair,6,chair,True,0.9993892908096313,0.006346055306494236,0.0058290231972932816,0.0005170321092009544,3.396867853666663e-08
920,False,7,cone,7,cone,True,0.5916222333908081,0.9223054647445679,0.8583389520645142,0.06396651268005371,0.001001317286863923
921,False,33,wardrobe,22,radio,False,0.4723644256591797,1.440871000289917,1.3164715766906738,0.12439942359924316,0.001535717281512916
922,False,20,piano,20,piano,True,0.9779561758041382,0.14265228807926178,0.1298963725566864,0.012755915522575378,1.3755648069491144e-05
923,False,30,toilet,30,toilet,True,0.9996851682662964,0.0034154162276536226,0.003120205830782652,0.0002952103968709707,5.68552982471715e-09
924,False,28,table,28,table,True,0.8312785029411316,0.771562397480011,0.7047474980354309,0.06681489944458008,0.0003514168784022331
925,False,17,monitor,17,monitor,True,0.9989252686500549,0.009794021025300026,0.008502288721501827,0.0012917323037981987,1.661497464056083e-07
926,False,1,bathtub,1,bathtub,True,0.98506098985672,0.10554200410842896,0.09697503596544266,0.008566968142986298,6.0907777879037894e-06
927,False,18,night_stand,18,night_stand,True,0.9428651928901672,0.3304939270019531,0.30291253328323364,0.027581393718719482,7.88697725511156e-05
928,False,16,mantel,16,mantel,True,0.985477089881897,0.09153573960065842,0.08245406299829483,0.009081676602363586,1.3961845979792997e-05
929,False,32,vase,32,vase,True,0.9223835468292236,0.28810593485832214,0.27543649077415466,0.01266944408416748,9.432150545762852e-05
930,False,5,car,5,car,True,0.9768526554107666,0.15710246562957764,0.1468202918767929,0.010282173752784729,1.1167438060510904e-05
931,False,9,desk,9,desk,True,0.7481614351272583,1.0904138088226318,0.9473636746406555,0.14305013418197632,0.001037118025124073
932,False,12,flower_pot,21,plant,False,0.6652032136917114,0.9523960947990417,0.9179664850234985,0.03442960977554321,0.00012383144348859787
933,False,2,bed,2,bed,True,0.9980926513671875,0.017829179763793945,0.016231324523687363,0.0015978552401065826,1.4767603317977773e-07
934,False,24,sink,24,sink,True,0.529167115688324,1.3659896850585938,1.278780460357666,0.08720922470092773,0.0011013041948899627
935,False,18,night_stand,18,night_stand,True,0.6064773797988892,1.4532244205474854,1.3793741464614868,0.07385027408599854,0.0005925565492361784
936,False,30,toilet,30,toilet,True,0.7303456664085388,1.0494979619979858,0.9054973721504211,0.1440005898475647,0.001576102920807898
937,False,17,monitor,17,monitor,True,0.999051034450531,0.009371072985231876,0.008594770915806293,0.0007763020694255829,4.35155698141898e-08
938,False,18,night_stand,18,night_stand,True,0.8550399541854858,0.607641875743866,0.5604038238525391,0.047238051891326904,0.0003303414268884808
939,False,11,dresser,11,dresser,True,0.7868034243583679,0.7189078330993652,0.6861749291419983,0.03273290395736694,0.0003608085389714688
940,False,6,chair,6,chair,True,0.9996431469917297,0.0039051109924912453,0.0035240950528532267,0.0003810159396380186,8.773077375678895e-09
941,False,6,chair,6,chair,True,0.9985124468803406,0.013640864752233028,0.01246593240648508,0.0011749323457479477,1.0937280592315801e-07
942,False,10,door,10,door,True,0.6350040435791016,0.7245268225669861,0.6783167123794556,0.04621011018753052,0.001038474845699966
943,False,2,bed,2,bed,True,0.9963198900222778,0.03126993402838707,0.02789904922246933,0.00337088480591774,1.1778143971241661e-06
944,False,11,dresser,11,dresser,True,0.8063386082649231,0.8250762820243835,0.776932418346405,0.048143863677978516,0.00029139654361642897
945,False,19,person,21,plant,False,0.7348070740699768,0.737967312335968,0.6778545379638672,0.06011277437210083,0.0009350876789540052
946,False,17,monitor,17,monitor,True,0.9996808171272278,0.003551024943590164,0.0032503509428352118,0.00030067400075495243,6.960024112601104e-09
947,False,7,cone,7,cone,True,0.7105595469474792,0.9806245565414429,0.8859350681304932,0.09468948841094971,0.0013014493742957711
948,False,11,dresser,11,dresser,True,0.5434659123420715,1.1937636137008667,1.135402798652649,0.05836081504821777,0.0008036615909077227
949,False,31,tv_stand,4,bookshelf,False,0.5301704406738281,0.7835062742233276,0.7122185826301575,0.07128769159317017,0.0017245279159396887
950,False,18,night_stand,18,night_stand,True,0.5738672614097595,1.5035860538482666,1.425952672958374,0.07763338088989258,0.0006084329797886312
951,False,5,car,5,car,True,0.9443687200546265,0.3361765146255493,0.2904461622238159,0.0457303524017334,0.00016697550017852336
952,False,16,mantel,19,person,False,0.5126653909683228,1.6285728216171265,1.4402103424072266,0.1883624792098999,0.0019388177897781134
953,False,32,vase,32,vase,True,0.8949763178825378,0.3905859589576721,0.3657786548137665,0.02480730414390564,0.00015375619113910943
954,False,2,bed,2,bed,True,0.9996220469474792,0.0039313486777246,0.0036540450528264046,0.00027730362489819527,9.063612083082262e-09
955,False,16,mantel,34,xbox,False,0.32215145230293274,2.0810327529907227,1.9570955038070679,0.12393724918365479,0.0008439688244834542
956,False,11,dresser,29,tent,False,0.46808281540870667,1.7049192190170288,1.5755608081817627,0.1293584108352661,0.0012295552296563983
957,False,9,desk,9,desk,True,0.9959645867347717,0.03413451462984085,0.030031127855181694,0.004103386774659157,1.1510149988680496e-06
958,False,6,chair,6,chair,True,0.9987871646881104,0.011104079894721508,0.00974789634346962,0.0013561835512518883,2.004244237241437e-07
959,False,33,wardrobe,4,bookshelf,False,0.8990964293479919,0.4669935703277588,0.4276663064956665,0.039327263832092285,0.0002650194219313562
960,False,2,bed,2,bed,True,0.9970445036888123,0.025341195985674858,0.022450685501098633,0.0028905104845762253,8.649394658277743e-07
961,False,25,sofa,25,sofa,True,0.9993203282356262,0.0069018821232020855,0.006356921512633562,0.0005449606105685234,2.4828478828453626e-08
962,False,5,car,5,car,True,0.9961690306663513,0.03150499239563942,0.02825116366147995,0.0032538287341594696,1.1818896155091352e-06
963,False,14,guitar,14,guitar,True,0.9991006255149841,0.00859025027602911,0.007817906327545643,0.0007723439484834671,5.908062661319491e-08
964,False,17,monitor,17,monitor,True,0.8998190760612488,0.5144796967506409,0.47853025794029236,0.03594943881034851,0.00015419599367305636
965,False,30,toilet,30,toilet,True,0.9935872554779053,0.05249818041920662,0.04463205114006996,0.007866129279136658,3.4608999612828484e-06
966,False,11,dresser,11,dresser,True,0.658259928226471,0.9887627363204956,0.9325098395347595,0.056252896785736084,0.0007714938255958259
967,False,25,sofa,25,sofa,True,0.9819871783256531,0.12286220490932465,0.11328567564487457,0.009576529264450073,9.971069630410057e-06
968,False,17,monitor,17,monitor,True,0.996940553188324,0.02540460042655468,0.021590547636151314,0.003814052790403366,1.7966419818549184e-06
969,False,30,toilet,30,toilet,True,0.9948638081550598,0.0389055572450161,0.03469953313469887,0.00420602411031723,2.1571986508206464e-06
970,False,8,curtain,17,monitor,False,0.4104246497154236,1.6006214618682861,1.4636105298995972,0.13701093196868896,0.0015032889787107706
971,False,20,piano,20,piano,True,0.45670586824417114,1.7641568183898926,1.542083978652954,0.22207283973693848,0.0021320460364222527
972,False,9,desk,9,desk,True,0.9946160912513733,0.045986585319042206,0.040828678756952286,0.00515790656208992,2.1032710719737224e-06
973,False,28,table,28,table,True,0.9803937077522278,0.1074320450425148,0.09770192205905914,0.009730122983455658,2.0778630641871132e-05
974,False,31,tv_stand,31,tv_stand,True,0.6926171779632568,1.0019488334655762,0.9345665574073792,0.06738227605819702,0.0006662793457508087
975,False,25,sofa,25,sofa,True,0.9869338274002075,0.09194783866405487,0.08580131083726883,0.006146527826786041,5.341401447367389e-06
976,False,16,mantel,16,mantel,True,0.9867609143257141,0.08255027234554291,0.07724490761756897,0.005305364727973938,5.819301804876886e-06
977,False,11,dresser,11,dresser,True,0.4540649354457855,1.9096639156341553,1.7957369089126587,0.11392700672149658,0.0008493311470374465
978,False,32,vase,15,lamp,False,0.40522003173828125,1.2864607572555542,1.1877652406692505,0.09869551658630371,0.0011753005674108863
979,False,6,chair,6,chair,True,0.9998757839202881,0.0014413753524422646,0.0013238483807072043,0.00011752697173506021,1.5647989570766185e-09
980,False,4,bookshelf,4,bookshelf,True,0.9409338235855103,0.3145018219947815,0.2841886878013611,0.03031313419342041,0.00012994659482501447
981,False,21,plant,21,plant,True,0.25608834624290466,2.237731456756592,2.0724895000457764,0.16524195671081543,0.0011275159195065498
982,False,23,range_hood,16,mantel,False,0.4234248697757721,1.3295389413833618,1.1960886716842651,0.13345026969909668,0.0020368483383208513
983,False,20,piano,20,piano,True,0.895986795425415,0.5887027382850647,0.49367251992225647,0.09503021836280823,0.0005086250603199005
984,False,18,night_stand,18,night_stand,True,0.43938297033309937,1.2329448461532593,1.1503371000289917,0.08260774612426758,0.0012514857808128
985,False,32,vase,32,vase,True,0.9096078276634216,0.3212273120880127,0.3120375871658325,0.009189724922180176,6.939695595065132e-05
986,False,25,sofa,25,sofa,True,0.9975879192352295,0.02099618688225746,0.01965220645070076,0.0013439804315567017,2.0396333866301575e-07
987,False,4,bookshelf,4,bookshelf,True,0.9757322669029236,0.1425686478614807,0.13234391808509827,0.010224729776382446,1.8012660802924074e-05
988,False,14,guitar,14,guitar,True,0.9904801845550537,0.07003574073314667,0.0600459910929203,0.009989749640226364,9.051283996086568e-06
989,False,28,table,28,table,True,0.9905404448509216,0.06323133409023285,0.05821286886930466,0.005018465220928192,4.1875105125654954e-06
990,False,32,vase,32,vase,True,0.946042001247406,0.23113957047462463,0.22128178179264069,0.009857788681983948,4.4325839553494006e-05
991,False,31,tv_stand,31,tv_stand,True,0.926651120185852,0.3268013000488281,0.29822781682014465,0.02857348322868347,0.00012840586714446545
992,False,25,sofa,1,bathtub,False,0.2961225211620331,2.066176176071167,1.9403027296066284,0.12587344646453857,0.0011522588320076466
993,False,20,piano,20,piano,True,0.9726817011833191,0.19545036554336548,0.17841331660747528,0.017037048935890198,2.034116732829716e-05
994,False,4,bookshelf,4,bookshelf,True,0.9830518960952759,0.11609428375959396,0.10741691291332245,0.008677370846271515,6.863065209472552e-06
995,False,17,monitor,20,piano,False,0.3375062346458435,2.0408849716186523,1.9073654413223267,0.13351953029632568,0.0013871242990717292
996,False,13,glass_box,18,night_stand,False,0.5426025390625,1.1926919221878052,1.1630053520202637,0.029686570167541504,0.0002896209480240941
997,False,21,plant,21,plant,True,0.7345250844955444,0.6473330855369568,0.6218001842498779,0.025532901287078857,0.0004139882221352309
998,False,5,car,5,car,True,0.4470650851726532,1.492809772491455,1.2955266237258911,0.19728314876556396,0.0025792657397687435
999,False,5,car,5,car,True,0.9828996062278748,0.11015225946903229,0.09785457700490952,0.012297682464122772,1.9251994672231376e-05
1000,False,19,person,32,vase,False,0.5078691840171814,1.1391172409057617,1.0887303352355957,0.050386905670166016,0.0007867197855375707
1001,False,9,desk,9,desk,True,0.9887855648994446,0.07834579795598984,0.07170476764440536,0.006641030311584473,3.523500481605879e-06
1002,False,16,mantel,16,mantel,True,0.997042715549469,0.024799883365631104,0.023340659216046333,0.0014592241495847702,2.1591851862012845e-07
1003,False,3,bench,3,bench,True,0.9850476384162903,0.1000995934009552,0.08760054409503937,0.012499049305915833,1.1599077879509423e-05
1004,False,9,desk,9,desk,True,0.9955340623855591,0.035599131137132645,0.030741246417164803,0.004857884719967842,2.426608489258797e-06
1005,False,11,dresser,18,night_stand,False,0.4142276644706726,1.591606616973877,1.499734878540039,0.09187173843383789,0.0009713817853480577
1006,False,4,bookshelf,4,bookshelf,True,0.979477047920227,0.12136764079332352,0.11646472662687302,0.0049029141664505005,6.429143468267284e-06
1007,False,23,range_hood,15,lamp,False,0.16009752452373505,2.476710557937622,2.3399641513824463,0.13674640655517578,0.0006989481044001877
1008,False,1,bathtub,1,bathtub,True,0.694478452205658,0.8138251900672913,0.7427608370780945,0.07106435298919678,0.0012005266034975648
1009,False,1,bathtub,1,bathtub,True,0.7526369690895081,0.6119723320007324,0.5412549376487732,0.07071739435195923,0.0014184144092723727
1010,False,0,airplane,0,airplane,True,0.9997674226760864,0.0027583998162299395,0.002449107589200139,0.0003092922270298004,9.113559684692518e-09
1011,False,6,chair,6,chair,True,0.9970388412475586,0.02471322752535343,0.022624092176556587,0.0020891353487968445,4.3993281906296033e-07
1012,False,15,lamp,31,tv_stand,False,0.671448826789856,1.2857577800750732,1.16243314743042,0.12332463264465332,0.0009378337417729199
1013,False,9,desk,28,table,False,0.6675828695297241,1.0568294525146484,0.9761629700660706,0.08066648244857788,0.0008592354715801775
1014,False,30,toilet,30,toilet,True,0.9996728301048279,0.0036982588935643435,0.0032742416951805353,0.00042401719838380814,9.504059761411554e-09
1015,False,4,bookshelf,4,bookshelf,True,0.9379247426986694,0.340452641248703,0.31783512234687805,0.02261751890182495,6.0655376728391275e-05
1016,False,4,bookshelf,4,bookshelf,True,0.9896305203437805,0.06755030155181885,0.06309378892183304,0.004456512629985809,3.2604025363980327e-06
1017,False,11,dresser,11,dresser,True,0.7804726958274841,0.8543096780776978,0.8090403079986572,0.04526937007904053,0.00034981168573722243
1018,False,32,vase,32,vase,True,0.8616288304328918,0.4138964116573334,0.4028363525867462,0.011060059070587158,0.0001452870201319456
1019,False,28,table,28,table,True,0.9920333623886108,0.05317385122179985,0.04901660233736038,0.004157248884439468,3.027348157047527e-06
1020,False,18,night_stand,18,night_stand,True,0.7265650033950806,0.8945227861404419,0.8140307664871216,0.08049201965332031,0.0006685049156658351
1021,False,18,night_stand,31,tv_stand,False,0.3976702392101288,1.5863487720489502,1.454730749130249,0.13161802291870117,0.001662227907218039
1022,False,31,tv_stand,31,tv_stand,True,0.7672197818756104,0.7603651881217957,0.6836671233177185,0.07669806480407715,0.0011111851781606674
1023,False,30,toilet,30,toilet,True,0.9992602467536926,0.007491185795515776,0.006800948642194271,0.0006902371533215046,4.411505827306428e-08
1024,False,5,car,5,car,True,0.9760007262229919,0.1600862443447113,0.1427554339170456,0.01733081042766571,3.104374627582729e-05
1025,False,20,piano,20,piano,True,0.9970964789390564,0.02569771558046341,0.023348450660705566,0.002349264919757843,5.186060434425599e-07
1026,False,3,bench,3,bench,True,0.983971893787384,0.10625400394201279,0.0766090601682663,0.02964494377374649,0.00010882436617976055
1027,False,21,plant,21,plant,True,0.7333605289459229,0.7763572931289673,0.6258735060691833,0.15048378705978394,0.0022610740270465612
1028,False,5,car,5,car,True,0.9849718809127808,0.10317757725715637,0.09273610264062881,0.010441474616527557,1.23377203635755e-05
1029,False,34,xbox,33,wardrobe,False,0.28623872995376587,2.0790727138519287,1.9256150722503662,0.1534576416015625,0.00103174545802176
1030,False,13,glass_box,13,glass_box,True,0.9834417700767517,0.11374646425247192,0.0941927433013916,0.019553720951080322,2.6153158614761196e-05
1031,False,25,sofa,25,sofa,True,0.9995703101158142,0.004541721194982529,0.00426842924207449,0.0002732919529080391,5.7841584855111705e-09
1032,False,25,sofa,25,sofa,True,0.7600498199462891,0.9644327163696289,0.9063998460769653,0.058032870292663574,0.00048726893146522343
1033,False,6,chair,6,chair,True,0.9962438344955444,0.03136148676276207,0.02770838886499405,0.0036530978977680206,1.665567651798483e-06
1034,False,14,guitar,14,guitar,True,0.9988652467727661,0.010291711427271366,0.009306729771196842,0.000984981656074524,1.0920596338337418e-07
1035,False,19,person,0,airplane,False,0.8825823664665222,0.4655732810497284,0.38492393493652344,0.08064934611320496,0.0007357538561336696
1036,False,13,glass_box,33,wardrobe,False,0.5512394309043884,1.2608555555343628,1.2009730339050293,0.059882521629333496,0.0006109351525083184
1037,False,21,plant,21,plant,True,0.6910886168479919,1.0017684698104858,0.9407593011856079,0.06100916862487793,0.0005429327138699591
1038,False,21,plant,21,plant,True,0.691842794418335,0.7549951672554016,0.7308291792869568,0.024165987968444824,0.0002173798275180161
1039,False,0,airplane,0,airplane,True,0.9997017979621887,0.003444547764956951,0.0030845121946185827,0.0003600355703383684,8.368335357999968e-09
1040,False,16,mantel,16,mantel,True,0.9860929846763611,0.09778985381126404,0.08817578852176666,0.009614065289497375,9.085110832529608e-06
1041,False,16,mantel,16,mantel,True,0.9596269130706787,0.2216852903366089,0.19873720407485962,0.022948086261749268,6.336563819786534e-05
1042,False,21,plant,21,plant,True,0.42080026865005493,1.396159291267395,1.3109662532806396,0.08519303798675537,0.0007656093803234398
1043,False,0,airplane,0,airplane,True,0.9997701644897461,0.0027232433203607798,0.0025051613338291645,0.00021808198653161526,2.899922746379957e-09
1044,False,21,plant,21,plant,True,0.46964913606643677,1.6339396238327026,1.505064845085144,0.1288747787475586,0.0008335349266417325
1045,False,31,tv_stand,3,bench,False,0.9675395488739014,0.19747930765151978,0.17345976829528809,0.02401953935623169,4.498648195294663e-05
1046,False,18,night_stand,18,night_stand,True,0.8447238802909851,0.691778302192688,0.6459083557128906,0.04586994647979736,0.0002432589535601437
1047,False,25,sofa,25,sofa,True,0.9898113012313843,0.07610036432743073,0.07036267966032028,0.005737684667110443,3.738258101293468e-06
1048,False,9,desk,9,desk,True,0.9358505010604858,0.3131239116191864,0.2532137334346771,0.05991017818450928,0.00036510039353743196
1049,False,13,glass_box,13,glass_box,True,0.4027004837989807,1.616080403327942,1.5400110483169556,0.07606935501098633,0.0008163151214830577
1050,False,28,table,9,desk,False,0.6246539950370789,1.07789146900177,0.9847177863121033,0.09317368268966675,0.0011351760476827621
1051,False,15,lamp,15,lamp,True,0.9510547518730164,0.2598772346973419,0.22619377076625824,0.03368346393108368,0.00020316330483183265
1052,False,4,bookshelf,4,bookshelf,True,0.7904049158096313,0.536714494228363,0.5103457570075989,0.02636873722076416,0.00046997342724353075
1053,False,11,dresser,18,night_stand,False,0.7228229641914368,0.853729248046875,0.7938658595085144,0.059863388538360596,0.0007736338302493095
1054,False,13,glass_box,13,glass_box,True,0.9467049837112427,0.2972167134284973,0.26266831159591675,0.034548401832580566,0.00010747048509074375
1055,False,11,dresser,11,dresser,True,0.41559162735939026,1.4911792278289795,1.3551063537597656,0.13607287406921387,0.0018908166093751788
1056,False,6,chair,6,chair,True,0.8024499416351318,0.695266604423523,0.5836521983146667,0.1116144061088562,0.0015855658566579223
1057,False,22,radio,14,guitar,False,0.5684610605239868,1.3693385124206543,1.2068517208099365,0.16248679161071777,0.0017389649292454123
1058,False,32,vase,32,vase,True,0.9246427416801453,0.3061188757419586,0.29698723554611206,0.009131640195846558,2.972764013975393e-05
1059,False,25,sofa,25,sofa,True,0.9975841641426086,0.021544720977544785,0.019582390785217285,0.0019623301923274994,5.218539627094287e-07
1060,False,6,chair,6,chair,True,0.9955761432647705,0.03794214129447937,0.033370211720466614,0.004571929574012756,1.7103457139455713e-06
1061,False,0,airplane,0,airplane,True,0.999360203742981,0.0065628462471067905,0.005869661457836628,0.0006931847892701626,4.292615329859473e-08
1062,False,18,night_stand,11,dresser,False,0.5654425024986267,1.1247272491455078,1.0888603925704956,0.03586685657501221,0.0004174943605903536
1063,False,21,plant,21,plant,True,0.46713924407958984,1.363411784172058,1.2726730108261108,0.09073877334594727,0.0007140798843465745
1064,False,11,dresser,11,dresser,True,0.8294256925582886,0.7787138223648071,0.7307825684547424,0.0479312539100647,0.00025060283951461315
1065,False,28,table,28,table,True,0.6558406352996826,0.8536282181739807,0.7970846891403198,0.05654352903366089,0.0008093218202702701
1066,False,24,sink,11,dresser,False,0.5844112038612366,1.4101166725158691,1.316365361213684,0.09375131130218506,0.0008362284279428422
1067,False,16,mantel,16,mantel,True,0.9721925258636475,0.1637316197156906,0.1488972306251526,0.014834389090538025,2.7919766580453143e-05
1068,False,28,table,28,table,True,0.9886268377304077,0.07665286213159561,0.07168831676244736,0.004964545369148254,2.787057383102365e-06
1069,False,9,desk,28,table,False,0.9223756194114685,0.29467618465423584,0.28236809372901917,0.012308090925216675,7.678641122765839e-05
1070,False,16,mantel,16,mantel,True,0.9286248683929443,0.3419687747955322,0.3235010802745819,0.018467694520950317,6.777646922273561e-05
1071,False,13,glass_box,13,glass_box,True,0.9863872528076172,0.09208636730909348,0.08275788277387619,0.009328484535217285,9.308428161602933e-06
1072,False,23,range_hood,23,range_hood,True,0.9164932370185852,0.3083164095878601,0.26312747597694397,0.04518893361091614,0.0005069552571512759
1073,False,4,bookshelf,4,bookshelf,True,0.9942165613174438,0.0436682291328907,0.04092247411608696,0.0027457550168037415,6.820060320933408e-07
1074,False,28,table,28,table,True,0.9893225431442261,0.07028926908969879,0.06604283303022385,0.004246436059474945,2.6525538032728946e-06
1075,False,30,toilet,30,toilet,True,0.9997425079345703,0.0028952592983841896,0.0026091570034623146,0.000286102294921875,5.047008588832114e-09
1076,False,23,range_hood,23,range_hood,True,0.687312662601471,1.12394118309021,1.0062849521636963,0.11765623092651367,0.0013109995052218437
1077,False,34,xbox,34,xbox,True,0.7324148416519165,1.0312144756317139,0.9649931192398071,0.06622135639190674,0.00045881964615546167
1078,False,6,chair,6,chair,True,0.9888425469398499,0.07672443985939026,0.061923179775476456,0.014801260083913803,3.210785871488042e-05
1079,False,8,curtain,17,monitor,False,0.4396537244319916,1.259743332862854,1.158643126487732,0.10110020637512207,0.001261899247765541
1080,False,3,bench,3,bench,True,0.9730139374732971,0.17632469534873962,0.16250517964363098,0.013819515705108643,1.5349502064054832e-05
1081,False,30,toilet,30,toilet,True,0.9993441104888916,0.006875240709632635,0.006270545534789562,0.0006046951748430729,2.8474072877315848e-08
1082,False,6,chair,6,chair,True,0.9996766448020935,0.003573101945221424,0.0031707349698990583,0.00040236697532236576,8.956670960458268e-09
1083,False,28,table,28,table,True,0.9825241565704346,0.1011049821972847,0.0956435352563858,0.005461446940898895,6.9466377681237645e-06
1084,False,2,bed,2,bed,True,0.9998043179512024,0.0022309909109026194,0.002066901419311762,0.0001640894915908575,2.223396133871347e-09
1085,False,9,desk,18,night_stand,False,0.8310595154762268,0.8305323123931885,0.7831637859344482,0.047368526458740234,0.0001736662961775437
1086,False,0,airplane,0,airplane,True,0.9986982941627502,0.012059693224728107,0.010623893700540066,0.0014357995241880417,1.549157673252921e-07
1087,False,2,bed,2,bed,True,0.958739697933197,0.24361753463745117,0.2191937416791916,0.024423792958259583,5.511164272320457e-05
1088,False,25,sofa,25,sofa,True,0.9972869157791138,0.02310226298868656,0.02063005045056343,0.002472212538123131,7.330884272960247e-07
1089,False,1,bathtub,25,sofa,False,0.9574376344680786,0.26085546612739563,0.24412193894386292,0.016733527183532715,3.748668314074166e-05
1090,False,30,toilet,30,toilet,True,0.6849822998046875,1.2224912643432617,1.0383384227752686,0.18415284156799316,0.001956005347892642
1091,False,27,stool,15,lamp,False,0.8444423079490662,0.6206973195075989,0.4948959946632385,0.12580132484436035,0.001247535808943212
1092,False,5,car,5,car,True,0.9653224945068359,0.20482198894023895,0.1844152957201004,0.02040669322013855,4.80864655401092e-05
1093,False,14,guitar,14,guitar,True,0.997410237789154,0.02276681549847126,0.020865021273493767,0.0019017942249774933,2.48509280709186e-07
1094,False,9,desk,9,desk,True,0.4163278639316559,1.4166195392608643,1.3283400535583496,0.08827948570251465,0.0011588920606300235
1095,False,20,piano,20,piano,True,0.9895699620246887,0.0792788416147232,0.07360418885946274,0.0056746527552604675,2.633608801261289e-06
1096,False,28,table,28,table,True,0.8766147494316101,0.4053047001361847,0.3744501769542694,0.030854523181915283,0.00032447202829644084
1097,False,18,night_stand,11,dresser,False,0.7162611484527588,1.0187357664108276,0.9794097542762756,0.039326012134552,0.0003580001648515463
1098,False,0,airplane,0,airplane,True,0.9983070492744446,0.015578108839690685,0.013905058614909649,0.0016730502247810364,2.9188271355451434e-07
1099,False,0,airplane,0,airplane,True,0.9997492432594299,0.0028276981320232153,0.0025667608715593815,0.0002609372604638338,5.024306304335369e-09
1100,False,11,dresser,11,dresser,True,0.7921592593193054,0.8850449323654175,0.8436687588691711,0.04137617349624634,0.00025052379351109266
1101,False,2,bed,2,bed,True,0.9985217452049255,0.014515594579279423,0.01314595527946949,0.0013696392998099327,1.3132824960848666e-07
1102,False,13,glass_box,13,glass_box,True,0.8904196619987488,0.5294366478919983,0.4852198362350464,0.044216811656951904,0.000202621566131711
1103,False,21,plant,21,plant,True,0.9212073087692261,0.3301438093185425,0.30485934019088745,0.02528446912765503,0.00014976186503190547
1104,False,0,airplane,0,airplane,True,0.9759067296981812,0.15656712651252747,0.1375243216753006,0.019042804837226868,3.243797254981473e-05
1105,False,14,guitar,14,guitar,True,0.9990119934082031,0.00960876327008009,0.00829220935702324,0.0013165539130568504,1.1652449671828435e-07
1106,False,23,range_hood,23,range_hood,True,0.9646841883659363,0.21324190497398376,0.20200201869010925,0.011239886283874512,1.5373851056210697e-05
1107,False,5,car,5,car,True,0.9836717247962952,0.10909905284643173,0.10381051898002625,0.005288533866405487,4.526751581579447e-06
1108,False,31,tv_stand,31,tv_stand,True,0.8067488074302673,0.9315001964569092,0.8705561757087708,0.06094402074813843,0.0002524933370295912
1109,False,23,range_hood,23,range_hood,True,0.7967402338981628,0.5785717964172363,0.5345140099525452,0.04405778646469116,0.0007219966500997543
1110,False,2,bed,2,bed,True,0.8639999628067017,0.6330980658531189,0.5437237620353699,0.08937430381774902,0.0006337241502478719
1111,False,18,night_stand,18,night_stand,True,0.9596108794212341,0.2598075866699219,0.2304541915655136,0.029353395104408264,4.8780573706608266e-05
1112,False,27,stool,27,stool,True,0.7245054841041565,0.792144238948822,0.7040377259254456,0.08810651302337646,0.001389509066939354
1113,False,2,bed,2,bed,True,0.9980761408805847,0.017496244981884956,0.01610408164560795,0.001392163336277008,1.6588862195021647e-07
1114,False,30,toilet,30,toilet,True,0.9976175427436829,0.021062374114990234,0.015578296035528183,0.005484078079462051,2.9562650070147356e-06
1115,False,25,sofa,25,sofa,True,0.975508987903595,0.16493159532546997,0.15702442824840546,0.007907167077064514,8.230982530221809e-06
1116,False,18,night_stand,18,night_stand,True,0.930719792842865,0.37900304794311523,0.3525351285934448,0.02646791934967041,6.307505100267008e-05
1117,False,16,mantel,16,mantel,True,0.9852696657180786,0.08954460918903351,0.08354394137859344,0.0060006678104400635,6.239087269932497e-06
1118,False,25,sofa,25,sofa,True,0.9296455383300781,0.3960067629814148,0.37584877014160156,0.020157992839813232,8.736533345654607e-05
1119,False,5,car,5,car,True,0.9780551791191101,0.14395196735858917,0.13195787370204926,0.011994093656539917,1.661136411712505e-05
1120,False,6,chair,6,chair,True,0.47118842601776123,1.6863296031951904,1.3849729299545288,0.3013566732406616,0.0034962918143719435
1121,False,17,monitor,17,monitor,True,0.9945810437202454,0.042684465646743774,0.04001186415553093,0.002672601491212845,9.943142913471092e-07
1122,False,16,mantel,16,mantel,True,0.9263046383857727,0.425245076417923,0.38632336258888245,0.03892171382904053,0.0001254419912584126
1123,False,0,airplane,0,airplane,True,0.9996591806411743,0.003927465062588453,0.0035497595090419054,0.0003777055535465479,8.709816867735753e-09
1124,False,30,toilet,6,chair,False,0.6646949648857117,0.7272676825523376,0.5043419599533081,0.22292572259902954,0.0046312035992741585
1125,False,31,tv_stand,31,tv_stand,True,0.8271239399909973,0.8261675834655762,0.7701427340507507,0.05602484941482544,0.0002643616171553731
1126,False,21,plant,21,plant,True,0.601533830165863,1.4349327087402344,1.3405401706695557,0.09439253807067871,0.0005603868630714715
1127,False,27,stool,27,stool,True,0.9175211787223816,0.46341532468795776,0.4208555221557617,0.042559802532196045,0.00015089155931491405
1128,False,30,toilet,30,toilet,True,0.9925277829170227,0.060617394745349884,0.05312429368495941,0.007493101060390472,3.979572738899151e-06
1129,False,17,monitor,17,monitor,True,0.9982190728187561,0.016085194423794746,0.015035474672913551,0.001049719750881195,1.3763533956989704e-07
1130,False,31,tv_stand,31,tv_stand,True,0.7935543060302734,0.8529382348060608,0.7666018605232239,0.08633637428283691,0.0005930084153078496
1131,False,6,chair,6,chair,True,0.9997059106826782,0.0033013487700372934,0.003067151177674532,0.0002341975923627615,3.4010514404769765e-09
1132,False,29,tent,7,cone,False,0.34308063983917236,1.830301284790039,1.634175419807434,0.19612586498260498,0.0018521988531574607
1133,False,29,tent,29,tent,True,0.49424171447753906,1.7838858366012573,1.6046221256256104,0.17926371097564697,0.00125042162835598
1134,False,28,table,28,table,True,0.8876200318336487,0.5516611933708191,0.49508094787597656,0.05658024549484253,0.00027228170074522495
1135,False,25,sofa,25,sofa,True,0.9989944100379944,0.009787463583052158,0.008954123593866825,0.0008333399891853333,6.480524916696595e-08
1136,False,9,desk,9,desk,True,0.5853179693222046,1.2028489112854004,1.1340811252593994,0.06876778602600098,0.0007355240522883832
1137,False,3,bench,3,bench,True,0.9709759950637817,0.18708273768424988,0.17364384233951569,0.013438895344734192,1.3622596270579379e-05
1138,False,33,wardrobe,33,wardrobe,True,0.35648980736732483,1.9469398260116577,1.7730358839035034,0.1739039421081543,0.0011688268277794123
1139,False,24,sink,16,mantel,False,0.4915851354598999,1.4403607845306396,1.327700138092041,0.11266064643859863,0.0014325324445962906
1140,False,21,plant,21,plant,True,0.8967751264572144,0.4768534302711487,0.451884925365448,0.024968504905700684,6.072645555832423e-05
1141,False,24,sink,30,toilet,False,0.7368643879890442,0.8538773059844971,0.7399903535842896,0.11388695240020752,0.0015166234225034714
1142,False,4,bookshelf,4,bookshelf,True,0.7644476294517517,0.892852783203125,0.8616053462028503,0.031247437000274658,0.00021023025328759104
1143,False,28,table,28,table,True,0.9087909460067749,0.4490172863006592,0.3988407552242279,0.050176531076431274,0.0001779559243004769
1144,False,32,vase,32,vase,True,0.9575101733207703,0.18921616673469543,0.178314208984375,0.010901957750320435,4.2205414501950145e-05
1145,False,14,guitar,14,guitar,True,0.9970678687095642,0.026467034593224525,0.023532986640930176,0.0029340479522943497,5.689244062523358e-07
1146,False,4,bookshelf,31,tv_stand,False,0.631394624710083,0.8070900440216064,0.7436707615852356,0.06341928243637085,0.0012361810076981783
1147,False,24,sink,24,sink,True,0.4659872353076935,1.7787152528762817,1.6857497692108154,0.09296548366546631,0.0008053456549532712
1148,False,4,bookshelf,4,bookshelf,True,0.9405028223991394,0.2629397213459015,0.2521161437034607,0.010823577642440796,4.5521064748754725e-05
1149,False,0,airplane,0,airplane,True,0.9998533129692078,0.00172444770578295,0.0014570795465260744,0.0002673681592568755,6.125550289226567e-09
1150,False,20,piano,20,piano,True,0.9843615293502808,0.11459377408027649,0.10426473617553711,0.01032903790473938,7.227837159007322e-06
1151,False,25,sofa,25,sofa,True,0.995008647441864,0.04258042201399803,0.0397176593542099,0.0028627626597881317,6.647652526226011e-07
1152,False,2,bed,2,bed,True,0.9989712834358215,0.009996023960411549,0.008308684453368187,0.0016873395070433617,2.888141921175702e-07
1153,False,4,bookshelf,4,bookshelf,True,0.833969235420227,0.503232479095459,0.4781307876110077,0.025101691484451294,0.00035226819454692304
1154,False,8,curtain,8,curtain,True,0.83233642578125,0.7280031442642212,0.5920476317405701,0.13595551252365112,0.001097547821700573
1155,False,30,toilet,30,toilet,True,0.9993400573730469,0.007036510389298201,0.006197305396199226,0.0008392049930989742,3.2120659909651295e-08
1156,False,14,guitar,14,guitar,True,0.9890945553779602,0.07429564744234085,0.06605499237775803,0.008240655064582825,8.204839105019346e-06
1157,False,1,bathtub,9,desk,False,0.5631812214851379,1.259623646736145,1.1377110481262207,0.12191259860992432,0.0016072754515334964
1158,False,30,toilet,30,toilet,True,0.9208328723907471,0.39187270402908325,0.3526795506477356,0.039193153381347656,0.00013564717664849013
1159,False,31,tv_stand,13,glass_box,False,0.4014931321144104,1.6341972351074219,1.5426543951034546,0.09154284000396729,0.0010135455522686243
1160,False,25,sofa,25,sofa,True,0.9995051026344299,0.004944391082972288,0.004523918963968754,0.0004204721190035343,2.1551539219899496e-08
1161,False,15,lamp,12,flower_pot,False,0.3231097161769867,1.4711127281188965,1.3858879804611206,0.08522474765777588,0.0009854373056441545
1162,False,2,bed,2,bed,True,0.9980053305625916,0.018792061135172844,0.015796134248375893,0.0029959268867969513,6.351040724439372e-07
1163,False,30,toilet,30,toilet,True,0.9889429807662964,0.06670878827571869,0.05539736896753311,0.011311419308185577,2.106588362948969e-05
1164,False,24,sink,24,sink,True,0.906821608543396,0.4890522360801697,0.4601365923881531,0.0289156436920166,9.894710819935426e-05
1165,False,9,desk,9,desk,True,0.9957774877548218,0.03463302552700043,0.030821533873677254,0.0038114916533231735,1.3746343938692007e-06
1166,False,32,vase,32,vase,True,0.9276675581932068,0.30998626351356506,0.29767850041389465,0.01230776309967041,3.326989826746285e-05
1167,False,9,desk,9,desk,True,0.9871350526809692,0.08898144215345383,0.08441964536905289,0.00456179678440094,2.7085943656857125e-06
1168,False,18,night_stand,18,night_stand,True,0.718893826007843,1.1200096607208252,1.0508849620819092,0.06912469863891602,0.0004629409231711179
1169,False,20,piano,20,piano,True,0.8908682465553284,0.5096588134765625,0.432771772146225,0.07688704133033752,0.0005560337449423969
1170,False,4,bookshelf,4,bookshelf,True,0.9271373748779297,0.3964589238166809,0.3732229769229889,0.023235946893692017,7.268619810929522e-05
1171,False,21,plant,21,plant,True,0.7409986257553101,0.8679299354553223,0.8346567749977112,0.033273160457611084,0.00021009452757425606
1172,False,31,tv_stand,31,tv_stand,True,0.7680270075798035,0.6323834657669067,0.5735952854156494,0.058788180351257324,0.0009055223781615496
1173,False,34,xbox,33,wardrobe,False,0.5343487858772278,1.0672409534454346,1.0217468738555908,0.04549407958984375,0.00047149829333648086
1174,False,18,night_stand,31,tv_stand,False,0.658399760723114,1.3243038654327393,1.2408592700958252,0.08344459533691406,0.0006576419109478593
1175,False,13,glass_box,13,glass_box,True,0.8340652585029602,0.6431983709335327,0.5724921822547913,0.07070618867874146,0.0005578937707468867
1176,False,2,bed,2,bed,True,0.9981382489204407,0.01755702868103981,0.015287298709154129,0.002269729971885681,5.173367867428169e-07
1177,False,6,chair,6,chair,True,0.9987823367118835,0.011867781169712543,0.010836371220648289,0.0010314099490642548,8.550691887876383e-08
1178,False,4,bookshelf,4,bookshelf,True,0.962753415107727,0.21117912232875824,0.19857501983642578,0.012604102492332458,2.3807986508472823e-05
1179,False,17,monitor,17,monitor,True,0.9981474280357361,0.01759202778339386,0.015974828973412514,0.0016171988099813461,2.827772220825864e-07
1180,False,5,car,5,car,True,0.9733431935310364,0.16573426127433777,0.15253256261348724,0.013201698660850525,2.184593176934868e-05
1181,False,30,toilet,30,toilet,True,0.999420702457428,0.006277820095419884,0.00549921253696084,0.0007786075584590435,4.8067398950024653e-08
1182,False,9,desk,9,desk,True,0.8594052791595459,0.7099505066871643,0.6510578393936157,0.058892667293548584,0.0003299553645774722
1183,False,19,person,19,person,True,0.9427443146705627,0.3379933536052704,0.3055933117866516,0.032400041818618774,8.239248563768342e-05
1184,False,11,dresser,18,night_stand,False,0.42274850606918335,1.1786255836486816,1.1475224494934082,0.031103134155273438,0.0003630639985203743
1185,False,25,sofa,25,sofa,True,0.9708575010299683,0.1655571162700653,0.15860716998577118,0.006949946284294128,1.2805396181647666e-05
1186,False,22,radio,33,wardrobe,False,0.4312906265258789,1.3417596817016602,1.2163363695144653,0.12542331218719482,0.0014673533150926232
1187,False,21,plant,26,stairs,False,0.3879096210002899,1.920218586921692,1.7444558143615723,0.17576277256011963,0.0013518171617761254
1188,False,9,desk,9,desk,True,0.997570276260376,0.022459851577878,0.019912322983145714,0.0025475285947322845,3.409870714676799e-07
1189,False,11,dresser,11,dresser,True,0.71839839220047,1.0692434310913086,1.014556646347046,0.054686784744262695,0.0004306198679842055
1190,False,17,monitor,17,monitor,True,0.6793533563613892,1.33609139919281,1.228556752204895,0.10753464698791504,0.0008363031083717942
1191,False,2,bed,2,bed,True,0.7099328637123108,1.1626067161560059,1.0866495370864868,0.07595717906951904,0.0006768872844986618
1192,False,25,sofa,25,sofa,True,0.9939203858375549,0.046550557017326355,0.04364115372300148,0.002909403294324875,1.8570921156424447e-06
1193,False,27,stool,27,stool,True,0.9114598035812378,0.45906761288642883,0.4141319990158081,0.04493561387062073,0.00018393652862869203
1194,False,17,monitor,17,monitor,True,0.9835889935493469,0.12628309428691864,0.12012665718793869,0.00615643709897995,3.900389401678694e-06
1195,False,29,tent,29,tent,True,0.8268632292747498,0.7076874375343323,0.6290619969367981,0.07862544059753418,0.000724738696590066
1196,False,20,piano,20,piano,True,0.363226056098938,1.862538456916809,1.7650535106658936,0.09748494625091553,0.0008536225068382919
1197,False,3,bench,22,radio,False,0.3424648940563202,1.9906082153320312,1.6997772455215454,0.29083096981048584,0.0023727607913315296
1198,False,23,range_hood,24,sink,False,0.4157232642173767,2.060276985168457,1.9223772287368774,0.1378997564315796,0.0009794313227757812
1199,False,33,wardrobe,33,wardrobe,True,0.6891963481903076,1.041050672531128,0.9815662503242493,0.05948442220687866,0.0005076733650639653
1200,False,4,bookshelf,4,bookshelf,True,0.7122324705123901,0.6772626638412476,0.639205276966095,0.03805738687515259,0.0007693154620938003
1201,False,2,bed,2,bed,True,0.9763561487197876,0.15690085291862488,0.14510825276374817,0.011792600154876709,1.2221247743582353e-05
1202,False,4,bookshelf,4,bookshelf,True,0.943119466304779,0.24935641884803772,0.23844768106937408,0.010908737778663635,5.225028871791437e-05
1203,False,5,car,5,car,True,0.6854344010353088,1.1152691841125488,1.005534291267395,0.10973489284515381,0.0012931398814544082
1204,False,4,bookshelf,4,bookshelf,True,0.9936041235923767,0.04499467462301254,0.04279119893908501,0.002203475683927536,9.112879411077301e-07
1205,False,2,bed,2,bed,True,0.9985735416412354,0.013152866624295712,0.011656712740659714,0.0014961538836359978,1.9775684734213428e-07
1206,False,32,vase,32,vase,True,0.9190146923065186,0.3175577223300934,0.2989922761917114,0.018565446138381958,9.964112541638315e-05
1207,False,31,tv_stand,31,tv_stand,True,0.6183034181594849,0.764098584651947,0.6996570825576782,0.0644415020942688,0.0014017692301422358
1208,False,13,glass_box,13,glass_box,True,0.9982592463493347,0.016318313777446747,0.014442690648138523,0.0018756231293082237,2.1833747609889542e-07
1209,False,14,guitar,14,guitar,True,0.8106873631477356,0.8812041878700256,0.7132664322853088,0.1679377555847168,0.0013841287000104785
1210,False,15,lamp,15,lamp,True,0.9884937405586243,0.08131325989961624,0.06947266310453415,0.011840596795082092,7.790198651491664e-06
1211,False,31,tv_stand,31,tv_stand,True,0.6481309533119202,1.2533009052276611,1.1243813037872314,0.1289196014404297,0.0011593563249334693
1212,False,30,toilet,30,toilet,True,0.9996947646141052,0.0035003568045794964,0.003135828534141183,0.0003645282704383135,7.496400833417738e-09
1213,False,8,curtain,8,curtain,True,0.848865807056427,0.5729636549949646,0.5304490327835083,0.0425146222114563,0.00031459610909223557
1214,False,11,dresser,11,dresser,True,0.5056858658790588,1.2485871315002441,1.203682780265808,0.044904351234436035,0.0006478411960415542
1215,False,6,chair,6,chair,True,0.9996089935302734,0.004108388442546129,0.0037149935960769653,0.0003933948464691639,1.4379893720217751e-08
1216,False,20,piano,20,piano,True,0.9987603425979614,0.012278541922569275,0.011388871818780899,0.0008896701037883759,5.212337228499564e-08
1217,False,20,piano,20,piano,True,0.7995189428329468,0.779360830783844,0.7232722043991089,0.05608862638473511,0.0005417027859948575
1218,False,14,guitar,14,guitar,True,0.990321934223175,0.06933560967445374,0.057344190776348114,0.011991418898105621,1.3058009244559798e-05
1219,False,23,range_hood,23,range_hood,True,0.6756207942962646,0.729641318321228,0.6761179566383362,0.053523361682891846,0.0010427591623738408
1220,False,0,airplane,0,airplane,True,0.36554986238479614,1.9381154775619507,1.7182480096817017,0.21986746788024902,0.0020556612871587276
1221,False,25,sofa,25,sofa,True,0.9853684306144714,0.09292829781770706,0.08683346956968307,0.006094828248023987,6.929934443178354e-06
1222,False,2,bed,2,bed,True,0.9983428716659546,0.016219694167375565,0.0137472003698349,0.0024724937975406647,5.05716684529034e-07
1223,False,20,piano,20,piano,True,0.9917720556259155,0.06748270243406296,0.06218425929546356,0.005298443138599396,1.7955034081751364e-06
1224,False,7,cone,7,cone,True,0.9778380990028381,0.11990127712488174,0.11022917181253433,0.009672105312347412,1.904671808006242e-05
1225,False,14,guitar,14,guitar,True,0.9875096082687378,0.08832691609859467,0.07436612248420715,0.013960793614387512,1.614970460650511e-05
1226,False,11,dresser,11,dresser,True,0.62037593126297,0.9364708065986633,0.8843186497688293,0.052152156829833984,0.0008082064450718462
1227,False,11,dresser,18,night_stand,False,0.5623767971992493,1.0162960290908813,0.9940547943115234,0.02224123477935791,0.00029404505039565265
1228,False,11,dresser,11,dresser,True,0.7234330773353577,0.8049387335777283,0.7737932205200195,0.03114551305770874,0.00034518985194154084
1229,False,4,bookshelf,4,bookshelf,True,0.9455133080482483,0.22639229893684387,0.2057507336139679,0.020641565322875977,0.000142384204082191
1230,False,14,guitar,14,guitar,True,0.9989526867866516,0.009802907705307007,0.009051584638655186,0.0007513230666518211,6.66266188886766e-08
1231,False,31,tv_stand,4,bookshelf,False,0.7571026086807251,0.8744645118713379,0.8367169499397278,0.03774756193161011,0.00028381237643770874
1232,False,5,car,1,bathtub,False,0.7031887769699097,1.0985013246536255,0.9680030345916748,0.13049829006195068,0.0014441527891904116
1233,False,31,tv_stand,25,sofa,False,0.2896999418735504,1.9692314863204956,1.8607004880905151,0.10853099822998047,0.0009380115079693496
1234,False,25,sofa,25,sofa,True,0.9966522455215454,0.028685113415122032,0.02701956033706665,0.0016655530780553818,3.4131736015297065e-07
1235,False,1,bathtub,1,bathtub,True,0.9708353877067566,0.1889953464269638,0.17122071981430054,0.01777462661266327,2.5129105779342353e-05
1236,False,23,range_hood,23,range_hood,True,0.6998569369316101,1.3141485452651978,1.149746298789978,0.16440224647521973,0.001220361446030438
1237,False,2,bed,2,bed,True,0.9952285885810852,0.0382436066865921,0.03263665363192558,0.005606953054666519,3.5663538255903404e-06
1238,False,32,vase,32,vase,True,0.95002681016922,0.20580251514911652,0.2016008347272873,0.004201680421829224,1.9870407413691282e-05
1239,False,2,bed,2,bed,True,0.9967536330223083,0.027891695499420166,0.023597586899995804,0.004294108599424362,2.213447260146495e-06
1240,False,0,airplane,0,airplane,True,0.9914937615394592,0.06192656606435776,0.05024580657482147,0.011680759489536285,1.534216062282212e-05
1241,False,20,piano,20,piano,True,0.9649606347084045,0.22629788517951965,0.20487496256828308,0.021422922611236572,3.521475082379766e-05
1242,False,30,toilet,30,toilet,True,0.999780535697937,0.002560691675171256,0.0023137766402214766,0.0002469150349497795,3.995010544599609e-09
1243,False,0,airplane,0,airplane,True,0.9989457726478577,0.010286640375852585,0.009045708924531937,0.0012409314513206482,9.90062645200851e-08
1244,False,5,car,5,car,True,0.9538748860359192,0.2706031799316406,0.21778130531311035,0.05282187461853027,0.0002443718258291483
1245,False,11,dresser,11,dresser,True,0.6967628598213196,0.8739604949951172,0.8383771777153015,0.035583317279815674,0.0004627648158930242
1246,False,20,piano,20,piano,True,0.2558770775794983,1.981927752494812,1.8623303174972534,0.1195974349975586,0.001110648037865758
1247,False,16,mantel,16,mantel,True,0.9924123287200928,0.05298379436135292,0.049140814691782,0.003842979669570923,2.00008707906818e-06
1248,False,4,bookshelf,4,bookshelf,True,0.873690664768219,0.4137018322944641,0.3768797814846039,0.03682205080986023,0.0004610687610693276
1249,False,6,chair,6,chair,True,0.6434532403945923,1.1686161756515503,1.075392246246338,0.0932239294052124,0.0010099750943481922
1250,False,11,dresser,11,dresser,True,0.40651261806488037,1.6215425729751587,1.546221375465393,0.07532119750976562,0.0006410601199604571
1251,False,0,airplane,0,airplane,True,0.9995171427726746,0.004656597040593624,0.003937960136681795,0.000718636903911829,5.0378982763277236e-08
1252,False,17,monitor,17,monitor,True,0.9911763668060303,0.06147128343582153,0.05582641437649727,0.0056448690593242645,3.7888810311415e-06
1253,False,13,glass_box,13,glass_box,True,0.9693440794944763,0.18714043498039246,0.1565866619348526,0.030553773045539856,8.491773041896522e-05
1254,False,22,radio,31,tv_stand,False,0.30518826842308044,1.9014594554901123,1.6855278015136719,0.21593165397644043,0.002105679363012314
1255,False,17,monitor,11,dresser,False,0.3292560577392578,1.7120054960250854,1.6244747638702393,0.08753073215484619,0.0008002539398148656
1256,False,31,tv_stand,31,tv_stand,True,0.5231562852859497,1.5717620849609375,1.4600985050201416,0.1116635799407959,0.001162440748885274
1257,False,0,airplane,0,airplane,True,0.9921718239784241,0.0570516400039196,0.05276656150817871,0.0042850784957408905,2.398519654889242e-06
1258,False,20,piano,20,piano,True,0.9941475987434387,0.05030934512615204,0.04286845400929451,0.007440891116857529,4.509650807449361e-06
1259,False,13,glass_box,11,dresser,False,0.4030073583126068,1.4043877124786377,1.3376045227050781,0.06678318977355957,0.0009614212322048843
1260,False,16,mantel,16,mantel,True,0.9878059029579163,0.07796220481395721,0.07125679403543472,0.0067054107785224915,1.0992972420353908e-05
1261,False,16,mantel,16,mantel,True,0.9847452640533447,0.09241116046905518,0.08599979430437088,0.006411366164684296,7.719873792666476e-06
1262,False,21,plant,31,tv_stand,False,0.8074716925621033,0.8050634264945984,0.72837895154953,0.07668447494506836,0.0005888375453650951
1263,False,1,bathtub,1,bathtub,True,0.9567250609397888,0.22822628915309906,0.20939043164253235,0.01883585751056671,4.4569980673259124e-05
1264,False,6,chair,6,chair,True,0.9995342493057251,0.005046305246651173,0.004613862838596106,0.00043244240805506706,1.1395211885201206e-08
1265,False,6,chair,6,chair,True,0.9986829161643982,0.012508158572018147,0.011431717313826084,0.0010764412581920624,1.1662439902693222e-07
1266,False,32,vase,32,vase,True,0.33378568291664124,2.0235583782196045,1.9080630540847778,0.11549532413482666,0.0006975977448746562
1267,False,31,tv_stand,11,dresser,False,0.4466404914855957,1.3003952503204346,1.225995421409607,0.07439982891082764,0.0009357301169075072
1268,False,4,bookshelf,4,bookshelf,True,0.8488145470619202,0.7779151797294617,0.7154548168182373,0.062460362911224365,0.0003078659065067768
1269,False,22,radio,22,radio,True,0.8406811952590942,0.6740717887878418,0.4717475473880768,0.20232424139976501,0.001865148777142167
1270,False,16,mantel,28,table,False,0.8382402062416077,0.8134943842887878,0.764251708984375,0.04924267530441284,0.0002489405160304159
1271,False,25,sofa,25,sofa,True,0.6270083785057068,1.214115023612976,1.1096311807632446,0.10448384284973145,0.0013328343629837036
1272,False,3,bench,25,sofa,False,0.732353150844574,0.6294971108436584,0.5360786318778992,0.09341847896575928,0.0020340578630566597
1273,False,5,car,24,sink,False,0.6672400236129761,1.2218419313430786,1.0872520208358765,0.13458991050720215,0.0012297388166189194
1274,False,15,lamp,15,lamp,True,0.9958533048629761,0.033138394355773926,0.02745516039431095,0.0056832339614629745,2.267583113280125e-06
1275,False,14,guitar,14,guitar,True,0.9987786412239075,0.011385779827833176,0.010388200171291828,0.0009975796565413475,8.746659574399018e-08
1276,False,20,piano,20,piano,True,0.9922311305999756,0.06095847114920616,0.05688808113336563,0.00407039001584053,1.4492605941995862e-06
1277,False,32,vase,32,vase,True,0.9185791015625,0.29299870133399963,0.2836713492870331,0.009327352046966553,7.898630428826436e-05
1278,False,28,table,28,table,True,0.9601045250892639,0.21562546491622925,0.1986570656299591,0.01696839928627014,4.991777313989587e-05
1279,False,20,piano,28,table,False,0.3829532265663147,1.6387449502944946,1.4076095819473267,0.23113536834716797,0.0028700856491923332
1280,False,2,bed,2,bed,True,0.9983665943145752,0.015758926048874855,0.013357278890907764,0.0024016471579670906,5.55413009806216e-07
1281,False,25,sofa,25,sofa,True,0.9217552542686462,0.36338263750076294,0.33808836340904236,0.02529427409172058,0.00014021234528627247
1282,False,5,car,5,car,True,0.9977346062660217,0.020170293748378754,0.01916261576116085,0.0010076779872179031,1.0122486315822243e-07
1283,False,18,night_stand,11,dresser,False,0.25275081396102905,1.9563239812850952,1.858481764793396,0.09784221649169922,0.000751775223761797
1284,False,34,xbox,17,monitor,False,0.5974925756454468,1.5046764612197876,1.3635742664337158,0.14110219478607178,0.0014880397357046604
1285,False,30,toilet,30,toilet,True,0.9672701358795166,0.1540662795305252,0.12856566905975342,0.02550061047077179,0.00015016474935691804
1286,False,15,lamp,15,lamp,True,0.9872580766677856,0.07736100256443024,0.06767489016056061,0.009686112403869629,1.5831266864552163e-05
1287,False,20,piano,20,piano,True,0.9733688831329346,0.18261460959911346,0.1597857028245926,0.022828906774520874,3.708087024278939e-05
1288,False,18,night_stand,18,night_stand,True,0.8286105394363403,0.8187087774276733,0.773996889591217,0.0447118878364563,0.00019522760703694075
1289,False,7,cone,7,cone,True,0.9928157925605774,0.05025170370936394,0.04636312648653984,0.0038885772228240967,2.0665040665335255e-06
1290,False,23,range_hood,23,range_hood,True,0.8950420022010803,0.3689097762107849,0.3379843533039093,0.03092542290687561,0.00031667095026932657
1291,False,5,car,5,car,True,0.5037867426872253,1.280368447303772,1.1042436361312866,0.17612481117248535,0.00261203246191144
1292,False,9,desk,9,desk,True,0.9816547632217407,0.1256912648677826,0.11406495422124863,0.011626310646533966,1.117301235353807e-05
1293,False,13,glass_box,18,night_stand,False,0.34062814712524414,1.4517375230789185,1.402788519859314,0.04894900321960449,0.0004915327881462872
1294,False,32,vase,12,flower_pot,False,0.44305768609046936,1.258873701095581,1.177501916885376,0.08137178421020508,0.0009790370240807533
1295,False,9,desk,9,desk,True,0.3514082729816437,1.7119629383087158,1.5333514213562012,0.17861151695251465,0.0021208948455750942
1296,False,31,tv_stand,4,bookshelf,False,0.7248628735542297,0.7266055345535278,0.6647337675094604,0.06187176704406738,0.0010888760443776846
1297,False,14,guitar,14,guitar,True,0.9693055748939514,0.17330369353294373,0.12897199392318726,0.04433169960975647,0.0002322335058124736
1298,False,30,toilet,30,toilet,True,0.9968398213386536,0.02616654522716999,0.02221839688718319,0.003948148339986801,1.674046870903112e-06
1299,False,14,guitar,14,guitar,True,0.9984408020973206,0.014561833813786507,0.011806931346654892,0.0027549024671316147,6.564032446476631e-07
1300,False,18,night_stand,18,night_stand,True,0.6810747981071472,0.9208299517631531,0.8397235870361328,0.08110636472702026,0.0011072984198108315
1301,False,4,bookshelf,4,bookshelf,True,0.973845899105072,0.1271059513092041,0.12174037843942642,0.0053655728697776794,1.3157767170923762e-05
1302,False,9,desk,9,desk,True,0.9365342259407043,0.3030056953430176,0.2807539105415344,0.022251784801483154,0.00010692337673390284
1303,False,16,mantel,16,mantel,True,0.8524677157402039,0.6620055437088013,0.5654763579368591,0.09652918577194214,0.0007275273674167693
1304,False,20,piano,20,piano,True,0.9844101071357727,0.115450918674469,0.10941938310861588,0.006031535565853119,3.9508190639026e-06
1305,False,8,curtain,16,mantel,False,0.2014525830745697,2.016556739807129,1.8106380701065063,0.20591866970062256,0.0018180382903665304
1306,False,9,desk,9,desk,True,0.89545077085495,0.4359736442565918,0.38961055874824524,0.04636308550834656,0.0003224251850042492
1307,False,17,monitor,17,monitor,True,0.9980305433273315,0.017923882231116295,0.01670481637120247,0.001219065859913826,1.1031048074983119e-07
1308,False,1,bathtub,1,bathtub,True,0.9897951483726501,0.07344628870487213,0.0685804933309555,0.004865795373916626,2.150070486095501e-06
1309,False,31,tv_stand,18,night_stand,False,0.7020745873451233,1.054969310760498,0.9727744460105896,0.08219486474990845,0.0009616066236048937
1310,False,13,glass_box,13,glass_box,True,0.8899557590484619,0.5361829996109009,0.48587602376937866,0.05030697584152222,0.00030439451802521944
1311,False,32,vase,32,vase,True,0.5298477411270142,0.8916378021240234,0.7872728705406189,0.10436493158340454,0.002451770706102252
1312,False,6,chair,6,chair,True,0.956882119178772,0.20406226813793182,0.18537187576293945,0.01869039237499237,7.908775296527892e-05
1313,False,8,curtain,17,monitor,False,0.6285030245780945,0.990269660949707,0.8737865090370178,0.11648315191268921,0.0020880084484815598
1314,False,4,bookshelf,4,bookshelf,True,0.9878540635108948,0.08154293894767761,0.0722641721367836,0.009278766810894012,1.1145132702949923e-05
1315,False,20,piano,20,piano,True,0.9945752024650574,0.04412265494465828,0.03929591923952103,0.004826735705137253,2.3091311049938668e-06
1316,False,4,bookshelf,8,curtain,False,0.6737263202667236,0.9662997722625732,0.9053850173950195,0.06091475486755371,0.0006292578764259815
1317,False,11,dresser,11,dresser,True,0.8105931878089905,0.8337110877037048,0.8060087561607361,0.02770233154296875,0.00013680726988241076
1318,False,2,bed,2,bed,True,0.9967066049575806,0.028451301157474518,0.025309963151812553,0.0031413380056619644,5.623231231766113e-07
1319,False,19,person,0,airplane,False,0.9196071624755859,0.2942194640636444,0.22044727206230164,0.07377219200134277,0.0007536546909250319
1320,False,24,sink,31,tv_stand,False,0.2229686677455902,2.537738561630249,2.323028802871704,0.21470975875854492,0.0013086446560919285
1321,False,28,table,28,table,True,0.7329380512237549,0.7441399097442627,0.6358779668807983,0.10826194286346436,0.0016041324706748128
1322,False,23,range_hood,23,range_hood,True,0.970591127872467,0.16266922652721405,0.13896632194519043,0.02370290458202362,8.116739627439529e-05
1323,False,5,car,5,car,True,0.9941327571868896,0.047012314200401306,0.0440593883395195,0.0029529258608818054,9.55633709054382e-07
1324,False,21,plant,21,plant,True,0.42091599106788635,1.9409526586532593,1.799446702003479,0.14150595664978027,0.0011776649625971913
1325,False,32,vase,32,vase,True,0.9449009299278259,0.23777662217617035,0.22960101068019867,0.00817561149597168,3.031210508197546e-05
1326,False,29,tent,29,tent,True,0.7339935302734375,0.9653190970420837,0.8217698931694031,0.14354920387268066,0.0016347457421943545
1327,False,6,chair,6,chair,True,0.9992378354072571,0.007729063741862774,0.00707703223451972,0.0006520315073430538,3.955236138608598e-08
1328,False,9,desk,9,desk,True,0.9945558905601501,0.04309762641787529,0.03834356367588043,0.004754062741994858,1.8086116142512765e-06
1329,False,14,guitar,14,guitar,True,0.9989290237426758,0.010044286027550697,0.009042120538651943,0.0010021654888987541,8.59644799788839e-08
1330,False,6,chair,6,chair,True,0.9823282957077026,0.11638191342353821,0.10299312323331833,0.01338879019021988,2.338259400858078e-05
1331,False,28,table,9,desk,False,0.58937007188797,1.2007219791412354,1.137559413909912,0.06316256523132324,0.0005983401206322014
1332,False,32,vase,32,vase,True,0.925922155380249,0.3165515661239624,0.30516517162323,0.011386394500732422,4.0180042560677975e-05
1333,False,14,guitar,14,guitar,True,0.9993919730186462,0.005946605000644922,0.005560263525694609,0.00038634147495031357,1.617915401652681e-08
1334,False,28,table,28,table,True,0.9892590641975403,0.07021158933639526,0.06248021498322487,0.007731374353170395,9.371040505357087e-06
1335,False,1,bathtub,1,bathtub,True,0.9880591034889221,0.08171752840280533,0.07727022469043732,0.0044473037123680115,3.0088299354247283e-06
1336,False,33,wardrobe,33,wardrobe,True,0.6117579340934753,1.1901164054870605,1.121368169784546,0.06874823570251465,0.0007368975784629583
1337,False,21,plant,21,plant,True,0.5611209869384766,0.7291762828826904,0.7036103010177612,0.0255659818649292,0.0005947821773588657
1338,False,2,bed,2,bed,True,0.9971328377723694,0.024457667022943497,0.022079208865761757,0.00237845815718174,4.6157200017660216e-07
1339,False,21,plant,21,plant,True,0.4289688766002655,1.4783999919891357,1.3320449590682983,0.1463550329208374,0.0017456947825849056
1340,False,4,bookshelf,4,bookshelf,True,0.976413369178772,0.14620131254196167,0.13292180001735687,0.013279512524604797,2.3056114514474757e-05
1341,False,16,mantel,16,mantel,True,0.971770703792572,0.14629770815372467,0.13795235753059387,0.008345350623130798,2.0417610357981175e-05
1342,False,0,airplane,0,airplane,True,0.9575796127319336,0.20605182647705078,0.14342521131038666,0.06262661516666412,0.00046723990817554295
1343,False,20,piano,20,piano,True,0.8838606476783752,0.5417973399162292,0.464578241109848,0.07721909880638123,0.0005096487584523857
1344,False,31,tv_stand,31,tv_stand,True,0.8620855212211609,0.6568623781204224,0.6147693395614624,0.04209303855895996,0.00017622721497900784
1345,False,32,vase,32,vase,True,0.5667888522148132,0.9285310506820679,0.8901939988136292,0.03833705186843872,0.0004153384652454406
1346,False,30,toilet,30,toilet,True,0.9963287115097046,0.030940936878323555,0.028407113626599312,0.002533823251724243,5.496109451996745e-07
1347,False,4,bookshelf,4,bookshelf,True,0.984214723110199,0.09598444402217865,0.09135225415229797,0.004632189869880676,4.585550414049067e-06
1348,False,18,night_stand,18,night_stand,True,0.5726934671401978,1.100143313407898,1.044255018234253,0.05588829517364502,0.0006071344250813127
1349,False,2,bed,2,bed,True,0.9992226362228394,0.008057348430156708,0.007026515901088715,0.0010308325290679932,9.260276101485942e-08
1350,False,14,guitar,14,guitar,True,0.7527337670326233,0.9416640996932983,0.783191978931427,0.15847212076187134,0.0017672773683443666
1351,False,28,table,28,table,True,0.47243931889533997,1.476149082183838,1.2785741090774536,0.19757497310638428,0.0026107190642505884
1352,False,5,car,5,car,True,0.9017816781997681,0.5374903082847595,0.4674217998981476,0.07006850838661194,0.0003639628703240305
1353,False,11,dresser,11,dresser,True,0.5482043027877808,1.1020355224609375,1.013691782951355,0.08834373950958252,0.0012546570505946875
1354,False,9,desk,9,desk,True,0.9571266174316406,0.25576990842819214,0.2419268935918808,0.01384301483631134,2.3718932425254025e-05
1355,False,5,car,5,car,True,0.9859426021575928,0.10275448858737946,0.093113973736763,0.009640514850616455,9.661211151978932e-06
1356,False,31,tv_stand,31,tv_stand,True,0.8063749670982361,0.71107017993927,0.6351211667060852,0.07594901323318481,0.0007826981600373983
1357,False,18,night_stand,11,dresser,False,0.5336832404136658,1.2002537250518799,1.1355594396591187,0.06469428539276123,0.0008810794097371399
1358,False,4,bookshelf,4,bookshelf,True,0.979105532169342,0.12510569393634796,0.1196618527173996,0.005443841218948364,5.950883405603236e-06
1359,False,18,night_stand,28,table,False,0.9746022820472717,0.16646048426628113,0.14972563087940216,0.016734853386878967,2.2602243916480802e-05
1360,False,6,chair,6,chair,True,0.9999591708183289,0.0005088846664875746,0.0004579990345519036,5.088563193567097e-05,2.4631249817552714e-10
1361,False,16,mantel,16,mantel,True,0.9635859131813049,0.20256748795509338,0.1792025864124298,0.023364901542663574,9.982183837564662e-05
1362,False,20,piano,20,piano,True,0.7982166409492493,0.8460119962692261,0.755990743637085,0.09002125263214111,0.0008681720937602222
1363,False,18,night_stand,18,night_stand,True,0.8757869601249695,0.6329703330993652,0.6059693694114685,0.02700096368789673,7.390883547486737e-05
1364,False,2,bed,2,bed,True,0.9829913973808289,0.11420069634914398,0.10491757094860077,0.009283125400543213,9.347591003461275e-06
1365,False,8,curtain,8,curtain,True,0.694835901260376,0.9104421138763428,0.8542961478233337,0.05614596605300903,0.0006075353012420237
1366,False,21,plant,21,plant,True,0.5158107280731201,1.5703520774841309,1.4647256135940552,0.10562646389007568,0.0005588923231698573
1367,False,1,bathtub,1,bathtub,True,0.7776973843574524,1.0222389698028564,0.9178120493888855,0.10442692041397095,0.0007530399016104639
1368,False,0,airplane,0,airplane,True,0.9993131160736084,0.006580064073204994,0.00582869304344058,0.0007513710297644138,5.6386703306543495e-08
1369,False,21,plant,21,plant,True,0.8628739714622498,0.7011287808418274,0.6354342699050903,0.06569451093673706,0.00019838032312691212
1370,False,6,chair,6,chair,True,0.9946662783622742,0.04316704347729683,0.03904552385210991,0.00412151962518692,1.3622118331113597e-06
1371,False,6,chair,6,chair,True,0.998994767665863,0.008985929191112518,0.0076164198108017445,0.0013695093803107738,3.3209545335921575e-07
1372,False,2,bed,2,bed,True,0.9982725977897644,0.01576138101518154,0.014263168908655643,0.001498212106525898,1.5820545229416894e-07
1373,False,6,chair,6,chair,True,0.9969033598899841,0.027342258021235466,0.02464219555258751,0.002700062468647957,6.832096914877184e-07
1374,False,18,night_stand,18,night_stand,True,0.6609495282173157,1.360549807548523,1.289076328277588,0.07147347927093506,0.00038204583688639104
1375,False,25,sofa,30,toilet,False,0.5990955233573914,1.3361929655075073,1.1658588647842407,0.1703341007232666,0.0019479984184727073
1376,False,1,bathtub,1,bathtub,True,0.9010046720504761,0.5218905806541443,0.49315881729125977,0.02873176336288452,0.00010518560884520411
1377,False,23,range_hood,34,xbox,False,0.8266327977180481,0.7711027264595032,0.7122049927711487,0.05889773368835449,0.00029573324718512595
1378,False,14,guitar,14,guitar,True,0.99906325340271,0.00903057586401701,0.008015541359782219,0.0010150345042347908,6.804965835272014e-08
1379,False,18,night_stand,18,night_stand,True,0.8887401819229126,0.5552648305892944,0.5141068696975708,0.04115796089172363,0.00016399461310356855
1380,False,0,airplane,0,airplane,True,0.9992952942848206,0.007138014771044254,0.005765683017671108,0.001372331753373146,1.8898266773703654e-07
1381,False,6,chair,6,chair,True,0.9890814423561096,0.07132263481616974,0.060930218547582626,0.010392416268587112,1.1221790373383556e-05
1382,False,13,glass_box,13,glass_box,True,0.9898685216903687,0.07350397109985352,0.06795354187488556,0.0055504292249679565,3.14787166644237e-06
1383,False,20,piano,20,piano,True,0.9818607568740845,0.13050009310245514,0.11657121032476425,0.013928882777690887,1.2895174222649075e-05
1384,False,25,sofa,25,sofa,True,0.9956047534942627,0.03620752692222595,0.03307579085230827,0.003131736069917679,1.4624099549109815e-06
1385,False,17,monitor,17,monitor,True,0.9896975159645081,0.08413072675466537,0.0763176754117012,0.007813051342964172,5.625924586638575e-06
1386,False,23,range_hood,23,range_hood,True,0.9450803399085999,0.2735207676887512,0.2522420585155487,0.021278709173202515,6.831690552644432e-05
1387,False,25,sofa,25,sofa,True,0.9981632232666016,0.017197540029883385,0.015919459983706474,0.0012780800461769104,1.417135706560657e-07
1388,False,25,sofa,25,sofa,True,0.9989226460456848,0.010390093550086021,0.0096037108451128,0.0007863827049732208,4.285674037873832e-08
1389,False,21,plant,26,stairs,False,0.39883682131767273,1.5331270694732666,1.3928672075271606,0.14025986194610596,0.0017326640663668513
1390,False,18,night_stand,18,night_stand,True,0.5525181293487549,1.2142189741134644,1.0974230766296387,0.11679589748382568,0.0014605562901124358
1391,False,5,car,5,car,True,0.8377451300621033,0.7639706134796143,0.6856948733329773,0.07827574014663696,0.0005099499248899519
1392,False,15,lamp,19,person,False,0.3813484311103821,1.8253716230392456,1.5868595838546753,0.2385120391845703,0.0019945090170949697
1393,False,6,chair,6,chair,True,0.9998490810394287,0.0017949952743947506,0.0015936429845169187,0.00020135228987783194,4.247154183900648e-09
1394,False,13,glass_box,13,glass_box,True,0.44216305017471313,1.4382729530334473,1.384522795677185,0.05375015735626221,0.0006257463828660548
1395,False,20,piano,20,piano,True,0.9190470576286316,0.42316240072250366,0.35125282406806946,0.0719095766544342,0.00046956283040344715
1396,False,23,range_hood,23,range_hood,True,0.9827795624732971,0.12275826930999756,0.111200250685215,0.011558018624782562,8.863649782142602e-06
1397,False,9,desk,9,desk,True,0.5068135857582092,1.383220911026001,1.2208151817321777,0.16240572929382324,0.002205326920375228
1398,False,21,plant,21,plant,True,0.7532052993774414,0.868724524974823,0.7405720949172974,0.12815243005752563,0.0011926759034395218
1399,False,23,range_hood,23,range_hood,True,0.9923539757728577,0.05738942325115204,0.051948703825473785,0.005440719425678253,2.3665529624850024e-06
1400,False,2,bed,2,bed,True,0.9983776211738586,0.014922410249710083,0.01274005975574255,0.002182350493967533,4.592600646446954e-07
1401,False,17,monitor,17,monitor,True,0.9996645450592041,0.0036625713109970093,0.0034279124811291695,0.0002346588298678398,4.184885771252311e-09
1402,False,18,night_stand,24,sink,False,0.6385886669158936,1.3705294132232666,1.2902586460113525,0.08027076721191406,0.0005900870310142636
1403,False,1,bathtub,1,bathtub,True,0.9440737366676331,0.29331275820732117,0.26774516701698303,0.025567591190338135,8.507159509463236e-05
1404,False,4,bookshelf,4,bookshelf,True,0.9707784056663513,0.18500865995883942,0.17224794626235962,0.012760713696479797,2.0541667254292406e-05
1405,False,14,guitar,14,guitar,True,0.9928693175315857,0.05383532866835594,0.04704875871539116,0.006786569952964783,3.781734676522319e-06
1406,False,2,bed,2,bed,True,0.998474657535553,0.01445476058870554,0.013513568788766861,0.0009411917999386787,6.912474503906196e-08
1407,False,33,wardrobe,33,wardrobe,True,0.3410886228084564,2.109536647796631,2.015007972717285,0.0945286750793457,0.0005723892827518284
1408,False,30,toilet,30,toilet,True,0.9995158910751343,0.005276246462017298,0.004515855573117733,0.0007603908888995647,4.2022922031037524e-08
1409,False,11,dresser,11,dresser,True,0.72855544090271,0.9686081409454346,0.9302698969841003,0.03833824396133423,0.00033743007224984467
1410,False,21,plant,21,plant,True,0.7529144287109375,0.8221272826194763,0.7935974597930908,0.028529822826385498,0.00016190260066650808
1411,False,6,chair,6,chair,True,0.9995689392089844,0.004745082464069128,0.004318788181990385,0.000426294282078743,1.8287863667865167e-08
1412,False,0,airplane,0,airplane,True,0.9926831126213074,0.0563432015478611,0.047325827181339264,0.009017374366521835,6.655107426922768e-06
1413,False,25,sofa,25,sofa,True,0.8843790888786316,0.4509592652320862,0.41978684067726135,0.03117242455482483,0.00021544763876590878
1414,False,2,bed,2,bed,True,0.8817912936210632,0.5012179017066956,0.430400013923645,0.07081788778305054,0.0005206877831369638
1415,False,28,table,28,table,True,0.36130985617637634,1.7311782836914062,1.5862526893615723,0.14492559432983398,0.0013995434856042266
1416,False,19,person,19,person,True,0.4237002730369568,2.0271809101104736,1.821229100227356,0.20595180988311768,0.0016270542982965708
1417,False,26,stairs,32,vase,False,0.3843204081058502,1.6281806230545044,1.5519108772277832,0.07626974582672119,0.00068138528149575
1418,False,20,piano,20,piano,True,0.980478823184967,0.14881306886672974,0.1382511407136917,0.010561928153038025,5.66970038562431e-06
1419,False,13,glass_box,13,glass_box,True,0.9952749609947205,0.03884897753596306,0.03339247405529022,0.005456503480672836,2.8889910481666448e-06
1420,False,0,airplane,0,airplane,True,0.9979779124259949,0.019477657973766327,0.017344413325190544,0.0021332446485757828,2.8826693210248777e-07
1421,False,13,glass_box,13,glass_box,True,0.9947580099105835,0.04093145206570625,0.03771776333451271,0.0032136887311935425,1.2031783853672096e-06
1422,False,32,vase,32,vase,True,0.9102469086647034,0.33936601877212524,0.3288044035434723,0.010561615228652954,6.610670970985666e-05
1423,False,32,vase,32,vase,True,0.9360846877098083,0.2508278489112854,0.24316638708114624,0.00766146183013916,4.17986411775928e-05
1424,False,1,bathtub,1,bathtub,True,0.9878517389297485,0.08616167306900024,0.07861180603504181,0.007549867033958435,8.709517715033144e-06
1425,False,3,bench,3,bench,True,0.27929821610450745,1.8722469806671143,1.5033496618270874,0.36889731884002686,0.0035524966660887003
1426,False,32,vase,32,vase,True,0.9323967695236206,0.27403905987739563,0.2656940519809723,0.00834500789642334,4.158215597271919e-05
1427,False,13,glass_box,13,glass_box,True,0.9332082271575928,0.34971970319747925,0.3284756541252136,0.021244049072265625,6.577332533197477e-05
1428,False,21,plant,32,vase,False,0.5903899073600769,0.9539368152618408,0.892261803150177,0.06167501211166382,0.0011711588595062494
1429,False,14,guitar,14,guitar,True,0.9971328973770142,0.025379691272974014,0.021012727171182632,0.004366964101791382,1.347584770883259e-06
1430,False,2,bed,2,bed,True,0.9910414218902588,0.06570160388946533,0.05918490141630173,0.006516702473163605,4.251663995091803e-06
1431,False,4,bookshelf,4,bookshelf,True,0.9788069128990173,0.11888790875673294,0.11273840814828873,0.006149500608444214,1.098782286135247e-05
1432,False,30,toilet,30,toilet,True,0.9962629675865173,0.029872901737689972,0.025780780240893364,0.004092121496796608,1.6686580011082697e-06
1433,False,5,car,5,car,True,0.498799592256546,1.3232831954956055,1.1207964420318604,0.20248675346374512,0.0031621831003576517
1434,False,2,bed,2,bed,True,0.9986156225204468,0.013407746329903603,0.012427580542862415,0.0009801657870411873,6.993835910407142e-08
1435,False,28,table,28,table,True,0.9922744631767273,0.05259743332862854,0.04860056936740875,0.003996863961219788,2.0511749880824937e-06
1436,False,5,car,5,car,True,0.8939315676689148,0.4514152407646179,0.4072297513484955,0.044185489416122437,0.00032918647048063576
1437,False,4,bookshelf,4,bookshelf,True,0.9482186436653137,0.2807613015174866,0.2537468671798706,0.027014434337615967,0.00013552377640735358
1438,False,6,chair,6,chair,True,0.9994528293609619,0.005638644099235535,0.005022837780416012,0.0006158063188195229,4.414144072484305e-08
1439,False,11,dresser,11,dresser,True,0.5322282314300537,1.0088708400726318,0.9552364945411682,0.05363434553146362,0.0007866795058362186
1440,False,0,airplane,0,airplane,True,0.9998413324356079,0.0018234275048598647,0.0016150253359228373,0.00020840216893702745,3.3403539934084847e-09
1441,False,21,plant,19,person,False,0.8042269349098206,0.6568331718444824,0.5753108859062195,0.08152228593826294,0.0010385196655988693
1442,False,20,piano,20,piano,True,0.9583329558372498,0.2393558770418167,0.22104406356811523,0.018311813473701477,4.599324893206358e-05
1443,False,22,radio,20,piano,False,0.3261198401451111,2.025667905807495,1.8770906925201416,0.14857721328735352,0.0012850953498855233
1444,False,9,desk,9,desk,True,0.8379966616630554,0.5927075147628784,0.5287677049636841,0.06393980979919434,0.0005895735812373459
1445,False,23,range_hood,23,range_hood,True,0.9261258244514465,0.35930007696151733,0.3242880702018738,0.035012006759643555,0.00012571533443406224
1446,False,26,stairs,9,desk,False,0.5867588520050049,1.4271138906478882,1.3096054792404175,0.1175084114074707,0.001165657420642674
1447,False,16,mantel,16,mantel,True,0.9786573052406311,0.12191897630691528,0.11479643732309341,0.007122538983821869,1.161585623776773e-05
1448,False,6,chair,6,chair,True,0.9995933771133423,0.004343235399574041,0.003944444470107555,0.000398790929466486,1.2696864004624331e-08
1449,False,9,desk,9,desk,True,0.9416436553001404,0.3485279679298401,0.32382285594940186,0.024705111980438232,6.399610720109195e-05
1450,False,14,guitar,14,guitar,True,0.9773301482200623,0.13231104612350464,0.11824218183755875,0.014068864285945892,2.889491770474706e-05
1451,False,6,chair,6,chair,True,0.9993531703948975,0.00617989944294095,0.005581322591751814,0.0005985768511891365,5.062065255856396e-08
1452,False,27,stool,15,lamp,False,0.9142848253250122,0.3902755379676819,0.3349821865558624,0.05529335141181946,0.000313804775942117
1453,False,20,piano,20,piano,True,0.9980397820472717,0.018436122685670853,0.01661393977701664,0.001822182908654213,2.0900483832519967e-07
1454,False,0,airplane,0,airplane,True,0.9996798038482666,0.0035139592364430428,0.002940987003967166,0.0005729722324758768,2.3627423573202577e-08
1455,False,17,monitor,17,monitor,True,0.9708333611488342,0.16788983345031738,0.14624065160751343,0.021649181842803955,4.8181405873037875e-05
1456,False,17,monitor,17,monitor,True,0.9429416656494141,0.32396990060806274,0.2973146140575409,0.02665528655052185,6.923331238795072e-05
1457,False,31,tv_stand,4,bookshelf,False,0.8562305569648743,0.45594602823257446,0.4328456521034241,0.02310037612915039,0.00027514793328009546
1458,False,2,bed,2,bed,True,0.9952412843704224,0.04102655500173569,0.036044634878635406,0.004981920123100281,1.5296380979634705e-06
1459,False,16,mantel,16,mantel,True,0.9771295189857483,0.12777546048164368,0.12065359950065613,0.007121860980987549,1.1532893040566705e-05
1460,False,32,vase,32,vase,True,0.7797565460205078,0.9189146161079407,0.8336425423622131,0.08527207374572754,0.0004771588137373328
1461,False,23,range_hood,23,range_hood,True,0.9851712584495544,0.11536575853824615,0.1054418534040451,0.00992390513420105,7.224031378427753e-06
1462,False,5,car,5,car,True,0.9475706815719604,0.25615566968917847,0.231706902384758,0.02444876730442047,0.00010990003647748381
1463,False,31,tv_stand,31,tv_stand,True,0.7100540399551392,1.0351018905639648,0.9589470028877258,0.07615488767623901,0.0007717246189713478
1464,False,14,guitar,14,guitar,True,0.9934349656105042,0.04955873638391495,0.0442703440785408,0.0052883923053741455,2.6680947939894395e-06
1465,False,31,tv_stand,31,tv_stand,True,0.8297448754310608,0.809207022190094,0.7413529753684998,0.06785404682159424,0.0003508738591335714
1466,False,2,bed,2,bed,True,0.9990641474723816,0.009398622438311577,0.008345689624547958,0.0010529328137636185,6.364084015331173e-08
1467,False,30,toilet,30,toilet,True,0.9411641359329224,0.34226730465888977,0.30510032176971436,0.037166982889175415,0.0001320326264249161
1468,False,32,vase,32,vase,True,0.9150516390800476,0.3000182509422302,0.2906690537929535,0.009349197149276733,6.771176413167268e-05
1469,False,1,bathtub,1,bathtub,True,0.9496095180511475,0.2669290006160736,0.24796363711357117,0.01896536350250244,6.343436689348891e-05
1470,False,17,monitor,17,monitor,True,0.9968831539154053,0.026500292122364044,0.024854449555277824,0.0016458425670862198,2.613559786368569e-07
1471,False,5,car,5,car,True,0.8999203443527222,0.451720267534256,0.3955513536930084,0.05616891384124756,0.0003951647086068988
1472,False,20,piano,20,piano,True,0.6009608507156372,1.3053454160690308,1.1102161407470703,0.19512927532196045,0.002575481776148081
1473,False,28,table,9,desk,False,0.7358298897743225,0.8805609941482544,0.8293997645378113,0.051161229610443115,0.0004227538011036813
1474,False,16,mantel,4,bookshelf,False,0.754987895488739,0.9957131147384644,0.920628547668457,0.07508456707000732,0.0006589698605239391
1475,False,11,dresser,11,dresser,True,0.47940731048583984,1.6882505416870117,1.603801965713501,0.08444857597351074,0.0007909248233772814
1476,False,5,car,5,car,True,0.9530847072601318,0.26127222180366516,0.2276591658592224,0.03361305594444275,0.00011279877071501687
1477,False,8,curtain,8,curtain,True,0.703934907913208,0.8267055749893188,0.7530889511108398,0.073616623878479,0.0012022033333778381
1478,False,27,stool,27,stool,True,0.5045936107635498,1.7767107486724854,1.6263890266418457,0.15032172203063965,0.0013886558590456843
1479,False,23,range_hood,23,range_hood,True,0.9424640536308289,0.2871757745742798,0.26165565848350525,0.025520116090774536,9.092631080420688e-05
1480,False,17,monitor,17,monitor,True,0.9597896337509155,0.24208755791187286,0.2254611700773239,0.01662638783454895,3.9861937693785876e-05
1481,False,13,glass_box,13,glass_box,True,0.9929262399673462,0.056666091084480286,0.048417504876852036,0.00824858620762825,4.831523710890906e-06
1482,False,11,dresser,11,dresser,True,0.27186402678489685,1.9605345726013184,1.873256802558899,0.08727777004241943,0.0005911707412451506
1483,False,21,plant,21,plant,True,0.5844929218292236,0.755275309085846,0.7370755076408386,0.018199801445007324,0.00025840659509412944
1484,False,34,xbox,31,tv_stand,False,0.8302600979804993,0.6588178277015686,0.614874541759491,0.04394328594207764,0.00038041931111365557
1485,False,18,night_stand,18,night_stand,True,0.5344108939170837,1.2294868230819702,1.146492838859558,0.08299398422241211,0.0012733263429254293
1486,False,21,plant,21,plant,True,0.7799457907676697,0.810000479221344,0.7754432559013367,0.034557223320007324,0.00019105564570054412
1487,False,18,night_stand,18,night_stand,True,0.9313580989837646,0.34410154819488525,0.3220290243625641,0.022072523832321167,6.711907190037891e-05
1488,False,25,sofa,25,sofa,True,0.9968388676643372,0.027007654309272766,0.025547584518790245,0.001460069790482521,2.538663466111757e-07
1489,False,1,bathtub,1,bathtub,True,0.9672718644142151,0.1930827498435974,0.18034027516841888,0.012742474675178528,2.3518718080595136e-05
1490,False,25,sofa,25,sofa,True,0.9959017038345337,0.03431118279695511,0.032612938433885574,0.0016982443630695343,3.189395840763609e-07
1491,False,17,monitor,17,monitor,True,0.9996313452720642,0.0038846556562930346,0.0035329048987478018,0.00035175075754523277,1.2139915739339813e-08
1492,False,10,door,10,door,True,0.963695764541626,0.1845807433128357,0.17565302550792694,0.008927717804908752,1.9977835108875297e-05
1493,False,1,bathtub,29,tent,False,0.48481547832489014,1.180027723312378,1.0211395025253296,0.15888822078704834,0.0024367710575461388
1494,False,24,sink,24,sink,True,0.8980783820152283,0.4619607627391815,0.43045246601104736,0.031508296728134155,0.00015624100342392921
1495,False,9,desk,9,desk,True,0.9963899254798889,0.03134746104478836,0.027909277006983757,0.0034381840378046036,7.113965239113895e-07
1496,False,9,desk,18,night_stand,False,0.6128195524215698,1.5523757934570312,1.4612644910812378,0.09111130237579346,0.0005586114712059498
1497,False,14,guitar,14,guitar,True,0.996740996837616,0.028876466676592827,0.02620702236890793,0.0026694443076848984,4.588737567701173e-07
1498,False,25,sofa,18,night_stand,False,0.8781346678733826,0.6078945994377136,0.5564133524894714,0.05148124694824219,0.0002108512126142159
1499,False,18,night_stand,18,night_stand,True,0.5295439958572388,1.1846470832824707,1.1168408393859863,0.06780624389648438,0.0009401999413967133
1500,False,14,guitar,14,guitar,True,0.9988470077514648,0.010564783588051796,0.009435746818780899,0.001129036769270897,1.264740490114491e-07
1501,False,13,glass_box,8,curtain,False,0.8025234341621399,0.6964319944381714,0.6467024087905884,0.04972958564758301,0.0004349203372839838
1502,False,9,desk,28,table,False,0.47415611147880554,1.2758022546768188,1.1809730529785156,0.09482920169830322,0.001126641989685595
1503,False,14,guitar,14,guitar,True,0.9804632067680359,0.12237149477005005,0.0992622897028923,0.023109205067157745,7.006309169810265e-05
1504,False,20,piano,20,piano,True,0.9057557582855225,0.5276767015457153,0.49077022075653076,0.03690648078918457,0.00018845808517653495
1505,False,26,stairs,26,stairs,True,0.7617139220237732,0.8559656143188477,0.7837446928024292,0.07222092151641846,0.0007122262613847852
1506,False,2,bed,2,bed,True,0.9993926882743835,0.00634189136326313,0.005952690728008747,0.0003892006352543831,1.0059349797586492e-08
1507,False,13,glass_box,18,night_stand,False,0.502632737159729,1.1142750978469849,1.0740516185760498,0.04022347927093506,0.0005560927093029022
1508,False,9,desk,9,desk,True,0.9960278272628784,0.03453591465950012,0.031855467706918716,0.0026804469525814056,5.244971248430375e-07
1509,False,16,mantel,16,mantel,True,0.9835513234138489,0.10089320689439774,0.0936385914683342,0.007254615426063538,7.656583875359502e-06
1510,False,6,chair,6,chair,True,0.9983808994293213,0.01557411253452301,0.014040142297744751,0.0015339702367782593,1.764249759617087e-07
1511,False,27,stool,27,stool,True,0.761542022228241,0.8844078183174133,0.8202821016311646,0.06412571668624878,0.0005581401055678725
1512,False,0,airplane,0,airplane,True,0.3628053665161133,2.2075417041778564,2.0159389972686768,0.1916027069091797,0.0012551849940791726
1513,False,32,vase,12,flower_pot,False,0.5872403383255005,0.9823495149612427,0.9038493037223816,0.07850021123886108,0.0010057727340608835
1514,False,27,stool,27,stool,True,0.5993464589118958,1.3998997211456299,1.2951825857162476,0.10471713542938232,0.0009701853268779814
1515,False,0,airplane,0,airplane,True,0.9973186254501343,0.023837348446249962,0.02046167477965355,0.0033756736665964127,8.658473689138191e-07
1516,False,18,night_stand,20,piano,False,0.7644296288490295,1.1216497421264648,1.0696941614151,0.051955580711364746,0.0003097795997746289
1517,False,6,chair,6,chair,True,0.9997657537460327,0.0027454830706119537,0.0025092887226492167,0.00023619434796273708,4.087621352510951e-09
1518,False,5,car,5,car,True,0.9907184839248657,0.07217970490455627,0.06536878645420074,0.00681091845035553,2.439439867885085e-06
1519,False,20,piano,16,mantel,False,0.37379348278045654,1.7851344347000122,1.538577914237976,0.24655652046203613,0.0025294895749539137
1520,False,25,sofa,25,sofa,True,0.998891294002533,0.010758522897958755,0.010049006901681423,0.0007095159962773323,4.4165421542174954e-08
1521,False,30,toilet,30,toilet,True,0.9995642900466919,0.004587963223457336,0.003908454440534115,0.0006795087829232216,2.3891512768159373e-08
1522,False,17,monitor,17,monitor,True,0.998666524887085,0.011772873811423779,0.0107326814904809,0.0010401923209428787,1.074054623018128e-07
1523,False,31,tv_stand,31,tv_stand,True,0.7594127655029297,0.9363940358161926,0.8757013082504272,0.06069272756576538,0.0004426216473802924
1524,False,17,monitor,17,monitor,True,0.9116741418838501,0.34000152349472046,0.3069531321525574,0.033048391342163086,0.0002354261087020859
1525,False,14,guitar,14,guitar,True,0.994411051273346,0.04377713054418564,0.038398366421461105,0.005378764122724533,2.3340783172898227e-06
1526,False,16,mantel,16,mantel,True,0.989230215549469,0.0750761330127716,0.06947780400514603,0.00559832900762558,4.9130298975796904e-06
1527,False,21,plant,21,plant,True,0.6175692677497864,0.8796391487121582,0.8427362442016602,0.03690290451049805,0.0004256809188518673
1528,False,9,desk,9,desk,True,0.7451244592666626,1.0398590564727783,0.9546695947647095,0.08518946170806885,0.000618278922047466
1529,False,16,mantel,16,mantel,True,0.7438585758209229,0.9146626591682434,0.850420355796814,0.06424230337142944,0.0006342565757222474
1530,False,21,plant,21,plant,True,0.9257581233978271,0.3674977421760559,0.33676210045814514,0.030735641717910767,6.747162115061656e-05
1531,False,16,mantel,16,mantel,True,0.9705101251602173,0.17695215344429016,0.16364887356758118,0.013303279876708984,2.4359535018447787e-05
1532,False,23,range_hood,23,range_hood,True,0.6811153888702393,1.3439923524856567,1.1606335639953613,0.1833587884902954,0.0013989012222737074
1533,False,5,car,5,car,True,0.9839217066764832,0.11345497518777847,0.10174784064292908,0.011707134544849396,1.3066492101643234e-05
1534,False,5,car,5,car,True,0.9884942173957825,0.08526560664176941,0.077095165848732,0.008170440793037415,5.958268957328983e-06
1535,False,5,car,5,car,True,0.9178135991096497,0.45806410908699036,0.4260960817337036,0.03196802735328674,0.00010389156523160636
1536,False,22,radio,11,dresser,False,0.6581773161888123,1.3060914278030396,1.2288790941238403,0.07721233367919922,0.0005912994965910912
1537,False,23,range_hood,23,range_hood,True,0.5971927642822266,0.7346680164337158,0.6313828825950623,0.10328513383865356,0.002547117182984948
1538,False,30,toilet,30,toilet,True,0.9046038389205933,0.46424600481987,0.2837732434272766,0.18047276139259338,0.0015715946210548282
1539,False,24,sink,24,sink,True,0.4049640893936157,2.0251550674438477,1.8590202331542969,0.16613483428955078,0.0012093887198716402
1540,False,21,plant,21,plant,True,0.7782600522041321,0.9323116540908813,0.8663074374198914,0.06600421667098999,0.00030673216679133475
1541,False,17,monitor,17,monitor,True,0.9997681975364685,0.002527517732232809,0.00234910543076694,0.00017841230146586895,2.1753185919237694e-09
1542,False,18,night_stand,18,night_stand,True,0.8407179713249207,0.799858570098877,0.7626397013664246,0.03721886873245239,0.0001429662515874952
1543,False,4,bookshelf,4,bookshelf,True,0.9929149746894836,0.04867945611476898,0.04541387781500816,0.0032655782997608185,2.383661012572702e-06
1544,False,22,radio,4,bookshelf,False,0.5639522671699524,1.6236664056777954,1.379651665687561,0.24401473999023438,0.001993038924410939
1545,False,1,bathtub,24,sink,False,0.5164906978607178,1.088049292564392,0.9534873366355896,0.1345619559288025,0.002578567946329713
1546,False,20,piano,20,piano,True,0.7417063117027283,0.9852737784385681,0.852246105670929,0.13302767276763916,0.0015408149920403957
1547,False,6,chair,6,chair,True,0.9653516411781311,0.21646729111671448,0.19671088457107544,0.019756406545639038,4.1339117160532624e-05
1548,False,28,table,28,table,True,0.9735607504844666,0.1591242104768753,0.151596799492836,0.007527410984039307,9.593190952728037e-06
1549,False,2,bed,2,bed,True,0.9955271482467651,0.036610450595617294,0.031399551779031754,0.005210898816585541,2.8501253837021068e-06
1550,False,4,bookshelf,31,tv_stand,False,0.766272246837616,0.6643123626708984,0.6080845594406128,0.056227803230285645,0.0009540202445350587
1551,False,0,airplane,0,airplane,True,0.9979251623153687,0.017213664948940277,0.014295876957476139,0.002917787991464138,8.8308109980062e-07
1552,False,32,vase,32,vase,True,0.9338177442550659,0.26382899284362793,0.2543269693851471,0.009502023458480835,6.283491529757157e-05
1553,False,32,vase,32,vase,True,0.9585939049720764,0.2161714881658554,0.2069564014673233,0.009215086698532104,2.0974266590201296e-05
1554,False,2,bed,2,bed,True,0.953001856803894,0.2854045629501343,0.25020596385002136,0.035198599100112915,0.00012162081839051098
1555,False,25,sofa,25,sofa,True,0.664518415927887,0.8421797156333923,0.7480790615081787,0.09410065412521362,0.001962068723514676
1556,False,17,monitor,17,monitor,True,0.993179976940155,0.05502883344888687,0.051434967666864395,0.003593865782022476,9.635931519369478e-07
1557,False,14,guitar,14,guitar,True,0.9989088177680969,0.010470195673406124,0.008802610449492931,0.0016675852239131927,1.9886758195752918e-07
1558,False,32,vase,32,vase,True,0.9285682439804077,0.27855384349823,0.26297062635421753,0.015583217144012451,0.00012706051347777247
1559,False,4,bookshelf,4,bookshelf,True,0.9540799260139465,0.27162182331085205,0.24962511658668518,0.02199670672416687,6.461657903855667e-05
1560,False,0,airplane,0,airplane,True,0.9976533055305481,0.021186787635087967,0.019748982042074203,0.0014378055930137634,1.9313252153096983e-07
1561,False,21,plant,21,plant,True,0.40479227900505066,1.695420265197754,1.5678743124008179,0.12754595279693604,0.0010851109400391579
1562,False,5,car,5,car,True,0.9738732576370239,0.1819148063659668,0.16712471842765808,0.014790087938308716,2.6075722416862845e-05
1563,False,13,glass_box,13,glass_box,True,0.4929872453212738,1.1942145824432373,1.1258314847946167,0.0683830976486206,0.0011733496794477105
1564,False,18,night_stand,18,night_stand,True,0.5991620421409607,1.2566254138946533,1.1751846075057983,0.08144080638885498,0.0009469591313973069
1565,False,32,vase,32,vase,True,0.9388678073883057,0.23585347831249237,0.2285238653421402,0.007329612970352173,4.606951915775426e-05
1566,False,7,cone,7,cone,True,0.6173557043075562,0.7514933347702026,0.6328253149986267,0.11866801977157593,0.0028343643061816692
1567,False,28,table,28,table,True,0.9174391031265259,0.412853479385376,0.32205837965011597,0.09079509973526001,0.0006642587832175195
1568,False,13,glass_box,13,glass_box,True,0.9485490322113037,0.26556283235549927,0.22312840819358826,0.04243442416191101,0.00021683430531993508
1569,False,14,guitar,14,guitar,True,0.9977582097053528,0.018915362656116486,0.01667906902730465,0.0022362936288118362,5.179890649742447e-07
1570,False,20,piano,20,piano,True,0.9948256015777588,0.04275821894407272,0.03901569917798042,0.0037425197660923004,1.1440879461588338e-06
1571,False,6,chair,6,chair,True,0.9980279207229614,0.01826523430645466,0.01655167154967785,0.0017135627567768097,1.798752435888673e-07
1572,False,31,tv_stand,31,tv_stand,True,0.889228880405426,0.5510320067405701,0.5179560780525208,0.033075928688049316,0.00011214685946470127
1573,False,16,mantel,16,mantel,True,0.8234987854957581,0.7975916266441345,0.7202953100204468,0.07729631662368774,0.0005386747652664781
1574,False,28,table,28,table,True,0.9761057496070862,0.1460431069135666,0.12824974954128265,0.017793357372283936,4.014048681710847e-05
1575,False,20,piano,20,piano,True,0.471343457698822,1.506861925125122,1.3541964292526245,0.15266549587249756,0.001946337055414915
1576,False,6,chair,6,chair,True,0.999759316444397,0.002717183670029044,0.002417241921648383,0.000299941748380661,6.567746790864248e-09
1577,False,28,table,28,table,True,0.4669419825077057,1.3119980096817017,1.155030608177185,0.1569674015045166,0.0016013714484870434
1578,False,16,mantel,16,mantel,True,0.9729756712913513,0.14983661472797394,0.139852836728096,0.00998377799987793,1.9227813027100638e-05
1579,False,17,monitor,17,monitor,True,0.9997199773788452,0.0029995949007570744,0.0027821159455925226,0.00021747895516455173,5.765110167033072e-09
1580,False,13,glass_box,13,glass_box,True,0.45765775442123413,1.5794202089309692,1.4995777606964111,0.0798424482345581,0.0008345515816472471
1581,False,20,piano,23,range_hood,False,0.5262930393218994,1.3932713270187378,1.1978154182434082,0.1954559087753296,0.002417471492663026
1582,False,32,vase,32,vase,True,0.632760226726532,0.7996582984924316,0.7581436038017273,0.041514694690704346,0.0007135728374123573
1583,False,4,bookshelf,18,night_stand,False,0.4354571998119354,1.7854667901992798,1.6186622381210327,0.16680455207824707,0.001589388120919466
1584,False,10,door,10,door,True,0.8617307543754578,0.463487446308136,0.4348430037498474,0.028644442558288574,0.00026727502699941397
1585,False,31,tv_stand,31,tv_stand,True,0.8420829176902771,0.6916149854660034,0.6441221237182617,0.0474928617477417,0.00025922968052327633
1586,False,32,vase,29,tent,False,0.9261146187782288,0.3730275332927704,0.333600789308548,0.03942674398422241,0.00013508129632100463
1587,False,6,chair,6,chair,True,0.9988812208175659,0.011182540096342564,0.010181494988501072,0.0010010451078414917,7.30460385511833e-08
1588,False,25,sofa,25,sofa,True,0.9931746125221252,0.05210570991039276,0.04944063723087311,0.0026650726795196533,1.0721703347371658e-06
1589,False,22,radio,22,radio,True,0.4852685034275055,1.458501935005188,1.3029893636703491,0.15551257133483887,0.0020014983601868153
1590,False,30,toilet,30,toilet,True,0.960079550743103,0.20044675469398499,0.16601507365703583,0.03443168103694916,0.00019999312644358724
1591,False,26,stairs,26,stairs,True,0.7364553809165955,1.1132080554962158,0.983306884765625,0.12990117073059082,0.0007732026861049235
1592,False,16,mantel,16,mantel,True,0.9929906129837036,0.051033683121204376,0.047175727784633636,0.0038579553365707397,2.1142507193872007e-06
1593,False,5,car,5,car,True,0.9743413329124451,0.17087377607822418,0.15779100358486176,0.013082772493362427,1.577757029735949e-05
1594,False,17,monitor,17,monitor,True,0.9996011257171631,0.004234013147652149,0.0038854554295539856,0.0003485577180981636,9.47131528761247e-09
1595,False,14,guitar,14,guitar,True,0.9990933537483215,0.008791172876954079,0.007999418303370476,0.0007917545735836029,6.006213482123712e-08
1596,False,28,table,3,bench,False,0.37076491117477417,1.7220319509506226,1.582589864730835,0.1394420862197876,0.0014206813648343086
1597,False,21,plant,32,vase,False,0.4271671175956726,1.3743886947631836,1.2883237600326538,0.08606493473052979,0.0009152117418125272
1598,False,6,chair,6,chair,True,0.8917321562767029,0.5889492034912109,0.5214584469795227,0.06749075651168823,0.00035205247695557773
1599,False,13,glass_box,13,glass_box,True,0.9692232608795166,0.20046855509281158,0.17055851221084595,0.029910042881965637,8.400206570513546e-05
1600,False,31,tv_stand,31,tv_stand,True,0.9366095066070557,0.2957199215888977,0.27644026279449463,0.019279658794403076,9.358820534544066e-05
1601,False,9,desk,9,desk,True,0.9144681096076965,0.4474932849407196,0.3795480728149414,0.0679452121257782,0.0003425103786867112
1602,False,30,toilet,30,toilet,True,0.9998108148574829,0.002236979315057397,0.002067208755761385,0.00016977055929601192,1.8182808592115407e-09
1603,False,1,bathtub,1,bathtub,True,0.9656140804290771,0.2048112452030182,0.19327202439308167,0.011539220809936523,2.324308479728643e-05
1604,False,30,toilet,30,toilet,True,0.9964417815208435,0.029119255021214485,0.0257901381701231,0.003329116851091385,1.3826680742567987e-06
1605,False,0,airplane,0,airplane,True,0.9999390244483948,0.0007534687174484134,0.0007006532396189868,5.281547782942653e-05,3.147040406048518e-10
1606,False,8,curtain,10,door,False,0.507942259311676,0.8490456342697144,0.7761150598526001,0.07293057441711426,0.0015248600393533707
1607,False,27,stool,3,bench,False,0.6672229766845703,1.1783889532089233,1.0819032192230225,0.09648573398590088,0.0009445517207495868
1608,False,28,table,28,table,True,0.9856150150299072,0.09454319626092911,0.08757705986499786,0.006966136395931244,4.638055088435067e-06
1609,False,13,glass_box,18,night_stand,False,0.5655441284179688,1.0560141801834106,1.026834487915039,0.029179692268371582,0.00036527556949295104
1610,False,9,desk,13,glass_box,False,0.3120659589767456,2.018179178237915,1.8117880821228027,0.2063910961151123,0.0019204393029212952
1611,False,12,flower_pot,21,plant,False,0.6048792600631714,0.9519111514091492,0.926652193069458,0.025258958339691162,0.00020237264106981456
1612,False,11,dresser,11,dresser,True,0.8641512989997864,0.6225594282150269,0.5951095819473267,0.027449846267700195,0.0001461489882785827
1613,False,30,toilet,30,toilet,True,0.9997292757034302,0.003136641811579466,0.0026834653690457344,0.00045317644253373146,1.4753031685188489e-08
1614,False,21,plant,7,cone,False,0.3565182089805603,1.4143705368041992,1.2551751136779785,0.1591954231262207,0.0021457630209624767
1615,False,28,table,28,table,True,0.9935842156410217,0.050897225737571716,0.04526050016283989,0.005636725574731827,1.9153833363816375e-06
1616,False,30,toilet,30,toilet,True,0.9979144930839539,0.018848735839128494,0.016750765964388847,0.002097969874739647,3.1215574836096494e-07
1617,False,6,chair,6,chair,True,0.7292157411575317,1.0491849184036255,0.7795418500900269,0.26964306831359863,0.002724808407947421
1618,False,21,plant,21,plant,True,0.5145867466926575,0.888505220413208,0.8520227074623108,0.03648251295089722,0.00039405241841450334
1619,False,14,guitar,14,guitar,True,0.999075710773468,0.008952837437391281,0.0081877326592803,0.000765104778110981,5.7708216871787954e-08
1620,False,16,mantel,16,mantel,True,0.8759704828262329,0.4935727119445801,0.4528176486492157,0.04075506329536438,0.00030678094481118023
1621,False,11,dresser,11,dresser,True,0.8307819366455078,0.7199399471282959,0.6846594214439392,0.03528052568435669,0.00024127789947669953
1622,False,25,sofa,25,sofa,True,0.9954715371131897,0.035982441157102585,0.03417912870645523,0.0018033124506473541,5.15878014084592e-07
1623,False,18,night_stand,18,night_stand,True,0.7309239506721497,1.0089043378829956,0.8933309316635132,0.11557340621948242,0.00103862676769495
1624,False,11,dresser,11,dresser,True,0.654072642326355,1.1488218307495117,1.0798450708389282,0.0689767599105835,0.0006784848519600928
1625,False,22,radio,29,tent,False,0.5260152220726013,1.5686830282211304,1.4337323904037476,0.1349506378173828,0.0013196703512221575
1626,False,9,desk,25,sofa,False,0.8938577771186829,0.4011147916316986,0.32077375054359436,0.08034104108810425,0.0008484565769322217
1627,False,14,guitar,14,guitar,True,0.998871386051178,0.010711806826293468,0.009483945555984974,0.0012278612703084946,1.1586277537389833e-07
1628,False,11,dresser,11,dresser,True,0.8006962537765503,0.7552830576896667,0.720852792263031,0.03443026542663574,0.00027773549663834274
1629,False,1,bathtub,1,bathtub,True,0.7453370690345764,0.832997739315033,0.7560197114944458,0.07697802782058716,0.001071838429197669
1630,False,30,toilet,30,toilet,True,0.9995867609977722,0.00459501426666975,0.003843687940388918,0.0007513263262808323,4.721636059912271e-08
1631,False,6,chair,6,chair,True,0.9022610783576965,0.43686091899871826,0.38712820410728455,0.049732714891433716,0.00037698220694437623
1632,False,21,plant,19,person,False,0.5603338479995728,1.704655408859253,1.6038143634796143,0.10084104537963867,0.0005931995692662895
1633,False,14,guitar,14,guitar,True,0.9967811703681946,0.02721332386136055,0.024646800011396408,0.002566523849964142,5.160457021702314e-07
1634,False,9,desk,9,desk,True,0.501130998134613,1.0225493907928467,0.9278101325035095,0.09473925828933716,0.0016551320441067219
1635,False,1,bathtub,1,bathtub,True,0.9666129946708679,0.1901332288980484,0.17777904868125916,0.012354180216789246,2.26902211579727e-05
1636,False,27,stool,27,stool,True,0.7846084833145142,0.8065297603607178,0.749301016330719,0.05722874402999878,0.0004289404605515301
1637,False,25,sofa,25,sofa,True,0.9924297332763672,0.05852467939257622,0.055971600115299225,0.002553079277276993,1.1624900935203186e-06
1638,False,25,sofa,18,night_stand,False,0.3873402774333954,1.8324251174926758,1.7211555242538452,0.11126959323883057,0.0009699345682747662
1639,False,9,desk,28,table,False,0.48428836464881897,0.9355877637863159,0.8846315741539001,0.05095618963241577,0.0010493778390809894
1640,False,30,toilet,30,toilet,True,0.9994216561317444,0.006178544368594885,0.005509762093424797,0.0006687822751700878,2.6844389822144876e-08
1641,False,0,airplane,0,airplane,True,0.9975687861442566,0.021437430754303932,0.01919480785727501,0.002242622897028923,4.2570420077936433e-07
1642,False,11,dresser,18,night_stand,False,0.6333914399147034,1.0356557369232178,0.9926285147666931,0.04302722215652466,0.000459463510196656
1643,False,25,sofa,25,sofa,True,0.9984387755393982,0.014851395040750504,0.013954448513686657,0.0008969465270638466,7.219468756147762e-08
1644,False,31,tv_stand,31,tv_stand,True,0.9504782557487488,0.2780493199825287,0.25486835837364197,0.02318096160888672,4.664121297537349e-05
1645,False,0,airplane,0,airplane,True,0.9997205138206482,0.0030342834070324898,0.002679529134184122,0.0003547542728483677,1.5504582506764564e-08
1646,False,23,range_hood,23,range_hood,True,0.8129081130027771,0.48818671703338623,0.4142131805419922,0.07397353649139404,0.0013512956211343408
1647,False,0,airplane,0,airplane,True,0.9996029138565063,0.004267209675163031,0.003434713464230299,0.0008324962109327316,8.344695601181229e-08
1648,False,28,table,9,desk,False,0.6210563778877258,0.841984748840332,0.7705860733985901,0.07139867544174194,0.0013433528365567327
1649,False,5,car,5,car,True,0.9821245670318604,0.12044357508420944,0.09821216017007828,0.022231414914131165,4.1142124246107414e-05
1650,False,16,mantel,16,mantel,True,0.9831706881523132,0.10391770303249359,0.09442966431379318,0.009488038718700409,1.416339091520058e-05
1651,False,32,vase,32,vase,True,0.5292690396308899,1.3193786144256592,1.1476184129714966,0.1717602014541626,0.002141137607395649
1652,False,16,mantel,16,mantel,True,0.9680575132369995,0.188483327627182,0.17308636009693146,0.01539696753025055,2.819322980940342e-05
1653,False,16,mantel,16,mantel,True,0.9271978735923767,0.37073445320129395,0.3504064679145813,0.020327985286712646,6.25095926807262e-05
1654,False,0,airplane,0,airplane,True,0.9988411068916321,0.011347904801368713,0.009495226666331291,0.0018526781350374222,3.5685377497429727e-07
1655,False,1,bathtub,1,bathtub,True,0.98468017578125,0.10081705451011658,0.09019792079925537,0.010619133710861206,1.3737992958340328e-05
1656,False,13,glass_box,13,glass_box,True,0.9977834224700928,0.019638415426015854,0.017553560435771942,0.0020848549902439117,3.273145523507992e-07
1657,False,5,car,5,car,True,0.923183262348175,0.42197108268737793,0.3780185580253601,0.04395252466201782,0.00017723003111314029
1658,False,22,radio,22,radio,True,0.9468500018119812,0.31499138474464417,0.24054613709449768,0.07444524765014648,0.00024924505851231515
1659,False,21,plant,21,plant,True,0.7373035550117493,1.0064955949783325,0.9232504367828369,0.0832451581954956,0.0004494883178267628
1660,False,6,chair,6,chair,True,0.9995160698890686,0.005205726716667414,0.0049077291041612625,0.0002979976125061512,6.177198752510549e-09
1661,False,4,bookshelf,4,bookshelf,True,0.9640343189239502,0.22684702277183533,0.21155036985874176,0.015296652913093567,2.846041570592206e-05
1662,False,11,dresser,11,dresser,True,0.8389807939529419,0.7499873638153076,0.7115288376808167,0.03845852613449097,0.00015680711658205837
1663,False,1,bathtub,1,bathtub,True,0.9256347417831421,0.3854345381259918,0.3637465238571167,0.021688014268875122,5.653625703416765e-05
1664,False,3,bench,9,desk,False,0.8565735220909119,0.653931200504303,0.6104429364204407,0.043488264083862305,0.00022058782633394003
1665,False,9,desk,9,desk,True,0.9749116897583008,0.16502897441387177,0.14648869633674622,0.01854027807712555,2.5593848477001302e-05
1666,False,6,chair,6,chair,True,0.5582234859466553,0.7401822805404663,0.6324504613876343,0.10773181915283203,0.0026279790326952934
1667,False,21,plant,21,plant,True,0.8661317229270935,0.44110292196273804,0.41916143894195557,0.02194148302078247,0.00022084114607423544
1668,False,32,vase,12,flower_pot,False,0.7487882375717163,0.8091129064559937,0.7006650567054749,0.1084478497505188,0.0009091200772672892
1669,False,2,bed,2,bed,True,0.773804247379303,0.8639753460884094,0.7933558225631714,0.07061952352523804,0.0005609191139228642
1670,False,5,car,5,car,True,0.9696109890937805,0.2007085531949997,0.1876949518918991,0.013013601303100586,1.4724480934091844e-05
1671,False,31,tv_stand,31,tv_stand,True,0.5380578637123108,1.5765079259872437,1.4433033466339111,0.13320457935333252,0.0011586924083530903
1672,False,8,curtain,8,curtain,True,0.6452826261520386,1.0105581283569336,0.9420338273048401,0.0685243010520935,0.0007550863083451986
1673,False,13,glass_box,13,glass_box,True,0.967123806476593,0.2047441154718399,0.18642231822013855,0.018321797251701355,4.163990161032416e-05
1674,False,21,plant,21,plant,True,0.4631653428077698,1.1114205121994019,0.8663356900215149,0.24508482217788696,0.004138997755944729
1675,False,25,sofa,25,sofa,True,0.9993597865104675,0.006770865060389042,0.006023917812854052,0.0007469472475349903,3.9582875643873194e-08
1676,False,4,bookshelf,4,bookshelf,True,0.9610354900360107,0.22954519093036652,0.2175750881433487,0.011970102787017822,2.0257622963981703e-05
1677,False,11,dresser,11,dresser,True,0.6697753667831421,0.9497422575950623,0.9025189876556396,0.04722326993942261,0.0005642781034111977
1678,False,34,xbox,4,bookshelf,False,0.3541734516620636,1.8356170654296875,1.7405343055725098,0.09508275985717773,0.0007640005205757916
1679,False,6,chair,6,chair,True,0.9993394017219543,0.0069433096796274185,0.0061650085262954235,0.000778301153331995,6.850091693877403e-08
1680,False,13,glass_box,13,glass_box,True,0.994604229927063,0.04208113253116608,0.03852267190814018,0.003558460623025894,1.178891352537903e-06
1681,False,11,dresser,11,dresser,True,0.8005255460739136,0.8703538179397583,0.8241412043571472,0.046212613582611084,0.0002829403383657336
1682,False,31,tv_stand,31,tv_stand,True,0.6955035328865051,1.0491780042648315,0.9806793332099915,0.06849867105484009,0.0006924787885509431
1683,False,28,table,28,table,True,0.8492364287376404,0.6000368595123291,0.5497161149978638,0.05032074451446533,0.00039076246321201324
1684,False,16,mantel,16,mantel,True,0.9679852724075317,0.17314234375953674,0.15402723848819733,0.019115105271339417,5.7728004321688786e-05
1685,False,28,table,28,table,True,0.7413966059684753,0.7452536225318909,0.6975621581077576,0.0476914644241333,0.0005750844720751047
1686,False,13,glass_box,13,glass_box,True,0.4868409037590027,1.4022120237350464,1.330633521080017,0.0715785026550293,0.0009675714536570013
1687,False,24,sink,24,sink,True,0.8783255219459534,0.6352176666259766,0.58305424451828,0.05216342210769653,0.00024258012126665562
1688,False,14,guitar,14,guitar,True,0.9875982403755188,0.08466645330190659,0.07672151178121567,0.007944941520690918,6.336543265206274e-06
1689,False,5,car,5,car,True,0.9830413460731506,0.11459097266197205,0.10315733402967453,0.011433638632297516,1.5811865523573942e-05
1690,False,9,desk,9,desk,True,0.9940962195396423,0.04763966426253319,0.04169909283518791,0.005940571427345276,2.306873966517742e-06
1691,False,14,guitar,14,guitar,True,0.9993751645088196,0.006346958689391613,0.005750723648816347,0.0005962350405752659,3.68051402688252e-08
1692,False,31,tv_stand,31,tv_stand,True,0.7843301296234131,0.696363627910614,0.6642424464225769,0.03212118148803711,0.00030332664027810097
1693,False,32,vase,32,vase,True,0.46529966592788696,1.6845489740371704,1.448707103729248,0.23584187030792236,0.0024532161187380552
1694,False,5,car,5,car,True,0.993330180644989,0.05335821211338043,0.04778474196791649,0.0055734701454639435,2.881086402339861e-06
1695,False,28,table,28,table,True,0.583307683467865,1.0136107206344604,0.9504697918891907,0.06314092874526978,0.0008441870450042188
1696,False,23,range_hood,23,range_hood,True,0.8600555658340454,0.5446220636367798,0.5053592920303345,0.03926277160644531,0.00039363582618534565
1697,False,2,bed,2,bed,True,0.919448971748352,0.3724639415740967,0.33079269528388977,0.04167124629020691,0.0002295489248353988
1698,False,31,tv_stand,31,tv_stand,True,0.6283966898918152,0.9057437777519226,0.8146635890007019,0.0910801887512207,0.001606956124305725
1699,False,18,night_stand,31,tv_stand,False,0.5777847170829773,1.5250170230865479,1.4314695596694946,0.09354746341705322,0.0007466422393918037
1700,False,23,range_hood,23,range_hood,True,0.9778798818588257,0.12875840067863464,0.11706995964050293,0.011688441038131714,2.3441845769411884e-05
1701,False,20,piano,20,piano,True,0.9937795400619507,0.05209075286984444,0.04863233491778374,0.0034584179520606995,9.617081104806857e-07
1702,False,0,airplane,0,airplane,True,0.9999081492424011,0.0011605204781517386,0.0010703970910981297,9.01233870536089e-05,5.321398877100592e-10
1703,False,32,vase,32,vase,True,0.8152403235435486,0.5473145246505737,0.5266454219818115,0.020669102668762207,0.0001998902444029227
1704,False,30,toilet,30,toilet,True,0.9993310570716858,0.0069305202923715115,0.006144803948700428,0.0007857163436710835,4.346670934296526e-08
1705,False,22,radio,11,dresser,False,0.5470010638237,1.2220046520233154,1.1582850217819214,0.06371963024139404,0.0009838342666625977
1706,False,6,chair,6,chair,True,0.9993385076522827,0.0068912082351744175,0.006242069415748119,0.0006491388194262981,3.330321618477683e-08
1707,False,14,guitar,14,guitar,True,0.9964022040367126,0.031114596873521805,0.0283161960542202,0.0027984008193016052,6.13558768236544e-07
1708,False,28,table,28,table,True,0.8202728629112244,0.5334779620170593,0.4931681454181671,0.04030981659889221,0.0005939484690316021
1709,False,27,stool,27,stool,True,0.49577781558036804,1.4681533575057983,1.3219653367996216,0.14618802070617676,0.0020131494384258986
1710,False,6,chair,6,chair,True,0.5509455800056458,1.0041886568069458,0.8788087368011475,0.12537992000579834,0.0022991527803242207
1711,False,29,tent,18,night_stand,False,0.38722485303878784,1.5118420124053955,1.4366323947906494,0.0752096176147461,0.0007125338306650519
1712,False,20,piano,20,piano,True,0.8917453289031982,0.5565539598464966,0.46675580739974976,0.08979815244674683,0.0005162120796740055
1713,False,17,monitor,17,monitor,True,0.48193174600601196,2.0385756492614746,1.889875054359436,0.14870059490203857,0.0010530826402828097
1714,False,3,bench,3,bench,True,0.9233468174934387,0.35386696457862854,0.3072226941585541,0.04664427042007446,0.00021254083549138159
1715,False,4,bookshelf,4,bookshelf,True,0.7664477825164795,0.8203192949295044,0.7573952078819275,0.0629240870475769,0.0005656122229993343
1716,False,9,desk,9,desk,True,0.971052885055542,0.2040342390537262,0.18842342495918274,0.015610814094543457,2.000060339923948e-05
1717,False,25,sofa,25,sofa,True,0.995254397392273,0.035811834037303925,0.03268512338399887,0.0031267106533050537,1.594184595887782e-06
1718,False,32,vase,32,vase,True,0.964457094669342,0.19802311062812805,0.18507646024227142,0.012946650385856628,2.435183705529198e-05
1719,False,3,bench,10,door,False,0.6351885199546814,1.3681880235671997,1.236095666885376,0.13209235668182373,0.0011157451663166285
1720,False,32,vase,32,vase,True,0.8599877953529358,0.4169193506240845,0.4087218940258026,0.00819745659828186,9.356586815556511e-05
1721,False,31,tv_stand,31,tv_stand,True,0.8059765100479126,0.8027307987213135,0.7047233581542969,0.0980074405670166,0.0008154077222570777
1722,False,30,toilet,30,toilet,True,0.9995711445808411,0.0048089963383972645,0.004243195988237858,0.0005658003501594067,1.6567698324365665e-08
1723,False,31,tv_stand,31,tv_stand,True,0.7326139807701111,1.2116167545318604,1.1285557746887207,0.08306097984313965,0.00046468840446323156
1724,False,0,airplane,0,airplane,True,0.9678620100021362,0.20841853320598602,0.19150908291339874,0.01690945029258728,2.6914747650153004e-05
1725,False,22,radio,34,xbox,False,0.36966466903686523,1.7621766328811646,1.5300347805023193,0.23214185237884521,0.002834431128576398
1726,False,2,bed,2,bed,True,0.6995123624801636,0.9868630766868591,0.9074773788452148,0.07938569784164429,0.0009758174419403076
1727,False,24,sink,24,sink,True,0.6667183041572571,0.855715274810791,0.7925554513931274,0.06315982341766357,0.0011458015069365501
1728,False,17,monitor,17,monitor,True,0.9992799162864685,0.0072332341223955154,0.006779276300221682,0.00045395782217383385,1.4530876946139415e-08
1729,False,16,mantel,16,mantel,True,0.993626058101654,0.04728512465953827,0.043213650584220886,0.004071474075317383,1.4864060631225584e-06
1730,False,30,toilet,30,toilet,True,0.9996934533119202,0.0034576216712594032,0.0030211845878511667,0.0004364370834082365,1.0269785910566043e-08
1731,False,34,xbox,33,wardrobe,False,0.5240556001663208,1.2002991437911987,1.154922604560852,0.04537653923034668,0.0004636293451767415
1732,False,16,mantel,16,mantel,True,0.8032357096672058,0.8365870118141174,0.7558114528656006,0.08077555894851685,0.0006312624900601804
1733,False,16,mantel,16,mantel,True,0.9895045161247253,0.06398692727088928,0.05534374713897705,0.008643180131912231,1.7862525055534206e-05
1734,False,18,night_stand,24,sink,False,0.294399619102478,1.881324052810669,1.7688769102096558,0.11244714260101318,0.0011189888464286923
1735,False,6,chair,6,chair,True,0.9995056986808777,0.004897501785308123,0.004496636334806681,0.00040086545050144196,1.7305795907418542e-08
1736,False,21,plant,21,plant,True,0.7281251549720764,0.7124761343002319,0.6865885257720947,0.025887608528137207,0.0001954856124939397
1737,False,14,guitar,14,guitar,True,0.9987602233886719,0.011636434122920036,0.009754032827913761,0.0018824012950062752,4.014512171579554e-07
1738,False,6,chair,6,chair,True,0.9993720650672913,0.006675858050584793,0.006149225402623415,0.0005266326479613781,1.6355119925037798e-08
1739,False,21,plant,21,plant,True,0.921511709690094,0.39913204312324524,0.3462645709514618,0.05286747217178345,0.00021981990721542388
1740,False,2,bed,2,bed,True,0.9973031878471375,0.024562228471040726,0.022774243727326393,0.0017879847437143326,2.0236061004652584e-07
1741,False,34,xbox,34,xbox,True,0.25118711590766907,1.994580626487732,1.8117026090621948,0.1828780174255371,0.0014528223546221852
1742,False,25,sofa,25,sofa,True,0.9217769503593445,0.3930872976779938,0.3739544153213501,0.019132882356643677,6.721619865857065e-05
1743,False,8,curtain,8,curtain,True,0.7714253067970276,0.9610962867736816,0.8639676570892334,0.09712862968444824,0.0005561967263929546
1744,False,16,mantel,16,mantel,True,0.9685475826263428,0.19002828001976013,0.17414601147174835,0.01588226854801178,2.3705244529992342e-05
1745,False,33,wardrobe,33,wardrobe,True,0.2652583718299866,2.1371567249298096,2.0082380771636963,0.12891864776611328,0.000841922708787024
1746,False,6,chair,6,chair,True,0.9911495447158813,0.06852614134550095,0.06406382471323013,0.004462316632270813,1.95313805306796e-06
1747,False,18,night_stand,11,dresser,False,0.4204581677913666,1.500748872756958,1.4428753852844238,0.05787348747253418,0.0005938475369475782
1748,False,14,guitar,14,guitar,True,0.9991642236709595,0.00798090174794197,0.007127593737095594,0.0008533080108463764,7.345207109210605e-08
1749,False,21,plant,0,airplane,False,0.5488650798797607,1.1713635921478271,0.9871673583984375,0.18419623374938965,0.00298948772251606
1750,False,21,plant,21,plant,True,0.6953732967376709,0.6296044588088989,0.6175509095191956,0.01205354928970337,0.00021274774917401373
1751,False,17,monitor,17,monitor,True,0.9993784427642822,0.006419620011001825,0.0060109300538897514,0.0004086899571120739,1.36228841540742e-08
1752,False,20,piano,20,piano,True,0.9828394651412964,0.11707106232643127,0.09693538397550583,0.020135678350925446,4.201522096991539e-05
1753,False,9,desk,9,desk,True,0.6402167081832886,0.9976691603660583,0.9170753955841064,0.0805937647819519,0.0010063356021419168
1754,False,16,mantel,16,mantel,True,0.9705284237861633,0.17589330673217773,0.16236628592014313,0.013527020812034607,2.2333362721838057e-05
1755,False,11,dresser,11,dresser,True,0.860049843788147,0.6522636413574219,0.626785933971405,0.025477707386016846,9.246181434718892e-05
1756,False,4,bookshelf,4,bookshelf,True,0.9821779727935791,0.11566043645143509,0.10981520265340805,0.005845233798027039,6.307559942797525e-06
1757,False,31,tv_stand,31,tv_stand,True,0.8097493052482605,0.6662217378616333,0.6187511682510376,0.0474705696105957,0.00037489947862923145
1758,False,18,night_stand,18,night_stand,True,0.921627402305603,0.36508938670158386,0.34221455454826355,0.022874832153320312,0.00011809952411567792
1759,False,14,guitar,14,guitar,True,0.9970274567604065,0.02578498050570488,0.023204902186989784,0.0025800783187150955,4.6321713398356223e-07
1760,False,11,dresser,11,dresser,True,0.8717586398124695,0.5920283794403076,0.5626702904701233,0.029358088970184326,0.00015482402523048222
1761,False,17,monitor,17,monitor,True,0.3804066479206085,2.03267240524292,1.8981099128723145,0.13456249237060547,0.0011156820692121983
1762,False,9,desk,9,desk,True,0.8896600008010864,0.5830556750297546,0.5167143940925598,0.06634128093719482,0.00027214703732170165
1763,False,18,night_stand,11,dresser,False,0.48297402262687683,1.0910792350769043,1.0612074136734009,0.029871821403503418,0.00043262995313853025
1764,False,15,lamp,32,vase,False,0.4714052081108093,1.4870048761367798,1.4055442810058594,0.08146059513092041,0.0007660033879801631
1765,False,27,stool,26,stairs,False,0.4337698519229889,1.9062129259109497,1.7052170038223267,0.20099592208862305,0.0015569012612104416
1766,False,34,xbox,34,xbox,True,0.4322251081466675,1.3134312629699707,1.1518995761871338,0.16153168678283691,0.002202780917286873
1767,False,28,table,28,table,True,0.9002295136451721,0.36091384291648865,0.3327811062335968,0.028132736682891846,0.00030509958742186427
1768,False,20,piano,23,range_hood,False,0.25693127512931824,2.341278314590454,2.135075569152832,0.20620274543762207,0.0015249601565301418
1769,False,0,airplane,0,airplane,True,0.9998404383659363,0.0018452247604727745,0.0017113980138674378,0.00013382674660533667,1.2000289650870855e-09
1770,False,3,bench,3,bench,True,0.9960272312164307,0.03202139586210251,0.027259163558483124,0.004762232303619385,1.6286318214042694e-06
1771,False,5,car,5,car,True,0.7200191617012024,1.0306857824325562,0.9425550699234009,0.08813071250915527,0.0007465439266525209
1772,False,28,table,9,desk,False,0.8730458617210388,0.5774146914482117,0.5314428806304932,0.045971810817718506,0.000314527191221714
1773,False,32,vase,32,vase,True,0.9309045076370239,0.2608204185962677,0.2543262243270874,0.006494194269180298,3.7872880056966096e-05
1774,False,24,sink,24,sink,True,0.9723545908927917,0.1674618422985077,0.15085910260677338,0.016602739691734314,3.288850712124258e-05
1775,False,31,tv_stand,31,tv_stand,True,0.8013525605201721,0.8005570769309998,0.6610662341117859,0.13949084281921387,0.0014741005143150687
1776,False,5,car,5,car,True,0.9827297925949097,0.12219298630952835,0.11178053170442581,0.010412454605102539,1.0351875062042382e-05
1777,False,5,car,5,car,True,0.7466167211532593,0.8889285326004028,0.753648042678833,0.13528048992156982,0.001673968741670251
1778,False,29,tent,29,tent,True,0.7726444005966187,0.9436224102973938,0.8491134643554688,0.09450894594192505,0.0009121024049818516
1779,False,28,table,28,table,True,0.9780223965644836,0.1419210135936737,0.12985259294509888,0.012068420648574829,1.4169610949466005e-05
1780,False,10,door,10,door,True,0.9407108426094055,0.2681034803390503,0.24460086226463318,0.023502618074417114,9.362686250824481e-05
1781,False,5,car,5,car,True,0.9903836846351624,0.07367953658103943,0.06667190045118332,0.00700763612985611,4.354358679847792e-06
1782,False,17,monitor,17,monitor,True,0.9991533756256104,0.00823108572512865,0.007628626190125942,0.0006024595350027084,2.1514068748729187e-08
1783,False,14,guitar,14,guitar,True,0.9964312314987183,0.030062275007367134,0.027973722666502,0.002088552340865135,4.197174234832346e-07
1784,False,14,guitar,14,guitar,True,0.9760667085647583,0.13295437395572662,0.0908999890089035,0.04205438494682312,0.0002902297710534185
1785,False,30,toilet,30,toilet,True,0.9992997646331787,0.0072672124952077866,0.006043036002665758,0.0012241764925420284,1.1623701112739582e-07
1786,False,20,piano,20,piano,True,0.7925630211830139,0.9873161315917969,0.9123172760009766,0.07499885559082031,0.0005047864397056401
1787,False,28,table,28,table,True,0.8109721541404724,0.5855101346969604,0.5389948487281799,0.04651528596878052,0.0006454859394580126
1788,False,10,door,10,door,True,0.7092431783676147,0.6955186128616333,0.6447162628173828,0.05080235004425049,0.0008747469983063638
1789,False,10,door,10,door,True,0.9501093029975891,0.22267086803913116,0.21042564511299133,0.012245222926139832,5.4576048569288105e-05
1790,False,31,tv_stand,31,tv_stand,True,0.5989181399345398,1.7686383724212646,1.6755530834197998,0.09308528900146484,0.000586033274885267
1791,False,4,bookshelf,8,curtain,False,0.4747917950153351,0.995343029499054,0.9406131505966187,0.0547298789024353,0.0006965432548895478
1792,False,9,desk,9,desk,True,0.968053936958313,0.19217023253440857,0.1685810089111328,0.023589223623275757,4.760328374686651e-05
1793,False,23,range_hood,34,xbox,False,0.32588914036750793,1.7976939678192139,1.4770570993423462,0.3206368684768677,0.0035634718369692564
1794,False,26,stairs,26,stairs,True,0.4141923189163208,1.5865333080291748,1.4707205295562744,0.11581277847290039,0.0014176401309669018
1795,False,31,tv_stand,31,tv_stand,True,0.8686395287513733,0.5093497037887573,0.4765917956829071,0.03275790810585022,0.00021210801787674427
1796,False,31,tv_stand,31,tv_stand,True,0.5288980603218079,0.8256925344467163,0.7845058441162109,0.04118669033050537,0.0008190932567231357
1797,False,2,bed,2,bed,True,0.9977858066558838,0.01959097385406494,0.017566021531820297,0.002024952322244644,3.9751040503688273e-07
1798,False,5,car,5,car,True,0.9426213502883911,0.32017573714256287,0.2694567143917084,0.05071902275085449,0.0002645259373821318
1799,False,9,desk,9,desk,True,0.8245481848716736,0.7489969730377197,0.6932238936424255,0.05577307939529419,0.0004743349854834378
1800,False,5,car,5,car,True,0.9722834229469299,0.1857871562242508,0.16088718175888062,0.024899974465370178,4.8742720537120476e-05
1801,False,16,mantel,16,mantel,True,0.9759302735328674,0.1486613154411316,0.1401228904724121,0.008538424968719482,1.1099604307673872e-05
1802,False,21,plant,21,plant,True,0.5278275609016418,1.1405129432678223,1.0939582586288452,0.04655468463897705,0.00045517098624259233
1803,False,28,table,9,desk,False,0.5662530660629272,1.5077455043792725,1.373314619064331,0.1344308853149414,0.0013659626711159945
1804,False,23,range_hood,23,range_hood,True,0.9789496064186096,0.12124195694923401,0.10921825468540192,0.012023702263832092,2.9738559533143416e-05
1805,False,19,person,21,plant,False,0.554095447063446,1.052093505859375,0.8285669088363647,0.22352659702301025,0.0033364980481565
1806,False,25,sofa,25,sofa,True,0.9617030024528503,0.2297382354736328,0.21700747311115265,0.012730762362480164,2.8935992304468527e-05
1807,False,16,mantel,16,mantel,True,0.9796559810638428,0.11059427261352539,0.10042187571525574,0.010172396898269653,2.271568519063294e-05
1808,False,31,tv_stand,25,sofa,False,0.819030225276947,0.6320524215698242,0.5890925526618958,0.04295986890792847,0.0005085773882456124
1809,False,28,table,9,desk,False,0.3330933749675751,1.833267092704773,1.6775267124176025,0.1557403802871704,0.0014136149547994137
1810,False,4,bookshelf,4,bookshelf,True,0.3223305642604828,1.9564359188079834,1.872548222541809,0.08388769626617432,0.0006414585513994098
1811,False,23,range_hood,16,mantel,False,0.8967050909996033,0.4701732099056244,0.424542635679245,0.045630574226379395,0.00021704411483369768
1812,False,5,car,5,car,True,0.9978700280189514,0.019419236108660698,0.017353981733322144,0.0020652543753385544,3.922683902146673e-07
1813,False,16,mantel,16,mantel,True,0.9889989495277405,0.07855615019798279,0.07395299524068832,0.004603154957294464,2.1350822407839587e-06
1814,False,14,guitar,14,guitar,True,0.9861993193626404,0.10065307468175888,0.08476413786411285,0.015888936817646027,2.019948442466557e-05
1815,False,17,monitor,17,monitor,True,0.9989490509033203,0.009998726658523083,0.009152990765869617,0.0008457358926534653,5.798803215384396e-08
1816,False,17,monitor,27,stool,False,0.27829140424728394,2.2200777530670166,2.017482280731201,0.20259547233581543,0.0014108847826719284
1817,False,28,table,28,table,True,0.9817970395088196,0.1144651547074318,0.10031962394714355,0.014145530760288239,2.425650745863095e-05
1818,False,21,plant,21,plant,True,0.7446752190589905,0.6370567679405212,0.620966374874115,0.01609039306640625,0.00017685280181467533
1819,False,31,tv_stand,25,sofa,False,0.9709232449531555,0.15656791627407074,0.1496344655752182,0.006933450698852539,1.5180682567006443e-05
1820,False,2,bed,2,bed,True,0.4623603820800781,1.343117356300354,1.2331911325454712,0.10992622375488281,0.0014519442338496447
1821,False,21,plant,21,plant,True,0.7028864622116089,1.2604749202728271,1.105067491531372,0.15540742874145508,0.0011062677949666977
1822,False,23,range_hood,23,range_hood,True,0.9779680967330933,0.13603252172470093,0.11920632421970367,0.016826197504997253,3.574431684683077e-05
1823,False,32,vase,32,vase,True,0.9116367101669312,0.34702351689338684,0.33679038286209106,0.010233134031295776,4.899608757114038e-05
1824,False,7,cone,7,cone,True,0.9935328960418701,0.046547144651412964,0.042501214891672134,0.0040459297597408295,2.1214982552919537e-06
1825,False,25,sofa,25,sofa,True,0.9951639175415039,0.03970477730035782,0.03480999916791916,0.00489477813243866,3.2501498026249465e-06
1826,False,32,vase,32,vase,True,0.9377407431602478,0.25036248564720154,0.24118973314762115,0.009172752499580383,4.841237750952132e-05
1827,False,0,airplane,0,airplane,True,0.9997792840003967,0.0025656521320343018,0.002201362745836377,0.0003642893861979246,1.047990405567134e-08
1828,False,6,chair,6,chair,True,0.9991675019264221,0.008337295614182949,0.0077352458611130714,0.0006020497530698776,3.795412339968607e-08
1829,False,9,desk,9,desk,True,0.9950850605964661,0.04150921851396561,0.0302070751786232,0.011302143335342407,7.799681043252349e-06
1830,False,2,bed,2,bed,True,0.9252237677574158,0.41263294219970703,0.35462984442710876,0.05800309777259827,0.00022583830286748707
1831,False,21,plant,19,person,False,0.421470582485199,1.1562190055847168,1.0740172863006592,0.08220171928405762,0.0013309094356372952
1832,False,20,piano,15,lamp,False,0.22462788224220276,2.194345235824585,2.062016010284424,0.13232922554016113,0.0008902261033654213
1833,False,20,piano,20,piano,True,0.9479442834854126,0.3087494671344757,0.2806646227836609,0.02808484435081482,6.491234671557322e-05
1834,False,32,vase,32,vase,True,0.7600349187850952,0.9597436189651489,0.9087086915969849,0.05103492736816406,0.000290091207716614
1835,False,17,monitor,17,monitor,True,0.998900830745697,0.010190516710281372,0.00924487505108118,0.0009456416592001915,1.0488039947631478e-07
1836,False,25,sofa,25,sofa,True,0.9983317255973816,0.014903586357831955,0.013902086764574051,0.001001499593257904,1.324195721963406e-07
1837,False,16,mantel,16,mantel,True,0.9818779230117798,0.10737099498510361,0.09649904072284698,0.010871954262256622,2.1419653421617113e-05
1838,False,6,chair,6,chair,True,0.9998969435691833,0.001257576746866107,0.0011247539659962058,0.00013282278086990118,1.5812241516144354e-09
1839,False,25,sofa,25,sofa,True,0.992097020149231,0.05662510544061661,0.05271286889910698,0.003912236541509628,1.6432931033705245e-06
1840,False,23,range_hood,23,range_hood,True,0.8217689394950867,0.4989069700241089,0.4658457934856415,0.03306117653846741,0.0005177053390070796
1841,False,17,monitor,17,monitor,True,0.5272454619407654,1.7285603284835815,1.596874475479126,0.13168585300445557,0.0010516914771869779
1842,False,13,glass_box,11,dresser,False,0.4781152606010437,1.1596391201019287,1.097619652748108,0.0620194673538208,0.0008424083353020251
1843,False,33,wardrobe,33,wardrobe,True,0.5709234476089478,1.242738962173462,1.1915781497955322,0.05116081237792969,0.0004269100318197161
1844,False,0,airplane,0,airplane,True,0.9991058707237244,0.008691697381436825,0.00781677570194006,0.0008749216794967651,7.324647555151387e-08
1845,False,20,piano,30,toilet,False,0.5265082120895386,1.5721511840820312,1.3850162029266357,0.1871349811553955,0.0021872275974601507
1846,False,28,table,28,table,True,0.9879996180534363,0.07281238585710526,0.06681330502033234,0.005999080836772919,8.587820957473014e-06
1847,False,3,bench,3,bench,True,0.4448569118976593,1.2022100687026978,1.1232155561447144,0.0789945125579834,0.001160135492682457
1848,False,13,glass_box,13,glass_box,True,0.5459516644477844,1.3349560499191284,1.2528475522994995,0.0821084976196289,0.0009575483854860067
1849,False,32,vase,32,vase,True,0.9323205351829529,0.2671811878681183,0.25659993290901184,0.010581254959106445,5.9997801145073026e-05
1850,False,12,flower_pot,21,plant,False,0.4981412887573242,1.0725241899490356,1.0340794324874878,0.03844475746154785,0.0004450278065633029
1851,False,31,tv_stand,31,tv_stand,True,0.8901270031929016,0.4744947850704193,0.444350928068161,0.0301438570022583,0.00015384539437945932
1852,False,22,radio,11,dresser,False,0.45705100893974304,1.706492304801941,1.585720419883728,0.12077188491821289,0.0008908032323233783
1853,False,26,stairs,26,stairs,True,0.9249780178070068,0.43506038188934326,0.38004738092422485,0.05501300096511841,0.00022331120271701366
1854,False,32,vase,32,vase,True,0.6628730893135071,1.10172438621521,1.040566086769104,0.06115829944610596,0.0006103279301896691
1855,False,23,range_hood,23,range_hood,True,0.796847403049469,0.5563791394233704,0.5235075354576111,0.03287160396575928,0.000566224567592144
1856,False,12,flower_pot,21,plant,False,0.5935710668563843,1.1303175687789917,1.028900146484375,0.1014174222946167,0.000731280364561826
1857,False,11,dresser,11,dresser,True,0.7526488900184631,0.7945454120635986,0.7487910985946655,0.045754313468933105,0.0004981653764843941
1858,False,23,range_hood,16,mantel,False,0.555331289768219,1.0690768957138062,1.0010573863983154,0.06801950931549072,0.0012230772990733385
1859,False,15,lamp,15,lamp,True,0.9958055019378662,0.031351108103990555,0.02792774699628353,0.0034233611077070236,1.64029495408613e-06
1860,False,0,airplane,0,airplane,True,0.9995663166046143,0.004921894054859877,0.004513892345130444,0.00040800170972943306,1.2715331010326736e-08
1861,False,28,table,28,table,True,0.7648060917854309,0.8494827747344971,0.7652909159660339,0.08419185876846313,0.0008901192340999842
1862,False,25,sofa,25,sofa,True,0.9980392456054688,0.016005659475922585,0.015208669938147068,0.0007969895377755165,1.230350221703702e-07
1863,False,32,vase,32,vase,True,0.9054459929466248,0.3558257520198822,0.33850952982902527,0.017316222190856934,0.00010020028275903314
1864,False,4,bookshelf,4,bookshelf,True,0.867477297782898,0.41865405440330505,0.39433762431144714,0.02431643009185791,0.00029577803798019886
1865,False,28,table,28,table,True,0.7502028346061707,0.8994248509407043,0.841425895690918,0.05799895524978638,0.00046729284804314375
1866,False,23,range_hood,23,range_hood,True,0.979998767375946,0.12303295731544495,0.11154510825872421,0.011487849056720734,1.5496882042498328e-05
1867,False,17,monitor,17,monitor,True,0.9751272797584534,0.16101288795471191,0.14888830482959747,0.012124583125114441,1.3996813322592061e-05
1868,False,28,table,28,table,True,0.9362983107566833,0.3146028220653534,0.29306066036224365,0.02154216170310974,6.427846528822556e-05
1869,False,17,monitor,17,monitor,True,0.992483913898468,0.06096162647008896,0.05673333629965782,0.004228290170431137,1.5216693327602115e-06
1870,False,14,guitar,14,guitar,True,0.9913008213043213,0.06325620412826538,0.05439520627260208,0.0088609978556633,7.708397788519505e-06
1871,False,21,plant,15,lamp,False,0.5375896096229553,1.2715225219726562,1.1633327007293701,0.10818982124328613,0.001513891969807446
1872,False,18,night_stand,13,glass_box,False,0.33777350187301636,1.6507068872451782,1.554938554763794,0.09576833248138428,0.000967844040133059
1873,False,20,piano,20,piano,True,0.4504985213279724,1.9920650720596313,1.8197952508926392,0.1722698211669922,0.0014803404919803143
1874,False,13,glass_box,13,glass_box,True,0.9965130686759949,0.028911259025335312,0.025756971910595894,0.003154287114739418,7.914082971183234e-07
1875,False,20,piano,20,piano,True,0.9970987439155579,0.026038488373160362,0.02414441481232643,0.001894073560833931,3.1381458143187047e-07
1876,False,32,vase,32,vase,True,0.6132586002349854,1.1681249141693115,1.090789794921875,0.07733511924743652,0.0008544580196030438
1877,False,14,guitar,14,guitar,True,0.9914591312408447,0.06291405111551285,0.05718289315700531,0.005731157958507538,3.3356202493450837e-06
1878,False,17,monitor,26,stairs,False,0.5916317701339722,1.5337238311767578,1.4105788469314575,0.12314498424530029,0.0010553570464253426
1879,False,13,glass_box,13,glass_box,True,0.9917218685150146,0.058835528790950775,0.053077973425388336,0.005757555365562439,3.509201860651956e-06
1880,False,16,mantel,16,mantel,True,0.9952532052993774,0.036098599433898926,0.03244394809007645,0.0036546513438224792,1.2772868558386108e-06
1881,False,17,monitor,17,monitor,True,0.9975594878196716,0.02196667715907097,0.020171960815787315,0.0017947163432836533,2.184576715080766e-07
1882,False,33,wardrobe,33,wardrobe,True,0.6108654141426086,1.265956997871399,1.19408118724823,0.07187581062316895,0.0008490381296724081
1883,False,15,lamp,15,lamp,True,0.9686115384101868,0.16814783215522766,0.1425572782754898,0.025590553879737854,9.331792534794658e-05
1884,False,5,car,5,car,True,0.9933580756187439,0.05242077261209488,0.04610174521803856,0.00631902739405632,4.034541234432254e-06
1885,False,31,tv_stand,31,tv_stand,True,0.5990254878997803,1.4279063940048218,1.2786476612091064,0.14925873279571533,0.0013485497329384089
1886,False,5,car,5,car,True,0.9862511157989502,0.08840981125831604,0.0746755450963974,0.01373426616191864,2.1039335479144938e-05
1887,False,32,vase,32,vase,True,0.8235253095626831,0.6592282652854919,0.6262444853782654,0.03298377990722656,0.0002592136152088642
1888,False,20,piano,20,piano,True,0.8668056130409241,0.6092576384544373,0.5584902167320251,0.05076742172241211,0.00034179454087279737
1889,False,4,bookshelf,4,bookshelf,True,0.9689128994941711,0.17530742287635803,0.16028544306755066,0.015021979808807373,3.328473758301698e-05
1890,False,20,piano,20,piano,True,0.9979441165924072,0.019310370087623596,0.017459621652960777,0.001850748434662819,2.4054082814473077e-07
1891,False,6,chair,26,stairs,False,0.5136059522628784,1.3740087747573853,1.2639580965042114,0.11005067825317383,0.0011005931301042438
1892,False,9,desk,24,sink,False,0.38906973600387573,1.628145694732666,1.4287325143814087,0.19941318035125732,0.002034279052168131
1893,False,4,bookshelf,4,bookshelf,True,0.9705316424369812,0.19079069793224335,0.17284080386161804,0.017949894070625305,2.764282180578448e-05
1894,False,16,mantel,34,xbox,False,0.3705299496650696,1.6448392868041992,1.5014355182647705,0.1434037685394287,0.001296853763051331
1895,False,13,glass_box,13,glass_box,True,0.577747106552124,1.3480523824691772,1.2563351392745972,0.09171724319458008,0.000871674797963351
1896,False,30,toilet,30,toilet,True,0.9994664788246155,0.005310123786330223,0.004603983834385872,0.0007061399519443512,5.904924904598374e-08
1897,False,17,monitor,17,monitor,True,0.9144241809844971,0.45427796244621277,0.4102562367916107,0.04402172565460205,0.00021540012676268816
1898,False,14,guitar,14,guitar,True,0.9844463467597961,0.10583297163248062,0.09329161047935486,0.012541361153125763,1.0068036317534279e-05
1899,False,4,bookshelf,4,bookshelf,True,0.9882044196128845,0.08185409754514694,0.07639903575181961,0.0054550617933273315,3.714860213221982e-06
1900,False,16,mantel,16,mantel,True,0.7154690027236938,1.004687786102295,0.9385367035865784,0.06615108251571655,0.0006199083290994167
1901,False,21,plant,21,plant,True,0.5242463946342468,1.6030030250549316,1.5232911109924316,0.0797119140625,0.0004894612357020378
1902,False,19,person,19,person,True,0.6427107453346252,1.1566718816757202,1.0506069660186768,0.10606491565704346,0.0011575337266549468
1903,False,23,range_hood,29,tent,False,0.2766750454902649,2.1520607471466064,2.0006625652313232,0.1513981819152832,0.0011897815857082605
1904,False,27,stool,21,plant,False,0.7329740524291992,1.0283734798431396,0.8470391631126404,0.18133431673049927,0.0017111320048570633
1905,False,0,airplane,0,airplane,True,0.9997928738594055,0.0024941747542470694,0.0022127970587462187,0.0002813776955008507,5.16235409975252e-09
1906,False,21,plant,21,plant,True,0.5003170371055603,0.9994292259216309,0.8898413181304932,0.1095879077911377,0.0019277745159342885
1907,False,31,tv_stand,31,tv_stand,True,0.7467309236526489,0.8825337886810303,0.780700147151947,0.10183364152908325,0.001224994077347219
1908,False,0,airplane,0,airplane,True,0.9996686577796936,0.0038123824633657932,0.003497862257063389,0.0003145202063024044,5.700891758664284e-09
1909,False,15,lamp,15,lamp,True,0.4138149917125702,1.7582236528396606,1.5599216222763062,0.1983020305633545,0.0019207596778869629
1910,False,0,airplane,0,airplane,True,0.99784916639328,0.02083524875342846,0.018238713964819908,0.002596534788608551,5.485746896738419e-07
1911,False,4,bookshelf,4,bookshelf,True,0.8631614446640015,0.445577472448349,0.4082278907299042,0.037349581718444824,0.0005030237371101975
1912,False,20,piano,20,piano,True,0.3611215054988861,1.7907781600952148,1.6054117679595947,0.18536639213562012,0.002040195744484663
1913,False,19,person,19,person,True,0.4034108519554138,1.4346919059753418,1.1580721139907837,0.2766197919845581,0.004404421430081129
1914,False,32,vase,32,vase,True,0.8530193567276001,0.5279568433761597,0.496182382106781,0.03177446126937866,0.0002531726495362818
1915,False,13,glass_box,13,glass_box,True,0.4361473619937897,1.5692657232284546,1.498785138130188,0.0704805850982666,0.0007892703870311379
1916,False,32,vase,32,vase,True,0.8195502161979675,0.4976307153701782,0.4767126739025116,0.020918041467666626,0.00027290615253150463
1917,False,4,bookshelf,31,tv_stand,False,0.40169569849967957,1.7183067798614502,1.5825895071029663,0.1357172727584839,0.001387447235174477
1918,False,30,toilet,30,toilet,True,0.9980905055999756,0.01630714349448681,0.014535544440150261,0.0017715990543365479,4.204743220270757e-07
1919,False,31,tv_stand,31,tv_stand,True,0.6500424742698669,0.7616323232650757,0.6792949438095093,0.0823373794555664,0.0017999937990680337
1920,False,28,table,28,table,True,0.9772799015045166,0.14008338749408722,0.11973442882299423,0.020348958671092987,4.887079921900295e-05
1921,False,18,night_stand,27,stool,False,0.5580362677574158,1.115466594696045,1.0037574768066406,0.1117091178894043,0.0016214310890063643
1922,False,0,airplane,0,airplane,True,0.999956488609314,0.0005627649952657521,0.0005049927276559174,5.777226760983467e-05,4.204317449740813e-10
1923,False,5,car,5,car,True,0.990445077419281,0.06436183303594589,0.05878916755318642,0.005572665482759476,4.873392299487023e-06
1924,False,17,monitor,17,monitor,True,0.9979521632194519,0.01904098130762577,0.01726541668176651,0.0017755646258592606,2.7829736382045667e-07
1925,False,32,vase,32,vase,True,0.9163703918457031,0.3422464430332184,0.32504937052726746,0.017197072505950928,8.314398291986436e-05
1926,False,31,tv_stand,31,tv_stand,True,0.9103893041610718,0.4376071095466614,0.40007591247558594,0.03753119707107544,0.00016195322677958757
1927,False,0,airplane,0,airplane,True,0.9994527101516724,0.00618960615247488,0.0051864697597920895,0.0010031363926827908,8.093682168919258e-08
1928,False,15,lamp,15,lamp,True,0.8068644404411316,0.6771787405014038,0.5663777589797974,0.11080098152160645,0.0013948401901870966
1929,False,25,sofa,18,night_stand,False,0.8798165917396545,0.615476131439209,0.5837633609771729,0.03171277046203613,8.67237031343393e-05
1930,False,27,stool,6,chair,False,0.521746814250946,1.330478549003601,1.2057145833969116,0.12476396560668945,0.0015950900269672275
1931,False,3,bench,10,door,False,0.3997831344604492,1.7680718898773193,1.523034691810608,0.24503719806671143,0.0023094338830560446
1932,False,18,night_stand,18,night_stand,True,0.636386513710022,1.4248186349868774,1.3580700159072876,0.06674861907958984,0.00042308311094529927
1933,False,20,piano,20,piano,True,0.9949316382408142,0.043295152485370636,0.04055771604180336,0.002737436443567276,5.81188828618906e-07
1934,False,1,bathtub,1,bathtub,True,0.955798864364624,0.24034050107002258,0.2241840362548828,0.01615646481513977,4.461147545953281e-05
1935,False,8,curtain,17,monitor,False,0.6484078764915466,0.9538170099258423,0.7734001278877258,0.18041688203811646,0.0028629291336983442
1936,False,34,xbox,2,bed,False,0.891465425491333,0.5184186697006226,0.47499796748161316,0.0434207022190094,0.0002218668523710221
1937,False,17,monitor,17,monitor,True,0.9990924000740051,0.008981158025562763,0.00822319183498621,0.0007579661905765533,5.378477396789094e-08
1938,False,13,glass_box,13,glass_box,True,0.49681657552719116,1.6597585678100586,1.5899136066436768,0.06984496116638184,0.00047325220657512546
1939,False,31,tv_stand,4,bookshelf,False,0.7533851861953735,0.6342238783836365,0.6006631851196289,0.03356069326400757,0.0006033419631421566
1940,False,9,desk,9,desk,True,0.9754974246025085,0.1538488268852234,0.13739269971847534,0.016456127166748047,1.8645148884388618e-05
1941,False,14,guitar,14,guitar,True,0.9988779425621033,0.010493314824998379,0.009287810884416103,0.0012055039405822754,1.4765062417154695e-07
1942,False,28,table,9,desk,False,0.516701340675354,1.62471604347229,1.4979597330093384,0.12675631046295166,0.0011183066526427865
1943,False,31,tv_stand,3,bench,False,0.4993269145488739,0.8064722418785095,0.7390294671058655,0.06744277477264404,0.0015149569371715188
1944,False,20,piano,20,piano,True,0.7164968848228455,1.1605011224746704,1.0406498908996582,0.11985123157501221,0.0010489405831322074
1945,False,25,sofa,25,sofa,True,0.9890490174293518,0.08336245268583298,0.0796188935637474,0.0037435591220855713,2.3150053038989427e-06
1946,False,5,car,5,car,True,0.9954298138618469,0.039403192698955536,0.03562583401799202,0.0037773586809635162,1.4783543065277627e-06
1947,False,32,vase,32,vase,True,0.9496243596076965,0.24440354108810425,0.2358991652727127,0.00850437581539154,2.0310117179178633e-05
1948,False,17,monitor,17,monitor,True,0.9991779327392578,0.00822034478187561,0.007440041285008192,0.0007803034968674183,5.544266556967159e-08
1949,False,32,vase,32,vase,True,0.8762342929840088,0.4731598198413849,0.4516485929489136,0.021511226892471313,0.00012355222133919597
1950,False,4,bookshelf,4,bookshelf,True,0.8770946860313416,0.3878481388092041,0.3723773956298828,0.015470743179321289,0.00017362221842631698
1951,False,3,bench,26,stairs,False,0.4354861378669739,1.7408149242401123,1.5557613372802734,0.18505358695983887,0.001877949689514935
1952,False,23,range_hood,23,range_hood,True,0.5405313968658447,1.6452347040176392,1.5317336320877075,0.11350107192993164,0.0010077040642499924
1953,False,16,mantel,16,mantel,True,0.9919493198394775,0.056505199521780014,0.04722750931978226,0.009277690201997757,7.966463272168767e-06
1954,False,2,bed,2,bed,True,0.990056037902832,0.07510167360305786,0.06763491034507751,0.007466763257980347,3.6226811062078923e-06
1955,False,9,desk,9,desk,True,0.9917725920677185,0.05944965034723282,0.04962816461920738,0.009821485728025436,7.803014341334347e-06
1956,False,10,door,10,door,True,0.9638881683349609,0.19759880006313324,0.18551690876483917,0.012081891298294067,1.8240345525555313e-05
1957,False,23,range_hood,23,range_hood,True,0.9335958957672119,0.33707571029663086,0.28681105375289917,0.05026465654373169,0.00024292865418829024
1958,False,12,flower_pot,12,flower_pot,True,0.5341416597366333,0.9240664839744568,0.8510941863059998,0.07297229766845703,0.0008455700590275228
1959,False,32,vase,32,vase,True,0.7539348602294922,0.8267004489898682,0.782213568687439,0.0444868803024292,0.00048004105337895453
1960,False,9,desk,28,table,False,0.4184444546699524,1.8571281433105469,1.6767417192459106,0.18038642406463623,0.0018304070690646768
1961,False,25,sofa,25,sofa,True,0.8739379048347473,0.427665114402771,0.38998082280158997,0.03768429160118103,0.0004375399148557335
1962,False,13,glass_box,13,glass_box,True,0.44175270199775696,1.6266469955444336,1.5502928495407104,0.07635414600372314,0.0006674856413155794
1963,False,32,vase,32,vase,True,0.9047147631645203,0.33781275153160095,0.3254924416542053,0.01232030987739563,9.39342935453169e-05
1964,False,0,airplane,0,airplane,True,0.9964763522148132,0.02989589422941208,0.026339225471019745,0.003556668758392334,8.59402348396543e-07
1965,False,12,flower_pot,32,vase,False,0.8651869297027588,0.6023439764976501,0.5737259387969971,0.028618037700653076,0.00014138648111838847
1966,False,0,airplane,0,airplane,True,0.9998325109481812,0.001848256797529757,0.0016213905764743686,0.00022686622105538845,3.181848340361171e-09
1967,False,14,guitar,14,guitar,True,0.9882672429084778,0.08140089362859726,0.07010246813297272,0.011298425495624542,1.6413025150541216e-05
1968,False,31,tv_stand,17,monitor,False,0.6609231233596802,1.3863435983657837,1.310151219367981,0.07619237899780273,0.0005666367360390723
1969,False,0,airplane,0,airplane,True,0.9990425705909729,0.009100524708628654,0.00765522476285696,0.0014452999457716942,1.7633858817589498e-07
1970,False,17,monitor,17,monitor,True,0.9981185793876648,0.01694589853286743,0.016138631850481033,0.0008072666823863983,8.06036268841126e-08
1971,False,6,chair,6,chair,True,0.9999167323112488,0.001049914164468646,0.0009856655960902572,6.424856837838888e-05,3.322701003227735e-10
1972,False,11,dresser,11,dresser,True,0.7436365485191345,0.9839586019515991,0.9405221343040466,0.04343646764755249,0.00034306617453694344
1973,False,11,dresser,18,night_stand,False,0.44775810837745667,1.1948457956314087,1.1541438102722168,0.040701985359191895,0.00046006441698409617
1974,False,16,mantel,16,mantel,True,0.9638974666595459,0.20517785847187042,0.18586279451847076,0.019315063953399658,4.765897028846666e-05
1975,False,19,person,19,person,True,0.7120589017868042,1.0099526643753052,0.9299896359443665,0.07996302843093872,0.0007765839691273868
1976,False,19,person,19,person,True,0.5344680547714233,0.9127505421638489,0.8383409976959229,0.07440954446792603,0.0014765763189643621
1977,False,32,vase,32,vase,True,0.8786734342575073,0.3970332443714142,0.38698500394821167,0.010048240423202515,8.833684114506468e-05
1978,False,16,mantel,16,mantel,True,0.9842169284820557,0.10608699917793274,0.0959041565656662,0.01018284261226654,9.074265108210966e-06
1979,False,25,sofa,25,sofa,True,0.9872932434082031,0.09283924847841263,0.08391524851322174,0.008923999965190887,7.108150839485461e-06
1980,False,30,toilet,30,toilet,True,0.9927326440811157,0.0566435344517231,0.049990709871053696,0.006652824580669403,4.68091684524552e-06
1981,False,26,stairs,26,stairs,True,0.8076575994491577,0.6470187902450562,0.5628279447555542,0.08419084548950195,0.0009663842502050102
1982,False,27,stool,27,stool,True,0.9291976690292358,0.3646869361400604,0.3194778561592102,0.04520907998085022,0.00019035744480788708
1983,False,5,car,5,car,True,0.8346370458602905,0.7322045564651489,0.6341877579689026,0.09801679849624634,0.0007743448368273675
1984,False,17,monitor,18,night_stand,False,0.3293837904930115,2.09761381149292,1.9886488914489746,0.10896492004394531,0.0007357496069744229
1985,False,14,guitar,14,guitar,True,0.9953296184539795,0.03968147933483124,0.035353049635887146,0.004328429698944092,1.9947015061916318e-06
1986,False,2,bed,25,sofa,False,0.5362131595611572,1.1070022583007812,1.028944730758667,0.07805752754211426,0.001225873245857656
1987,False,8,curtain,8,curtain,True,0.7763777375221252,0.7624044418334961,0.726617157459259,0.03578728437423706,0.00027486306498758495
1988,False,1,bathtub,1,bathtub,True,0.4902273714542389,1.7612245082855225,1.6801437139511108,0.08108079433441162,0.0007139351218938828
1989,False,23,range_hood,23,range_hood,True,0.9365803003311157,0.3552340865135193,0.31666427850723267,0.03856980800628662,0.00015150838589761406
1990,False,2,bed,2,bed,True,0.998045802116394,0.01733364164829254,0.015131560154259205,0.0022020814940333366,5.119316028867615e-07
1991,False,20,piano,20,piano,True,0.9418337345123291,0.3602297008037567,0.3344835937023163,0.02574610710144043,6.706520798616111e-05
1992,False,24,sink,24,sink,True,0.9530956149101257,0.2531019449234009,0.23611560463905334,0.016986340284347534,4.750122388941236e-05
1993,False,32,vase,32,vase,True,0.6511920094490051,1.016668677330017,0.9459754824638367,0.07069319486618042,0.0008068300085142255
1994,False,28,table,28,table,True,0.9499936699867249,0.29620856046676636,0.2498359978199005,0.046372562646865845,0.0001740793086355552
1995,False,16,mantel,16,mantel,True,0.979439914226532,0.13336125016212463,0.10650453716516495,0.026856712996959686,5.958940528216772e-05
1996,False,30,toilet,30,toilet,True,0.9994252324104309,0.006089796777814627,0.005093187093734741,0.0009966096840798855,8.251184624441521e-08
1997,False,17,monitor,17,monitor,True,0.9994077086448669,0.006045718211680651,0.00552761647850275,0.0005181017331779003,2.3065105381192552e-08
1998,False,13,glass_box,11,dresser,False,0.4062630236148834,1.6673164367675781,1.570717692375183,0.09659874439239502,0.0009735908824950457
1999,False,33,wardrobe,33,wardrobe,True,0.6725879907608032,1.1726363897323608,1.0935317277908325,0.07910466194152832,0.0005904142162762582
2000,False,23,range_hood,21,plant,False,0.9035294651985168,0.5186524987220764,0.4697345793247223,0.048917919397354126,0.00017293744895141572
2001,False,18,night_stand,18,night_stand,True,0.5431450009346008,1.1197935342788696,1.0770764350891113,0.0427170991897583,0.0005083851865492761
2002,False,13,glass_box,13,glass_box,True,0.3711591064929962,1.3216125965118408,1.262225866317749,0.0593867301940918,0.0007457956671714783
2003,False,18,night_stand,18,night_stand,True,0.38707098364830017,2.063896894454956,1.9203579425811768,0.1435389518737793,0.0009384735603816807
2004,False,21,plant,0,airplane,False,0.8811360597610474,0.6055778861045837,0.5332180857658386,0.07235980033874512,0.00033755996264517307
2005,False,16,mantel,16,mantel,True,0.9586740136146545,0.21447812020778656,0.19255344569683075,0.02192467451095581,9.612864232622087e-05
2006,False,0,airplane,0,airplane,True,0.9997796416282654,0.002636183984577656,0.002442277269437909,0.00019390671513974667,2.8030842091908426e-09
2007,False,1,bathtub,1,bathtub,True,0.9856745600700378,0.09676209837198257,0.09115307778120041,0.0056090205907821655,3.6469975839281688e-06
2008,False,34,xbox,34,xbox,True,0.5212428569793701,1.7857381105422974,1.4840235710144043,0.30171453952789307,0.0022105537354946136
2009,False,9,desk,9,desk,True,0.9815524220466614,0.11529070883989334,0.10332617163658142,0.01196453720331192,1.6640191461192444e-05
2010,False,2,bed,2,bed,True,0.9990890622138977,0.009194950573146343,0.008190945722162724,0.0010040048509836197,6.778762440262653e-08
2011,False,0,airplane,0,airplane,True,0.9995657801628113,0.004465705715119839,0.004051890689879656,0.0004138150252401829,1.6736874997036466e-08
2012,False,20,piano,20,piano,True,0.98526930809021,0.10440672188997269,0.09419848769903183,0.010208234190940857,7.821515282557812e-06
2013,False,5,car,5,car,True,0.9931204319000244,0.05415475368499756,0.05080777779221535,0.0033469758927822113,1.0436949651193572e-06
2014,False,6,chair,6,chair,True,0.9985666275024414,0.013881746679544449,0.0120114516466856,0.0018702950328588486,2.4512712570867734e-07
2015,False,17,monitor,17,monitor,True,0.9480947852134705,0.23758991062641144,0.2179853469133377,0.01960456371307373,8.865011477610096e-05
2016,False,0,airplane,0,airplane,True,0.9999083280563354,0.0011867033317685127,0.0010662988061085343,0.00012040452565997839,8.927606987008119e-10
2017,False,30,toilet,30,toilet,True,0.8708844780921936,0.5418081283569336,0.4782104194164276,0.06359770894050598,0.0004370973911136389
2018,False,13,glass_box,13,glass_box,True,0.9883644580841064,0.08031351864337921,0.0719577893614769,0.008355729281902313,7.0023356784076896e-06
2019,False,28,table,28,table,True,0.9959336519241333,0.03005307726562023,0.02659561298787594,0.003457464277744293,1.7036566077877069e-06
2020,False,13,glass_box,13,glass_box,True,0.4779236614704132,1.5654568672180176,1.4980860948562622,0.06737077236175537,0.0005241616163402796
2021,False,8,curtain,8,curtain,True,0.968005359172821,0.18563160300254822,0.1445721983909607,0.041059404611587524,9.926177881425247e-05
2022,False,21,plant,15,lamp,False,0.6714560389518738,0.9991183280944824,0.8938190340995789,0.10529929399490356,0.0015595353906974196
2023,False,18,night_stand,18,night_stand,True,0.6649447679519653,0.8984174728393555,0.8015247583389282,0.09689271450042725,0.0014399741776287556
2024,False,10,door,10,door,True,0.9617828130722046,0.20202121138572693,0.19248363375663757,0.009537577629089355,1.858919313235674e-05
2025,False,32,vase,32,vase,True,0.4030853807926178,2.0651023387908936,1.9374241828918457,0.12767815589904785,0.0008023289265111089
2026,False,9,desk,9,desk,True,0.5733245611190796,1.3900105953216553,1.2714327573776245,0.11857783794403076,0.001465279026888311
2027,False,13,glass_box,13,glass_box,True,0.9855101108551025,0.09646996855735779,0.08876852691173553,0.007701441645622253,8.657882062834688e-06
2028,False,13,glass_box,13,glass_box,True,0.9399185180664062,0.3335590958595276,0.2748354375362396,0.058723658323287964,0.00026109194732271135
2029,False,18,night_stand,11,dresser,False,0.4708494544029236,1.066787838935852,1.0080667734146118,0.058721065521240234,0.0008817585767246783
2030,False,13,glass_box,13,glass_box,True,0.5253007411956787,1.303716778755188,1.2421904802322388,0.06152629852294922,0.0006909084622748196
2031,False,18,night_stand,18,night_stand,True,0.8711938858032227,0.62425297498703,0.577201247215271,0.04705172777175903,0.0002347184345126152
2032,False,20,piano,20,piano,True,0.7873364686965942,0.9534828662872314,0.8269638419151306,0.12651902437210083,0.0010021631605923176
2033,False,16,mantel,16,mantel,True,0.9246359467506409,0.3526293933391571,0.3209628462791443,0.03166654706001282,0.00016972502635326236
2034,False,27,stool,27,stool,True,0.6320000886917114,1.1498205661773682,1.0791116952896118,0.07070887088775635,0.0006477396818809211
2035,False,4,bookshelf,4,bookshelf,True,0.842221200466156,0.5834783911705017,0.5422897934913635,0.041188597679138184,0.0003073310654144734
2036,False,0,airplane,0,airplane,True,0.999888002872467,0.0013467652024701238,0.001222675433382392,0.00012408976908773184,1.1496462670734786e-09
2037,False,16,mantel,16,mantel,True,0.9777740240097046,0.14467519521713257,0.13380151987075806,0.010873675346374512,1.2417881407600362e-05
2038,False,32,vase,32,vase,True,0.956719696521759,0.2012309730052948,0.19295813143253326,0.008272841572761536,2.5842449758783914e-05
2039,False,14,guitar,14,guitar,True,0.9956033229827881,0.03437565267086029,0.031140903010964394,0.003234749659895897,1.3030955869908212e-06
2040,False,14,guitar,14,guitar,True,0.9918555021286011,0.06185338273644447,0.04856467247009277,0.0132887102663517,1.2701705600193236e-05
2041,False,28,table,28,table,True,0.9180890917778015,0.42172959446907043,0.38068050146102905,0.04104909300804138,0.0001535108167445287
2042,False,23,range_hood,23,range_hood,True,0.8679067492485046,0.4024752676486969,0.35098347067832947,0.05149179697036743,0.0007487970869988203
2043,False,5,car,5,car,True,0.9976702332496643,0.020946266129612923,0.01832994446158409,0.0026163216680288315,7.544473987763922e-07
2044,False,29,tent,29,tent,True,0.8425336480140686,0.7214259505271912,0.5624370574951172,0.15898889303207397,0.0014249201631173491
2045,False,23,range_hood,23,range_hood,True,0.7194130420684814,0.6755162477493286,0.6187114119529724,0.0568048357963562,0.0011131279170513153
2046,False,14,guitar,14,guitar,True,0.9978510737419128,0.019272631034255028,0.01713043823838234,0.0021421927958726883,3.149305030092364e-07
2047,False,30,toilet,30,toilet,True,0.9995282292366028,0.005154144484549761,0.0046762824058532715,0.00047786207869648933,1.3205008642103166e-08
2048,False,20,piano,20,piano,True,0.8181196451187134,0.7209922671318054,0.6325953006744385,0.08839696645736694,0.0007888689287938178
2049,False,30,toilet,30,toilet,True,0.9998352527618408,0.001980939181521535,0.0017821354558691382,0.00019880372565239668,1.6518830747713764e-09
2050,False,21,plant,21,plant,True,0.681094765663147,0.7796738147735596,0.7460572719573975,0.03361654281616211,0.0003956048749387264
2051,False,30,toilet,30,toilet,True,0.9986569881439209,0.012902728281915188,0.011176696978509426,0.0017260313034057617,2.175013804617265e-07
2052,False,16,mantel,16,mantel,True,0.9875829219818115,0.08501701802015305,0.07842905074357986,0.006587967276573181,4.837069809582317e-06
2053,False,1,bathtub,1,bathtub,True,0.6731458902359009,1.1772757768630981,1.0462090969085693,0.1310666799545288,0.001579251722432673
2054,False,25,sofa,25,sofa,True,0.9983682036399841,0.015099797397851944,0.01371223945170641,0.0013875579461455345,1.9038471066323837e-07
2055,False,28,table,28,table,True,0.942855715751648,0.2719739079475403,0.24350707232952118,0.028466835618019104,0.0001040356291923672
2056,False,19,person,19,person,True,0.7572192549705505,1.0818003416061401,0.990635871887207,0.0911644697189331,0.0006469340296462178
2057,False,5,car,5,car,True,0.9905756711959839,0.07228288054466248,0.06662841141223907,0.005654469132423401,3.1221229619404767e-06
2058,False,1,bathtub,1,bathtub,True,0.8430497646331787,0.6167628169059753,0.5842754244804382,0.03248739242553711,0.00027026425232179463
2059,False,14,guitar,14,guitar,True,0.9907383322715759,0.07078476995229721,0.06318559497594833,0.007599174976348877,3.860805463773431e-06
2060,False,20,piano,20,piano,True,0.7518531084060669,1.1932531595230103,1.1234772205352783,0.06977593898773193,0.00043135578744113445
2061,False,13,glass_box,13,glass_box,True,0.9914975762367249,0.06164878234267235,0.050212256610393524,0.011436525732278824,1.2263959433767013e-05
2062,False,25,sofa,25,sofa,True,0.9962791800498962,0.029620543122291565,0.027714721858501434,0.0019058212637901306,6.068600555408921e-07
2063,False,2,bed,2,bed,True,0.9895913600921631,0.08115678280591965,0.06613609939813614,0.015020683407783508,1.845475890149828e-05
2064,False,28,table,28,table,True,0.7876446843147278,0.8640391230583191,0.7556254267692566,0.1084136962890625,0.0009871197398751974
2065,False,11,dresser,11,dresser,True,0.3406170606613159,1.5014126300811768,1.3725231885910034,0.12888944149017334,0.0018469709903001785
2066,False,32,vase,32,vase,True,0.7355097532272339,0.9304232597351074,0.8741119503974915,0.05631130933761597,0.00031226358260028064
2067,False,25,sofa,25,sofa,True,0.9966116547584534,0.028654323890805244,0.0269758440554142,0.0016784798353910446,4.6130313080539054e-07
2068,False,0,airplane,0,airplane,True,0.9996405839920044,0.004117167554795742,0.0036189083475619555,0.0004982592072337866,2.832976875311033e-08
2069,False,20,piano,28,table,False,0.5055364966392517,1.3737677335739136,1.2262505292892456,0.14751720428466797,0.0020611872896552086
2070,False,13,glass_box,13,glass_box,True,0.4574555456638336,1.2784855365753174,1.1997227668762207,0.07876276969909668,0.0009203761001117527
2071,False,29,tent,29,tent,True,0.8752145767211914,0.6617103815078735,0.6110581159591675,0.050652265548706055,0.00016947354015428573
2072,False,28,table,28,table,True,0.9897680878639221,0.06443727016448975,0.060542043298482895,0.003895226866006851,3.5464622669678647e-06
2073,False,6,chair,6,chair,True,0.9995428919792175,0.004544033203274012,0.004066741093993187,0.00047729210928082466,3.1649044274217886e-08
2074,False,16,mantel,16,mantel,True,0.9872409701347351,0.08207154273986816,0.07476475089788437,0.007306791841983795,8.553424777346663e-06
2075,False,14,guitar,14,guitar,True,0.9895389080047607,0.0714670717716217,0.06464239209890366,0.006824679672718048,6.131328518677037e-06
2076,False,28,table,28,table,True,0.9624565243721008,0.17979905009269714,0.17069855332374573,0.009100496768951416,2.7829666578327306e-05
2077,False,31,tv_stand,31,tv_stand,True,0.9173036217689514,0.3961211144924164,0.36162689328193665,0.034494221210479736,0.00018445879686623812
2078,False,23,range_hood,23,range_hood,True,0.7737563848495483,0.5880802273750305,0.5447019338607788,0.04337829351425171,0.0007493511657230556
2079,False,23,range_hood,23,range_hood,True,0.7875886559486389,0.5456369519233704,0.4902457892894745,0.055391162633895874,0.0010297452099621296
2080,False,13,glass_box,18,night_stand,False,0.36646148562431335,1.3414479494094849,1.2908298969268799,0.05061805248260498,0.000615408702287823
2081,False,4,bookshelf,4,bookshelf,True,0.9771376252174377,0.13746488094329834,0.12789766490459442,0.009567216038703918,1.854104812082369e-05
2082,False,20,piano,20,piano,True,0.9696328639984131,0.20361286401748657,0.18326622247695923,0.020346641540527344,3.941401882912032e-05
2083,False,0,airplane,0,airplane,True,0.9998437166213989,0.001637750188820064,0.0014600210124626756,0.0001777291763573885,4.59833104926588e-09
2084,False,25,sofa,25,sofa,True,0.5949448943138123,0.9748472571372986,0.9127563238143921,0.062090933322906494,0.0010803741170093417
2085,False,18,night_stand,11,dresser,False,0.4643820822238922,1.205237627029419,1.165919542312622,0.039318084716796875,0.0004416576703079045
2086,False,6,chair,6,chair,True,0.9997523427009583,0.002652872120961547,0.0024947086349129677,0.00015816348604857922,2.3157276096696933e-09
2087,False,17,monitor,17,monitor,True,0.9996681213378906,0.003335569752380252,0.0030871678609400988,0.0002484018914401531,9.928429633987434e-09
2088,False,17,monitor,17,monitor,True,0.9994476437568665,0.005482402630150318,0.005177587270736694,0.0003048153594136238,1.0112318094002148e-08
2089,False,5,car,5,car,True,0.9950796961784363,0.04159145429730415,0.03941849619150162,0.002172958105802536,4.33723926107632e-07
2090,False,32,vase,32,vase,True,0.8869535326957703,0.45698508620262146,0.4177645444869995,0.03922054171562195,0.00025172627647407353
2091,False,14,guitar,14,guitar,True,0.9973165988922119,0.022540541365742683,0.017622267827391624,0.004918273538351059,3.180863586749183e-06
2092,False,30,toilet,30,toilet,True,0.9224302172660828,0.39057326316833496,0.2949660122394562,0.09560725092887878,0.0007999845547601581
2093,False,31,tv_stand,31,tv_stand,True,0.4820677638053894,1.6317744255065918,1.5574897527694702,0.07428467273712158,0.0006714870105497539
2094,False,6,chair,6,chair,True,0.9985829591751099,0.012893727980554104,0.011698766611516476,0.0011949613690376282,1.2172795038623008e-07
2095,False,7,cone,7,cone,True,0.9930446743965149,0.04926478490233421,0.045205872505903244,0.004058912396430969,2.1483372165675974e-06
2096,False,14,guitar,14,guitar,True,0.9808492064476013,0.12056457996368408,0.10362086445093155,0.016943715512752533,2.515019878046587e-05
2097,False,16,mantel,16,mantel,True,0.9796966314315796,0.12553471326828003,0.11376295238733292,0.011771760880947113,1.697165862424299e-05
2098,False,28,table,28,table,True,0.4257974624633789,1.589251160621643,1.4879156351089478,0.10133552551269531,0.000890709983650595
2099,False,2,bed,2,bed,True,0.9968311786651611,0.027963129803538322,0.024961911141872406,0.0030012186616659164,8.18584624084906e-07
2100,False,5,car,5,car,True,0.5994565486907959,1.0874743461608887,0.9880192875862122,0.09945505857467651,0.0017403194215148687
2101,False,4,bookshelf,4,bookshelf,True,0.9819613099098206,0.12227475643157959,0.10484237223863602,0.017432384192943573,3.320513860671781e-05
2102,False,25,sofa,25,sofa,True,0.9960037469863892,0.03218967840075493,0.029983069747686386,0.0022066086530685425,7.086215987328615e-07
2103,False,13,glass_box,18,night_stand,False,0.40264689922332764,1.3621865510940552,1.3123822212219238,0.04980432987213135,0.0005647962098009884
2104,False,6,chair,6,chair,True,0.9990258812904358,0.009171104989945889,0.008204023353755474,0.0009670816361904144,8.518066607621222e-08
2105,False,2,bed,2,bed,True,0.9985089898109436,0.014149635098874569,0.012963518500328064,0.001186116598546505,9.33086496957003e-08
2106,False,29,tent,5,car,False,0.7447788119316101,0.9877392053604126,0.8503324389457703,0.13740676641464233,0.0015824328875169158
2107,False,25,sofa,25,sofa,True,0.9980080723762512,0.017852935940027237,0.01673753745853901,0.0011153984814882278,1.5440734557614633e-07
2108,False,17,monitor,17,monitor,True,0.7765166163444519,0.9193645715713501,0.8265205025672913,0.09284406900405884,0.0007444107322953641
2109,False,21,plant,21,plant,True,0.5972450971603394,0.6831243634223938,0.662198007106781,0.020926356315612793,0.000544614449609071
2110,False,13,glass_box,13,glass_box,True,0.9793196320533752,0.1380419135093689,0.12238070368766785,0.01566120982170105,2.283173853356857e-05
2111,False,28,table,9,desk,False,0.9678358435630798,0.18344032764434814,0.172221377491951,0.011218950152397156,1.8412802091916092e-05
2112,False,23,range_hood,23,range_hood,True,0.8703818917274475,0.6569671034812927,0.5917976498603821,0.06516945362091064,0.00029217495466582477
2113,False,28,table,9,desk,False,0.5647420287132263,0.8631254434585571,0.8030709624290466,0.0600544810295105,0.0012070144293829799
2114,False,4,bookshelf,4,bookshelf,True,0.8193710446357727,0.6124731302261353,0.5795556902885437,0.03291743993759155,0.0002983368467539549
2115,False,9,desk,9,desk,True,0.9853160381317139,0.1122778058052063,0.10155808180570602,0.010719723999500275,7.174553047661902e-06
2116,False,21,plant,21,plant,True,0.9306555390357971,0.35880887508392334,0.3146277368068695,0.04418113827705383,0.00019411995890550315
2117,False,24,sink,31,tv_stand,False,0.779138445854187,0.8585655689239502,0.8040549159049988,0.054510653018951416,0.00042860195389948785
2118,False,24,sink,24,sink,True,0.7186080813407898,1.2237032651901245,1.1439292430877686,0.07977402210235596,0.0005409116274677217
2119,False,25,sofa,25,sofa,True,0.9714833498001099,0.18181082606315613,0.16760247945785522,0.014208346605300903,2.7099194994661957e-05
2120,False,9,desk,9,desk,True,0.9693708419799805,0.1746392846107483,0.16162064671516418,0.013018637895584106,1.985515518754255e-05
2121,False,17,monitor,17,monitor,True,0.9973075985908508,0.02296781726181507,0.021198131144046783,0.0017696861177682877,3.699735486861755e-07
2122,False,12,flower_pot,21,plant,False,0.6342523097991943,0.7943486571311951,0.7679105401039124,0.026438117027282715,0.000308661867165938
2123,False,29,tent,29,tent,True,0.46775391697883606,1.584388256072998,1.4917789697647095,0.09260928630828857,0.0010551272425800562
2124,False,23,range_hood,23,range_hood,True,0.8953537344932556,0.35681504011154175,0.3355880677700043,0.021226972341537476,0.00020950264297425747
2125,False,32,vase,32,vase,True,0.8953582644462585,0.3398200571537018,0.33119550347328186,0.008624553680419922,8.971853094408289e-05
2126,False,9,desk,26,stairs,False,0.654926061630249,1.2003676891326904,1.0405641794204712,0.15980350971221924,0.0016740107676014304
2127,False,31,tv_stand,31,tv_stand,True,0.48528555035591125,1.362310528755188,1.2595590353012085,0.10275149345397949,0.0009225772810168564
2128,False,28,table,28,table,True,0.9861574769020081,0.08837901055812836,0.08218344300985336,0.006195567548274994,6.018907242832938e-06
2129,False,22,radio,32,vase,False,0.8750038146972656,0.5639747381210327,0.5284013152122498,0.03557342290878296,0.00015822620480321348
2130,False,28,table,28,table,True,0.9924353957176208,0.05501200258731842,0.04954933002591133,0.005462672561407089,3.345006007293705e-06
2131,False,0,airplane,0,airplane,True,0.9872103333473206,0.08741308748722076,0.07367564737796783,0.01373744010925293,1.6000796676962636e-05
2132,False,30,toilet,30,toilet,True,0.9953009486198425,0.03796586021780968,0.0352369099855423,0.0027289502322673798,7.235965995278093e-07
2133,False,23,range_hood,17,monitor,False,0.5134231448173523,1.6397874355316162,1.486741304397583,0.1530461311340332,0.001367685035802424
2134,False,1,bathtub,1,bathtub,True,0.5571847558021545,1.4448459148406982,1.3258863687515259,0.11895954608917236,0.0014257440343499184
2135,False,17,monitor,17,monitor,True,0.9990202784538269,0.009093893691897392,0.007953329011797905,0.0011405646800994873,1.8857494410440268e-07
2136,False,26,stairs,26,stairs,True,0.4632698595523834,1.5057752132415771,1.3795239925384521,0.126251220703125,0.0011669310042634606
2137,False,18,night_stand,18,night_stand,True,0.611711859703064,1.1294959783554077,1.0862483978271484,0.04324758052825928,0.0004687211476266384
2138,False,9,desk,9,desk,True,0.5839269161224365,0.9770864248275757,0.9113911390304565,0.06569528579711914,0.0009400697890669107
2139,False,6,chair,6,chair,True,0.9881956577301025,0.0712641105055809,0.06725409626960754,0.004010014235973358,4.8014694584708195e-06
2140,False,18,night_stand,18,night_stand,True,0.869519829750061,0.6440623998641968,0.5977381467819214,0.04632425308227539,0.00015049595094751567
2141,False,11,dresser,18,night_stand,False,0.8362661004066467,0.6591362357139587,0.6188428401947021,0.04029339551925659,0.0002427964354865253
2142,False,33,wardrobe,33,wardrobe,True,0.5453739762306213,1.302083969116211,1.2338225841522217,0.06826138496398926,0.0006998513708822429
2143,False,4,bookshelf,4,bookshelf,True,0.8498741984367371,0.49864643812179565,0.4823075532913208,0.016338884830474854,0.00015162165800575167
2144,False,18,night_stand,18,night_stand,True,0.48530012369155884,1.1437627077102661,1.1096497774124146,0.03411293029785156,0.0005453881458379328
2145,False,16,mantel,16,mantel,True,0.9858759641647339,0.08677291870117188,0.06967324763536453,0.017099671065807343,5.128166594658978e-05
2146,False,13,glass_box,13,glass_box,True,0.9824444651603699,0.11727564036846161,0.1011340469121933,0.01614159345626831,3.0081999284448102e-05
2147,False,7,cone,7,cone,True,0.9858759045600891,0.08894681930541992,0.08096671849489212,0.007980100810527802,8.359585990547203e-06
2148,False,7,cone,7,cone,True,0.9719739556312561,0.16092993319034576,0.14972610771656036,0.0112038254737854,2.0960718757123686e-05
2149,False,25,sofa,25,sofa,True,0.9980393648147583,0.01649162545800209,0.01587553508579731,0.0006160903722047806,6.593570844870555e-08
2150,False,30,toilet,30,toilet,True,0.997780442237854,0.020275812596082687,0.015022261999547482,0.005253550596535206,2.4147116164385807e-06
2151,False,25,sofa,25,sofa,True,0.7661420106887817,0.9070581793785095,0.8526561260223389,0.054402053356170654,0.0004703962476924062
2152,False,2,bed,2,bed,True,0.9884634613990784,0.0761985033750534,0.06794779747724533,0.008250705897808075,7.1492668212158605e-06
2153,False,16,mantel,16,mantel,True,0.9771521687507629,0.13301151990890503,0.10532241314649582,0.02768910676240921,9.473991667618975e-05
2154,False,4,bookshelf,4,bookshelf,True,0.9855218529701233,0.09805379807949066,0.09254519641399384,0.005508601665496826,4.199222985334927e-06
2155,False,2,bed,2,bed,True,0.9889890551567078,0.08124474436044693,0.06837256997823715,0.012872174382209778,1.06463412521407e-05
2156,False,13,glass_box,13,glass_box,True,0.9375784397125244,0.32478800415992737,0.2668761909008026,0.057911813259124756,0.0003897442657034844
2157,False,33,wardrobe,33,wardrobe,True,0.4804200530052185,1.2692384719848633,1.219760775566101,0.04947769641876221,0.000631784787401557
2158,False,9,desk,25,sofa,False,0.9822630286216736,0.11640970408916473,0.10602409392595291,0.010385610163211823,1.2528743354778271e-05
2159,False,14,guitar,14,guitar,True,0.999054491519928,0.008884752169251442,0.007750772405415773,0.0011339797638356686,1.8984334815286275e-07
2160,False,9,desk,9,desk,True,0.5147837400436401,1.4339134693145752,1.3279939889907837,0.1059194803237915,0.0012405099114403129
2161,False,28,table,28,table,True,0.45354798436164856,1.4798009395599365,1.3837376832962036,0.09606325626373291,0.0008810487925074995
2162,False,2,bed,2,bed,True,0.9990221261978149,0.00938088446855545,0.008496048860251904,0.0008848356083035469,8.913202265148357e-08
2163,False,28,table,28,table,True,0.9465574622154236,0.2559853792190552,0.23739512264728546,0.018590256571769714,6.410087371477857e-05
2164,False,18,night_stand,18,night_stand,True,0.7307952642440796,0.784824550151825,0.742821455001831,0.042003095149993896,0.0006277994834817946
2165,False,17,monitor,17,monitor,True,0.996240496635437,0.03106292523443699,0.027437157928943634,0.003625767305493355,1.2589692914843909e-06
2166,False,17,monitor,17,monitor,True,0.9990274906158447,0.008965716697275639,0.008225466124713421,0.0007402505725622177,7.56085611897106e-08
2167,False,5,car,5,car,True,0.9929349422454834,0.05566467344760895,0.05063885822892189,0.0050258152186870575,2.7217222395847784e-06
2168,False,13,glass_box,13,glass_box,True,0.997506320476532,0.02178986556828022,0.019860977306962013,0.0019288882613182068,3.070091452173074e-07
2169,False,0,airplane,0,airplane,True,0.9997905492782593,0.0025315715465694666,0.002335917903110385,0.00019565364345908165,2.0076289519721513e-09
2170,False,12,flower_pot,15,lamp,False,0.40644457936286926,1.9673433303833008,1.7612857818603516,0.20605754852294922,0.0018207618268206716
2171,False,16,mantel,16,mantel,True,0.9901045560836792,0.0697883814573288,0.05765562877058983,0.012132752686738968,1.2149112990300637e-05
2172,False,17,monitor,17,monitor,True,0.9992521405220032,0.007240024395287037,0.006870034150779247,0.0003699902445077896,1.34531124018622e-08
2173,False,21,plant,21,plant,True,0.8311895728111267,0.7825777530670166,0.6224480867385864,0.16012966632843018,0.0011738970642909408
2174,False,30,toilet,30,toilet,True,0.9993593692779541,0.006629528943449259,0.005846805404871702,0.0007827235385775566,3.411967597344301e-08
2175,False,21,plant,21,plant,True,0.553363025188446,1.5410301685333252,1.4627457857131958,0.0782843828201294,0.00042059895349666476
2176,False,14,guitar,14,guitar,True,0.9831551313400269,0.1141306683421135,0.10031458735466003,0.01381608098745346,1.830314977269154e-05
2177,False,30,toilet,30,toilet,True,0.999819815158844,0.0020517176017165184,0.0018565469654276967,0.0001951706362888217,2.927257103380043e-09
2178,False,2,bed,2,bed,True,0.9993029236793518,0.007173784077167511,0.006340656895190477,0.0008331271819770336,5.08172561808351e-08
2179,False,20,piano,20,piano,True,0.9967457056045532,0.02852761372923851,0.025921184569597244,0.002606429159641266,6.869381081742176e-07
2180,False,2,bed,2,bed,True,0.8626417517662048,0.6874159574508667,0.6153978705406189,0.0720180869102478,0.00047309542424045503
2181,False,0,airplane,0,airplane,True,0.9993391633033752,0.006827293895184994,0.006076726131141186,0.000750567764043808,4.4458783321488227e-08
2182,False,26,stairs,26,stairs,True,0.6575184464454651,0.9568750858306885,0.8214324116706848,0.13544267416000366,0.0021605920046567917
2183,False,18,night_stand,18,night_stand,True,0.9069403409957886,0.49005982279777527,0.4635583758354187,0.026501446962356567,9.272564784623682e-05
2184,False,4,bookshelf,4,bookshelf,True,0.9915028214454651,0.05983079969882965,0.056108735501766205,0.003722064197063446,2.6050900032714708e-06
2185,False,6,chair,6,chair,True,0.8567480444908142,0.7053377628326416,0.6149561405181885,0.09038162231445312,0.0004928251728415489
2186,False,12,flower_pot,32,vase,False,0.5339821577072144,0.9153466820716858,0.8220438361167908,0.09330284595489502,0.001335941138677299
2187,False,31,tv_stand,31,tv_stand,True,0.9034586548805237,0.3979262113571167,0.36589697003364563,0.03202924132347107,0.0001653959188843146
2188,False,32,vase,15,lamp,False,0.49896475672721863,1.6089941263198853,1.4149566888809204,0.19403743743896484,0.00207327026873827
2189,False,30,toilet,30,toilet,True,0.5764631628990173,1.165794014930725,1.0677448511123657,0.09804916381835938,0.001212259870953858
2190,False,6,chair,6,chair,True,0.9876301884651184,0.09299413859844208,0.08275020867586136,0.010243929922580719,9.52470873016864e-06
2191,False,30,toilet,30,toilet,True,0.99302077293396,0.054253969341516495,0.04639542102813721,0.007858548313379288,5.354573204385815e-06
2192,False,30,toilet,30,toilet,True,0.999670684337616,0.003636654932051897,0.003294732654467225,0.000341922277584672,7.075923402766193e-09
2193,False,13,glass_box,13,glass_box,True,0.9364221096038818,0.36273667216300964,0.3159618079662323,0.046774864196777344,0.00014956069935578853
2194,False,33,wardrobe,31,tv_stand,False,0.5620988011360168,1.5996623039245605,1.4784934520721436,0.12116885185241699,0.0008226704667322338
2195,False,32,vase,32,vase,True,0.5844936966896057,1.027771234512329,0.9577523469924927,0.07001888751983643,0.0011948259780183434
2196,False,23,range_hood,23,range_hood,True,0.6969712376594543,1.1844133138656616,1.01811945438385,0.16629385948181152,0.001773001393303275
2197,False,5,car,5,car,True,0.9407155513763428,0.30530112981796265,0.27970364689826965,0.025597482919692993,8.877625077730045e-05
2198,False,6,chair,6,chair,True,0.9993452429771423,0.006745044607669115,0.006320174317806959,0.0004248702898621559,1.4817993054805356e-08
2199,False,18,night_stand,11,dresser,False,0.6448965668678284,1.0357388257980347,1.0007941722869873,0.03494465351104736,0.00041067242273129523
2200,False,1,bathtub,1,bathtub,True,0.9535887837409973,0.24527862668037415,0.22750025987625122,0.017778366804122925,4.966455162502825e-05
2201,False,28,table,28,table,True,0.84279465675354,0.5307638645172119,0.48336249589920044,0.047401368618011475,0.0005488721071742475
2202,False,23,range_hood,23,range_hood,True,0.9852074980735779,0.08239004015922546,0.07192032784223557,0.010469712316989899,2.3361531930277124e-05
2203,False,5,car,5,car,True,0.9264761209487915,0.34849846363067627,0.31221386790275574,0.03628459572792053,0.00021560558525379747
2204,False,4,bookshelf,4,bookshelf,True,0.39707666635513306,1.763157844543457,1.5877023935317993,0.17545545101165771,0.0019844265189021826
2205,False,6,chair,3,bench,False,0.489692360162735,1.735697865486145,1.5626463890075684,0.17305147647857666,0.0013059397460892797
2206,False,23,range_hood,23,range_hood,True,0.8593231439590454,0.5115416049957275,0.4284297823905945,0.08311182260513306,0.001017264323309064
2207,False,11,dresser,34,xbox,False,0.6197847127914429,1.3349344730377197,1.2577966451644897,0.07713782787322998,0.0006579001201316714
2208,False,16,mantel,16,mantel,True,0.9193131923675537,0.4009244441986084,0.3710178732872009,0.02990657091140747,0.00013205227151047438
2209,False,3,bench,3,bench,True,0.9444459676742554,0.3066338300704956,0.2896749675273895,0.01695886254310608,3.599709089030512e-05
2210,False,31,tv_stand,31,tv_stand,True,0.8943169713020325,0.4619799852371216,0.43681076169013977,0.02516922354698181,0.00011221470049349591
2211,False,21,plant,21,plant,True,0.7952535152435303,0.5472371578216553,0.533082902431488,0.014154255390167236,0.00016498318291269243
2212,False,7,cone,7,cone,True,0.9939324855804443,0.04688645154237747,0.043506938964128494,0.0033795125782489777,1.0400650580777437e-06
2213,False,2,bed,2,bed,True,0.9974270462989807,0.023924097418785095,0.02059760130941868,0.003326496109366417,9.823521622820408e-07
2214,False,25,sofa,25,sofa,True,0.9980074167251587,0.018542960286140442,0.017454681918025017,0.0010882783681154251,9.847373405591497e-08
2215,False,9,desk,9,desk,True,0.941430389881134,0.3080931007862091,0.26290416717529297,0.04518893361091614,0.00018617455498315394
2216,False,5,car,5,car,True,0.9660999178886414,0.20044516026973724,0.17884178459644318,0.021603375673294067,5.463223351398483e-05
2217,False,14,guitar,14,guitar,True,0.9822643399238586,0.11029656231403351,0.09436087310314178,0.015935689210891724,2.6638081180863082e-05
2218,False,16,mantel,16,mantel,True,0.869894802570343,0.5982090830802917,0.5573953986167908,0.04081368446350098,0.00017403440142516047
2219,False,21,plant,0,airplane,False,0.19604891538619995,2.2101736068725586,1.809027910232544,0.40114569664001465,0.0032906094565987587
2220,False,6,chair,6,chair,True,0.9992738366127014,0.007442639209330082,0.006411983631551266,0.0010306555777788162,9.355277796885275e-08
2221,False,30,toilet,30,toilet,True,0.9996864199638367,0.0034986967220902443,0.0032739785965532064,0.00022471812553703785,3.0942268747224944e-09
2222,False,0,airplane,0,airplane,True,0.997858464717865,0.02054646424949169,0.018133467063307762,0.0024129971861839294,4.2093037677659595e-07
2223,False,15,lamp,15,lamp,True,0.9185634851455688,0.42218154668807983,0.3366938829421997,0.08548766374588013,0.00039659655885770917
2224,False,17,monitor,17,monitor,True,0.9995773434638977,0.004393529146909714,0.004102702252566814,0.0002908268943428993,7.598299767153094e-09
2225,False,12,flower_pot,21,plant,False,0.5757186412811279,1.0362359285354614,0.9289613962173462,0.10727453231811523,0.0017738186288625002
2226,False,18,night_stand,18,night_stand,True,0.7909286618232727,0.7243324518203735,0.6938437223434448,0.03048872947692871,0.0002968252811115235
2227,False,21,plant,21,plant,True,0.5936862826347351,1.2260172367095947,1.1381690502166748,0.08784818649291992,0.0006389745976775885
2228,False,4,bookshelf,4,bookshelf,True,0.9118713736534119,0.44356679916381836,0.40852490067481995,0.03504189848899841,0.0001584869169164449
2229,False,4,bookshelf,4,bookshelf,True,0.9443584680557251,0.2876543402671814,0.269217848777771,0.0184364914894104,5.4975374951027334e-05
2230,False,26,stairs,5,car,False,0.9796022772789001,0.1396496444940567,0.12565380334854126,0.013995841145515442,1.9980856450274587e-05
2231,False,6,chair,6,chair,True,0.9982642531394958,0.016568690538406372,0.014833436347544193,0.0017352541908621788,3.3578305647097295e-07
2232,False,31,tv_stand,13,glass_box,False,0.9957504272460938,0.033924996852874756,0.029809528961777687,0.004115467891097069,1.490397380621289e-06
2233,False,9,desk,9,desk,True,0.6325410008430481,1.152021050453186,1.0832469463348389,0.06877410411834717,0.000784513948019594
2234,False,30,toilet,30,toilet,True,0.999484658241272,0.0054036700166761875,0.004927117843180895,0.00047655217349529266,1.8461397743863017e-08
2235,False,33,wardrobe,13,glass_box,False,0.4690829813480377,1.465263843536377,1.3889193534851074,0.07634449005126953,0.00085847033187747
2236,False,0,airplane,0,airplane,True,0.9997212290763855,0.0029349979013204575,0.002638888778164983,0.00029610912315547466,8.50264658680544e-09
2237,False,28,table,9,desk,False,0.7243014574050903,0.7855796813964844,0.723089337348938,0.06249034404754639,0.0007439871551468968
2238,False,21,plant,21,plant,True,0.9561049938201904,0.2418210655450821,0.21941222250461578,0.02240884304046631,3.492721589282155e-05
2239,False,6,chair,6,chair,True,0.9990317225456238,0.009458930231630802,0.008328470401465893,0.0011304598301649094,1.407444472079078e-07
2240,False,25,sofa,25,sofa,True,0.9988079071044922,0.011676477268338203,0.010493745096027851,0.0011827321723103523,1.1158524415577631e-07
2241,False,25,sofa,25,sofa,True,0.7079483270645142,0.9513169527053833,0.8977013826370239,0.053615570068359375,0.0005018844385631382
2242,False,25,sofa,25,sofa,True,0.9990953803062439,0.00877146515995264,0.007752091623842716,0.0010193735361099243,9.523742505734845e-08
2243,False,5,car,5,car,True,0.9874065518379211,0.09120923280715942,0.08363409340381622,0.007575139403343201,5.179585059522651e-06
2244,False,23,range_hood,23,range_hood,True,0.6233750581741333,1.5312656164169312,1.3788032531738281,0.15246236324310303,0.0012768132146447897
2245,False,28,table,28,table,True,0.9924544095993042,0.051859479397535324,0.048701249063014984,0.00315823033452034,1.6535764189029578e-06
2246,False,6,chair,6,chair,True,0.9925815463066101,0.05640234798192978,0.05072905495762825,0.005673293024301529,3.2545585781917907e-06
2247,False,11,dresser,31,tv_stand,False,0.5251702070236206,1.4279862642288208,1.2598720788955688,0.16811418533325195,0.0018229890847578645
2248,False,23,range_hood,23,range_hood,True,0.8456977009773254,0.4482421875,0.40329283475875854,0.044949352741241455,0.00067804817808792
2249,False,17,monitor,17,monitor,True,0.9790421724319458,0.14181604981422424,0.1288524568080902,0.012963593006134033,1.5706458725617267e-05
2250,False,11,dresser,11,dresser,True,0.8119742274284363,0.8232433795928955,0.7827836275100708,0.04045975208282471,0.0002382933016633615
2251,False,20,piano,6,chair,False,0.7403173446655273,0.912399411201477,0.6979286074638367,0.21447080373764038,0.0029181120917201042
2252,False,17,monitor,17,monitor,True,0.6513305902481079,1.3285009860992432,1.2316889762878418,0.09681200981140137,0.0008376365876756608
2253,False,20,piano,20,piano,True,0.9412450790405273,0.3712903559207916,0.3422289192676544,0.029061436653137207,5.766816684626974e-05
2254,False,14,guitar,14,guitar,True,0.9918409585952759,0.06182998791337013,0.05658687651157379,0.005243111401796341,2.385122570558451e-06
2255,False,0,airplane,0,airplane,True,0.9999019503593445,0.0011966536985710263,0.0011128190672025084,8.383463136851788e-05,4.1008410556209185e-10
2256,False,13,glass_box,13,glass_box,True,0.9951807856559753,0.03947225213050842,0.034637920558452606,0.004834331572055817,1.5832195003895322e-06
2257,False,6,chair,6,chair,True,0.9954769015312195,0.03788767009973526,0.035383932292461395,0.0025037378072738647,6.162890713312663e-07
2258,False,23,range_hood,23,range_hood,True,0.9618027806282043,0.24511711299419403,0.22913943231105804,0.015977680683135986,2.9291099053807557e-05
2259,False,4,bookshelf,4,bookshelf,True,0.9688066840171814,0.1494782716035843,0.1448035091161728,0.004674762487411499,1.175763645733241e-05
2260,False,9,desk,9,desk,True,0.958444356918335,0.21587947010993958,0.1848294734954834,0.031049996614456177,0.00013274536468088627
2261,False,11,dresser,18,night_stand,False,0.5733015537261963,1.3276739120483398,1.2663931846618652,0.06128072738647461,0.0005635361885651946
2262,False,1,bathtub,1,bathtub,True,0.9844191670417786,0.11173206567764282,0.10366431623697281,0.008067749440670013,5.960340786259621e-06
2263,False,16,mantel,16,mantel,True,0.9833762049674988,0.11241578310728073,0.09216289967298508,0.020252883434295654,5.269417306408286e-05
2264,False,7,cone,7,cone,True,0.9878210425376892,0.07817275077104568,0.07207609713077545,0.006096653640270233,5.819105354021303e-06
2265,False,20,piano,20,piano,True,0.6941932439804077,0.8680335879325867,0.7471693158149719,0.12086427211761475,0.0020941034890711308
2266,False,17,monitor,17,monitor,True,0.9995092749595642,0.005190677009522915,0.004763870500028133,0.0004268065094947815,1.4693839034407574e-08
2267,False,31,tv_stand,31,tv_stand,True,0.9037219882011414,0.52836012840271,0.504182755947113,0.024177372455596924,4.39385294157546e-05
2268,False,5,car,1,bathtub,False,0.7813395261764526,0.9451472759246826,0.8852384686470032,0.05990880727767944,0.00045551470248028636
2269,False,11,dresser,11,dresser,True,0.4761562943458557,1.3403428792953491,1.26970636844635,0.07063651084899902,0.0008166740881279111
2270,False,5,car,5,car,True,0.9892147183418274,0.08066515624523163,0.0723588839173317,0.008306272327899933,5.494381184689701e-06
2271,False,32,vase,31,tv_stand,False,0.8834788203239441,0.6403852701187134,0.5911927819252014,0.04919248819351196,0.00020607782062143087
2272,False,17,monitor,17,monitor,True,0.9953928589820862,0.03425208479166031,0.029991965740919113,0.004260119050741196,2.2304884623736143e-06
2273,False,31,tv_stand,31,tv_stand,True,0.5866763591766357,1.5070347785949707,1.4321703910827637,0.07486438751220703,0.000526564777828753
2274,False,28,table,28,table,True,0.9913720488548279,0.05959843099117279,0.053753774613142014,0.005844656378030777,5.028449322708184e-06
2275,False,16,mantel,16,mantel,True,0.960405707359314,0.19193042814731598,0.15985694527626038,0.0320734828710556,0.00016449739632662386
2276,False,23,range_hood,23,range_hood,True,0.9226900935173035,0.2789115905761719,0.2571251690387726,0.021786421537399292,0.00017467593715991825
2277,False,23,range_hood,23,range_hood,True,0.9600121974945068,0.19432564079761505,0.17287226021289825,0.021453380584716797,7.60951588745229e-05
2278,False,18,night_stand,18,night_stand,True,0.43898335099220276,1.1356916427612305,1.0038090944290161,0.13188254833221436,0.00231592683121562
2279,False,0,airplane,0,airplane,True,0.9997293949127197,0.003116130130365491,0.0028634662739932537,0.0002526638563722372,4.33982316749848e-09
2280,False,13,glass_box,13,glass_box,True,0.8330919742584229,0.7025385499000549,0.5985881686210632,0.1039503812789917,0.0009173604194074869
2281,False,13,glass_box,13,glass_box,True,0.9929154515266418,0.05441930145025253,0.04665733128786087,0.007761970162391663,5.953091203991789e-06
2282,False,2,bed,2,bed,True,0.9983336329460144,0.01638207398355007,0.015097578056156635,0.0012844959273934364,1.0317080523236655e-07
2283,False,13,glass_box,13,glass_box,True,0.99400794506073,0.04614219069480896,0.04090964049100876,0.005232550203800201,3.2931691293924814e-06
2284,False,16,mantel,16,mantel,True,0.7926666140556335,0.7404999136924744,0.6911509037017822,0.04934900999069214,0.00046713565825484693
2285,False,20,piano,23,range_hood,False,0.8069131374359131,0.8192722797393799,0.7374606728553772,0.08181160688400269,0.0006805112934671342
2286,False,32,vase,29,tent,False,0.26016372442245483,1.9526770114898682,1.7658997774124146,0.1867772340774536,0.0016815853305161
2287,False,20,piano,26,stairs,False,0.46187636256217957,1.2546721696853638,1.1162528991699219,0.1384192705154419,0.0022201307583600283
0,True,20,laptop,26,stairs,,0.2796453535556793,2.0889217853546143,1.7788805961608887,0.3100411891937256,0.002697083866223693
1,True,5,bottle,31,tv_stand,,0.4426024854183197,1.7834590673446655,1.640507459640503,0.1429516077041626,0.0011714902939274907
2,True,5,bottle,32,vase,,0.4795583486557007,1.1754902601242065,1.0924047231674194,0.08308553695678711,0.0012580602196976542
3,True,5,bottle,32,vase,,0.9297491908073425,0.2834630012512207,0.26983383297920227,0.013629168272018433,6.65388215566054e-05
4,True,6,bowl,12,flower_pot,,0.4341167211532593,1.343171238899231,1.105655312538147,0.23751592636108398,0.0026762799825519323
5,True,20,laptop,6,chair,,0.5445728898048401,1.615737795829773,1.3926676511764526,0.2230701446533203,0.00232729222625494
6,True,18,keyboard,10,door,,0.5925220847129822,0.7343818545341492,0.6930183172225952,0.041363537311553955,0.0009796154918149114
7,True,5,bottle,32,vase,,0.8473021388053894,0.5375269651412964,0.5120211839675903,0.025505781173706055,0.00019730084750335664
8,True,5,bottle,32,vase,,0.9218440651893616,0.34711015224456787,0.32705017924308777,0.020059973001480103,0.00010124145774170756
9,True,20,laptop,28,table,,0.6074849367141724,1.5442240238189697,1.3502053022384644,0.19401872158050537,0.0016822724137455225
10,True,5,bottle,32,vase,,0.8980786800384521,0.37623655796051025,0.3616187870502472,0.014617770910263062,9.698638314148411e-05
11,True,5,bottle,32,vase,,0.8899716734886169,0.44544756412506104,0.4235106408596039,0.021936923265457153,0.00012089994561392814
12,True,5,bottle,32,vase,,0.8983296751976013,0.40604013204574585,0.3846631348133087,0.021376997232437134,0.00011177317355759442
13,True,10,cup,32,vase,,0.639519989490509,0.7339197993278503,0.7026345133781433,0.03128528594970703,0.0005105650052428246
14,True,5,bottle,32,vase,,0.9509069919586182,0.2143116444349289,0.2070361077785492,0.0072755366563797,2.8612028472707607e-05
15,True,5,bottle,32,vase,,0.7564340233802795,0.8045762777328491,0.7685688138008118,0.036007463932037354,0.00030022073769941926
16,True,10,cup,29,tent,,0.49337852001190186,1.2680507898330688,1.0855861902236938,0.182464599609375,0.0026706289499998093
17,True,6,bowl,12,flower_pot,,0.574954092502594,1.0530198812484741,0.9606574773788452,0.0923624038696289,0.0008824879769235849
18,True,10,cup,32,vase,,0.803914487361908,0.7835016250610352,0.7387123107910156,0.04478931427001953,0.00031279627000913024
19,True,5,bottle,12,flower_pot,,0.358754426240921,1.3922417163848877,1.3219578266143799,0.07028388977050781,0.0008399260113947093
20,True,6,bowl,32,vase,,0.5044552087783813,1.2100257873535156,1.1524683237075806,0.05755746364593506,0.0005750119453296065
21,True,20,laptop,26,stairs,,0.2881533205509186,2.098097801208496,1.8058658838272095,0.2922319173812866,0.0024736446794122458
22,True,5,bottle,32,vase,,0.8845959901809692,0.4789401888847351,0.45912405848503113,0.01981613039970398,8.105392043944448e-05
23,True,18,keyboard,17,monitor,,0.4607429504394531,1.0821205377578735,0.9666586518287659,0.11546188592910767,0.002164968755096197
24,True,18,keyboard,8,curtain,,0.3934745490550995,1.588622808456421,1.4032928943634033,0.18532991409301758,0.0020588370971381664
25,True,6,bowl,12,flower_pot,,0.5731381177902222,1.0542019605636597,0.913992702960968,0.14020925760269165,0.0017494322964921594
26,True,5,bottle,32,vase,,0.8361119627952576,0.5905153751373291,0.5690085291862488,0.021506845951080322,0.00013554930046666414
27,True,5,bottle,32,vase,,0.6286941766738892,1.0298563241958618,0.9751161932945251,0.05474013090133667,0.0008227232610806823
28,True,6,bowl,32,vase,,0.4143432378768921,1.1553232669830322,1.0670210123062134,0.08830225467681885,0.0013301204890012741
29,True,10,cup,15,lamp,,0.6533575057983398,0.992936372756958,0.8628009557723999,0.1301354169845581,0.0016434274148195982
30,True,5,bottle,32,vase,,0.694814145565033,0.8920571804046631,0.8454481959342957,0.04660898447036743,0.00043482487672008574
31,True,6,bowl,12,flower_pot,,0.39345505833625793,1.612849235534668,1.395965337753296,0.21688389778137207,0.0020884410478174686
32,True,5,bottle,32,vase,,0.8955727815628052,0.39049649238586426,0.37536799907684326,0.015128493309020996,9.006301843328401e-05
33,True,20,laptop,10,door,,0.3045603632926941,1.9782843589782715,1.6841524839401245,0.294131875038147,0.0022342458833009005
34,True,5,bottle,32,vase,,0.38677284121513367,1.7102844715118408,1.4878357648849487,0.2224487066268921,0.0023629392962902784
35,True,5,bottle,32,vase,,0.7757102251052856,0.8660365343093872,0.8149760961532593,0.05106043815612793,0.0003804026055149734
36,True,20,laptop,26,stairs,,0.27134883403778076,2.155421495437622,1.8194047212600708,0.33601677417755127,0.002647306304425001
37,True,5,bottle,32,vase,,0.8340568542480469,0.5690727829933167,0.5421932339668274,0.026879549026489258,0.00019010122923646122
38,True,20,laptop,29,tent,,0.4990500807762146,1.5349451303482056,1.4312901496887207,0.10365498065948486,0.0011192059610038996
39,True,5,bottle,32,vase,,0.6681115627288818,0.9117112159729004,0.8520568609237671,0.0596543550491333,0.0007019990589469671
40,True,5,bottle,32,vase,,0.8492679595947266,0.5640029907226562,0.5370966792106628,0.026906311511993408,0.00019824295304715633
41,True,5,bottle,32,vase,,0.9021129012107849,0.3581438958644867,0.3410807251930237,0.017063170671463013,0.00013936329924035817
42,True,18,keyboard,8,curtain,,0.6138831973075867,0.9126971960067749,0.8306135535240173,0.08208364248275757,0.0015094975242391229
43,True,5,bottle,32,vase,,0.6234233379364014,1.3313217163085938,1.2547274827957153,0.07659423351287842,0.0005026856088079512
44,True,18,keyboard,8,curtain,,0.4108866751194,1.4971797466278076,1.3717238903045654,0.1254558563232422,0.0014008686412125826
45,True,5,bottle,32,vase,,0.9221282601356506,0.35904479026794434,0.34168556332588196,0.017359226942062378,4.775543857249431e-05
46,True,5,bottle,32,vase,,0.9098424315452576,0.35922616720199585,0.3398239016532898,0.019402265548706055,9.073414548765868e-05
47,True,5,bottle,32,vase,,0.7170922160148621,0.8634366989135742,0.8026721477508545,0.06076455116271973,0.0009341472177766263
48,True,5,bottle,32,vase,,0.9362347722053528,0.28356823325157166,0.27416715025901794,0.009401082992553711,3.190059578628279e-05
49,True,5,bottle,15,lamp,,0.38318145275115967,1.3702638149261475,1.2932597398757935,0.077004075050354,0.001042964169755578
50,True,6,bowl,29,tent,,0.6189009547233582,1.2300300598144531,1.028160572052002,0.20186948776245117,0.0020410041324794292
51,True,6,bowl,12,flower_pot,,0.5344946384429932,1.192763090133667,1.069965124130249,0.12279796600341797,0.0013031307607889175
52,True,5,bottle,32,vase,,0.7242212891578674,0.8081660270690918,0.7672631740570068,0.04090285301208496,0.00044605362927541137
53,True,5,bottle,32,vase,,0.8192331194877625,0.6009260416030884,0.5732222199440002,0.027703821659088135,0.00019370751397218555
54,True,10,cup,32,vase,,0.7345342636108398,0.7670629620552063,0.7270101308822632,0.040052831172943115,0.00034736545057967305
55,True,6,bowl,12,flower_pot,,0.5385659337043762,0.8364089131355286,0.7735656499862671,0.06284326314926147,0.0012258978094905615
56,True,5,bottle,32,vase,,0.8114115595817566,0.6797040700912476,0.6337746381759644,0.0459294319152832,0.00035970358294434845
57,True,20,laptop,29,tent,,0.5894990563392639,1.3424731492996216,1.2514735460281372,0.09099960327148438,0.0009349645115435123
58,True,6,bowl,12,flower_pot,,0.3858560025691986,1.5530409812927246,1.1718181371688843,0.38122284412384033,0.004012221470475197
59,True,5,bottle,32,vase,,0.7895355224609375,0.688018798828125,0.6593381762504578,0.028680622577667236,0.0001545302220620215
60,True,5,bottle,32,vase,,0.7948984503746033,0.6997323632240295,0.6673527956008911,0.03237956762313843,0.0002796105109155178
61,True,18,keyboard,8,curtain,,0.5260505080223083,1.4000593423843384,1.3001779317855835,0.09988141059875488,0.0008070615003816783
62,True,18,keyboard,10,door,,0.5605337023735046,0.7660383582115173,0.7195701599121094,0.04646819829940796,0.0010429127141833305
63,True,20,laptop,8,curtain,,0.2506989538669586,2.0781285762786865,1.744262456893921,0.3338661193847656,0.002503291005268693
64,True,5,bottle,32,vase,,0.7144482731819153,0.8587161302566528,0.8015953302383423,0.05712080001831055,0.0005262228078208864
65,True,5,bottle,32,vase,,0.908844530582428,0.3692753314971924,0.3537592589855194,0.015516072511672974,7.785650086589158e-05
66,True,5,bottle,32,vase,,0.8309664130210876,0.5756473541259766,0.5513831973075867,0.024264156818389893,0.00018927000928670168
67,True,5,bottle,32,vase,,0.8895063996315002,0.39667198061943054,0.3849963843822479,0.011675596237182617,7.304745668079704e-05
68,True,10,cup,32,vase,,0.8949450254440308,0.381817489862442,0.3605656921863556,0.021251797676086426,0.00012176957534393296
69,True,5,bottle,32,vase,,0.897149920463562,0.3877757489681244,0.3749890923500061,0.012786656618118286,7.260048005264252e-05
70,True,5,bottle,32,vase,,0.2939181327819824,1.9737420082092285,1.7864036560058594,0.18733835220336914,0.001456668134778738
71,True,5,bottle,32,vase,,0.5688440799713135,1.2457635402679443,1.0562149286270142,0.18954861164093018,0.0025543966330587864
72,True,5,bottle,32,vase,,0.7949625253677368,0.6798673868179321,0.6517513394355774,0.028116047382354736,0.00023659183352719992
73,True,5,bottle,32,vase,,0.8933312892913818,0.4143654704093933,0.392380028963089,0.02198544144630432,0.0001415834849467501
74,True,20,laptop,26,stairs,,0.25373366475105286,2.074645757675171,1.7963371276855469,0.278308629989624,0.0023194337263703346
75,True,5,bottle,32,vase,,0.8381108045578003,0.6423784494400024,0.6019973158836365,0.04038113355636597,0.00020239755394868553
76,True,5,bottle,32,vase,,0.9320306181907654,0.26907554268836975,0.25947609543800354,0.009599447250366211,6.163260695757344e-05
77,True,5,bottle,32,vase,,0.5079070925712585,1.1425755023956299,1.0476073026657104,0.09496819972991943,0.0016835421556606889
78,True,5,bottle,32,vase,,0.4487357437610626,1.2361433506011963,1.1398614645004272,0.09628188610076904,0.00144231750164181
79,True,5,bottle,32,vase,,0.8209430575370789,0.6335782408714294,0.6097396016120911,0.02383863925933838,0.00013404505443759263
80,True,5,bottle,32,vase,,0.8763988018035889,0.4996865391731262,0.475548654794693,0.024137884378433228,0.00015982727927621454
81,True,18,keyboard,10,door,,0.5879764556884766,0.7573003768920898,0.694951593875885,0.062348783016204834,0.0014922861009836197
82,True,5,bottle,32,vase,,0.8236229419708252,0.6118025779724121,0.5876820087432861,0.024120569229125977,0.0001634159270906821
83,True,5,bottle,32,vase,,0.6297897100448608,1.0749917030334473,1.026442289352417,0.04854941368103027,0.0005509196780622005
84,True,5,bottle,32,vase,,0.8739051818847656,0.48802366852760315,0.4635385572910309,0.024485111236572266,0.00016739110287744552
85,True,18,keyboard,8,curtain,,0.7266057133674622,1.0246106386184692,0.9497314095497131,0.0748792290687561,0.0007288276683539152
86,True,20,laptop,29,tent,,0.36862194538116455,1.8161873817443848,1.6954536437988281,0.12073373794555664,0.0011840277584269643
87,True,5,bottle,32,vase,,0.906335175037384,0.4013933539390564,0.3803305923938751,0.021062761545181274,8.762634388403967e-05
88,True,5,bottle,32,vase,,0.9401299357414246,0.25108256936073303,0.24543772637844086,0.005644842982292175,2.3714417693554424e-05
89,True,6,bowl,12,flower_pot,,0.3136439323425293,1.4671404361724854,1.235456943511963,0.23168349266052246,0.0026627383194863796
90,True,10,cup,12,flower_pot,,0.5256529450416565,0.920058012008667,0.8658694624900818,0.054188549518585205,0.0007899572374299169
91,True,5,bottle,32,vase,,0.8515051603317261,0.5071811079978943,0.48840561509132385,0.018775492906570435,0.00015633711882401258
92,True,5,bottle,32,vase,,0.7639938592910767,1.0769572257995605,0.9661839008331299,0.11077332496643066,0.0006987284286879003
93,True,5,bottle,32,vase,,0.41625455021858215,1.967345952987671,1.7754284143447876,0.1919175386428833,0.0012936410494148731
94,True,20,laptop,2,bed,,0.5193643569946289,1.5434441566467285,1.2899073362350464,0.25353682041168213,0.0029199100099503994
95,True,5,bottle,32,vase,,0.6129509210586548,1.0833340883255005,0.9911011457443237,0.09223294258117676,0.001375670894049108
96,True,18,keyboard,8,curtain,,0.5403869152069092,0.8378194570541382,0.7748528122901917,0.06296664476394653,0.001414275960996747
97,True,5,bottle,32,vase,,0.4484270215034485,1.6442617177963257,1.5082358121871948,0.13602590560913086,0.0013231392949819565
98,True,6,bowl,29,tent,,0.7000052332878113,1.167266607284546,0.9387155771255493,0.22855103015899658,0.0016663133865222335
99,True,5,bottle,32,vase,,0.9017754793167114,0.39344486594200134,0.3798404932022095,0.01360437273979187,4.844841896556318e-05
100,True,10,cup,32,vase,,0.5820594429969788,0.9208614230155945,0.8799663782119751,0.040895044803619385,0.0004042812797706574
101,True,5,bottle,32,vase,,0.9119001030921936,0.3605014681816101,0.3341030776500702,0.026398390531539917,0.00016365213377866894
102,True,20,laptop,24,sink,,0.7135331630706787,1.0886369943618774,1.0327485799789429,0.05588841438293457,0.0004527840355876833
103,True,10,cup,32,vase,,0.9289858341217041,0.2749156653881073,0.26611995697021484,0.008795708417892456,4.2834442865569144e-05
104,True,5,bottle,32,vase,,0.9370351433753967,0.2605021595954895,0.25070682168006897,0.009795337915420532,4.741808515973389e-05
105,True,18,keyboard,8,curtain,,0.4962253272533417,1.777270793914795,1.617738127708435,0.15953266620635986,0.0014287088997662067
106,True,10,cup,32,vase,,0.7162025570869446,0.7349410653114319,0.7043907046318054,0.030550360679626465,0.0003371152270119637
107,True,10,cup,12,flower_pot,,0.6632101535797119,1.0494096279144287,0.9351488947868347,0.114260733127594,0.0010141744278371334
108,True,5,bottle,32,vase,,0.9161332845687866,0.37118691205978394,0.346251904964447,0.024935007095336914,0.00010915935126831755
109,True,6,bowl,29,tent,,0.40229904651641846,1.8433349132537842,1.5731521844863892,0.270182728767395,0.002109737368300557
110,True,10,cup,32,vase,,0.6106261014938354,0.9442473649978638,0.898293137550354,0.045954227447509766,0.00045435360516421497
111,True,18,keyboard,8,curtain,,0.6688308715820312,0.7233227491378784,0.6815453171730042,0.04177743196487427,0.0007879018667154014
112,True,5,bottle,32,vase,,0.9047988653182983,0.33956488966941833,0.3263598084449768,0.013205081224441528,9.285746637033299e-05
113,True,5,bottle,32,vase,,0.8441557288169861,0.5253495573997498,0.5065267086029053,0.018822848796844482,0.00017455306078772992
114,True,5,bottle,32,vase,,0.3517332077026367,1.3793866634368896,1.2856460809707642,0.09374058246612549,0.001343508716672659
115,True,5,bottle,32,vase,,0.851958155632019,0.5386829972267151,0.5179700255393982,0.020712971687316895,0.00012513487308751792
116,True,5,bottle,32,vase,,0.5286680459976196,1.4103496074676514,1.3379021883010864,0.07244741916656494,0.0005129377241246402
117,True,18,keyboard,8,curtain,,0.6076751947402954,1.3546792268753052,1.2343084812164307,0.12037074565887451,0.0012025178875774145
118,True,5,bottle,32,vase,,0.6410953998565674,0.9860886335372925,0.9341418147087097,0.051946818828582764,0.0007112933089956641
119,True,18,keyboard,8,curtain,,0.5650918483734131,1.2937067747116089,1.1445659399032593,0.1491408348083496,0.0013977272901684046
120,True,10,cup,32,vase,,0.7693239450454712,0.7981763482093811,0.7638355493545532,0.03434079885482788,0.00020918282098136842
121,True,6,bowl,12,flower_pot,,0.5966653227806091,1.217352032661438,1.0675135850906372,0.14983844757080078,0.0014041869435459375
122,True,5,bottle,32,vase,,0.5726363062858582,1.1539087295532227,1.0712608098983765,0.08264791965484619,0.0009758169180713594
123,True,5,bottle,15,lamp,,0.414265513420105,1.6176536083221436,1.5078392028808594,0.10981440544128418,0.0011232862016186118
124,True,5,bottle,32,vase,,0.9000072479248047,0.39446669816970825,0.37926986813545227,0.015196830034255981,6.64495601085946e-05
125,True,5,bottle,32,vase,,0.6492096185684204,0.9874156713485718,0.9417069554328918,0.04570871591567993,0.0005366427358239889
126,True,10,cup,32,vase,,0.5939708948135376,1.0131731033325195,0.9600120782852173,0.053161025047302246,0.0005148708005435765
127,True,5,bottle,32,vase,,0.8587703704833984,0.5088086724281311,0.4656619131565094,0.043146759271621704,0.00031168776331469417
128,True,6,bowl,29,tent,,0.46702882647514343,1.4839203357696533,1.3065028190612793,0.17741751670837402,0.0022145998664200306
129,True,20,laptop,28,table,,0.26164767146110535,2.1465137004852295,1.7637044191360474,0.38280928134918213,0.003603722434490919
130,True,5,bottle,32,vase,,0.8042716979980469,0.6700895428657532,0.6389161348342896,0.031173408031463623,0.00024188501993194222
131,True,5,bottle,32,vase,,0.8211184144020081,0.7335405945777893,0.7030236124992371,0.030516982078552246,0.0001595343928784132
132,True,20,laptop,8,curtain,,0.32873332500457764,1.6371132135391235,1.3820726871490479,0.2550405263900757,0.0026792592834681273
133,True,5,bottle,32,vase,,0.926054060459137,0.3057727813720703,0.29486167430877686,0.010911107063293457,5.299816984916106e-05
134,True,5,bottle,32,vase,,0.913540244102478,0.38217511773109436,0.3651766777038574,0.01699844002723694,7.163121335906908e-05
135,True,6,bowl,12,flower_pot,,0.6588665246963501,0.9983258247375488,0.8796258568763733,0.11869996786117554,0.0011582194129005075
136,True,5,bottle,32,vase,,0.5198452472686768,1.3654601573944092,1.248740315437317,0.11671984195709229,0.0009335557115264237
137,True,10,cup,32,vase,,0.7079718112945557,0.9279671907424927,0.8839804530143738,0.043986737728118896,0.0004666570166591555
138,True,5,bottle,32,vase,,0.8866828680038452,0.42891010642051697,0.4135741591453552,0.015335947275161743,0.00010480261698830873
139,True,5,bottle,15,lamp,,0.9452580809593201,0.29086989164352417,0.2690359652042389,0.02183392643928528,8.133117808029056e-05
140,True,5,bottle,32,vase,,0.8755357265472412,0.44582030177116394,0.4303821325302124,0.015438169240951538,0.00011484885180834681
141,True,5,bottle,32,vase,,0.869854748249054,0.4708788990974426,0.4535086750984192,0.017370223999023438,9.940801828633994e-05
142,True,18,keyboard,8,curtain,,0.5717048645019531,1.4410640001296997,1.2822494506835938,0.15881454944610596,0.0015262695960700512
143,True,5,bottle,32,vase,,0.8819769620895386,0.39962083101272583,0.38411957025527954,0.015501260757446289,0.00013026103260926902
144,True,20,laptop,26,stairs,,0.333822637796402,2.0371222496032715,1.9150532484054565,0.12206900119781494,0.000993035500869155
145,True,5,bottle,32,vase,,0.9041479825973511,0.3972606360912323,0.380303293466568,0.016957342624664307,6.575569568667561e-05
146,True,5,bottle,32,vase,,0.7744037508964539,0.7603936195373535,0.7222177982330322,0.03817582130432129,0.0004111012094654143
147,True,5,bottle,32,vase,,0.9016031622886658,0.3894285559654236,0.37038281559944153,0.019045740365982056,0.00010064690286526456
148,True,18,keyboard,8,curtain,,0.6158896088600159,1.0970330238342285,1.0197378396987915,0.07729518413543701,0.0007610312313772738
149,True,5,bottle,32,vase,,0.8732896447181702,0.46731460094451904,0.4502023756504059,0.01711222529411316,9.809078619582579e-05
150,True,5,bottle,32,vase,,0.8420219421386719,0.5467175245285034,0.5255473256111145,0.021170198917388916,0.00010642666165949777
151,True,5,bottle,32,vase,,0.879446268081665,0.5061826109886169,0.479745090007782,0.02643752098083496,0.0001390256074955687
152,True,10,cup,32,vase,,0.9227176308631897,0.3628535270690918,0.34418386220932007,0.01866966485977173,7.502155494876206e-05
153,True,5,bottle,32,vase,,0.8821426630020142,0.5324479341506958,0.4924384355545044,0.040009498596191406,0.00017529352044221014
154,True,10,cup,32,vase,,0.8125742673873901,0.6055968999862671,0.5914151072502136,0.014181792736053467,9.276729542762041e-05
155,True,20,laptop,10,door,,0.432838499546051,1.9489693641662598,1.6863315105438232,0.2626378536224365,0.0020682350732386112
156,True,5,bottle,32,vase,,0.842331051826477,0.5804551243782043,0.5548053979873657,0.025649726390838623,0.00014740369806531817
157,True,10,cup,32,vase,,0.7481143474578857,0.7917400598526001,0.6590390801429749,0.13270097970962524,0.001366151380352676
158,True,6,bowl,32,vase,,0.6030482649803162,0.8210098147392273,0.7782536149024963,0.04275619983673096,0.0007011080160737038
159,True,18,keyboard,0,airplane,,0.2847052216529846,1.9319331645965576,1.7502299547195435,0.18170320987701416,0.0018933964893221855
160,True,5,bottle,32,vase,,0.9068949222564697,0.36651507019996643,0.3554951250553131,0.01101994514465332,5.559380224440247e-05
161,True,5,bottle,32,vase,,0.8292063474655151,0.5917881727218628,0.5587201714515686,0.03306800127029419,0.0002698265598155558
162,True,20,laptop,26,stairs,,0.31861570477485657,2.117248773574829,1.8234549760818481,0.29379379749298096,0.0022417025174945593
163,True,20,laptop,6,chair,,0.532400369644165,1.733941912651062,1.4895612001419067,0.24438071250915527,0.0024492728989571333
164,True,18,keyboard,8,curtain,,0.5835390686988831,0.9675226807594299,0.9070979952812195,0.06042468547821045,0.0008700434118509293
165,True,6,bowl,7,cone,,0.5238591432571411,1.0874937772750854,0.8759205937385559,0.21157318353652954,0.003902152646332979
166,True,5,bottle,32,vase,,0.8702037334442139,0.5668050646781921,0.5367019176483154,0.03010314702987671,0.00014384671521838754
167,True,5,bottle,32,vase,,0.9005526304244995,0.38962504267692566,0.3695174753665924,0.020107567310333252,0.00010280732385581359
168,True,5,bottle,15,lamp,,0.6052113771438599,1.2095814943313599,1.1200250387191772,0.08955645561218262,0.0009685090626589954
169,True,6,bowl,32,vase,,0.725683867931366,0.7661452293395996,0.7338969111442566,0.03224831819534302,0.0002862772671505809
170,True,5,bottle,32,vase,,0.8495611548423767,0.7209344506263733,0.670136034488678,0.05079841613769531,0.0001813744893297553
171,True,10,cup,32,vase,,0.9139401912689209,0.30881863832473755,0.2988319396972656,0.009986698627471924,7.665912562515587e-05
172,True,10,cup,32,vase,,0.636023759841919,1.2603813409805298,1.0617953538894653,0.19858598709106445,0.0014130336930975318
173,True,5,bottle,32,vase,,0.9092057347297668,0.3644995093345642,0.33457767963409424,0.02992182970046997,0.0001698354462860152
174,True,6,bowl,12,flower_pot,,0.49877384305000305,1.3726078271865845,1.2198885679244995,0.15271925926208496,0.0013804109767079353
175,True,5,bottle,32,vase,,0.8200782537460327,0.6102713346481323,0.5858840942382812,0.024387240409851074,0.00015987044025678188
176,True,5,bottle,32,vase,,0.9091317057609558,0.3507956266403198,0.3380630612373352,0.01273256540298462,8.371540752705187e-05
177,True,20,laptop,8,curtain,,0.23842264711856842,1.9976035356521606,1.697366714477539,0.3002368211746216,0.0027865010779350996
178,True,18,keyboard,8,curtain,,0.6106482148170471,1.6270437240600586,1.4855386018753052,0.14150512218475342,0.000822529080323875
179,True,18,keyboard,3,bench,,0.623335599899292,1.4318907260894775,1.3071602582931519,0.12473046779632568,0.0009359566029161215
